2.721642553806304932e-01,1.375432163476943970e-01,3.107293248176574707e-01,1.374254971742630005e-01,2.479034475982189178e-02,-3.604433238506317139e-01,6.305745989084243774e-02,-1.704983972012996674e-02,-2.051856070756912231e-01,-6.364895403385162354e-02,6.051108986139297485e-02,-3.430798649787902832e-02,1.021829713135957718e-02,1.409826129674911499e-01,-2.309695333242416382e-01,2.847657501697540283e-01,-7.819972932338714600e-02,2.210033871233463287e-02,-1.265009939670562744e-01,4.906922578811645508e-03,-2.799171581864356995e-02,4.699876904487609863e-01,-3.016451932489871979e-02,-5.019045621156692505e-02,2.980454638600349426e-02,-8.476561307907104492e-02,3.328606858849525452e-02,1.990714855492115021e-02,-2.311774156987667084e-02,1.432491838932037354e-01,5.735671147704124451e-02,-8.491935580968856812e-02,5.474694818258285522e-02,-1.427615284919738770e-01,-5.529986321926116943e-02,-1.658296212553977966e-02,2.163081429898738861e-02,-5.885513871908187866e-02,1.234024688601493835e-01,6.688793748617172241e-02,-9.127398021519184113e-03,-2.682055830955505371e-01,-5.042646080255508423e-02,-5.770593998022377491e-04,-7.370204664766788483e-03,5.484266672283411026e-03,-4.077875986695289612e-03,-6.432525068521499634e-02,2.441336587071418762e-02,1.001425385475158691e-01,-1.828534156084060669e-02,-5.657061561942100525e-02,-2.592589147388935089e-02,-1.360827684402465820e-01
2.620174884796142578e-01,1.367803663015365601e-02,1.479692310094833374e-01,8.714924752712249756e-02,1.940499544143676758e-01,-3.182258307933807373e-01,-1.997180096805095673e-02,4.760538786649703979e-02,-2.685939967632293701e-01,-3.864325955510139465e-02,3.240001946687698364e-02,-8.289927989244461060e-02,8.155914954841136932e-03,7.847966998815536499e-02,-1.295183002948760986e-01,-1.930396258831024170e-01,-2.564445734024047852e-01,-5.145903676748275757e-02,1.074648275971412659e-02,9.032231569290161133e-02,3.776815161108970642e-02,-2.976087629795074463e-01,8.182399719953536987e-02,-5.922700464725494385e-02,3.346530720591545105e-02,7.409095019102096558e-02,-1.282200366258621216e-01,5.724397674202919006e-02,-5.569657776504755020e-03,-5.671374127268791199e-02,1.049534454941749573e-01,1.760321706533432007e-01,-1.308795213699340820e-01,8.613465726375579834e-02,1.370018441230058670e-02,7.098979502916336060e-02,1.630139648914337158e-01,-8.792751282453536987e-02,-2.750572860240936279e-01,-6.219868734478950500e-02,-5.889543145895004272e-02,3.574211299419403076e-01,5.881840735673904419e-02,-1.023132205009460449e-01,6.092987209558486938e-02,-1.189566701650619507e-01,1.000303961336612701e-02,5.230586603283882141e-02,-8.789784461259841919e-02,-1.494041532278060913e-01,-6.439161300659179688e-02,-5.881344899535179138e-02,6.460350006818771362e-02,-1.360827684402465820e-01
2.532594203948974609e-01,-2.602219395339488983e-02,1.383592337369918823e-01,7.457386702299118042e-02,2.400353699922561646e-01,-7.585292309522628784e-02,-2.271235547959804535e-02,-4.672835394740104675e-02,-7.347410172224044800e-02,-3.711449727416038513e-02,2.077482407912611961e-03,7.687169313430786133e-02,8.133704215288162231e-02,1.258359551429748535e-01,1.918920427560806274e-01,1.202303916215896606e-01,8.448986709117889404e-02,-6.663533300161361694e-02,1.043990161269903183e-02,-2.124120146036148071e-01,8.305789530277252197e-02,-2.087194323539733887e-01,-1.185692027211189270e-01,3.099196553230285645e-01,-2.260454148054122925e-01,8.752819150686264038e-02,2.315014749765396118e-01,-3.258696943521499634e-02,-1.048731952905654907e-01,-1.738078445196151733e-01,-3.002975285053253174e-01,-1.269769668579101562e-01,-4.200900366413407028e-05,-3.258365392684936523e-02,-9.968359023332595825e-02,-7.429669797420501709e-02,-7.036604732275009155e-02,6.093888729810714722e-02,1.277820020914077759e-01,4.677911102771759033e-02,-3.374280408024787903e-02,1.596152186393737793e-01,3.401244431734085083e-02,1.707498729228973389e-01,-1.963346637785434723e-02,1.978832334280014038e-01,-2.266981638967990875e-03,1.003922522068023682e-01,1.247368454933166504e-01,3.923431038856506348e-02,2.153183519840240479e-01,2.155717611312866211e-01,3.138643130660057068e-02,-1.360827684402465820e-01
2.485084980726242065e-01,-7.099726796150207520e-02,7.874467968940734863e-02,1.149640008807182312e-01,2.446172386407852173e-01,1.129766460508108139e-02,9.017194679472595453e-05,-1.915929280221462250e-02,2.513112127780914307e-02,-2.257100790739059448e-01,-5.223458260297775269e-02,1.335478872060775757e-01,9.501315653324127197e-02,-1.430821716785430908e-01,1.971046179533004761e-01,-9.787121415138244629e-02,3.316314220428466797e-01,2.289371564984321594e-02,-1.393094426020979881e-03,6.137366592884063721e-02,-1.644896417856216431e-01,-1.414558738470077515e-01,1.956941932439804077e-02,2.079122364521026611e-01,2.212601155042648315e-01,-1.431327313184738159e-01,-1.037858128547668457e-01,9.384015202522277832e-02,1.905838251113891602e-01,-9.198791533708572388e-02,1.829262375831604004e-01,2.014351636171340942e-02,2.773706987500190735e-02,5.927976593375205994e-02,-6.292078644037246704e-03,8.289096504449844360e-02,-7.505402900278568268e-03,1.633257716894149780e-01,6.687255203723907471e-02,-1.962066441774368286e-01,1.484656184911727905e-01,-2.901752591133117676e-01,-1.564884558320045471e-02,-8.115486055612564087e-02,4.478052258491516113e-02,-1.234841272234916687e-01,4.126443713903427124e-02,-1.973371058702468872e-01,-4.187868162989616394e-02,-6.531624495983123779e-02,-1.282071322202682495e-01,7.114082574844360352e-02,-1.812686473131179810e-01,-1.360827684402465820e-01
2.529594898223876953e-01,-1.017606705427169800e-01,1.221118122339248657e-01,9.308049827814102173e-02,1.874610036611557007e-01,1.732005327939987183e-01,-2.434009313583374023e-02,-2.517224662005901337e-02,2.431774586439132690e-01,-5.133882164955139160e-02,-3.283383324742317200e-02,-4.163254797458648682e-02,1.054036244750022888e-01,-8.902591466903686523e-02,4.550927132368087769e-02,7.817200571298599243e-02,3.549095988273620605e-02,-9.217286109924316406e-02,1.050042957067489624e-01,-1.366517245769500732e-01,-4.475965630263090134e-03,-1.610052138566970825e-01,1.439210325479507446e-01,-2.985224723815917969e-01,-7.249029818922281265e-03,7.763291895389556885e-02,-1.717309802770614624e-01,-1.106723472476005554e-01,-4.512049257755279541e-02,2.743216753005981445e-01,-1.139856651425361633e-01,-5.290351808071136475e-02,-1.256435737013816833e-02,-5.914475023746490479e-02,2.795983254909515381e-01,-1.315773725509643555e-01,-2.293216288089752197e-01,-1.891252994537353516e-01,-1.289923582226037979e-02,1.616498678922653198e-01,1.567048877477645874e-01,-1.923372969031333923e-03,-1.829369552433490753e-02,-6.792960315942764282e-02,2.237849682569503784e-02,1.026215311139822006e-02,-2.136384248733520508e-01,4.011107981204986572e-02,8.354716002941131592e-02,1.493215262889862061e-01,-3.903251886367797852e-02,-2.943512797355651855e-01,2.577392198145389557e-02,-1.360827684402465820e-01
2.467926591634750366e-01,-1.168098896741867065e-01,5.460441485047340393e-02,-3.146070614457130432e-02,9.530141949653625488e-02,5.165956169366836548e-02,6.435131281614303589e-02,-3.240029513835906982e-02,2.776437997817993164e-01,3.841199353337287903e-02,1.134092733263969421e-01,3.330751881003379822e-02,3.097841143608093262e-02,-1.889576315879821777e-01,-7.626762986183166504e-02,-1.321227848529815674e-01,8.806560933589935303e-02,1.639092266559600830e-01,2.293011993169784546e-01,5.760889034718275070e-03,-5.609714239835739136e-02,2.665712535381317139e-01,-1.901859939098358154e-01,-2.617771625518798828e-01,-2.156283706426620483e-01,-1.110917050391435623e-02,-3.162584453821182251e-02,-1.635966077446937561e-02,1.886402219533920288e-01,4.318057093769311905e-03,-2.746771462261676788e-02,8.198974281549453735e-02,5.067908391356468201e-02,-7.697002589702606201e-02,1.063906699419021606e-01,8.781269192695617676e-02,1.935666799545288086e-01,1.877015978097915649e-01,-8.857969194650650024e-02,4.338674712926149368e-03,-1.939315199851989746e-01,6.486120820045471191e-02,-1.015691831707954407e-01,1.110464930534362793e-01,-2.307194322347640991e-01,-1.525234151631593704e-02,1.555927693843841553e-01,2.082090377807617188e-01,-1.114281639456748962e-01,-1.327906697988510132e-01,5.924668163061141968e-02,1.941913366317749023e-01,1.076743304729461670e-01,-1.360827684402465820e-01
2.084669470787048340e-01,-1.107021234929561615e-02,1.374807357788085938e-01,1.053279545158147812e-02,-4.374950751662254333e-02,2.092501521110534668e-01,2.541149966418743134e-02,7.359374314546585083e-02,1.737596243619918823e-01,1.405715793371200562e-01,1.437664777040481567e-01,-4.518350958824157715e-02,4.151478782296180725e-02,-1.242683455348014832e-01,-7.942210882902145386e-02,-1.477325856685638428e-01,-7.872301340103149414e-02,-1.277275085449218750e-01,9.240476787090301514e-02,1.418644636869430542e-01,1.408561468124389648e-01,1.011609062552452087e-01,1.348333954811096191e-01,-1.058912053704261780e-01,1.499279290437698364e-01,7.715766876935958862e-02,1.012451350688934326e-01,-7.011121511459350586e-02,-2.221972942352294922e-01,-1.386604160070419312e-01,1.254313290119171143e-01,-1.199730765074491501e-02,1.100177541375160217e-01,2.418284267187118530e-01,-4.264124333858489990e-01,3.777080774307250977e-02,-1.611285060644149780e-01,5.982767418026924133e-02,6.679488718509674072e-02,-1.003317832946777344e-01,-1.317154169082641602e-01,-4.088459536433219910e-02,1.789191812276840210e-01,1.522067189216613770e-01,3.063936233520507812e-01,8.832219243049621582e-02,5.564793944358825684e-02,7.540182024240493774e-02,-3.783594816923141479e-02,1.478971987962722778e-01,-4.814862087368965149e-02,-3.848606720566749573e-02,-2.786178886890411377e-02,-1.360827684402465820e-01
1.891750842332839966e-01,-1.099369078874588013e-01,1.409377157688140869e-02,-9.289705753326416016e-02,-1.295785158872604370e-01,3.749778494238853455e-02,2.029897421598434448e-01,-6.013277452439069748e-03,2.096927464008331299e-01,2.480587512254714966e-01,1.429994255304336548e-01,-1.357939690351486206e-01,-8.347988128662109375e-02,-2.263063341379165649e-01,-3.426266834139823914e-02,-7.410875707864761353e-02,-1.838199496269226074e-01,1.200443506240844727e-01,1.724153198301792145e-02,-1.000168398022651672e-01,5.402085185050964355e-02,3.158500045537948608e-02,-4.408486559987068176e-02,3.206590712070465088e-01,8.033958822488784790e-02,-2.659530378878116608e-02,1.376617848873138428e-01,9.677662700414657593e-02,-8.913229405879974365e-02,4.647822061087936163e-04,-9.680159389972686768e-02,6.897459924221038818e-02,-2.446756809949874878e-01,-4.053093027323484421e-03,-4.828710481524467468e-02,3.884041681885719299e-02,8.077258616685867310e-02,-1.461965590715408325e-01,9.993071854114532471e-02,-1.236011646687984467e-02,4.762329906225204468e-02,5.960662662982940674e-02,-8.763292431831359863e-02,-2.808827757835388184e-01,-2.185435295104980469e-01,-1.553382873535156250e-01,-6.367280334234237671e-02,-3.573655784130096436e-01,1.167874559760093689e-01,5.998562276363372803e-02,1.105160415172576904e-01,-6.230018287897109985e-02,-1.491416711360216141e-02,-1.360827684402465820e-01
1.629386395215988159e-01,8.180827647447586060e-02,8.320043236017227173e-02,-1.184989884495735168e-01,-1.355117857456207275e-01,5.876148585230112076e-03,4.325393587350845337e-02,1.132344380021095276e-01,-1.231400892138481140e-01,3.306463658809661865e-01,4.380410537123680115e-03,1.065466329455375671e-01,-3.060165643692016602e-01,-3.511355817317962646e-02,1.046392414718866348e-02,-1.876942515373229980e-01,1.255693659186363220e-02,-1.140920370817184448e-01,-4.927422851324081421e-02,2.152371853590011597e-01,1.282431930303573608e-01,-8.534326404333114624e-02,-1.923250406980514526e-01,4.471970722079277039e-02,2.282920060679316521e-03,-1.148767955601215363e-02,5.363081023097038269e-02,4.567893967032432556e-02,1.057473868131637573e-01,-3.920979052782058716e-02,5.390369519591331482e-02,-9.137155860662460327e-02,2.060261517763137817e-01,8.381147682666778564e-02,2.263789623975753784e-01,-2.816509306430816650e-01,-1.283462643623352051e-01,-8.825272321701049805e-02,1.095789391547441483e-02,2.087030559778213501e-01,2.303583025932312012e-01,-1.303271949291229248e-01,-1.533335447311401367e-01,-6.897009164094924927e-02,4.161533713340759277e-02,1.758426576852798462e-01,7.007926469668745995e-04,1.172319129109382629e-01,-8.143808692693710327e-02,-2.492663562297821045e-01,-4.836479946970939636e-02,8.088265359401702881e-02,-6.353643536567687988e-02,-1.360827684402465820e-01
1.509982347488403320e-01,-6.148517131805419922e-02,-8.660767227411270142e-03,-2.017139494419097900e-01,-7.648137956857681274e-02,1.357435435056686401e-01,1.568532586097717285e-01,-8.937282115221023560e-02,-1.584492921829223633e-01,2.043426632881164551e-01,-3.485912457108497620e-02,4.238702729344367981e-02,2.993685193359851837e-02,1.741813868284225464e-01,2.460408210754394531e-01,-1.726048141717910767e-01,-4.508370533585548401e-03,6.598849594593048096e-02,-2.939824759960174561e-01,1.522737145423889160e-01,-2.650036513805389404e-01,1.157368868589401245e-01,1.700860559940338135e-01,4.545372352004051208e-02,1.004422381520271301e-01,-2.416111826896667480e-01,-4.786869511008262634e-02,-2.725931629538536072e-02,-7.423443347215652466e-02,3.449669107794761658e-03,-9.352586418390274048e-02,-1.276266276836395264e-01,-9.765379875898361206e-02,-2.481844089925289154e-02,2.756385803222656250e-01,-5.503962282091379166e-03,1.114641129970550537e-01,2.973097562789916992e-02,-5.699895694851875305e-02,-1.426049470901489258e-01,-1.494321823120117188e-01,6.987884640693664551e-02,1.407024413347244263e-01,3.205383121967315674e-01,-3.472027182579040527e-02,-2.304222993552684784e-02,-5.916834250092506409e-02,9.579808264970779419e-02,7.104139775037765503e-02,1.485521495342254639e-01,1.420231070369482040e-02,-1.426486223936080933e-01,1.684415154159069061e-02,-1.360827684402465820e-01
1.411547362804412842e-01,-9.643966704607009888e-02,-8.011563122272491455e-02,-1.618658602237701416e-01,-5.225824564695358276e-02,3.254740238189697266e-01,1.190444305539131165e-01,-1.603210866451263428e-01,-8.632294833660125732e-02,5.859704315662384033e-02,-3.544411063194274902e-02,1.055764034390449524e-01,1.741108000278472900e-01,3.402379155158996582e-01,4.174596443772315979e-02,1.579159498214721680e-01,-9.493780881166458130e-02,-6.008209288120269775e-02,-1.462984383106231689e-01,5.328404530882835388e-02,3.041749298572540283e-01,-3.763450682163238525e-02,1.063266843557357788e-01,-5.520375445485115051e-02,-2.034506052732467651e-01,2.171262055635452271e-01,5.132163316011428833e-02,5.667890608310699463e-02,2.138881981372833252e-01,2.304508537054061890e-01,-5.674209073185920715e-02,7.648272905498743057e-03,1.292501688003540039e-01,-5.661635100841522217e-02,-1.071938574314117432e-01,1.396019011735916138e-01,2.528671547770500183e-02,-1.943889819085597992e-02,-5.766104534268379211e-02,-1.396497040987014771e-01,-3.857513517141342163e-02,-1.055693104863166809e-01,-9.427302866242825985e-04,-1.667152047157287598e-01,4.284864664077758789e-02,-1.839334666728973389e-01,8.042079396545886993e-03,-1.211495622992515564e-01,-5.075363442301750183e-02,-1.294604092836380005e-01,-1.388622373342514038e-01,1.707721948623657227e-01,5.225587170571088791e-03,-1.360827684402465820e-01
1.242265626788139343e-01,3.130742534995079041e-02,1.445425674319267273e-02,-1.692608296871185303e-01,-1.724067330360412598e-01,-2.873713336884975433e-02,-1.886981353163719177e-02,6.707556545734405518e-03,-1.534584257751703262e-02,7.159467041492462158e-02,-3.008260428905487061e-01,2.400730252265930176e-01,-2.763773798942565918e-01,-4.445889219641685486e-02,9.521961212158203125e-02,2.615437209606170654e-01,-4.699808731675148010e-02,1.347206532955169678e-01,1.313909143209457397e-01,-1.693067103624343872e-01,7.992108352482318878e-03,-1.143877655267715454e-01,2.006925791501998901e-01,-3.090917691588401794e-02,2.523764967918395996e-01,-7.646277081221342087e-03,-3.700871393084526062e-02,-1.550145447254180908e-01,1.917764730751514435e-02,-9.752219170331954956e-02,1.672028750181198120e-01,-4.834078997373580933e-02,1.288336515426635742e-01,-2.804241776466369629e-01,-1.182069852948188782e-01,2.480214834213256836e-01,3.291993588209152222e-02,1.388086825609207153e-01,-3.968905657529830933e-02,-7.105759810656309128e-03,6.221468560397624969e-03,1.191251277923583984e-01,-8.982615172863006592e-02,-2.020233273506164551e-01,-2.971969917416572571e-02,1.000119075179100037e-01,6.879889219999313354e-02,1.894760578870773315e-01,-2.950097061693668365e-02,9.511755406856536865e-02,1.447896957397460938e-01,-8.472426235675811768e-02,2.345971204340457916e-02,-1.360827684402465820e-01
1.163556650280952454e-01,4.102516919374465942e-02,1.935011893510818481e-02,3.604104369878768921e-02,-1.458789408206939697e-01,1.940340846776962280e-01,-4.107237979769706726e-02,-1.401584893465042114e-01,3.449325636029243469e-02,-1.469385623931884766e-01,-2.045499682426452637e-01,7.853631861507892609e-03,-2.343633770942687988e-01,-3.834967315196990967e-02,-1.017409004271030426e-02,1.720521152019500732e-01,1.754615157842636108e-01,2.021182142198085785e-02,-1.150739863514900208e-01,-4.888495802879333496e-02,-4.961827769875526428e-02,1.095945239067077637e-01,7.717167586088180542e-02,1.238957862369716167e-03,-2.231516838073730469e-01,8.298675529658794403e-03,-2.794159948825836182e-02,-3.315882757306098938e-02,-1.179493218660354614e-01,-1.285502165555953979e-01,5.312879383563995361e-02,1.210628151893615723e-01,-3.245604038238525391e-01,6.950635462999343872e-02,-9.191147983074188232e-03,-1.087803393602371216e-01,1.542661786079406738e-01,-1.304327603429555893e-02,2.694783732295036316e-02,3.016153573989868164e-01,1.267891079187393188e-01,1.157476156949996948e-01,1.828919649124145508e-01,9.931848943233489990e-02,1.848741769790649414e-01,1.774350740015506744e-02,2.189305722713470459e-01,-2.336120903491973877e-01,-2.262431979179382324e-01,-1.515780687332153320e-01,-1.464989930391311646e-01,-4.135861247777938843e-02,1.474685966968536377e-01,-1.360827684402465820e-01
1.138986274600028992e-01,-1.813751906156539917e-01,-1.976536810398101807e-01,3.855942934751510620e-02,-1.302661150693893433e-01,1.064721345901489258e-01,9.156215935945510864e-03,-9.617022424936294556e-02,-1.824276521801948547e-02,-2.616370320320129395e-01,-1.301225870847702026e-01,-5.004210770130157471e-02,-6.750937551259994507e-02,9.369727969169616699e-02,-1.255369186401367188e-01,2.220113202929496765e-02,-8.448657393455505371e-02,1.490803509950637817e-01,-1.274216175079345703e-01,-4.623001813888549805e-02,-3.076195344328880310e-02,-1.188143342733383179e-01,-1.267424523830413818e-01,-1.149039715528488159e-01,6.585743278264999390e-02,5.774047225713729858e-02,-7.292417436838150024e-02,1.919701546430587769e-01,3.056436777114868164e-02,-6.519188731908798218e-02,1.869649440050125122e-01,-6.320627778768539429e-02,-8.578815311193466187e-02,3.027932643890380859e-01,-2.186549156904220581e-01,-1.302078366279602051e-01,1.114903092384338379e-01,-1.019122973084449768e-01,-1.179737411439418793e-02,1.487441956996917725e-01,-3.237497806549072266e-02,-2.099574059247970581e-01,-4.837848246097564697e-03,9.819132834672927856e-02,-2.010748982429504395e-01,-3.863713517785072327e-02,-1.945983767509460449e-01,2.577007114887237549e-01,1.939755231142044067e-01,-5.652527511119842529e-02,2.927931547164916992e-01,-2.442381903529167175e-02,-1.285845041275024414e-01,-1.360827684402465820e-01
1.061077043414115906e-01,-9.990199655294418335e-02,-1.358195543289184570e-01,-9.123128652572631836e-02,-2.144142985343933105e-01,-1.183673366904258728e-01,-1.188712473958730698e-02,4.205924272537231445e-02,2.350500524044036865e-01,-1.572709083557128906e-01,1.667301915585994720e-02,-7.963132858276367188e-02,-1.555666923522949219e-01,2.500202953815460205e-01,-2.480745129287242889e-02,1.500656604766845703e-01,1.637565903365612030e-02,5.123682785779237747e-03,3.712921217083930969e-02,-8.408379554748535156e-02,-6.802283972501754761e-02,-7.044499367475509644e-02,-3.490723371505737305e-01,1.572965271770954132e-02,-2.273132838308811188e-02,-2.083171010017395020e-01,-1.364899575710296631e-01,2.319908700883388519e-02,-4.471608623862266541e-02,-1.331261098384857178e-01,4.331719130277633667e-02,9.284394979476928711e-02,1.191885694861412048e-01,-3.972441330552101135e-02,3.396913781762123108e-02,-1.619157642126083374e-01,-2.303828746080398560e-01,-1.352694630622863770e-01,4.925439134240150452e-03,-3.112624585628509521e-01,-2.065718770027160645e-01,1.415494531393051147e-01,-7.133761048316955566e-02,-6.480820942670106888e-03,1.150608509778976440e-01,-2.194317756220698357e-03,-6.196614727377891541e-02,-4.704020917415618896e-02,5.003818869590759277e-02,8.817040175199508667e-02,-3.427642285823822021e-01,6.056083366274833679e-02,1.067394390702247620e-01,-1.360827684402465820e-01
7.418622821569442749e-02,1.313422769308090210e-01,3.084492683410644531e-02,1.315542906522750854e-01,-2.030232548713684082e-01,1.287284493446350098e-01,-1.777596026659011841e-01,2.725736200809478760e-01,-8.979067206382751465e-02,-1.345263570547103882e-01,-2.078502178192138672e-01,4.254817590117454529e-02,-2.839148044586181641e-02,5.677552893757820129e-02,-1.080314666032791138e-01,-8.229032903909683228e-02,4.285827279090881348e-02,-1.541131269186735153e-02,1.345938816666603088e-02,8.417233079671859741e-02,-2.672553248703479767e-02,1.126570403575897217e-01,-1.507025063037872314e-01,6.490577757358551025e-02,3.331629186868667603e-02,1.703092306852340698e-01,-3.716418147087097168e-02,-2.405875176191329956e-01,-1.046725288033485413e-01,2.606142163276672363e-01,-9.181139618158340454e-02,1.547888368368148804e-01,8.917836844921112061e-02,1.759372502565383911e-01,1.002658680081367493e-01,1.362564861774444580e-01,-1.293200850486755371e-01,9.795157611370086670e-02,-4.945008456707000732e-02,-2.418180406093597412e-01,7.641305774450302124e-02,1.271659135818481445e-01,1.831426918506622314e-01,4.544259235262870789e-02,-3.289023339748382568e-01,1.600729823112487793e-01,-1.474913908168673515e-03,-2.163686156272888184e-01,5.882496386766433716e-02,-7.144564390182495117e-02,1.435322016477584839e-01,-3.181440755724906921e-03,-1.032044589519500732e-01,-1.360827684402465820e-01
7.287865132093429565e-02,-1.417806744575500488e-01,-2.623331248760223389e-01,-8.681085892021656036e-03,-5.297794565558433533e-02,-5.573296546936035156e-02,-3.199391067028045654e-02,1.478525698184967041e-01,-1.707284301519393921e-01,-7.010848820209503174e-02,-1.404038965702056885e-01,-7.588139921426773071e-02,8.662304282188415527e-02,5.026137828826904297e-02,-7.291255891323089600e-02,-3.055476844310760498e-01,-1.346977204084396362e-01,1.248287260532379150e-01,5.343441851437091827e-03,1.076915860176086426e-02,-3.681505843997001648e-02,-3.485822305083274841e-02,-9.350564330816268921e-02,-1.555128097534179688e-01,-1.591590046882629395e-02,8.453609049320220947e-02,3.582444787025451660e-02,-1.138263791799545288e-01,-2.479929476976394653e-02,-1.251555979251861572e-01,-9.280560910701751709e-02,3.604353591799736023e-02,4.949174448847770691e-02,-1.875084489583969116e-01,3.390947356820106506e-02,1.591185182332992554e-01,-6.683287769556045532e-02,1.751323342323303223e-01,8.495165407657623291e-02,3.367277085781097412e-01,9.891518950462341309e-02,-3.319540247321128845e-02,-2.340630739927291870e-01,1.434206813573837280e-01,2.087453305721282959e-01,-1.106174141168594360e-01,-6.984421610832214355e-02,-2.600356638431549072e-01,-4.716710001230239868e-02,3.195872306823730469e-01,-2.518355287611484528e-02,1.661228686571121216e-01,-7.733491063117980957e-02,-1.360827684402465820e-01
5.914320424199104309e-02,-4.491867870092391968e-02,-1.818873733282089233e-01,1.734051480889320374e-02,-1.458514034748077393e-01,-2.192056551575660706e-02,-1.377227902412414551e-01,2.114203870296478271e-01,-2.279238402843475342e-02,-1.874188035726547241e-01,-2.682141959667205811e-02,-4.240674525499343872e-02,-2.570782974362373352e-02,-4.872714355587959290e-02,-1.291164383292198181e-02,-1.096222624182701111e-01,5.047820508480072021e-03,-8.739325404167175293e-02,2.322245389223098755e-01,-6.281270831823348999e-02,2.998207136988639832e-02,8.582168817520141602e-02,1.322434693574905396e-01,2.948065102100372314e-01,-4.998618736863136292e-02,6.618646439164876938e-03,2.525530159473419189e-01,1.216609925031661987e-01,-1.869866400957107544e-01,1.549312323331832886e-01,-1.571694165468215942e-01,-1.690856926143169403e-02,1.881832815706729889e-02,-2.070913761854171753e-01,-7.420371752232313156e-03,-8.755487948656082153e-02,9.800685942173004150e-02,1.000071913003921509e-01,-1.937411278486251831e-01,-7.741198688745498657e-02,5.859448388218879700e-02,-2.392861247062683105e-01,-3.396195545792579651e-02,8.336590975522994995e-02,1.086908280849456787e-01,-2.432267963886260986e-01,-6.427653878927230835e-02,2.713901400566101074e-01,-3.518049046397209167e-02,-1.917370706796646118e-01,-9.543820470571517944e-02,-2.336761504411697388e-01,1.647294610738754272e-01,-1.360827684402465820e-01
5.716973915696144104e-02,-1.136102154850959778e-01,-2.068009823560714722e-01,-9.074769169092178345e-02,-9.137085825204849243e-02,-7.622351497411727905e-02,-1.239271983504295349e-01,1.930397003889083862e-01,1.899131201207637787e-02,-2.081230729818344116e-01,8.094864338636398315e-02,-1.697594970464706421e-01,1.679380387067794800e-01,-4.740988463163375854e-02,6.666145473718643188e-02,-1.017285045236349106e-02,5.861707404255867004e-02,-7.860829681158065796e-02,-5.747846513986587524e-02,2.300181835889816284e-01,-8.291532099246978760e-02,-5.106681957840919495e-02,1.379753202199935913e-01,-1.160866692662239075e-01,4.341435432434082031e-02,5.957669578492641449e-03,9.946803003549575806e-02,1.014535799622535706e-01,-6.535436213016510010e-02,1.078945249319076538e-01,-7.271831273101270199e-04,-2.218412309885025024e-01,-6.042806059122085571e-02,-4.893043637275695801e-02,1.124235391616821289e-01,5.065047740936279297e-02,1.888401955366134644e-01,-1.548637747764587402e-01,2.817005813121795654e-01,9.419435635209083557e-03,-1.215411052107810974e-01,3.204469382762908936e-02,4.344690963625907898e-02,-3.354344964027404785e-01,5.059833824634552002e-02,3.693051934242248535e-01,2.878162562847137451e-01,3.929436951875686646e-02,7.070332020521163940e-02,-3.199136629700660706e-02,2.538930624723434448e-02,1.206746622920036316e-01,5.764001235365867615e-02,-1.360827684402465820e-01
3.021866828203201294e-02,1.016648113727569580e-01,-3.655626252293586731e-02,-3.743070363998413086e-02,-1.926770508289337158e-01,1.236454024910926819e-02,-1.418540030717849731e-01,1.641580313444137573e-01,-7.265023887157440186e-02,-4.614476487040519714e-02,2.399844974279403687e-01,-2.266505658626556396e-01,5.133721977472305298e-02,-1.557184755802154541e-01,2.379115298390388489e-02,1.687204688787460327e-01,2.032692134380340576e-01,-2.787460573017597198e-02,-6.568578630685806274e-02,-7.077947258949279785e-03,-7.748209685087203979e-02,3.828555718064308167e-02,1.824486404657363892e-01,1.044838055968284607e-01,-1.915115118026733398e-01,5.232201516628265381e-02,5.620155856013298035e-02,-9.468729048967361450e-02,3.718971610069274902e-01,-1.838267594575881958e-01,1.543982885777950287e-02,-1.329807490110397339e-01,8.216190338134765625e-02,4.389994964003562927e-02,-3.326149657368659973e-02,-4.911652766168117523e-03,-3.424095734953880310e-02,-1.929584592580795288e-01,-2.177038043737411499e-01,1.152257155627012253e-02,-6.570234149694442749e-02,1.437556147575378418e-01,-3.039288520812988281e-02,1.819421164691448212e-02,-5.892081558704376221e-02,-7.427375763654708862e-02,-1.932955682277679443e-01,7.882215082645416260e-03,-3.036387264728546143e-01,1.853386014699935913e-01,8.458447456359863281e-02,-4.146771132946014404e-02,-2.595248818397521973e-01,-1.360827684402465820e-01
2.642707340419292450e-02,1.532844454050064087e-01,-7.560138404369354248e-02,8.097882382571697235e-04,-1.293095499277114868e-01,7.219219952821731567e-02,-1.240628063678741455e-01,-8.601210080087184906e-03,-2.110325694084167480e-01,1.137387752532958984e-01,1.784516274929046631e-01,-7.508535683155059814e-02,1.959348171949386597e-01,-9.391409903764724731e-02,-1.089077889919281006e-01,1.414889693260192871e-01,1.190544962882995605e-01,1.105016097426414490e-01,3.449922427535057068e-03,-2.717959322035312653e-02,2.208239957690238953e-02,-6.141178309917449951e-02,9.926674515008926392e-02,-1.184672266244888306e-01,-3.578675538301467896e-02,-3.646960258483886719e-01,-5.933893844485282898e-03,1.410486102104187012e-01,1.372686028480529785e-01,-8.766188286244869232e-03,-6.927937269210815430e-02,8.308961242437362671e-02,7.597625255584716797e-02,1.966255605220794678e-01,-1.027977690100669861e-01,5.833265185356140137e-02,-1.071076244115829468e-01,2.623898088932037354e-01,1.232398767024278641e-02,5.076786503195762634e-02,2.582382857799530029e-01,1.602706164121627808e-01,-9.827712178230285645e-02,-4.140431061387062073e-03,-3.602476324886083603e-03,3.368734382092952728e-03,-2.746518701314926147e-03,-1.397006958723068237e-02,3.694836795330047607e-01,-5.473927780985832214e-02,-4.383288323879241943e-02,-4.671334475278854370e-02,3.356494903564453125e-01,-1.360827684402465820e-01
4.895159509032964706e-03,6.393636018037796021e-02,-9.924195706844329834e-02,-2.849536575376987457e-02,-1.605434715747833252e-01,-3.928858786821365356e-02,-9.709906578063964844e-02,-1.009044498205184937e-01,-2.068350762128829956e-01,1.832898855209350586e-01,1.358709931373596191e-01,-9.106383472681045532e-02,1.615978479385375977e-01,-1.771146506071090698e-01,9.624963998794555664e-02,2.288384586572647095e-01,-1.091574206948280334e-01,8.956483751535415649e-02,2.073654234409332275e-01,-1.259704232215881348e-01,7.952058315277099609e-02,-1.913805156946182251e-01,-5.168711766600608826e-02,-3.646871075034141541e-02,1.216476857662200928e-01,4.864008724689483643e-02,-2.267991602420806885e-01,1.486243456602096558e-01,-1.114625334739685059e-01,1.414910405874252319e-01,-9.958801791071891785e-03,2.047180086374282837e-01,-8.542978018522262573e-02,-9.951055794954299927e-02,1.158997714519500732e-01,-1.381952613592147827e-01,-7.285358011722564697e-02,-6.364554911851882935e-02,9.251707047224044800e-02,-9.754433482885360718e-02,-2.372610382735729218e-02,-1.638182848691940308e-01,9.139577299356460571e-02,2.913869023323059082e-01,8.529462851583957672e-03,-4.905326664447784424e-02,3.255336284637451172e-01,1.122830063104629517e-02,-1.616476476192474365e-01,1.218007225543260574e-02,1.006728559732437134e-01,1.195220649242401123e-01,-2.225691974163055420e-01,-1.360827684402465820e-01
-1.523163728415966034e-02,1.846461892127990723e-01,-1.029884964227676392e-01,-1.186386570334434509e-01,-1.130064800381660461e-01,-2.096554338932037354e-01,-6.170253269374370575e-03,-1.410707831382751465e-01,-1.067919954657554626e-01,2.095516771078109741e-02,8.177153766155242920e-02,4.364270344376564026e-02,7.500968873500823975e-02,-9.478781372308731079e-02,2.990314960479736328e-01,-1.342319697141647339e-01,8.783228695392608643e-02,-2.346178889274597168e-02,1.124889031052589417e-01,8.202917873859405518e-02,1.209164187312126160e-01,1.126384511590003967e-01,-1.234395354986190796e-01,-1.940017007291316986e-02,-1.146525219082832336e-01,2.092407643795013428e-01,-3.371150195598602295e-01,-2.486905306577682495e-01,4.159865900874137878e-02,-1.470623463392257690e-01,-8.243745565414428711e-02,2.861005440354347229e-02,-2.636933922767639160e-01,-6.366377323865890503e-02,-1.555492132902145386e-01,7.571037858724594116e-02,-2.491815574467182159e-02,1.284873858094215393e-02,8.625702001154422760e-03,3.957597538828849792e-02,-1.224649697542190552e-01,-2.305337935686111450e-01,1.042150110006332397e-01,-1.329611837863922119e-01,-5.048038903623819351e-03,1.361678838729858398e-01,-2.594249844551086426e-01,1.586623862385749817e-02,1.843241751194000244e-01,-1.075703278183937073e-01,-1.091129481792449951e-01,-1.199602335691452026e-01,9.367360174655914307e-02,-1.360827684402465820e-01
-1.222083903849124908e-02,1.265510469675064087e-01,-1.623422652482986450e-01,-4.759192839264869690e-02,-1.671849004924297333e-02,-4.193235561251640320e-02,8.149330504238605499e-03,-4.074547290802001953e-01,-1.114289388060569763e-01,-9.754434227943420410e-02,-3.267574310302734375e-02,1.000600010156631470e-01,6.962388008832931519e-02,-1.466170251369476318e-01,-1.895946450531482697e-02,-1.929368674755096436e-01,1.485543400049209595e-01,-3.463150858879089355e-01,-1.078801900148391724e-01,-7.353929430246353149e-02,-5.504265427589416504e-02,1.223673969507217407e-01,-4.219982028007507324e-02,-1.403465121984481812e-01,7.855867594480514526e-02,-5.357611179351806641e-02,2.754243314266204834e-01,1.348517090082168579e-01,-1.563357561826705933e-01,7.411944121122360229e-02,1.522634774446487427e-01,8.175104111433029175e-02,-2.283614128828048706e-02,-1.783715784549713135e-01,-5.894291773438453674e-02,-7.414697855710983276e-02,-3.183219730854034424e-01,3.445240855216979980e-02,-2.239350229501724243e-03,5.602457001805305481e-02,-9.245786070823669434e-02,2.440904229879379272e-01,7.667487952858209610e-03,-1.387713849544525146e-01,-1.859910041093826294e-01,-1.067903488874435425e-01,-3.438108414411544800e-02,5.049604922533035278e-02,-6.283781677484512329e-02,-2.256153710186481476e-02,1.368721947073936462e-02,4.635960981249809265e-02,-1.388500630855560303e-01,-1.360827684402465820e-01
-1.603006012737751007e-02,6.888855248689651489e-02,-1.603969186544418335e-01,-5.113532021641731262e-02,-3.545625135302543640e-02,-1.901034414768218994e-01,1.164412708021700382e-03,-3.338915705680847168e-01,1.613282859325408936e-01,1.172904074192047119e-01,6.111715734004974365e-02,-9.671752154827117920e-02,-1.095927413552999496e-02,3.326424583792686462e-02,-1.091943494975566864e-02,6.433231383562088013e-02,-1.050051674246788025e-01,-2.551131546497344971e-01,8.449618518352508545e-02,-1.826452612876892090e-01,-2.798133790493011475e-01,-2.474872395396232605e-02,-8.140008896589279175e-02,8.183228224515914917e-02,9.600169956684112549e-03,1.743394583463668823e-01,1.004724726080894470e-01,-8.213254809379577637e-02,4.074139147996902466e-02,1.417335867881774902e-01,9.429710358381271362e-02,-9.631578810513019562e-03,2.182370871305465698e-01,2.823605239391326904e-01,1.560994088649749756e-01,3.490614145994186401e-02,3.194563388824462891e-01,2.058707326650619507e-01,-1.775437891483306885e-01,-4.412254493217915297e-04,1.380462497472763062e-01,-8.348684012889862061e-02,9.406378120183944702e-02,-3.179300203919410706e-02,1.894519478082656860e-01,1.396779567003250122e-01,-4.182631522417068481e-02,-8.927642554044723511e-02,4.220814630389213562e-02,1.427817791700363159e-01,2.574421837925910950e-02,3.225596621632575989e-02,1.494332216680049896e-02,-1.360827684402465820e-01
-5.447924509644508362e-02,3.007188141345977783e-01,-5.846380069851875305e-02,2.907079160213470459e-01,-1.939384043216705322e-01,-6.922071427106857300e-02,1.786470562219619751e-01,-9.649477899074554443e-02,2.065446376800537109e-01,-1.237829625606536865e-01,-9.170186519622802734e-02,1.302544921636581421e-01,2.526843249797821045e-01,-1.008438598364591599e-02,9.279364347457885742e-02,-4.524045437574386597e-02,-1.069215610623359680e-01,-1.132603883743286133e-01,-5.968352034687995911e-02,6.942763179540634155e-02,2.160504609346389771e-01,-5.379842966794967651e-02,-4.630590230226516724e-02,7.775580137968063354e-02,1.160511225461959839e-01,-5.009108036756515503e-02,-6.768586486577987671e-02,-1.257741600275039673e-01,-8.216219022870063782e-03,-1.208520457148551941e-01,-4.222287610173225403e-02,-1.783114075660705566e-01,1.238708496093750000e-01,1.535014510154724121e-01,9.423022717237472534e-02,1.285862773656845093e-01,1.175672337412834167e-01,-1.990616023540496826e-01,1.654608398675918579e-01,3.142073377966880798e-02,7.458017766475677490e-02,6.356862187385559082e-02,-2.040188163518905640e-01,1.327088177204132080e-01,-1.344808191061019897e-01,-2.039983868598937988e-01,1.532910168170928955e-01,9.156183153390884399e-02,-1.675405204296112061e-01,4.553070291876792908e-02,-1.438298914581537247e-02,-6.676024198532104492e-02,2.053378075361251831e-01,-1.360827684402465820e-01
-4.546165093779563904e-02,6.601724028587341309e-02,-1.994116157293319702e-01,4.031941890716552734e-01,4.342496767640113831e-02,1.534404419362545013e-02,5.125690624117851257e-02,-1.536905765533447266e-01,6.008650735020637512e-02,7.508149743080139160e-02,-8.420868217945098877e-02,-1.438628435134887695e-01,-2.161593735218048096e-01,-3.649394959211349487e-02,-1.636687964200973511e-01,-2.381119281053543091e-01,-3.714313730597496033e-02,8.457684516906738281e-02,-1.280509084463119507e-01,-2.080624252557754517e-01,9.184291958808898926e-02,5.053497478365898132e-02,1.489545106887817383e-01,4.135526344180107117e-02,3.618416190147399902e-02,-1.449309736490249634e-01,-1.724658906459808350e-01,-3.084236755967140198e-02,2.729322910308837891e-01,5.184266343712806702e-02,-2.768097519874572754e-01,-1.092609912157058716e-01,1.217814683914184570e-01,-1.727161705493927002e-01,-7.978842407464981079e-02,-6.151790171861648560e-02,-2.210893109440803528e-02,-2.240300178527832031e-02,2.939974423497915268e-03,-7.924260944128036499e-02,-1.414506137371063232e-01,3.651080280542373657e-02,1.338240802288055420e-01,-3.883237019181251526e-02,2.055972069501876831e-01,1.313814669847488403e-01,1.192001700401306152e-01,-2.571389265358448029e-02,1.081253364682197571e-01,-1.684596091508865356e-01,5.947893112897872925e-02,-2.299639768898487091e-02,-1.803761720657348633e-01,-1.360827684402465820e-01
-4.291101172566413879e-02,3.208247944712638855e-02,-2.228861749172210693e-01,2.045839875936508179e-01,1.182351782917976379e-01,-3.758165985345840454e-02,-4.668743163347244263e-02,-4.188017174601554871e-02,7.714785635471343994e-02,5.408185347914695740e-02,2.198407351970672607e-01,1.018731966614723206e-01,-1.996680051088333130e-01,2.676742374897003174e-01,-3.722506109625101089e-03,-7.288108766078948975e-02,-9.390836954116821289e-02,6.895838677883148193e-02,2.604684829711914062e-01,1.178764402866363525e-01,6.127557158470153809e-02,-3.445707261562347412e-02,3.460914492607116699e-01,9.020943194627761841e-02,-2.239460796117782593e-01,-2.005462795495986938e-01,-2.401320077478885651e-02,-1.380437053740024567e-02,-8.823923766613006592e-02,3.100172430276870728e-02,3.059735298156738281e-01,1.033016387373209000e-02,-4.059086740016937256e-02,-4.403970018029212952e-02,5.234282091259956360e-02,4.373970627784729004e-02,-1.003264412283897400e-01,-2.669586427509784698e-02,9.913530945777893066e-02,4.733248054981231689e-02,9.252014756202697754e-02,-9.628686308860778809e-02,1.707857251167297363e-01,3.918361291289329529e-02,-2.714813351631164551e-01,9.488696604967117310e-02,-1.550146043300628662e-01,-4.219105839729309082e-02,-1.122977510094642639e-01,1.190587878227233887e-01,-3.653844585642218590e-03,1.992595195770263672e-01,8.308219164609909058e-02,-1.360827684402465820e-01
-4.879570007324218750e-02,3.807329013943672180e-02,-1.970027536153793335e-01,1.101962551474571228e-01,1.539403796195983887e-01,5.371843650937080383e-02,-1.916869729757308960e-02,-3.119681775569915771e-02,1.000045835971832275e-01,4.306539520621299744e-02,2.873924076557159424e-01,1.854878664016723633e-01,-1.421813503839075565e-03,2.653138637542724609e-01,-9.815783053636550903e-02,1.439609229564666748e-01,8.959893882274627686e-02,1.574075222015380859e-01,-5.595160648226737976e-02,1.794729381799697876e-01,2.257082524010911584e-04,2.760594151914119720e-02,-8.502371609210968018e-02,5.812948197126388550e-02,1.291981190443038940e-01,2.456592619419097900e-01,6.602676957845687866e-02,2.042464613914489746e-01,-4.277919232845306396e-02,-2.040740996599197388e-01,-1.299477517604827881e-01,1.586128622293472290e-01,-2.009535580873489380e-02,7.150650955736637115e-03,1.337008327245712280e-01,9.855294227600097656e-02,-8.712556958198547363e-02,1.654125303030014038e-01,-4.417891427874565125e-02,1.088932380080223083e-01,-8.045398443937301636e-02,3.005943633615970612e-02,-1.168728247284889221e-01,-7.078851759433746338e-02,-7.954908534884452820e-03,1.350158900022506714e-01,1.414701491594314575e-01,1.511581800878047943e-02,-6.483735144138336182e-02,3.184112487360835075e-03,-7.074181921780109406e-03,-4.588493406772613525e-01,-1.575347930192947388e-01,-1.360827684402465820e-01
-5.934526026248931885e-02,2.072478234767913818e-01,-5.333311483263969421e-02,5.953484401106834412e-02,6.305705755949020386e-02,-2.619376778602600098e-02,-8.095091581344604492e-02,3.182412311434745789e-02,1.306369304656982422e-01,2.137401886284351349e-02,1.845066100358963013e-01,1.856798380613327026e-01,-7.148075103759765625e-02,-2.978646755218505859e-02,2.980743534862995148e-02,1.005849689245223999e-01,4.191270470619201660e-02,3.325635790824890137e-01,-1.678602844476699829e-01,1.038842424750328064e-01,-2.308582812547683716e-01,-2.005095221102237701e-02,3.023479506373405457e-02,-1.046597957611083984e-01,2.788837254047393799e-01,1.375520527362823486e-01,1.710384935140609741e-01,-1.982710659503936768e-01,-8.377658575773239136e-02,1.331648081541061401e-01,-1.964504569768905640e-01,1.107655167579650879e-01,-6.310954689979553223e-02,-3.686490468680858612e-03,-7.766941189765930176e-02,-8.526257425546646118e-02,4.470170661807060242e-02,-1.683474183082580566e-01,-5.772089120000600815e-03,1.547250547446310520e-03,9.370072185993194580e-02,5.372482910752296448e-02,4.427356272935867310e-02,-4.364133626222610474e-02,1.551514863967895508e-01,-2.004219293594360352e-01,-1.934114694595336914e-01,1.472329795360565186e-01,2.301159501075744629e-02,-1.070505306124687195e-01,-6.125926971435546875e-02,3.904685378074645996e-01,2.902229130268096924e-02,-1.360827684402465820e-01
-5.757059529423713684e-02,1.216648221015930176e-01,-7.078776508569717407e-02,2.191502749919891357e-01,1.988113671541213989e-01,1.535334885120391846e-01,-2.801143229007720947e-01,7.825092226266860962e-02,-1.229155436158180237e-01,2.683735787868499756e-01,-1.706908792257308960e-01,1.499451845884323120e-01,-1.086857765913009644e-01,-2.519495487213134766e-01,1.616519503295421600e-02,7.116553187370300293e-02,4.164333641529083252e-02,-4.520748928189277649e-02,-1.305642873048782349e-01,9.672885388135910034e-02,-5.948239564895629883e-02,-1.012593507766723633e-01,-2.017794698476791382e-01,-3.812866657972335815e-02,-3.010509014129638672e-01,-4.176703840494155884e-02,7.784238550812005997e-03,1.036712229251861572e-01,-1.641979068517684937e-01,2.076821774244308472e-02,1.100069507956504822e-01,2.319458499550819397e-02,1.259001046419143677e-01,-1.828245073556900024e-02,-1.035190559923648834e-02,5.927256494760513306e-02,2.045187801122665405e-01,-1.538121104240417480e-01,1.076420117169618607e-02,-8.074643462896347046e-02,-2.980165183544158936e-01,-1.206651255488395691e-01,-6.351447850465774536e-02,-1.026777252554893494e-01,4.595453292131423950e-02,-1.425758600234985352e-01,-3.001765348017215729e-02,-4.925561696290969849e-02,1.068022102117538452e-01,2.275353670120239258e-01,1.530958991497755051e-02,-8.074621111154556274e-02,9.130337834358215332e-02,-1.360827684402465820e-01
-5.742737278342247009e-02,-9.483043104410171509e-02,-1.862063109874725342e-01,5.090013518929481506e-02,1.788963377475738525e-01,3.779043257236480713e-02,-6.113796308636665344e-02,1.694457828998565674e-01,4.806791245937347412e-02,2.066774815320968628e-01,-1.161595690064132214e-03,5.885191261768341064e-02,2.119348347187042236e-01,-3.644534619525074959e-03,-4.118487611413002014e-02,9.029676765203475952e-02,-1.999789029359817505e-01,-5.798075720667839050e-02,-1.679910570383071899e-01,-7.803255319595336914e-02,-1.334790140390396118e-01,1.383084990084171295e-02,-1.942738443613052368e-01,3.370186686515808105e-02,1.477974560111761093e-02,-5.040588229894638062e-02,-6.877013295888900757e-02,-1.964618265628814697e-01,3.968104347586631775e-02,1.433488279581069946e-01,2.006832659244537354e-01,-3.272457718849182129e-01,-3.087097406387329102e-01,-8.971936255693435669e-02,-2.584275007247924805e-01,-1.672226935625076294e-01,-6.321676820516586304e-02,1.702630072832107544e-01,-8.220021426677703857e-02,-1.135362237691879272e-01,1.435660570859909058e-01,7.285668700933456421e-02,-1.647384613752365112e-01,4.907248914241790771e-02,-5.092374607920646667e-02,1.333821564912796021e-01,2.084269747138023376e-02,-2.401292696595191956e-02,-2.284557372331619263e-01,-1.447321772575378418e-01,-5.445920303463935852e-02,-8.140066266059875488e-02,4.824445769190788269e-02,-1.360827684402465820e-01
-6.850223988294601440e-02,9.453374892473220825e-02,-6.446681916713714600e-02,-1.874033212661743164e-01,1.315971016883850098e-01,-5.564279481768608093e-02,-1.440378278493881226e-01,2.223814427852630615e-01,1.290884315967559814e-01,-6.041445303708314896e-03,-1.093403473496437073e-01,3.291215002536773682e-01,1.007464304566383362e-01,9.029313921928405762e-02,6.353389471769332886e-02,-1.670631207525730133e-02,-1.333766579627990723e-01,-9.370169788599014282e-02,2.144453078508377075e-01,-8.057764917612075806e-02,7.146595418453216553e-02,2.802886068820953369e-01,-1.219426374882459641e-02,2.564573101699352264e-02,3.829023614525794983e-02,-5.141812190413475037e-02,3.792246058583259583e-02,1.158031076192855835e-01,2.699455916881561279e-01,-5.778276175260543823e-02,1.138951107859611511e-01,-6.565085798501968384e-02,-1.342606693506240845e-01,7.869821786880493164e-02,8.504775911569595337e-02,-5.441940575838088989e-02,-6.199061498045921326e-02,-2.181254774332046509e-01,-1.200278475880622864e-01,1.226361617445945740e-01,1.280835550278425217e-02,1.169410869479179382e-01,1.749528646469116211e-01,6.889503449201583862e-02,1.615713685750961304e-01,-1.668726354837417603e-01,1.878200173377990723e-01,-8.850649744272232056e-02,3.354872763156890869e-01,2.667704783380031586e-02,9.942896664142608643e-02,2.753012627363204956e-02,-1.301829069852828979e-01,-1.360827684402465820e-01
-6.416697800159454346e-02,9.965356439352035522e-02,-1.493323594331741333e-02,-2.570595145225524902e-01,1.916764974594116211e-01,1.523193437606096268e-02,-1.910185664892196655e-01,1.377694308757781982e-01,4.903731122612953186e-02,8.661809563636779785e-02,-1.183765679597854614e-01,-6.295192521065473557e-03,2.553364820778369904e-02,9.604882448911666870e-02,-1.375061422586441040e-01,-1.311796437948942184e-02,-8.385577052831649780e-02,-2.409903258085250854e-01,-4.333456233143806458e-02,-2.446054965257644653e-01,-7.973936945199966431e-02,8.302524685859680176e-02,1.787626147270202637e-01,-1.596035808324813843e-01,1.220185607671737671e-01,-4.380788654088973999e-02,-1.602036356925964355e-01,1.457138955593109131e-01,-5.715902522206306458e-02,-3.190186917781829834e-01,-3.138606250286102295e-01,9.633132815361022949e-02,9.067744761705398560e-02,9.731074422597885132e-02,-8.202955126762390137e-03,-7.605355978012084961e-02,1.154043972492218018e-01,2.889467589557170868e-02,2.391235679388046265e-01,-7.567174732685089111e-02,-1.829826389439404011e-03,-1.377976685762405396e-01,2.583864517509937286e-02,-6.761696934700012207e-02,-1.970664262771606445e-01,-1.902044191956520081e-02,-1.707680821418762207e-01,-6.314212828874588013e-02,-2.544181346893310547e-01,-1.174342185258865356e-01,8.926228620111942291e-03,5.197114497423171997e-02,5.710424855351448059e-02,-1.360827684402465820e-01
-8.387257903814315796e-02,2.610141038894653320e-01,9.991993010044097900e-02,-9.112325310707092285e-02,3.632357716560363770e-02,-5.593989044427871704e-02,5.061737820506095886e-02,1.635739803314208984e-01,2.606789767742156982e-01,-1.783521473407745361e-02,-1.538429707288742065e-01,-2.095308303833007812e-01,6.484600901603698730e-02,-4.947767779231071472e-02,8.877743035554885864e-03,3.221959620714187622e-02,-1.202692762017250061e-01,4.609978571534156799e-02,-3.046925365924835205e-01,-1.138060837984085083e-01,2.014092206954956055e-01,-1.069143861532211304e-01,3.911597654223442078e-02,4.419539123773574829e-02,-1.541397720575332642e-01,-1.263247728347778320e-01,1.688068211078643799e-01,4.544489085674285889e-03,2.573899552226066589e-02,5.726745352149009705e-02,1.667152643203735352e-01,2.454704791307449341e-01,-2.254818528890609741e-01,3.215271234512329102e-02,2.141567915678024292e-01,2.083001881837844849e-01,-7.350555062294006348e-02,2.187276929616928101e-01,6.199232116341590881e-02,2.027069404721260071e-02,-8.943010121583938599e-02,-1.185475364327430725e-01,-2.602613903582096100e-02,2.915759198367595673e-02,7.581240683794021606e-02,1.001162230968475342e-01,-1.036707013845443726e-01,2.317255884408950806e-01,4.909970611333847046e-02,-3.240285441279411316e-02,-1.116589754819869995e-01,4.975327104330062866e-02,-2.274703383445739746e-01,-1.360827684402465820e-01
-8.872282505035400391e-02,1.904375255107879639e-01,4.293227975722402334e-04,-1.627704948186874390e-01,2.207662463188171387e-01,-1.207786425948143005e-01,4.609597846865653992e-02,5.702769383788108826e-03,1.026671081781387329e-01,-3.834844008088111877e-02,-1.976393610239028931e-01,-3.147610425949096680e-01,-8.092419058084487915e-02,-1.458161976188421249e-02,1.751069873571395874e-01,-7.776794582605361938e-02,3.361435979604721069e-02,2.427794188261032104e-01,-1.024805754423141479e-01,1.241820454597473145e-01,9.278835356235504150e-02,-4.660288989543914795e-02,-3.757516294717788696e-02,-4.634442180395126343e-02,8.943877369165420532e-02,1.929478794336318970e-01,1.058052182197570801e-01,1.905256211757659912e-01,1.387025862932205200e-01,5.829546600580215454e-02,1.461202185600996017e-02,-4.030249267816543579e-02,1.358654648065567017e-01,-8.141417056322097778e-02,-1.536406129598617554e-01,-2.025219947099685669e-01,-1.264528334140777588e-01,1.885654963552951813e-02,-1.734836548566818237e-01,-7.158713415265083313e-03,6.565760821104049683e-02,-6.965309381484985352e-02,1.927800625562667847e-01,6.593091040849685669e-02,-2.039542645215988159e-01,2.071704342961311340e-02,1.675026118755340576e-01,-1.096419245004653931e-01,-6.868747621774673462e-02,2.170679122209548950e-01,-1.563969650305807590e-03,-6.694524735212326050e-02,3.300191462039947510e-01,-1.360827684402465820e-01
-9.928485751152038574e-02,9.771198034286499023e-02,1.765976473689079285e-02,-6.309002637863159180e-02,1.737569123506546021e-01,8.743672072887420654e-02,4.411244392395019531e-02,-5.895162373781204224e-02,-5.022227019071578979e-02,5.936658009886741638e-02,-8.547407388687133789e-02,-3.315413594245910645e-01,-4.278746619820594788e-02,2.000018209218978882e-01,9.701811522245407104e-02,-5.375985801219940186e-02,1.185621693730354309e-01,9.369263425469398499e-03,1.521870791912078857e-01,2.064590714871883392e-02,-1.389610916376113892e-01,1.201232001185417175e-01,1.896133422851562500e-01,1.074790488928556442e-02,-1.124591827392578125e-01,1.415104418992996216e-01,-1.882780157029628754e-02,-2.350678741931915283e-01,-1.317080557346343994e-01,-6.560803949832916260e-02,1.595338582992553711e-01,1.258971542119979858e-01,5.430392548441886902e-02,1.983578130602836609e-02,-9.028083086013793945e-02,-1.323384195566177368e-01,6.467600166797637939e-02,-1.349762231111526489e-01,1.151072680950164795e-01,-1.327852159738540649e-01,1.018417105078697205e-01,7.255572825670242310e-02,-4.616165459156036377e-01,3.765125945210456848e-02,-3.487438708543777466e-02,-8.958598971366882324e-02,2.043064087629318237e-01,4.936214536428451538e-02,2.536524534225463867e-01,-1.220730692148208618e-01,-5.201450549066066742e-03,-4.036389291286468506e-02,-1.777439117431640625e-01,-1.360827684402465820e-01
-1.073323488235473633e-01,1.143060997128486633e-01,4.204133898019790649e-02,-7.909169048070907593e-02,1.444602459669113159e-01,1.569330245256423950e-01,3.793049976229667664e-02,-7.353915274143218994e-02,-2.333177253603935242e-02,-1.676983572542667389e-02,-1.126582771539688110e-01,-2.394287884235382080e-01,1.295209228992462158e-01,1.218976303935050964e-01,1.884261704981327057e-02,1.104983538389205933e-01,1.253356337547302246e-01,1.118512749671936035e-01,2.926053404808044434e-01,1.728162020444869995e-01,1.717447936534881592e-01,4.842916503548622131e-02,-2.012177407741546631e-01,7.958179712295532227e-02,1.992522329092025757e-01,-2.753288149833679199e-01,-3.335542976856231689e-02,9.706031531095504761e-03,-1.516158431768417358e-01,9.735094755887985229e-02,4.866193607449531555e-02,-1.214564815163612366e-01,6.997778266668319702e-02,-1.540215406566858292e-02,5.444743484258651733e-02,3.533599898219108582e-02,1.026852279901504517e-01,2.207207866013050079e-02,-6.014997139573097229e-02,1.579141318798065186e-01,-1.756928861141204834e-01,1.243997141718864441e-01,1.603901386260986328e-02,-6.205144152045249939e-02,2.138390392065048218e-01,1.620706915855407715e-02,-3.052448332309722900e-01,-1.373504996299743652e-01,-1.816018372774124146e-01,-1.936697363853454590e-01,2.526012063026428223e-01,1.832540892064571381e-02,-2.786415629088878632e-02,-1.360827684402465820e-01
-1.055836230516433716e-01,-6.166975945234298706e-02,-9.153272956609725952e-02,-1.089909747242927551e-01,1.823697239160537720e-01,9.642244875431060791e-02,1.643045544624328613e-01,-6.561265140771865845e-02,-1.473970413208007812e-01,1.353339198976755142e-02,-7.214669883251190186e-02,-7.430806010961532593e-02,-4.686387628316879272e-02,-1.772940307855606079e-01,-4.393563568592071533e-01,1.164350584149360657e-01,1.763695776462554932e-01,-1.947509497404098511e-02,6.604152172803878784e-02,3.406167030334472656e-02,1.684570908546447754e-01,4.407831281423568726e-02,-6.973183900117874146e-02,1.108501330018043518e-01,9.072347730398178101e-02,1.334447711706161499e-01,-8.257489651441574097e-02,7.216052035801112652e-04,-1.092748790979385376e-01,-1.518196612596511841e-01,-3.148929774761199951e-02,-2.606312334537506104e-01,-1.082191467285156250e-01,-4.094022139906883240e-02,1.587460637092590332e-01,1.894431710243225098e-01,4.722259566187858582e-02,-9.719816595315933228e-02,-8.540695160627365112e-02,-1.132780015468597412e-01,2.061913907527923584e-01,3.317143023014068604e-02,1.343968659639358521e-01,7.030971348285675049e-02,-8.785350620746612549e-02,2.677108533680438995e-02,-1.212523877620697021e-02,1.771000772714614868e-01,1.296449601650238037e-01,1.471703946590423584e-01,-3.117873072624206543e-01,1.636111289262771606e-01,-5.494614318013191223e-02,-1.360827684402465820e-01
-1.062186881899833679e-01,2.980913035571575165e-03,-8.104271441698074341e-02,-3.508107364177703857e-01,1.342743188142776489e-01,-1.576012670993804932e-01,2.938105463981628418e-01,2.287573926150798798e-02,-1.233412977308034897e-02,-1.512212455272674561e-01,6.028454378247261047e-02,1.951626241207122803e-01,-1.433780938386917114e-01,-1.188093796372413635e-01,-3.128503262996673584e-01,2.186947502195835114e-02,1.021923497319221497e-01,-9.519148617982864380e-02,-2.529628109186887741e-03,1.444678306579589844e-01,-9.188935160636901855e-02,-2.366200238466262817e-01,4.514298588037490845e-02,5.353701114654541016e-02,-1.590003222227096558e-01,-1.082058623433113098e-01,-1.779216714203357697e-02,-2.041559666395187378e-01,1.055491566658020020e-01,2.308366298675537109e-01,-1.049991324543952942e-01,9.913582354784011841e-02,-5.126680247485637665e-03,7.492432743310928345e-02,-1.064375564455986023e-01,4.983824864029884338e-02,-1.041919142007827759e-01,-7.539597898721694946e-02,1.653122305870056152e-01,-3.270481154322624207e-02,-1.085669025778770447e-01,-8.028818666934967041e-02,-4.815023392438888550e-02,1.614858508110046387e-01,1.067329198122024536e-01,-4.532685130834579468e-02,7.608188688755035400e-02,-7.554703950881958008e-02,-6.110945716500282288e-02,-2.254637330770492554e-02,2.520986199378967285e-01,-1.651603579521179199e-01,8.971573412418365479e-02,-1.360827684402465820e-01
-1.495472043752670288e-01,2.393871992826461792e-01,1.895330399274826050e-01,1.403701454401016235e-01,-2.012467831373214722e-01,1.163765713572502136e-01,4.629260003566741943e-01,2.183136940002441406e-01,4.552384838461875916e-02,-1.455498114228248596e-02,-8.447197265923023224e-03,8.766390383243560791e-02,1.462077349424362183e-01,4.564188048243522644e-02,-7.958878576755523682e-02,2.454411052167415619e-02,-2.139140665531158447e-02,-8.623698353767395020e-02,1.482633501291275024e-01,2.821248583495616913e-02,-3.323587477207183838e-01,-2.142178863286972046e-01,4.144095256924629211e-02,-1.254538148641586304e-01,-1.306210607290267944e-01,7.565779238939285278e-02,-3.609742969274520874e-02,2.080564349889755249e-01,-7.639082521200180054e-02,-1.327637135982513428e-01,2.556656952947378159e-03,-8.733550459146499634e-02,9.895897470414638519e-03,-2.413183748722076416e-01,-7.004719227552413940e-02,-1.362215727567672729e-01,5.665606632828712463e-02,1.084464564919471741e-01,-1.472769081592559814e-01,4.388867691159248352e-02,-4.592567682266235352e-02,-4.422950372099876404e-02,9.104168415069580078e-02,-4.282620549201965332e-02,-3.930046036839485168e-02,4.201881960034370422e-02,-3.475417569279670715e-02,-1.178923919796943665e-01,1.314308792352676392e-01,-4.820539802312850952e-02,-2.041516639292240143e-02,7.673683017492294312e-02,-8.887733519077301025e-02,-1.360827684402465820e-01
-1.468611806631088257e-01,-1.751491576433181763e-01,-6.072303652763366699e-02,1.904537826776504517e-01,6.473257392644882202e-02,-2.981916442513465881e-02,3.360024094581604004e-01,1.230540871620178223e-01,-2.691668868064880371e-01,7.612219452857971191e-02,-1.424168944358825684e-01,-4.692552611231803894e-02,-7.293735444545745850e-02,-3.988776355981826782e-02,2.494600266218185425e-01,6.991626322269439697e-02,-4.362578317523002625e-02,8.444435894489288330e-02,1.752389073371887207e-01,-2.048163414001464844e-01,-1.903795003890991211e-01,1.653962880373001099e-01,-2.228919044137001038e-02,-8.602179586887359619e-02,-2.053822576999664307e-02,2.461305260658264160e-02,1.588551998138427734e-01,9.739831089973449707e-02,5.645671114325523376e-02,3.925879299640655518e-02,-7.942351698875427246e-02,1.917611435055732727e-02,-6.285923719406127930e-02,3.730144202709197998e-01,4.747221246361732483e-02,2.173404842615127563e-01,-2.737367749214172363e-01,-1.195990070700645447e-01,4.209472984075546265e-02,-1.505509857088327408e-02,-7.742270082235336304e-02,-3.619595989584922791e-02,1.758756698109209538e-03,-1.311021596193313599e-01,6.004609540104866028e-02,3.255365416407585144e-02,3.981897607445716858e-03,1.085135117173194885e-01,-1.857030391693115234e-01,-4.913155734539031982e-02,-8.393395692110061646e-02,8.754377486184239388e-04,1.110933646559715271e-01,-1.360827684402465820e-01
-1.387432962656021118e-01,-2.002084851264953613e-01,-5.172839015722274780e-02,1.319016516208648682e-01,3.436797112226486206e-02,-1.773732714354991913e-03,2.346166968345642090e-01,1.785192638635635376e-01,-1.023211181163787842e-01,-6.089370697736740112e-02,3.972858190536499023e-02,4.568348079919815063e-02,-5.532642081379890442e-02,-3.069878183305263519e-02,1.429893672466278076e-01,9.595636278390884399e-02,5.394165962934494019e-02,-1.620392501354217529e-01,-2.066852152347564697e-02,8.733656257390975952e-02,2.710871994495391846e-01,1.193888708949089050e-01,-5.455155670642852783e-02,-4.208951443433761597e-02,5.869300290942192078e-02,-5.387635529041290283e-02,-4.116675630211830139e-02,-1.003818213939666748e-01,1.092090606689453125e-01,4.424529522657394409e-02,-1.119152735918760300e-02,2.902209162712097168e-01,3.583796322345733643e-03,-1.651026122272014618e-02,-2.009733952581882477e-02,-3.859464526176452637e-01,2.919070720672607422e-01,2.389326840639114380e-01,1.675751954317092896e-01,-5.192533880472183228e-02,1.160086840391159058e-01,1.750936657190322876e-01,1.160665974020957947e-01,-1.406341344118118286e-01,7.295422721654176712e-03,-6.870376318693161011e-02,-7.296200841665267944e-02,1.387292295694351196e-01,-5.994813051074743271e-03,2.837070822715759277e-01,3.427357599139213562e-02,-2.243290096521377563e-02,-6.911741197109222412e-02,-1.360827684402465820e-01
-1.361955404281616211e-01,-1.697212457656860352e-01,3.368862345814704895e-02,9.218486398458480835e-02,2.099221944808959961e-02,7.297838572412729263e-03,4.290135204792022705e-02,1.427299827337265015e-01,-4.279256612062454224e-02,-5.695498362183570862e-02,2.430920898914337158e-01,-8.730492554605007172e-03,-1.619198918342590332e-01,-5.498866364359855652e-02,8.321330696344375610e-02,7.484003156423568726e-02,1.269615143537521362e-01,-2.107283174991607666e-01,-1.851044744253158569e-01,-2.025493085384368896e-01,2.205928415060043335e-01,-1.293726544827222824e-02,1.308013051748275757e-01,-9.524039924144744873e-02,2.738733887672424316e-01,9.739823639392852783e-02,3.163437172770500183e-02,-9.534070640802383423e-02,-6.144521012902259827e-02,-5.222859233617782593e-02,1.556781083345413208e-01,-6.536720786243677139e-03,1.313080429099500179e-04,-2.918169088661670685e-02,1.605376750230789185e-01,2.539270929992198944e-02,8.740682154893875122e-03,1.860954426229000092e-02,-2.441810667514801025e-01,6.545428186655044556e-02,-2.670289576053619385e-01,-1.123900040984153748e-01,-1.868695616722106934e-01,2.139525264501571655e-01,-6.584664434194564819e-02,3.999914228916168213e-02,-2.667457098141312599e-03,-2.689831852912902832e-01,1.572032272815704346e-01,-1.534670293331146240e-01,7.298657298088073730e-02,1.358145326375961304e-01,2.302645146846771240e-01,-1.360827684402465820e-01
-1.382037699222564697e-01,-4.356647282838821411e-02,9.820449352264404297e-02,-1.148960441350936890e-01,2.699926495552062988e-02,-8.504907786846160889e-02,-1.712400466203689575e-02,7.636214792728424072e-02,4.553536325693130493e-02,-7.291158288717269897e-02,2.364601939916610718e-01,1.666883751749992371e-02,-1.932689547538757324e-01,8.398691564798355103e-02,2.499865591526031494e-01,-9.025836735963821411e-02,6.879824399948120117e-02,-4.994733724743127823e-03,-7.784511148929595947e-02,-1.503070890903472900e-01,9.633008390665054321e-02,-6.440116465091705322e-02,-1.696956455707550049e-01,-2.278210073709487915e-01,-1.081154644489288330e-01,-2.436704486608505249e-01,-4.813589900732040405e-02,4.970672354102134705e-02,-2.437197715044021606e-01,1.471912115812301636e-01,-1.494118720293045044e-01,-1.522123515605926514e-01,1.163115873932838440e-01,3.243512660264968872e-02,-2.396689951419830322e-01,2.688659131526947021e-01,1.666950732469558716e-01,-6.748880445957183838e-02,-1.381446123123168945e-01,8.965733647346496582e-02,2.353748828172683716e-01,2.134104631841182709e-02,7.372570782899856567e-02,2.828906476497650146e-02,-1.015029698610305786e-01,-4.906993731856346130e-02,1.321401447057723999e-01,-2.381915971636772156e-02,-2.447631210088729858e-02,-1.267908141016960144e-02,-1.231935992836952209e-01,-1.001496538519859314e-01,-3.039826750755310059e-01,-1.360827684402465820e-01
-1.448942273855209351e-01,1.150635443627834320e-02,1.959676593542098999e-01,-3.896118700504302979e-02,-1.690036244690418243e-02,2.700320482254028320e-01,-2.768836356699466705e-02,-4.962214734405279160e-03,-1.006984859704971313e-01,-1.116000711917877197e-01,2.555810809135437012e-01,-2.819703891873359680e-02,6.811778992414474487e-02,1.115345433354377747e-01,-6.311259418725967407e-02,-2.484424114227294922e-01,-1.272677443921566010e-02,5.072752758860588074e-02,-1.301769167184829712e-01,-2.744223177433013916e-01,-8.359540253877639771e-02,5.292154476046562195e-02,-2.190010547637939453e-01,8.940389752388000488e-02,-2.068601734936237335e-02,5.638754367828369141e-02,-6.211321055889129639e-02,-1.725695095956325531e-02,5.551909282803535461e-02,-9.246755391359329224e-02,2.279100865125656128e-01,1.337672770023345947e-01,3.846750408411026001e-02,-2.262014150619506836e-01,8.683650195598602295e-02,1.273392885923385620e-01,-2.082451805472373962e-02,-1.788502335548400879e-01,1.030066981911659241e-01,-1.058450937271118164e-01,2.258112728595733643e-01,-5.415588244795799255e-02,1.325344443321228027e-01,-1.204888746142387390e-01,1.847365200519561768e-01,3.794375434517860413e-02,3.795469179749488831e-02,1.525069922208786011e-01,-7.826741039752960205e-02,5.388489738106727600e-02,2.673454582691192627e-01,-5.126129090785980225e-02,2.548238337039947510e-01,-1.360827684402465820e-01
-1.473982632160186768e-01,-3.678225725889205933e-02,1.460613161325454712e-01,-1.358159929513931274e-01,6.603600829839706421e-02,1.374231725931167603e-01,-7.082860916852951050e-02,-5.115248635411262512e-02,-1.310059726238250732e-01,-2.224514782428741455e-01,1.317537128925323486e-01,7.837065309286117554e-02,2.496932819485664368e-02,-1.869373470544815063e-01,1.393277663737535477e-02,-2.321313507854938507e-02,-3.200503885746002197e-01,2.094669342041015625e-01,-7.568632718175649643e-03,-1.008079275488853455e-01,-7.993905991315841675e-02,4.371134564280509949e-03,4.982421174645423889e-02,2.529749274253845215e-01,-1.395391020923852921e-02,8.359175920486450195e-02,-9.917282313108444214e-02,-9.391342103481292725e-02,-9.403926320374011993e-03,8.123024553060531616e-02,9.290488809347152710e-02,-1.170094087719917297e-01,3.000072240829467773e-01,8.629610389471054077e-02,4.427440464496612549e-02,-1.500062793493270874e-01,-1.261657383292913437e-02,1.444606631994247437e-01,1.949634104967117310e-01,2.575964629650115967e-01,-2.536182701587677002e-01,1.273334473371505737e-01,6.902128458023071289e-02,-3.002330660820007324e-02,-1.227324232459068298e-01,-4.258200526237487793e-02,1.174825988709926605e-02,-8.517750538885593414e-03,4.973410815000534058e-02,-8.212833106517791748e-02,-3.332259654998779297e-01,-6.208629906177520752e-02,-4.817429184913635254e-02,-1.360827684402465820e-01
-1.493391543626785278e-01,-7.656521163880825043e-03,1.582012325525283813e-01,-2.892725169658660889e-02,-3.865580307319760323e-03,8.440046012401580811e-02,-6.737745553255081177e-02,-1.809408068656921387e-01,8.741974830627441406e-03,-2.596084177494049072e-01,-3.022515028715133667e-02,1.705233007669448853e-01,-6.314375996589660645e-02,-1.741966307163238525e-01,7.617542892694473267e-02,-3.039670735597610474e-02,-2.497451305389404297e-01,1.183582842350006104e-02,-1.311251893639564514e-03,1.619669348001480103e-01,3.669825568795204163e-02,1.581891179084777832e-01,1.203835159540176392e-01,6.922006607055664062e-02,-6.300494074821472168e-02,-3.290932998061180115e-02,-1.409055143594741821e-01,2.752452492713928223e-01,-3.017058223485946655e-02,5.714369565248489380e-02,-1.688343137502670288e-01,7.769478112459182739e-02,-8.988359570503234863e-02,4.103532060980796814e-02,-4.175718128681182861e-02,-3.565094992518424988e-02,-1.123038493096828461e-02,-4.895083978772163391e-02,-2.356423139572143555e-01,-1.803923845291137695e-01,1.112433895468711853e-01,3.585193306207656860e-02,-3.942206203937530518e-01,4.136283323168754578e-02,1.180168092250823975e-01,3.477723598480224609e-01,-9.752940386533737183e-02,-3.296648710966110229e-02,-6.087728217244148254e-02,1.696276068687438965e-01,5.560543015599250793e-02,1.458898931741714478e-01,-7.211342453956604004e-03,-1.360827684402465820e-01
-1.429289728403091431e-01,-1.573166102170944214e-01,1.177500337362289429e-01,5.624750629067420959e-02,-2.332041971385478973e-02,-6.326390802860260010e-02,-1.206006854772567749e-01,-1.600636541843414307e-01,3.257296979427337646e-02,-9.508454054594039917e-02,2.889117784798145294e-02,-1.094383522868156433e-01,-1.638192236423492432e-01,-1.155165806412696838e-01,7.709237188100814819e-02,1.638085246086120605e-01,-2.826626896858215332e-01,-1.643050462007522583e-02,6.454898510128259659e-03,2.684052586555480957e-01,-1.866126665845513344e-03,-2.146834135055541992e-02,-3.781761974096298218e-02,-2.315116226673126221e-01,-1.332701593637466431e-01,2.770170941948890686e-02,1.627618670463562012e-01,-8.097345381975173950e-02,1.556884311139583588e-02,-2.767807841300964355e-01,-3.945092484354972839e-02,-2.322595715522766113e-01,-2.362008206546306610e-02,-6.329040974378585815e-02,1.963888704776763916e-01,2.936627157032489777e-02,-1.485728025436401367e-01,1.953525841236114502e-01,1.202477514743804932e-01,-2.583496570587158203e-01,1.401416808366775513e-01,-2.097600698471069336e-02,1.299334466457366943e-01,-7.311129942536354065e-03,5.791081115603446960e-02,-2.586944699287414551e-01,-1.879974268376827240e-02,-8.633776009082794189e-02,7.127709686756134033e-02,-1.937650591135025024e-01,1.928952038288116455e-01,-7.150159031152725220e-02,-3.926081955432891846e-02,-1.360827684402465820e-01
-1.468569785356521606e-01,-7.237278670072555542e-02,2.509122192859649658e-01,4.987908899784088135e-02,-6.354204565286636353e-02,1.464647203683853149e-01,-1.917142122983932495e-01,-1.461348086595535278e-01,-5.297706276178359985e-02,4.629350733011960983e-03,-3.085190430283546448e-02,-6.447628140449523926e-02,8.754457347095012665e-03,1.802613586187362671e-01,-1.141709312796592712e-01,-4.608190059661865234e-02,-4.666073620319366455e-02,-1.194227635860443115e-01,1.462868899106979370e-01,8.818016946315765381e-02,-6.299734115600585938e-02,-1.624473780393600464e-01,-7.382695376873016357e-02,2.610479854047298431e-02,1.473942101001739502e-01,-2.438281625509262085e-01,1.756015419960021973e-01,-2.930951118469238281e-01,1.598038971424102783e-01,-4.039815813302993774e-02,-2.084123641252517700e-01,6.335400789976119995e-02,-2.388198375701904297e-01,4.796531051397323608e-02,-4.516167193651199341e-02,-6.338196247816085815e-02,-2.422518096864223480e-02,4.561205860227346420e-04,-1.953690648078918457e-01,1.424238532781600952e-01,-1.568802148103713989e-01,-2.600404620170593262e-01,-1.535577420145273209e-02,-1.858606189489364624e-01,-1.540667861700057983e-01,-2.036995813250541687e-02,2.428409755229949951e-01,8.974113315343856812e-02,-1.162283588200807571e-02,2.007172405719757080e-01,-9.865138679742813110e-02,4.915377497673034668e-02,1.150409877300262451e-02,-1.360827684402465820e-01
-1.448146104812622070e-01,-2.910600006580352783e-01,9.435939788818359375e-02,8.852837234735488892e-02,-3.803536668419837952e-02,-6.107583642005920410e-02,-8.343151211738586426e-02,-6.059370562434196472e-02,8.499511331319808960e-02,1.391594260931015015e-01,-1.322774291038513184e-01,-4.500373452901840210e-02,1.055133119225502014e-01,-4.894713312387466431e-02,3.431122004985809326e-02,8.524486422538757324e-02,-4.029075056314468384e-02,-1.403907984495162964e-01,2.360929735004901886e-02,1.813332736492156982e-01,-1.222080886363983154e-01,-3.349664062261581421e-02,-4.150481149554252625e-02,6.266801059246063232e-02,1.013896912336349487e-01,3.947347868233919144e-03,1.391786336898803711e-01,7.227297127246856689e-02,2.231448292732238770e-01,5.423938389867544174e-03,2.620004303753376007e-02,2.824662923812866211e-01,1.311743557453155518e-01,-2.423183470964431763e-01,-1.653356552124023438e-01,2.022568285465240479e-01,9.889884293079376221e-02,-2.586057782173156738e-01,1.405896842479705811e-01,1.250214129686355591e-01,9.072294831275939941e-02,8.058401197195053101e-02,8.821362257003784180e-02,3.211436569690704346e-01,-9.204500168561935425e-02,1.880434900522232056e-01,-1.776934564113616943e-01,-1.220346614718437195e-02,6.437036395072937012e-02,-1.799782067537307739e-01,-1.703891456127166748e-01,-1.024936363101005554e-01,1.618412905372679234e-03,-1.360827684402465820e-01
-1.442365944385528564e-01,-1.985369473695755005e-01,1.654381006956100464e-01,4.727971181273460388e-02,-1.086199954152107239e-01,-1.447128802537918091e-01,-1.068307608366012573e-01,3.963861241936683655e-02,1.796337068080902100e-01,1.702040880918502808e-01,-4.957662150263786316e-02,-1.033696457743644714e-01,-4.910936951637268066e-02,1.020170971751213074e-01,-1.529044937342405319e-02,1.653952896595001221e-02,1.642474532127380371e-01,-1.613730490207672119e-01,-1.294827908277511597e-01,1.404645889997482300e-01,-1.118354722857475281e-01,6.208066269755363464e-02,6.168834492564201355e-02,2.338011860847473145e-01,-2.681251801550388336e-02,1.504033654928207397e-01,-4.185438454151153564e-01,1.880780756473541260e-01,-6.654535979032516479e-02,1.586684137582778931e-01,-3.278811275959014893e-02,-6.595139950513839722e-02,-2.394808828830718994e-02,3.789026290178298950e-02,-5.455783754587173462e-02,1.259227693080902100e-01,-2.104103565216064453e-01,1.837648004293441772e-01,2.929724566638469696e-02,2.036040425300598145e-01,-3.325019031763076782e-02,9.467227756977081299e-02,-1.443355251103639603e-02,-8.589081466197967529e-02,4.476094618439674377e-02,-2.711679637432098389e-01,6.840100884437561035e-02,1.692209541797637939e-01,1.123336609452962875e-02,4.772598296403884888e-02,1.353182196617126465e-01,1.779210865497589111e-01,6.990236043930053711e-02,-1.360827684402465820e-01
-1.615159362554550171e-01,-1.127041690051555634e-02,2.522304356098175049e-01,1.183108706027269363e-02,-1.900231391191482544e-01,-1.276089400053024292e-01,-1.571571379899978638e-01,-7.144268602132797241e-02,-1.500101108103990555e-02,1.028081551194190979e-01,-3.289210051298141479e-02,1.375360190868377686e-01,-4.310628771781921387e-02,1.326814442873001099e-01,-1.117847785353660583e-01,-2.176207751035690308e-01,2.682348787784576416e-01,1.760434806346893311e-01,1.526890248060226440e-01,-1.640199422836303711e-01,1.225021407008171082e-01,-1.187309697270393372e-01,4.110585525631904602e-02,-1.393534541130065918e-01,2.067438140511512756e-02,1.813543289899826050e-01,1.634878069162368774e-01,1.635306477546691895e-01,1.389997601509094238e-01,1.661465764045715332e-01,6.851296871900558472e-02,-2.284947782754898071e-01,-2.109559327363967896e-01,8.673571795225143433e-02,2.736313641071319580e-02,-8.439087867736816406e-02,1.430988758802413940e-01,7.597807794809341431e-02,2.803193628787994385e-01,-1.871476173400878906e-01,-9.158300608396530151e-02,1.043793708086013794e-01,-1.103394106030464172e-01,1.087402850389480591e-01,5.340057238936424255e-02,4.619378305505961180e-04,-1.433116197586059570e-01,-8.702259510755538940e-02,-6.171390786767005920e-02,8.178212493658065796e-02,-1.019853055477142334e-01,-1.012555509805679321e-01,-8.359535597264766693e-03,-1.360827684402465820e-01
-1.492494940757751465e-01,-3.167619407176971436e-01,4.857695847749710083e-02,-2.038491889834403992e-02,-9.000093489885330200e-02,-2.694504559040069580e-01,8.568043820559978485e-03,-6.156186759471893311e-02,7.073792815208435059e-02,1.256344616413116455e-01,-1.593426465988159180e-01,1.676873415708541870e-01,3.788103163242340088e-01,-4.394288733601570129e-02,-1.190212443470954895e-01,-5.463246628642082214e-02,1.488674581050872803e-01,2.986779510974884033e-01,-1.244902685284614563e-01,-5.265664681792259216e-02,1.137591153383255005e-01,2.961267530918121338e-02,1.513489931821823120e-01,7.591280620545148849e-03,-1.654306948184967041e-01,-8.366039395332336426e-02,3.893839940428733826e-02,-1.517288535833358765e-01,-2.501950562000274658e-01,-1.568480879068374634e-01,4.727189615368843079e-02,8.725002408027648926e-02,2.019401490688323975e-01,7.607044279575347900e-02,5.880017206072807312e-02,-1.801968067884445190e-01,-4.230602085590362549e-02,-9.821438789367675781e-02,-2.304681688547134399e-01,-3.764248639345169067e-02,4.486998170614242554e-02,-8.958713710308074951e-02,8.223800361156463623e-02,-1.518520861864089966e-01,1.260624546557664871e-02,7.177659124135971069e-02,4.471715912222862244e-02,-5.000942572951316833e-02,-3.610462322831153870e-02,-6.986863911151885986e-02,7.421424239873886108e-02,-2.228636853396892548e-02,-4.417067393660545349e-02,-1.360827684402465820e-01
