-2.701955139636993408e-01,3.761069849133491516e-03,-7.755119353532791138e-02,-3.274963200092315674e-01,-1.281546205282211304e-01,2.053490281105041504e-01,-5.655000451952219009e-03,6.085263192653656006e-02,3.847716748714447021e-01,1.719328574836254120e-02,1.610570251941680908e-01,1.691862940788269043e-01,-2.235620021820068359e-01,1.160680353641510010e-01,-1.851418167352676392e-01,-1.345829293131828308e-02,5.908644571900367737e-02,-1.463040262460708618e-01,9.030743688344955444e-02,-1.839959323406219482e-01,-1.999060856178402901e-03,7.386699318885803223e-02,2.153241932392120361e-01,-4.701532889157533646e-03,6.143248081207275391e-02,3.017694354057312012e-01,1.231678798794746399e-01,1.490247547626495361e-01,2.149615623056888580e-02,-6.869491934776306152e-02,-1.712742447853088379e-02,-9.010083973407745361e-02,1.914889663457870483e-01,-1.225268840789794922e-01,6.343529373407363892e-02,5.875958502292633057e-02,-7.005579303950071335e-03,-4.974214360117912292e-02,-2.123120427131652832e-01,-9.990553371608257294e-03,-6.782718002796173096e-02,2.817322313785552979e-02,-6.434356793761253357e-03,7.630620896816253662e-02,9.016508236527442932e-03,1.437276303768157959e-01,-4.684257507324218750e-02,4.359800834208726883e-03,1.166530419141054153e-02,-3.479951992630958557e-02,6.738928705453872681e-02,-1.431139409542083740e-01,6.902124267071485519e-03,-1.360827684402465820e-01
-2.603069543838500977e-01,2.203618921339511871e-02,-1.276036649942398071e-01,-2.065116316080093384e-01,-1.458793729543685913e-01,-7.910925894975662231e-02,-8.761741220951080322e-02,4.213075712323188782e-02,3.882652521133422852e-01,1.207165494561195374e-01,1.607683300971984863e-01,-8.425727486610412598e-02,-3.148144111037254333e-02,-6.576585769653320312e-02,1.200686320662498474e-01,3.958546742796897888e-02,-6.019387021660804749e-02,-4.613456130027770996e-02,-1.096906214952468872e-01,1.750634610652923584e-01,-1.180968433618545532e-01,-9.222446382045745850e-02,-1.310611963272094727e-01,2.822561562061309814e-01,-1.431901101022958755e-02,-2.303174287080764771e-01,-2.343809455633163452e-01,2.515562064945697784e-02,-2.069680243730545044e-01,1.324561834335327148e-01,-1.438467055559158325e-01,9.679707884788513184e-02,-2.443018853664398193e-01,8.607725054025650024e-02,-8.568967878818511963e-02,-9.924969077110290527e-02,-1.750813275575637817e-01,1.901241764426231384e-02,9.036636352539062500e-02,-6.272104382514953613e-02,7.350352406501770020e-02,-6.721879541873931885e-02,2.752215228974819183e-02,-6.012368202209472656e-02,6.735514104366302490e-02,5.054119974374771118e-02,-2.101835608482360840e-02,-2.729181945323944092e-02,-5.995251238346099854e-02,1.841515153646469116e-01,-9.819077700376510620e-02,1.180234849452972412e-01,-1.403904706239700317e-01,-1.360827684402465820e-01
-2.634704113006591797e-01,3.615702688694000244e-02,-2.390025369822978973e-02,-2.499677091836929321e-01,-9.460327774286270142e-02,-9.493142366409301758e-02,-1.316643506288528442e-01,3.938909992575645447e-02,7.555275410413742065e-02,-2.735161595046520233e-02,1.603880226612091064e-01,-4.864344839006662369e-03,1.118811070919036865e-01,-1.179055497050285339e-01,1.067135483026504517e-02,2.209816593676805496e-03,-9.014607965946197510e-02,-1.095667630434036255e-01,-2.719019539654254913e-02,9.554196149110794067e-03,7.248116284608840942e-02,3.531996160745620728e-02,-1.648458093404769897e-01,-3.707294464111328125e-01,2.491511404514312744e-02,-1.767586171627044678e-01,1.108980029821395874e-01,-1.718154251575469971e-01,1.720128357410430908e-01,7.316754013299942017e-02,1.617406755685806274e-01,8.481872081756591797e-02,1.137728318572044373e-01,7.005828619003295898e-02,-1.989255100488662720e-01,4.024236928671598434e-03,3.771908283233642578e-01,1.160905286669731140e-01,1.125242561101913452e-01,9.460394084453582764e-02,1.093651875853538513e-01,-1.302685122936964035e-04,-7.771220803260803223e-02,-9.535675495862960815e-02,-1.385861933231353760e-01,-1.482846140861511230e-01,1.125513166189193726e-01,9.279973059892654419e-02,7.472159713506698608e-02,-1.434421837329864502e-01,9.074821323156356812e-02,1.481020003557205200e-01,1.932819932699203491e-01,-1.360827684402465820e-01
-2.557926476001739502e-01,7.813911885023117065e-02,-6.149927526712417603e-02,-2.171443104743957520e-01,-1.399200260639190674e-01,-1.410189867019653320e-01,-7.177704572677612305e-02,-6.683514267206192017e-02,-2.321118563413619995e-01,-1.441919356584548950e-01,-3.863669931888580322e-02,-8.275714516639709473e-02,2.994196414947509766e-01,-1.907705068588256836e-01,-4.599497187882661819e-03,1.007093936204910278e-01,-2.121292799711227417e-01,1.380171775817871094e-01,9.576686471700668335e-02,-1.928953081369400024e-02,-8.815500885248184204e-02,-3.150031343102455139e-02,4.167772829532623291e-02,-1.104881428182125092e-02,-1.139782741665840149e-02,-1.815733462572097778e-01,6.816942989826202393e-02,9.845010004937648773e-03,-9.722623974084854126e-02,-3.004909157752990723e-01,1.339856535196304321e-01,-1.317206323146820068e-01,8.449439704418182373e-02,6.721716374158859253e-02,3.601273894309997559e-01,7.325226068496704102e-02,-1.378656625747680664e-01,-1.145075708627700806e-01,-1.609559357166290283e-01,-8.480186760425567627e-02,-2.132685855031013489e-02,-7.560689002275466919e-02,8.307144045829772949e-02,1.135211735963821411e-01,9.270296990871429443e-02,-1.480794548988342285e-01,-2.052405104041099548e-02,-1.349028199911117554e-01,-7.792942970991134644e-02,4.823662806302309036e-03,-8.347914367914199829e-02,-1.830478459596633911e-01,-7.133460603654384613e-04,-1.360827684402465820e-01
-2.519480288028717041e-01,1.522818803787231445e-01,3.457413241267204285e-02,-1.262097656726837158e-01,-3.267707675695419312e-02,-1.625977158546447754e-01,-6.384969502687454224e-02,-4.979201033711433411e-02,-2.015259563922882080e-01,-6.138962693512439728e-03,-1.506609916687011719e-01,1.290087401866912842e-01,1.133754625916481018e-01,1.113503947854042053e-01,3.177124634385108948e-02,4.282372444868087769e-02,5.799664556980133057e-02,1.848403066396713257e-01,2.247859025374054909e-03,1.358469575643539429e-01,-5.352974683046340942e-02,-1.319900453090667725e-01,-8.687544614076614380e-02,1.109937578439712524e-01,-5.739924684166908264e-02,2.988606393337249756e-01,4.380872100591659546e-02,2.196024209260940552e-01,2.044399231672286987e-01,-1.094407737255096436e-01,-1.395775079727172852e-01,-6.680906563997268677e-02,-1.354960948228836060e-01,-1.890980824828147888e-02,-1.645976305007934570e-01,4.528145119547843933e-02,2.581541240215301514e-02,-6.303007155656814575e-02,3.322702348232269287e-01,3.156565427780151367e-01,-2.555748522281646729e-01,-8.313297294080257416e-03,-1.030137911438941956e-01,5.927068367600440979e-02,-1.034469529986381531e-01,6.384533643722534180e-02,-1.398687064647674561e-01,7.548460364341735840e-02,8.379800617694854736e-02,2.801008708775043488e-02,8.719172328710556030e-02,2.056808024644851685e-02,-1.449027061462402344e-01,-1.360827684402465820e-01
-2.331696599721908569e-01,8.135185390710830688e-02,-1.824018806219100952e-01,-2.376781590282917023e-02,-1.090569496154785156e-01,-9.488771855831146240e-02,6.488823145627975464e-02,-1.375684738159179688e-01,-2.209389209747314453e-01,2.287000231444835663e-02,-2.058364301919937134e-01,2.108514755964279175e-01,1.480518132448196411e-01,1.352286785840988159e-01,1.056914404034614563e-02,-1.925539225339889526e-02,1.516938302665948868e-02,6.329235434532165527e-02,5.222065746784210205e-02,-4.666692763566970825e-02,2.278146147727966309e-01,1.198606044054031372e-01,1.525758504867553711e-01,-5.903923884034156799e-02,-5.570967495441436768e-02,2.641403973102569580e-01,-1.742048859596252441e-01,-2.305791079998016357e-01,-1.945647001266479492e-01,2.951899468898773193e-01,4.329427704215049744e-02,1.193999275565147400e-01,-2.213759534060955048e-02,-1.268256753683090210e-01,-8.103983849287033081e-02,4.097038879990577698e-02,-2.233123779296875000e-01,3.925764188170433044e-02,-6.722783297300338745e-02,-1.216772124171257019e-01,9.482143819332122803e-02,2.002109289169311523e-01,9.939888119697570801e-02,-1.907461136579513550e-01,1.359925121068954468e-01,4.848693497478961945e-03,1.238698661327362061e-01,1.231270749121904373e-02,2.092305570840835571e-02,2.151627838611602783e-02,-6.786961108446121216e-03,1.607819497585296631e-01,1.199420243501663208e-01,-1.360827684402465820e-01
-2.098092883825302124e-01,1.481492966413497925e-01,5.521262064576148987e-02,-3.747571259737014771e-02,1.839329004287719727e-01,-5.549149587750434875e-02,1.058095991611480713e-01,-8.203981071710586548e-02,-1.013847887516021729e-01,5.419487878680229187e-02,-2.294927388429641724e-01,1.273234784603118896e-01,-1.886001229286193848e-01,9.986694902181625366e-02,4.873002320528030396e-02,1.911009699106216431e-01,2.987041473388671875e-01,7.022962719202041626e-02,-1.594472378492355347e-01,-8.396033081226050854e-04,-9.249760210514068604e-02,9.470911324024200439e-02,1.213814020156860352e-01,8.004288375377655029e-02,1.317768245935440063e-01,-2.514774799346923828e-01,-8.539797365665435791e-02,3.222932294011116028e-02,1.218385845422744751e-01,7.525654137134552002e-02,-9.280057996511459351e-02,-1.089720949530601501e-01,-1.540015637874603271e-01,4.752640426158905029e-02,1.743288785219192505e-01,-4.121377319097518921e-02,3.669737577438354492e-01,7.993298768997192383e-02,-1.828492246568202972e-02,-2.848008573055267334e-01,1.176723837852478027e-01,2.097428403794765472e-02,-8.840633183717727661e-02,9.801460802555084229e-02,4.049208015203475952e-02,1.226890757679939270e-01,1.050326451659202576e-01,1.639536209404468536e-02,-1.766609847545623779e-01,-1.335835307836532593e-01,3.012815676629543304e-02,-1.018819287419319153e-01,3.000198677182197571e-02,-1.360827684402465820e-01
-1.703505069017410278e-01,3.080635517835617065e-02,-1.827752888202667236e-01,1.469582170248031616e-01,-1.522952169179916382e-01,5.841766297817230225e-02,2.536791861057281494e-01,-1.717691868543624878e-02,-8.282154053449630737e-02,1.502122730016708374e-01,-1.763773858547210693e-01,-3.817562013864517212e-02,-3.044687211513519287e-01,1.414332389831542969e-01,1.847445368766784668e-01,-1.223077848553657532e-01,9.512396156787872314e-02,-6.387840956449508667e-02,3.865786641836166382e-02,-2.839541733264923096e-01,-5.206751078367233276e-02,-4.069357737898826599e-02,-1.414656788110733032e-01,-1.025684028863906860e-01,-1.291507296264171600e-02,-1.489230096340179443e-01,-9.647300839424133301e-02,-1.339532881975173950e-01,2.719333395361900330e-02,-1.925021968781948090e-02,1.069857925176620483e-01,2.517975680530071259e-02,2.032124549150466919e-01,1.331150811165571213e-02,6.172857433557510376e-02,-1.088923439383506775e-01,-1.279715597629547119e-01,5.529331043362617493e-02,1.007839664816856384e-01,6.209085509181022644e-02,2.365316823124885559e-02,-1.863681524991989136e-01,9.008442610502243042e-02,1.213747486472129822e-01,-2.010373920202255249e-01,-2.379213124513626099e-01,-2.340262234210968018e-01,1.034454628825187683e-01,1.690608561038970947e-01,5.737773329019546509e-02,-4.564599692821502686e-02,-7.486781477928161621e-02,-1.942972093820571899e-01,-1.360827684402465820e-01
-1.705068945884704590e-01,-1.077415514737367630e-02,-6.866011023521423340e-02,6.386273540556430817e-03,2.422603517770767212e-01,1.173317730426788330e-01,1.317997723817825317e-01,5.499512422829866409e-03,-2.728101052343845367e-02,2.812592387199401855e-01,-1.276340633630752563e-01,-2.863498628139495850e-01,-1.151477266103029251e-02,1.071641147136688232e-01,1.436447650194168091e-01,-1.069245561957359314e-01,3.911359235644340515e-02,-1.470855772495269775e-01,-1.590486317873001099e-01,7.845968008041381836e-02,7.988710701465606689e-02,-7.853216677904129028e-02,1.459895260632038116e-02,5.734785646200180054e-02,3.647691337391734123e-03,-1.098448932170867920e-01,3.772032856941223145e-01,-1.691191643476486206e-01,1.762188225984573364e-01,-2.015198767185211182e-01,-2.775762416422367096e-02,5.716456845402717590e-02,-3.139719367027282715e-02,-3.246939554810523987e-02,-3.394447639584541321e-02,1.154090166091918945e-01,-1.867700070142745972e-01,-2.111970074474811554e-02,-1.512475609779357910e-01,1.380793750286102295e-01,-1.629259586334228516e-01,-2.481042221188545227e-02,-6.441102176904678345e-02,-1.482936739921569824e-01,1.087062209844589233e-01,1.371454745531082153e-01,1.290251612663269043e-01,-1.831204295158386230e-01,-5.397831276059150696e-02,1.232123747467994690e-01,1.471429597586393356e-02,1.077928915619850159e-01,2.206956595182418823e-01,-1.360827684402465820e-01
-1.511145383119583130e-01,3.955980390310287476e-02,-3.063990734517574310e-02,1.169084385037422180e-01,2.350357174873352051e-01,1.762755797244608402e-03,1.598013564944267273e-02,1.790264695882797241e-01,-5.351962894201278687e-02,1.412442028522491455e-01,6.784537434577941895e-02,-2.807887792587280273e-01,7.911129295825958252e-02,-1.249498277902603149e-01,-1.799069717526435852e-02,-1.337472796440124512e-01,1.301833093166351318e-01,-1.794572472572326660e-01,9.470856189727783203e-02,-4.943088814616203308e-02,1.768012195825576782e-01,-1.871103942394256592e-01,1.988331824541091919e-01,1.646701395511627197e-01,-3.254229724407196045e-01,1.554987430572509766e-01,-1.053810790181159973e-01,1.699683666229248047e-01,-1.916526705026626587e-01,-4.131546244025230408e-02,5.285041779279708862e-02,-1.131176277995109558e-01,-2.288480475544929504e-02,2.544761002063751221e-01,9.698879905045032501e-03,2.672969922423362732e-02,1.669386327266693115e-01,-1.348310559988021851e-01,-5.195156205445528030e-03,2.972652949392795563e-02,2.370761334896087646e-01,1.171372905373573303e-01,-5.792254582047462463e-02,-6.437676399946212769e-02,1.223089639097452164e-02,-1.500746011734008789e-01,-1.291614305227994919e-02,1.691162288188934326e-01,9.234307706356048584e-02,-1.911392211914062500e-01,1.363023836165666580e-02,-4.564620554447174072e-02,-4.183553531765937805e-02,-1.360827684402465820e-01
-1.427692323923110962e-01,5.333280935883522034e-02,-2.114665694534778595e-02,1.468063443899154663e-01,2.289779633283615112e-01,-5.526553466916084290e-02,7.083979994058609009e-02,1.561092883348464966e-01,-1.290592849254608154e-01,1.377839297056198120e-01,4.568493366241455078e-02,1.214700117707252502e-01,9.767623245716094971e-02,-3.999265432357788086e-01,-2.494283169507980347e-01,-2.643279731273651123e-01,-1.241089552640914917e-01,-2.055985480546951294e-02,-1.179573312401771545e-01,1.583047211170196533e-02,-8.350725471973419189e-02,1.100586056709289551e-01,-8.563450723886489868e-02,4.738888889551162720e-02,-8.982772007584571838e-03,2.863796427845954895e-02,-1.116418689489364624e-01,2.055331170558929443e-01,2.111222445964813232e-01,2.145125120878219604e-01,-3.838719055056571960e-02,3.494495898485183716e-02,2.036808133125305176e-01,-2.623277008533477783e-01,-6.580377463251352310e-03,-1.126301512122154236e-01,-6.472823768854141235e-02,1.045423373579978943e-01,-1.176972910761833191e-01,1.569948345422744751e-02,2.389419078826904297e-02,-1.637143492698669434e-01,4.153671488165855408e-02,9.530920535326004028e-02,-1.142019480466842651e-01,9.873377531766891479e-02,1.341332197189331055e-01,-1.458453238010406494e-01,-5.828950554132461548e-02,-6.873435340821743011e-03,-1.181554794311523438e-01,5.090590566396713257e-02,-1.315466612577438354e-01,-1.360827684402465820e-01
-1.245276704430580139e-01,-6.310457363724708557e-03,-2.930391207337379456e-02,1.053293943405151367e-01,9.228286147117614746e-02,9.576643258333206177e-02,5.335614830255508423e-02,1.163905262947082520e-01,-1.263228654861450195e-01,-4.718192666769027710e-02,1.187678501009941101e-01,-9.318281710147857666e-02,-6.719013303518295288e-02,-1.846379786729812622e-01,-1.056048125028610229e-01,-9.233261644840240479e-02,8.664187043905258179e-02,-4.236531443893909454e-03,2.681950628757476807e-01,7.877859286963939667e-03,9.435448795557022095e-02,2.135168612003326416e-01,-2.821542620658874512e-01,-1.246681250631809235e-02,2.622400224208831787e-01,-4.151900485157966614e-02,9.171361103653907776e-03,6.005619093775749207e-02,-1.389104127883911133e-01,-8.919763565063476562e-02,-1.620756089687347412e-02,1.957170367240905762e-01,-1.995576918125152588e-01,2.677377872169017792e-02,-9.243337064981460571e-02,2.047304809093475342e-01,4.573994129896163940e-02,8.907550014555454254e-03,1.276619881391525269e-01,-2.626846134662628174e-01,-2.522020637989044189e-01,1.616448760032653809e-01,1.944157034158706665e-01,3.094656579196453094e-02,3.073928691446781158e-02,1.618732810020446777e-01,-2.564868330955505371e-01,7.368686795234680176e-02,1.080247014760971069e-01,-3.468737006187438965e-03,-5.174609273672103882e-02,-1.192169860005378723e-01,1.815768182277679443e-01,-1.360827684402465820e-01
-1.213015839457511902e-01,3.686289861798286438e-02,2.542456984519958496e-01,3.078941022977232933e-03,1.243790239095687866e-01,1.133948937058448792e-01,-5.119204521179199219e-02,1.600549668073654175e-01,-1.621441394090652466e-01,-2.272356003522872925e-01,1.193629726767539978e-01,-1.138604730367660522e-01,-2.174663543701171875e-01,6.702586263418197632e-02,1.869165338575839996e-02,1.654916405677795410e-01,2.664783783257007599e-02,9.126441925764083862e-02,1.908465474843978882e-01,-8.222492039203643799e-02,8.423116803169250488e-02,1.115855649113655090e-01,6.978122144937515259e-02,-1.312853395938873291e-01,-3.086619637906551361e-02,1.121374312788248062e-02,1.708696782588958740e-01,7.867829501628875732e-02,-6.769597530364990234e-02,5.731372162699699402e-02,9.940776228904724121e-02,6.811517523601651192e-04,5.985168367624282837e-02,8.590806275606155396e-02,-2.288396060466766357e-01,-2.071626782417297363e-01,-6.271563470363616943e-02,7.361190021038055420e-02,1.061321273446083069e-01,-2.452418953180313110e-02,-1.813166402280330658e-02,-9.461767971515655518e-02,-8.586148172616958618e-02,4.716780036687850952e-02,3.084043562412261963e-01,-9.605565667152404785e-02,2.490638047456741333e-01,-4.088359698653221130e-02,-9.782771021127700806e-02,3.036365807056427002e-01,-1.432612836360931396e-01,6.460843235254287720e-02,-2.656934559345245361e-01,-1.360827684402465820e-01
-1.134222969412803650e-01,1.200048997998237610e-01,1.838736981153488159e-01,2.195703983306884766e-01,-2.768115513026714325e-02,-3.247964382171630859e-02,-7.709723711013793945e-02,1.988380849361419678e-01,-4.745695739984512329e-02,-8.653984218835830688e-02,1.098407953977584839e-01,-3.352493420243263245e-02,-2.162942737340927124e-01,1.747975125908851624e-02,-1.724537275731563568e-02,3.484474122524261475e-02,-9.700068831443786621e-02,2.446206510066986084e-01,7.033345848321914673e-02,1.005832105875015259e-01,-6.194742023944854736e-02,-4.687005281448364258e-02,5.574637278914451599e-02,-5.894066765904426575e-02,-5.783203244209289551e-02,-3.494031727313995361e-02,5.662937089800834656e-02,-1.054135151207447052e-02,-2.260769009590148926e-01,6.606127321720123291e-02,-7.174526900053024292e-02,-8.798158913850784302e-02,-3.210988268256187439e-02,-4.794838279485702515e-02,1.692897379398345947e-01,-1.855889260768890381e-01,-1.732800006866455078e-01,8.152398467063903809e-02,-8.754564821720123291e-02,5.159216746687889099e-02,5.599362403154373169e-02,-3.401573747396469116e-02,-1.315624117851257324e-01,-1.557342410087585449e-01,-3.703496754169464111e-01,8.867944777011871338e-02,-9.790112078189849854e-02,-1.052025612443685532e-02,-4.701172932982444763e-02,5.653517693281173706e-02,3.969009518623352051e-01,2.764685824513435364e-02,3.201316893100738525e-01,-1.360827684402465820e-01
-9.615263342857360840e-02,-6.673654075711965561e-03,-1.388981193304061890e-01,2.699200212955474854e-01,-1.339389681816101074e-01,1.511872261762619019e-01,5.500604212284088135e-02,-3.662475943565368652e-02,3.717071563005447388e-02,-1.853528916835784912e-01,1.751118302345275879e-01,1.112415920943021774e-03,-8.798502385616302490e-02,-4.791776090860366821e-02,-1.963795125484466553e-01,1.838485337793827057e-02,1.165397614240646362e-01,2.787333428859710693e-01,-2.065616399049758911e-01,1.806956380605697632e-01,8.896367251873016357e-02,-1.865949928760528564e-01,1.853643916547298431e-02,-1.826878935098648071e-01,-9.192197769880294800e-02,-5.409966036677360535e-02,5.570918321609497070e-02,-2.539280951023101807e-01,-1.631646789610385895e-02,-7.763466238975524902e-02,-5.692414939403533936e-02,2.586123943328857422e-01,-4.921996593475341797e-02,-9.414719790220260620e-02,3.140971064567565918e-02,7.263489067554473877e-02,6.985887140035629272e-02,-2.423557192087173462e-01,-9.565773606300354004e-02,1.616376489400863647e-01,4.881234467029571533e-02,6.233867257833480835e-02,-3.145379573106765747e-02,5.394143611192703247e-02,8.854845166206359863e-02,1.274928748607635498e-01,-3.659724071621894836e-02,5.585441365838050842e-02,-1.545529812574386597e-01,-2.169941216707229614e-01,-8.681380003690719604e-02,-1.831816881895065308e-02,-2.951412200927734375e-01,-1.360827684402465820e-01
-7.748315483331680298e-02,-7.696771528571844101e-03,2.594028711318969727e-01,5.430872552096843719e-03,1.113037317991256714e-01,1.234613731503486633e-01,1.882123947143554688e-01,-1.337054371833801270e-01,8.903397619724273682e-02,-2.189325839281082153e-01,7.781517505645751953e-02,-1.071586012840270996e-01,-4.656869545578956604e-02,2.449810318648815155e-02,-1.430997848510742188e-01,5.166016984730958939e-03,-4.876892641186714172e-02,5.321911070495843887e-03,-2.650358714163303375e-02,9.434472024440765381e-02,-2.332231961190700531e-02,2.574782632291316986e-02,-5.009943991899490356e-02,1.780346632003784180e-01,1.753633618354797363e-01,2.186022251844406128e-01,-2.104119360446929932e-01,-3.311902880668640137e-01,1.072335541248321533e-01,1.679017208516597748e-02,-2.486312687397003174e-01,-1.779205799102783203e-01,5.516115576028823853e-02,1.609550118446350098e-01,2.605866454541683197e-02,9.144657850265502930e-02,7.593604270368814468e-03,-1.501848697662353516e-01,8.154475688934326172e-02,2.479384280741214752e-02,-1.614911947399377823e-03,-1.759517937898635864e-01,2.733105719089508057e-01,4.058359190821647644e-02,-5.014428123831748962e-02,-2.881739437580108643e-01,1.426380872726440430e-01,-1.556928008794784546e-01,9.230317920446395874e-02,-7.358831167221069336e-02,3.743440285325050354e-02,1.099277213215827942e-01,1.121592819690704346e-01,-1.360827684402465820e-01
-7.509503513574600220e-02,4.413303360342979431e-02,1.080325320363044739e-01,2.570029795169830322e-01,3.337286412715911865e-02,-1.089973747730255127e-01,-2.691653789952397346e-03,3.492044284939765930e-02,9.478279203176498413e-02,-1.345012485980987549e-01,8.494661748409271240e-02,2.277897149324417114e-01,9.238818287849426270e-02,1.590763032436370850e-01,8.399590849876403809e-02,-5.820770189166069031e-02,-4.670637845993041992e-02,-3.057576417922973633e-01,-1.468196362257003784e-01,2.459695488214492798e-01,-6.468705832958221436e-02,-1.480136662721633911e-01,-1.279048472642898560e-01,5.711495876312255859e-02,5.832719057798385620e-02,2.085903845727443695e-02,1.453949809074401855e-01,-9.126567095518112183e-02,-1.123045161366462708e-01,4.387974366545677185e-02,3.684249520301818848e-02,-1.693723350763320923e-01,5.349143967032432556e-02,-1.245386600494384766e-01,1.872705295681953430e-02,-1.218945831060409546e-01,-2.599873021245002747e-02,1.466569304466247559e-01,-5.890249460935592651e-02,-1.127094551920890808e-01,-2.531548440456390381e-01,2.832619845867156982e-01,-1.485816091299057007e-01,-2.124027535319328308e-02,2.568386122584342957e-02,-2.632676959037780762e-01,4.576192051172256470e-02,7.937636226415634155e-02,6.359103322029113770e-02,-4.965156689286231995e-02,-2.089820206165313721e-01,-2.869987189769744873e-01,-2.134501188993453979e-02,-1.360827684402465820e-01
-6.456243991851806641e-02,5.425012484192848206e-02,2.023944258689880371e-01,1.964297592639923096e-01,3.480545803904533386e-02,-4.760516434907913208e-02,1.030588820576667786e-01,-7.269838452339172363e-02,7.150722295045852661e-02,-2.250904291868209839e-01,4.635701701045036316e-02,-1.887418515980243683e-02,1.351025551557540894e-01,-3.112884424626827240e-02,1.946024000644683838e-01,1.095626652240753174e-01,-2.224274426698684692e-01,-1.779199540615081787e-01,-2.367458119988441467e-02,-2.097056806087493896e-01,6.282958667725324631e-03,5.039110034704208374e-02,1.225315686315298080e-02,1.580723822116851807e-01,2.046725600957870483e-01,2.434673905372619629e-02,-1.194845736026763916e-01,-5.575084686279296875e-02,1.852432042360305786e-01,-6.505923718214035034e-02,2.188146561384201050e-01,2.087047323584556580e-02,7.254300173372030258e-03,-1.519976276904344559e-02,1.059568524360656738e-01,2.055821940302848816e-03,9.313412755727767944e-02,5.651257932186126709e-02,-7.892122864723205566e-02,1.813979893922805786e-01,2.141053676605224609e-01,1.654590815305709839e-01,-1.658101752400398254e-02,-1.637188792228698730e-01,1.354418247938156128e-01,3.368056714534759521e-01,-2.480035871267318726e-01,3.505188273265957832e-03,1.058854311704635620e-01,1.256609261035919189e-01,1.329308599233627319e-01,9.227491170167922974e-02,-1.965790838003158569e-01,-1.360827684402465820e-01
-3.613644838333129883e-02,-2.200217917561531067e-02,-1.231014057993888855e-01,3.019596934318542480e-01,-1.363248825073242188e-01,4.299954697489738464e-02,9.275067597627639771e-02,-1.604223549365997314e-01,1.498534828424453735e-01,-2.641337811946868896e-01,1.116339582949876785e-03,-8.350421488285064697e-02,1.466760411858558655e-02,1.973296701908111572e-02,1.327186822891235352e-01,1.662638038396835327e-01,-6.133053451776504517e-02,-6.638202071189880371e-02,-3.101226873695850372e-02,-3.561343997716903687e-02,7.512053102254867554e-02,-1.594545841217041016e-01,1.122348606586456299e-01,-1.241208091378211975e-01,-7.563556730747222900e-02,-2.942897565662860870e-02,-9.771998971700668335e-02,4.068157374858856201e-01,1.470066308975219727e-01,1.660934090614318848e-02,1.007962822914123535e-01,-6.180027499794960022e-02,-1.054363995790481567e-01,-1.099123954772949219e-01,-1.255501657724380493e-01,1.983741521835327148e-01,-1.321659535169601440e-01,-9.935941547155380249e-03,6.428010016679763794e-02,-1.780661344528198242e-01,-1.503775827586650848e-03,-2.112790346145629883e-01,-1.056127920746803284e-01,1.819546818733215332e-01,-3.032733872532844543e-02,3.181692957878112793e-02,1.153621599078178406e-01,-3.450610861182212830e-02,9.432671219110488892e-02,-9.223780781030654907e-02,-1.349083781242370605e-01,1.475771516561508179e-01,3.035115897655487061e-01,-1.360827684402465820e-01
-3.651856631040573120e-02,-1.062946543097496033e-01,-1.850819587707519531e-02,6.240491569042205811e-02,1.779369078576564789e-02,1.751175373792648315e-01,3.163480758666992188e-02,-1.126486584544181824e-01,1.197906509041786194e-01,-1.582570075988769531e-01,-2.361071109771728516e-01,-1.080160588026046753e-02,2.157524377107620239e-01,2.203399091958999634e-01,-9.058187156915664673e-02,-1.049111858010292053e-01,-1.888174414634704590e-01,2.055447176098823547e-02,3.091289475560188293e-02,1.979140192270278931e-02,-9.670888632535934448e-02,2.668755650520324707e-01,-4.134582728147506714e-02,6.253965944051742554e-02,-2.451484799385070801e-01,-9.740565903484821320e-03,2.292748838663101196e-01,9.399924427270889282e-02,8.429562300443649292e-02,6.781665235757827759e-02,-4.191049933433532715e-02,1.228154376149177551e-01,-1.722065806388854980e-01,1.936238855123519897e-01,-2.504253387451171875e-01,-2.058099508285522461e-01,4.577192291617393494e-02,2.507233805954456329e-02,-1.272391229867935181e-01,1.627153158187866211e-02,2.138471305370330811e-01,-1.646574027836322784e-02,1.836134940385818481e-01,4.069178551435470581e-02,-1.443025469779968262e-01,-4.575886204838752747e-02,-1.770559400320053101e-01,-2.245930396020412445e-02,-2.162285298109054565e-01,-1.059417892247438431e-02,-3.149017691612243652e-02,-2.419039756059646606e-01,5.196483433246612549e-02,-1.360827684402465820e-01
-3.088269382715225220e-02,-8.675227314233779907e-02,1.405955106019973755e-01,7.656116038560867310e-02,1.522365808486938477e-01,1.624197959899902344e-01,-2.641641721129417419e-02,-1.371630728244781494e-01,1.806377470493316650e-01,1.616553217172622681e-01,-1.485794186592102051e-01,5.572021380066871643e-02,6.778857856988906860e-02,6.735617667436599731e-02,-9.196718037128448486e-02,-1.311561167240142822e-01,-2.807829678058624268e-01,1.121550872921943665e-01,1.152262985706329346e-01,-1.189404726028442383e-01,-2.728514075279235840e-01,5.968509241938591003e-02,1.354435831308364868e-01,-2.270246595144271851e-01,-9.158656746149063110e-02,-1.552939563989639282e-01,-5.113377794623374939e-02,9.572958201169967651e-02,-8.231256157159805298e-02,-1.057820171117782593e-01,-1.478849798440933228e-01,4.656941071152687073e-02,-7.609301060438156128e-02,-1.598675176501274109e-02,1.798932999372482300e-01,-2.264538197778165340e-04,4.315554350614547729e-02,1.906317844986915588e-02,4.987631738185882568e-02,-7.507766783237457275e-02,-2.645576298236846924e-01,1.557841449975967407e-01,-3.596364706754684448e-02,-7.917835563421249390e-02,1.125165522098541260e-01,-1.169627606868743896e-01,4.845573008060455322e-02,1.832608282566070557e-01,1.166115179657936096e-01,-1.157666817307472229e-01,4.860133305191993713e-02,3.759268224239349365e-01,-1.516926288604736328e-01,-1.360827684402465820e-01
-1.764220418408513069e-03,-7.742854207754135132e-02,9.542528539896011353e-03,1.344473361968994141e-01,2.874778816476464272e-03,2.038128823041915894e-01,-9.266906976699829102e-02,-1.124693527817726135e-01,9.052304923534393311e-02,1.900646388530731201e-01,-1.630235761404037476e-01,-1.801437698304653168e-02,1.101661771535873413e-01,1.005681976675987244e-01,-7.003485411405563354e-02,7.803487777709960938e-02,2.155500650405883789e-02,1.187385171651840210e-01,2.339663654565811157e-01,1.336769163608551025e-01,-1.545052379369735718e-01,-1.706666052341461182e-01,-1.072266101837158203e-01,-2.930939942598342896e-02,5.030802637338638306e-02,-6.691358983516693115e-02,-3.109110593795776367e-01,3.383381292223930359e-02,-1.605277061462402344e-01,3.887313231825828552e-02,1.159027442336082458e-01,6.390275061130523682e-02,3.442450165748596191e-01,2.946770191192626953e-02,-9.434632211923599243e-02,1.098925322294235229e-01,1.840116083621978760e-01,-4.327359609305858612e-03,6.611292064189910889e-02,1.918862909078598022e-01,8.455324918031692505e-03,4.042458534240722656e-02,-8.058327436447143555e-02,-2.473205514252185822e-02,7.079339772462844849e-02,1.562953740358352661e-01,1.991110593080520630e-01,-2.049655020236968994e-01,2.787287160754203796e-02,1.743128448724746704e-01,4.102518409490585327e-02,-3.249357342720031738e-01,1.190181598067283630e-01,-1.360827684402465820e-01
7.617791183292865753e-03,-2.190546691417694092e-01,-1.964186690747737885e-02,3.252273052930831909e-02,1.012915596365928650e-01,2.565486431121826172e-01,-2.194043397903442383e-01,1.340846568346023560e-01,6.535764038562774658e-02,1.593361794948577881e-02,-2.596292272210121155e-02,3.476007282733917236e-02,2.217170745134353638e-01,1.567494124174118042e-02,8.473152667284011841e-02,2.689458131790161133e-01,2.331481724977493286e-01,-5.482165887951850891e-02,5.511224269866943359e-03,3.537957370281219482e-02,-2.552370168268680573e-02,2.037116140127182007e-01,-2.476897537708282471e-01,1.590138077735900879e-01,-1.552321910858154297e-01,4.676984623074531555e-02,1.172040253877639771e-01,-1.160421222448348999e-01,2.679070271551609039e-02,1.173452585935592651e-01,2.057865560054779053e-01,-7.006692141294479370e-02,1.301615834236145020e-01,-1.059561520814895630e-01,2.283121496438980103e-01,1.338809430599212646e-01,-2.152940332889556885e-01,-1.922605559229850769e-02,2.511438429355621338e-01,-1.073918640613555908e-01,3.949777036905288696e-02,-4.569838941097259521e-02,-3.188251703977584839e-02,9.148111194372177124e-02,-7.223714888095855713e-02,2.230499871075153351e-02,3.958761692047119141e-03,8.861518651247024536e-02,-1.288767904043197632e-01,-1.674179285764694214e-01,1.670824885368347168e-01,1.451614499092102051e-01,-1.096517816185951233e-01,-1.360827684402465820e-01
9.170481935143470764e-04,-1.406736820936203003e-01,1.703828424215316772e-01,3.841378539800643921e-02,6.547217071056365967e-02,1.711003631353378296e-01,-2.872601747512817383e-01,1.369331032037734985e-01,-9.175372123718261719e-02,2.036777585744857788e-01,7.077505439519882202e-02,1.788858622312545776e-01,7.272179424762725830e-02,-6.816984713077545166e-02,2.660067379474639893e-01,1.191424429416656494e-01,-8.690521121025085449e-02,-2.003261120989918709e-03,-1.849617362022399902e-01,-2.035106420516967773e-01,-2.282722620293498039e-03,-2.009645998477935791e-01,1.078291386365890503e-01,-2.403404563665390015e-01,2.363703772425651550e-02,2.008043825626373291e-01,-2.611896768212318420e-02,-1.000631824135780334e-01,1.718683913350105286e-02,-6.100182607769966125e-02,-2.124676406383514404e-01,5.361058935523033142e-02,-1.765370219945907593e-01,-3.680704627186059952e-03,2.092122472822666168e-02,1.859251111745834351e-01,7.357543706893920898e-02,1.336261071264743805e-02,-1.432540826499462128e-02,-1.127309948205947876e-01,1.325977593660354614e-01,-4.213378205895423889e-02,1.688317805528640747e-01,1.380334328860044479e-02,-2.236736416816711426e-01,-8.532408624887466431e-03,-4.096188023686408997e-02,-2.218687534332275391e-02,-4.102097079157829285e-02,2.467209845781326294e-01,-2.323039025068283081e-01,-1.280636936426162720e-01,-6.456389091908931732e-03,-1.360827684402465820e-01
2.211666852235794067e-02,-1.794853508472442627e-01,-1.104653775691986084e-01,1.347548365592956543e-01,-1.441343426704406738e-01,1.220159009099006653e-01,-2.369439899921417236e-01,1.084371507167816162e-01,-1.278306245803833008e-01,1.968533992767333984e-01,1.031964365392923355e-02,-1.238656230270862579e-02,1.354726850986480713e-01,4.325162619352340698e-02,-9.179574251174926758e-02,8.187110722064971924e-02,8.694054186344146729e-02,-3.095089457929134369e-03,-1.353675127029418945e-01,-2.569239027798175812e-02,5.730907246470451355e-02,6.181855872273445129e-02,6.365093868225812912e-04,-7.553279399871826172e-02,4.072762429714202881e-01,2.444634214043617249e-02,-1.078229546546936035e-01,9.353329241275787354e-02,1.971502415835857391e-02,3.906048834323883057e-02,-5.017592012882232666e-02,-1.634104847908020020e-01,-1.467970013618469238e-01,1.129358485341072083e-01,-7.959575951099395752e-02,-2.801967561244964600e-01,-5.890378355979919434e-02,2.047536708414554596e-02,-2.163504213094711304e-01,1.832066029310226440e-01,-2.007024735212326050e-02,-1.530812829732894897e-01,-8.819611370563507080e-02,6.434629112482070923e-02,3.273885548114776611e-01,-1.694035828113555908e-01,-1.843031793832778931e-01,-1.401797030121088028e-02,6.443221122026443481e-02,-1.729820370674133301e-01,1.182577386498451233e-01,4.645369946956634521e-02,8.587200939655303955e-02,-1.360827684402465820e-01
5.351964756846427917e-02,-2.385061830282211304e-01,1.977644562721252441e-01,-1.213285326957702637e-01,-3.300948739051818848e-01,2.157414257526397705e-01,1.639325618743896484e-01,-2.300215139985084534e-02,-2.349260002374649048e-01,-1.071874350309371948e-01,-1.486178953200578690e-02,1.436486840248107910e-01,4.932590574026107788e-02,-8.910739421844482422e-02,-1.987397111952304840e-02,-4.392413422465324402e-02,2.627926766872406006e-01,-7.663326710462570190e-02,-1.614836603403091431e-01,3.428762406110763550e-02,6.682415958493947983e-03,-6.995826959609985352e-02,-5.355409905314445496e-02,1.286787092685699463e-01,-2.774958312511444092e-02,-1.717764586210250854e-01,2.098386548459529877e-02,2.489609122276306152e-01,-4.029482975602149963e-02,-1.188652589917182922e-01,-9.759882837533950806e-02,-1.059481687843799591e-02,2.340258508920669556e-01,9.720595180988311768e-02,-8.862826973199844360e-03,-1.635321974754333496e-01,2.007782831788063049e-02,-1.202546060085296631e-01,-5.794590711593627930e-02,7.572595495730638504e-04,1.369482371956110001e-02,2.085455954074859619e-01,1.065009608864784241e-01,-1.898382753133773804e-01,-1.265291422605514526e-01,7.072134315967559814e-02,6.133572757244110107e-02,1.084575727581977844e-01,2.039563655853271484e-02,1.288902312517166138e-01,-1.202040389180183411e-01,2.425730228424072266e-01,1.137614250183105469e-01,-1.360827684402465820e-01
4.144629463553428650e-02,-1.451781094074249268e-01,2.938734889030456543e-01,1.752749201841652393e-03,-3.175670504570007324e-01,-1.164285689592361450e-01,-1.075030416250228882e-01,1.566779464483261108e-01,-8.892153948545455933e-02,3.633613884449005127e-02,-7.775220274925231934e-02,2.156239375472068787e-02,-5.910598114132881165e-02,1.685101538896560669e-01,7.144238054752349854e-02,-3.214012682437896729e-01,-1.507939398288726807e-01,-9.127662330865859985e-02,-6.390211731195449829e-02,5.522080138325691223e-02,2.118904590606689453e-01,6.602121889591217041e-02,5.823726952075958252e-02,1.518737673759460449e-01,-6.788142770528793335e-02,-6.249776110053062439e-03,-5.953390523791313171e-02,-8.018379099667072296e-03,1.006909925490617752e-02,-1.253502815961837769e-01,-3.439886122941970825e-02,2.934454679489135742e-01,5.134950950741767883e-02,-6.918753497302532196e-03,1.045469474047422409e-02,1.082583814859390259e-01,7.818558067083358765e-02,-1.910494174808263779e-03,9.064538031816482544e-02,-2.655623555183410645e-01,-1.992797479033470154e-02,-2.249771356582641602e-01,-1.692095398902893066e-01,3.497336804866790771e-02,9.791661798954010010e-02,3.478232026100158691e-02,5.992279946804046631e-02,-2.064934372901916504e-01,3.386289626359939575e-02,-1.853955537080764771e-01,2.131362110376358032e-01,-9.130249917507171631e-02,-1.181402578949928284e-01,-1.360827684402465820e-01
4.353999719023704529e-02,-1.246191263198852539e-01,1.347492337226867676e-01,8.974891901016235352e-02,-1.436925381422042847e-01,-1.647514849901199341e-01,-1.245630234479904175e-01,6.303706020116806030e-02,1.150167062878608704e-01,8.488799631595611572e-02,-5.037620291113853455e-02,-7.397210225462913513e-03,-1.028270348906517029e-01,-4.014125838875770569e-02,-1.634994894266128540e-01,4.319990053772926331e-02,4.797285422682762146e-02,1.067765131592750549e-01,1.785798557102680206e-02,-3.385820612311363220e-02,2.015159726142883301e-01,2.318254858255386353e-01,2.823771536350250244e-01,2.176012396812438965e-01,-4.469384253025054932e-02,-1.926934272050857544e-01,-8.132445067167282104e-02,-8.954750001430511475e-02,5.701932683587074280e-02,-8.888386189937591553e-02,1.900301277637481689e-01,-1.000491529703140259e-01,-1.300636082887649536e-01,-5.176832899451255798e-02,8.751050569117069244e-03,1.681352406740188599e-01,-2.525567822158336639e-02,2.850821912288665771e-01,2.942141517996788025e-02,3.598136007785797119e-01,-1.531599909067153931e-01,1.187671627849340439e-02,1.868932843208312988e-01,-1.540583837777376175e-02,-1.255577951669692993e-01,-3.039523772895336151e-02,1.299239695072174072e-01,1.811698228120803833e-01,-4.799462854862213135e-02,-1.840971037745475769e-02,-2.500668466091156006e-01,-7.320680469274520874e-02,5.689542368054389954e-02,-1.360827684402465820e-01
4.691493138670921326e-02,-1.267122626304626465e-01,7.208763062953948975e-02,7.230211049318313599e-02,-3.737480565905570984e-02,-1.575717180967330933e-01,-6.782764196395874023e-02,-1.662401109933853149e-01,9.183564782142639160e-02,1.608393192291259766e-01,-1.183955594897270203e-01,6.829409301280975342e-02,-1.447247266769409180e-01,-2.667272686958312988e-01,-1.560111194849014282e-01,-2.077227691188454628e-03,-8.906208723783493042e-02,1.203562021255493164e-01,-1.560948938131332397e-01,-1.546023637056350708e-01,-1.249465422006323934e-04,-2.250702530145645142e-01,7.989664375782012939e-02,1.179015785455703735e-01,-8.374573662877082825e-03,-5.097040906548500061e-02,3.063447773456573486e-01,-1.058841943740844727e-01,-4.875198751688003540e-02,1.327163428068161011e-01,2.183987647294998169e-01,-1.967238187789916992e-01,1.713584922254085541e-02,-2.739648148417472839e-02,-2.437577694654464722e-01,-7.873061299324035645e-02,1.779533736407756805e-02,-2.190424948930740356e-01,1.805298477411270142e-01,-1.859235465526580811e-01,1.246925257146358490e-02,1.595039665699005127e-01,1.742446273565292358e-01,1.948311030864715576e-01,1.115588396787643433e-01,1.790713518857955933e-02,-7.893728464841842651e-02,-8.592364937067031860e-02,9.568443149328231812e-02,8.691293001174926758e-02,2.214107513427734375e-01,-3.847032785415649414e-03,3.193579241633415222e-02,-1.360827684402465820e-01
6.091869622468948364e-02,-2.659661471843719482e-01,-3.908323124051094055e-02,-4.889914020895957947e-02,-1.719596534967422485e-01,2.742374315857887268e-02,1.096053123474121094e-01,-2.591806352138519287e-01,-2.933290041983127594e-02,2.684767171740531921e-02,-1.527941524982452393e-01,-1.126059964299201965e-01,-1.374478340148925781e-01,-2.553248405456542969e-01,-8.869422972202301025e-02,8.222961914725601673e-04,-9.412077069282531738e-02,-7.731629908084869385e-02,2.966319620609283447e-01,-2.336932532489299774e-02,1.492743343114852905e-01,-9.325654804706573486e-02,-2.269158959388732910e-01,5.043874680995941162e-02,6.089038774371147156e-02,1.637909710407257080e-01,1.588335186243057251e-01,-4.315744340419769287e-02,-9.885036386549472809e-03,1.118801385164260864e-01,-1.925966590642929077e-01,-1.199665591120719910e-01,-2.177430540323257446e-01,-1.316419541835784912e-01,1.899085193872451782e-01,4.233591258525848389e-02,1.165092885494232178e-01,1.628046482801437378e-01,-3.196171671152114868e-02,4.542566090822219849e-02,1.436486244201660156e-01,-3.774793352931737900e-03,-3.696482181549072266e-01,-5.772785842418670654e-02,-3.559250384569168091e-02,-7.869938015937805176e-02,5.423605442047119141e-02,2.263036556541919708e-02,-1.330116093158721924e-01,8.425350487232208252e-02,-6.812328845262527466e-02,-1.227060984820127487e-02,-8.396888524293899536e-02,-1.360827684402465820e-01
4.778540506958961487e-02,-1.176736429333686829e-01,2.101738452911376953e-01,-1.217285916209220886e-01,4.999043792486190796e-02,-2.111646533012390137e-01,-1.101834699511528015e-01,-2.289500385522842407e-01,4.969778936356306076e-03,9.918873198330402374e-03,-1.233797743916511536e-01,-3.401901721954345703e-01,-6.951419264078140259e-02,-1.355060040950775146e-01,1.806909143924713135e-01,1.771473288536071777e-01,1.306124776601791382e-01,-1.867248415946960449e-01,1.061256416141986847e-02,2.747971415519714355e-01,-4.578196257352828979e-02,1.334912180900573730e-01,1.480093449354171753e-01,-2.106556296348571777e-01,-1.859934255480766296e-02,8.884678035974502563e-02,-1.297702919691801071e-02,3.294020891189575195e-02,-4.493705183267593384e-02,2.020662277936935425e-01,-7.866896688938140869e-02,2.353150844573974609e-01,9.948149323463439941e-02,-8.865063637495040894e-02,5.236777663230895996e-02,-1.494503468275070190e-01,-6.452415883541107178e-02,-1.110846400260925293e-01,-1.889090687036514282e-01,6.302813440561294556e-02,-1.089822947978973389e-01,2.216003462672233582e-02,1.159032806754112244e-01,1.886521577835083008e-01,-9.487826377153396606e-02,9.396176785230636597e-02,-6.582842022180557251e-02,8.794905245304107666e-02,2.036446481943130493e-01,-7.496647536754608154e-02,-8.434817194938659668e-03,-8.080332726240158081e-02,-6.913245469331741333e-02,-1.360827684402465820e-01
5.899897590279579163e-02,-3.840876370668411255e-02,6.044386699795722961e-02,1.105794832110404968e-01,-9.784932248294353485e-03,-2.879362404346466064e-01,-6.763869524002075195e-02,-1.548746377229690552e-01,9.989601373672485352e-02,3.808511421084403992e-02,2.751126140356063843e-02,7.637941092252731323e-02,-6.379766762256622314e-02,-4.359407722949981689e-02,-4.116395115852355957e-02,-2.102539986371994019e-01,2.566930949687957764e-01,-1.447122097015380859e-01,6.904204189777374268e-02,1.328722536563873291e-01,-1.283691078424453735e-01,6.871220469474792480e-02,-8.995344489812850952e-02,-3.007367253303527832e-01,-1.536435484886169434e-01,1.598208099603652954e-01,-1.815872490406036377e-01,-6.162657961249351501e-02,7.415571063756942749e-02,-2.433254867792129517e-01,1.289100199937820435e-01,-2.305737584829330444e-01,1.610179059207439423e-02,1.158748567104339600e-01,-5.077525228261947632e-02,2.403518743813037872e-02,-3.477779403328895569e-02,-3.420903533697128296e-02,-3.620908036828041077e-02,-1.157782003283500671e-01,-2.168563753366470337e-02,-1.604203134775161743e-01,4.722675308585166931e-02,-1.575133651494979858e-01,1.273720562458038330e-01,7.534955441951751709e-02,-1.609748601913452148e-01,3.359363228082656860e-02,-3.965286016464233398e-01,1.588921099901199341e-01,2.580514922738075256e-02,9.955687075853347778e-02,2.458650432527065277e-02,-1.360827684402465820e-01
6.775914132595062256e-02,-1.054212152957916260e-01,-7.216340303421020508e-02,7.328245788812637329e-03,1.658554077148437500e-01,-1.380114704370498657e-01,-6.268287450075149536e-02,-1.421038508415222168e-01,1.107718870043754578e-01,-1.278708577156066895e-01,1.022021323442459106e-01,2.250693589448928833e-01,5.343383923172950745e-02,-1.768496483564376831e-01,8.619539439678192139e-02,-1.082555055618286133e-01,3.472996950149536133e-01,1.634671092033386230e-01,1.150681525468826294e-01,-1.359052807092666626e-01,-2.145425528287887573e-01,7.020246237516403198e-02,1.350691318511962891e-01,9.087337553501129150e-02,3.558423370122909546e-02,1.496046967804431915e-02,1.176400855183601379e-01,-1.016453877091407776e-01,-1.335341017693281174e-02,-2.236159145832061768e-01,-7.855533063411712646e-02,2.170210182666778564e-01,-7.281347643584012985e-03,1.211884319782257080e-01,-6.833451986312866211e-02,-7.884520292282104492e-02,-1.786849647760391235e-01,1.576788425445556641e-01,5.258170142769813538e-02,2.999963425099849701e-02,1.899474114179611206e-01,-6.896066945046186447e-03,-2.472448945045471191e-01,-3.647406771779060364e-02,-2.678250707685947418e-02,-5.291648954153060913e-02,2.922002039849758148e-02,-2.315301746129989624e-01,3.078891932964324951e-01,-1.070940420031547546e-01,-8.946328610181808472e-02,-2.631019987165927887e-02,6.005330756306648254e-02,-1.360827684402465820e-01
6.645499169826507568e-02,-1.167570501565933228e-01,-1.902754306793212891e-01,2.418607706204056740e-03,1.748356521129608154e-01,-1.074000671505928040e-01,-8.907011151313781738e-02,-1.284932345151901245e-01,-7.384941913187503815e-03,-1.700875312089920044e-01,8.956632763147354126e-02,-5.204289685934782028e-03,6.170541048049926758e-02,9.197350591421127319e-02,2.149134278297424316e-01,-2.354565262794494629e-01,5.135774239897727966e-02,9.126657992601394653e-02,-6.684731342829763889e-04,-1.146299764513969421e-01,-3.279994055628776550e-02,-5.309229344129562378e-02,8.478597551584243774e-02,1.938805431127548218e-01,3.390431404113769531e-01,9.981069713830947876e-03,8.553285151720046997e-02,1.258764564990997314e-01,-1.982093304395675659e-01,1.007644310593605042e-01,1.338340044021606445e-01,1.451884061098098755e-01,3.021392412483692169e-02,-1.262437254190444946e-01,-1.484906021505594254e-02,7.632359862327575684e-02,1.966994404792785645e-01,-1.994264721870422363e-01,-1.110254824161529541e-01,5.239842832088470459e-02,-1.352314949035644531e-01,-2.138368785381317139e-01,6.462673842906951904e-02,-7.970129698514938354e-02,-1.547536253929138184e-01,-1.584023237228393555e-01,1.464884579181671143e-01,2.265933901071548462e-01,-2.379697859287261963e-01,1.154277846217155457e-01,1.479018777608871460e-01,4.824773222208023071e-02,-5.790888518095016479e-02,-1.360827684402465820e-01
8.077019453048706055e-02,-2.151032537221908569e-01,-6.803788244724273682e-02,-1.633597016334533691e-01,7.439433038234710693e-02,-2.102310955524444580e-02,9.175664186477661133e-02,2.844599634408950806e-02,-4.683944582939147949e-02,-9.564335644245147705e-02,2.037947773933410645e-01,-9.259465336799621582e-02,-5.402294546365737915e-02,1.065014153718948364e-01,2.066024392843246460e-01,-2.211462557315826416e-01,2.081283368170261383e-02,6.983062624931335449e-02,-6.940363347530364990e-02,-5.070220679044723511e-02,3.714490309357643127e-02,1.213192269206047058e-01,6.525022536516189575e-02,-2.057055979967117310e-01,-6.693962216377258301e-02,-1.494932621717453003e-01,-9.638040512800216675e-02,1.509603112936019897e-01,3.213147819042205811e-02,2.041554898023605347e-01,-7.234951108694076538e-02,-2.336357980966567993e-01,-7.495371252298355103e-02,-2.029544264078140259e-01,1.148523241281509399e-01,4.499098286032676697e-02,-2.109831757843494415e-02,-8.067180961370468140e-02,2.738166451454162598e-01,1.935347616672515869e-01,2.524745278060436249e-02,2.790927588939666748e-01,7.678374648094177246e-02,-8.784407377243041992e-02,8.670815080404281616e-02,-6.225945055484771729e-02,-1.081585735082626343e-01,-3.787557482719421387e-01,-9.267209470272064209e-02,-8.687787503004074097e-02,2.004103362560272217e-02,-1.463679671287536621e-01,1.176802674308419228e-03,-1.360827684402465820e-01
8.958628028631210327e-02,-2.053960710763931274e-01,-7.070204615592956543e-02,-1.318141967058181763e-01,5.793737620115280151e-02,-7.504948228597640991e-02,1.941834762692451477e-02,4.081014543771743774e-02,-1.272505819797515869e-01,-2.459104359149932861e-02,2.041052430868148804e-01,-4.458125680685043335e-02,-4.234262555837631226e-02,1.871078312397003174e-01,1.113946437835693359e-01,-1.164388433098793030e-01,-5.844721198081970215e-02,2.300832271575927734e-01,1.264265328645706177e-01,9.743228554725646973e-02,-1.033472642302513123e-01,-2.461267560720443726e-01,-1.531665027141571045e-01,5.942349135875701904e-02,-1.274862140417098999e-01,-6.197029259055852890e-03,-1.246091350913047791e-02,-4.386309906840324402e-02,1.970859915018081665e-01,-1.224960852414369583e-02,-7.521500438451766968e-02,-1.257326453924179077e-01,4.321807250380516052e-02,-4.361426085233688354e-02,-4.871213436126708984e-02,4.581984132528305054e-02,-4.458218440413475037e-02,3.321042358875274658e-01,-2.223369777202606201e-01,-9.321432560682296753e-02,1.481814980506896973e-01,2.215993218123912811e-02,2.378363311290740967e-01,1.707217544317245483e-01,2.059254795312881470e-01,1.664818376302719116e-01,1.158376485109329224e-01,3.181295096874237061e-01,1.592298001050949097e-01,-5.935079231858253479e-02,1.195298582315444946e-01,-2.860419079661369324e-02,1.429084688425064087e-02,-1.360827684402465820e-01
8.740585297346115112e-02,-1.387593001127243042e-01,-1.334026157855987549e-01,-8.396038413047790527e-02,9.594558924436569214e-02,-1.212760135531425476e-01,-7.081060111522674561e-02,-8.032196201384067535e-03,-1.290146410465240479e-01,-4.770666360855102539e-02,1.242444291710853577e-01,-1.735878586769104004e-01,1.240423694252967834e-01,3.244826793670654297e-01,-3.482379019260406494e-01,-1.016001100651919842e-03,-3.765826672315597534e-02,2.190488390624523163e-03,-3.636456653475761414e-02,-3.289953619241714478e-02,2.043985761702060699e-02,-5.061329528689384460e-02,1.463510841131210327e-01,2.048076502978801727e-02,2.927727065980434418e-02,-8.442698419094085693e-02,-2.723442949354648590e-02,-1.595138907432556152e-01,1.986438781023025513e-02,1.867185980081558228e-01,1.429271046072244644e-02,-1.204757615923881531e-01,1.180602461099624634e-01,1.811665296554565430e-01,6.807981058955192566e-03,5.263610929250717163e-02,4.914391413331031799e-02,-1.462401938624680042e-03,-6.844987161457538605e-03,-1.920960843563079834e-01,-1.219025254249572754e-01,-3.721416741609573364e-02,-2.737690806388854980e-01,3.667943552136421204e-02,-2.536257207393646240e-01,2.059312462806701660e-01,-2.491993010044097900e-01,-8.010029047727584839e-02,1.136913299560546875e-01,1.496309190988540649e-01,-2.465436905622482300e-01,1.480372399091720581e-01,-8.230558782815933228e-02,-1.360827684402465820e-01
9.464941173791885376e-02,-8.152230829000473022e-02,1.605045981705188751e-02,-1.007482707500457764e-01,2.415869832038879395e-01,-1.607516556978225708e-01,5.826947838068008423e-02,-2.147302180528640747e-01,-2.643116563558578491e-02,7.582436501979827881e-02,1.656219661235809326e-01,6.619084626436233521e-02,-6.160017475485801697e-02,9.726233035326004028e-02,-2.317583858966827393e-01,3.090831339359283447e-01,-1.031994670629501343e-01,-5.327164754271507263e-02,-1.621075421571731567e-01,-2.872958779335021973e-01,2.507514357566833496e-01,-6.354572623968124390e-02,-2.589594721794128418e-01,-3.503219783306121826e-02,-9.769022464752197266e-02,-4.593077674508094788e-02,-1.634502410888671875e-01,1.249442920088768005e-01,4.576989635825157166e-02,-1.457190662622451782e-01,-2.071673795580863953e-02,1.957481801509857178e-01,-2.694619260728359222e-02,4.583039134740829468e-02,7.709048688411712646e-03,-1.509111225605010986e-01,-2.107959538698196411e-01,-6.543561816215515137e-02,1.339116320013999939e-02,-2.301056496798992157e-02,-1.002774909138679504e-01,-8.845047093927860260e-03,-1.362472772598266602e-02,-2.129101455211639404e-01,-5.599244683980941772e-02,-3.133229911327362061e-02,1.373560875654220581e-01,7.237017154693603516e-02,-5.165396258234977722e-02,-8.975194394588470459e-02,1.402383893728256226e-01,-2.410198897123336792e-01,2.925914886873215437e-04,-1.360827684402465820e-01
9.436748921871185303e-02,-3.201986104249954224e-02,-5.320441350340843201e-02,3.852186724543571472e-02,1.049656644463539124e-01,-2.246460616588592529e-01,2.405289746820926666e-02,7.144358754158020020e-02,-5.353802442550659180e-02,1.716455519199371338e-01,4.642428830265998840e-02,2.440444827079772949e-01,-3.064437508583068848e-01,1.841675341129302979e-01,2.140451781451702118e-02,1.709887832403182983e-01,-2.247016578912734985e-01,1.504458300769329071e-02,1.352633628994226456e-02,1.920316368341445923e-01,-3.489210084080696106e-02,1.483601927757263184e-01,-1.894458979368209839e-01,7.867825031280517578e-02,-1.261991262435913086e-02,9.115380048751831055e-02,1.341119408607482910e-01,1.639473885297775269e-01,-1.324337869882583618e-01,-4.475562274456024170e-02,8.594065904617309570e-02,1.274490058422088623e-01,9.748769551515579224e-02,8.351457118988037109e-02,1.368326544761657715e-01,1.503951698541641235e-01,1.228287890553474426e-01,-1.778032779693603516e-01,-7.297527045011520386e-02,1.661162525415420532e-01,2.362093627452850342e-01,3.664490208029747009e-02,3.140660375356674194e-02,1.225687861442565918e-01,8.938316255807876587e-02,-1.063857525587081909e-01,-1.014473363757133484e-01,-1.086577400565147400e-01,2.977010421454906464e-02,-2.826941944658756256e-02,-2.367487847805023193e-01,2.594624161720275879e-01,1.478829830884933472e-01,-1.360827684402465820e-01
1.228193193674087524e-01,-1.229434460401535034e-01,-3.725130558013916016e-01,1.030795872211456299e-01,-1.043975949287414551e-01,-6.523710675537586212e-03,2.370260953903198242e-01,9.913022071123123169e-02,-1.504855006933212280e-01,1.011086180806159973e-01,1.532992422580718994e-01,3.936330974102020264e-02,-1.114593632519245148e-02,-1.319292634725570679e-01,1.129099950194358826e-01,2.857924699783325195e-01,-2.349023222923278809e-01,-1.467482149600982666e-01,8.415988087654113770e-02,1.710714399814605713e-01,-1.839376688003540039e-01,2.075752317905426025e-01,3.197241127490997314e-01,5.235946178436279297e-02,-1.757114753127098083e-02,5.121286213397979736e-02,1.277362369000911713e-02,-1.269324421882629395e-01,2.369220182299613953e-02,-1.753047853708267212e-01,-1.531450301408767700e-01,-6.391280144453048706e-02,8.663763105869293213e-02,-3.036213805899024010e-03,-1.582816392183303833e-01,-1.209291219711303711e-01,1.141575574874877930e-01,-3.132172301411628723e-02,1.957941055297851562e-01,-8.583560585975646973e-02,-9.079791605472564697e-02,-4.729614406824111938e-02,1.485599949955940247e-02,-1.307536363601684570e-01,-3.656031563878059387e-02,6.199424341320991516e-02,9.398797899484634399e-02,6.118759885430335999e-02,-4.531894624233245850e-02,-1.308966241776943207e-02,1.253522485494613647e-01,-8.851753175258636475e-02,-6.198748573660850525e-02,-1.360827684402465820e-01
1.510527878999710083e-01,-7.876028120517730713e-02,1.587555259466171265e-01,-2.333635836839675903e-01,2.117809094488620758e-02,7.182510197162628174e-02,5.327103137969970703e-01,2.061437070369720459e-01,3.040007501840591431e-02,4.517255350947380066e-02,8.745127357542514801e-03,1.573083102703094482e-01,1.404387205839157104e-01,-8.748422563076019287e-02,-1.651772111654281616e-02,2.870970219373703003e-02,4.572880640625953674e-02,4.670162871479988098e-02,-9.326169639825820923e-02,7.630930840969085693e-02,-1.321281939744949341e-01,-8.816308528184890747e-02,4.646454751491546631e-02,-1.212882921099662781e-01,-6.101308390498161316e-02,9.123111516237258911e-02,-3.868846967816352844e-02,-4.464149847626686096e-02,-1.271607726812362671e-01,1.558723598718643188e-01,3.746982514858245850e-01,9.394551068544387817e-02,-3.009522855281829834e-01,1.215143725275993347e-01,4.606234282255172729e-02,6.987350434064865112e-02,6.468317005783319473e-03,4.537217319011688232e-02,-8.391138911247253418e-02,7.696878910064697266e-02,-1.484613269567489624e-01,-1.792386323213577271e-01,-1.106665879487991333e-01,8.432756364345550537e-02,2.268573641777038574e-02,-1.550421118736267090e-02,-3.027693182229995728e-02,3.408760996535420418e-03,5.746935680508613586e-02,5.231986194849014282e-02,7.680646330118179321e-02,-5.951741710305213928e-02,2.093392424285411835e-02,-1.360827684402465820e-01
1.395160108804702759e-01,1.434254199266433716e-01,1.143637597560882568e-01,8.868803270161151886e-03,-1.017781049013137817e-01,-2.228070497512817383e-01,1.577767282724380493e-01,2.106029689311981201e-01,7.584284245967864990e-02,1.006963476538658142e-01,1.680288987699896097e-04,-1.398108750581741333e-01,2.718378603458404541e-01,2.202558219432830811e-01,-1.670130491256713867e-01,1.009240373969078064e-01,1.625650227069854736e-01,-1.479160040616989136e-01,2.515584230422973633e-01,-1.750754117965698242e-01,-8.751585334539413452e-02,-2.018292099237442017e-01,-1.711932476609945297e-03,-4.397109895944595337e-02,1.401541382074356079e-01,-1.992334611713886261e-02,7.664287835359573364e-02,-3.769844397902488708e-02,-9.724015742540359497e-02,-1.456989496946334839e-01,-1.124855875968933105e-01,9.860035032033920288e-02,-7.309426367282867432e-02,-3.367604017257690430e-01,-3.692201524972915649e-02,-1.684332638978958130e-01,3.352433815598487854e-02,-5.613375920802354813e-03,1.075450852513313293e-01,2.183108031749725342e-02,1.538667231798171997e-01,5.206164345145225525e-02,1.720579266548156738e-01,1.750373691320419312e-01,-5.875102803111076355e-02,1.191039104014635086e-02,6.316594034433364868e-02,-1.083630919456481934e-01,-1.752860546112060547e-01,-9.438742697238922119e-02,-4.249655082821846008e-02,1.442465931177139282e-01,1.632805541157722473e-02,-1.360827684402465820e-01
1.415804624557495117e-01,1.390541642904281616e-01,5.262148007750511169e-02,6.588349491357803345e-02,-1.184402778744697571e-01,-1.958264708518981934e-01,1.100625321269035339e-01,2.454777657985687256e-01,1.592708677053451538e-01,2.940243855118751526e-02,-5.307118967175483704e-02,-5.006750673055648804e-02,1.249416992068290710e-01,-6.217039003968238831e-02,5.744676291942596436e-02,4.529203847050666809e-02,6.049486249685287476e-02,1.569599956274032593e-01,-7.799147162586450577e-03,-1.723298132419586182e-01,-2.516321465373039246e-02,2.142611742019653320e-01,-8.127887547016143799e-02,-1.872382685542106628e-02,-2.438357472419738770e-02,-1.101068109273910522e-01,-4.335112869739532471e-03,-1.145770959556102753e-02,1.892963796854019165e-01,1.509029418230056763e-01,-3.106066882610321045e-01,-2.331283316016197205e-02,1.473894268274307251e-01,7.664223760366439819e-02,-1.158527806401252747e-01,2.986590564250946045e-01,-1.116090491414070129e-01,-2.736806273460388184e-01,-1.764897406101226807e-01,-1.489630620926618576e-02,1.257102750241756439e-02,1.555476933717727661e-01,-2.481934577226638794e-01,4.988627880811691284e-02,8.427093923091888428e-02,-1.560539007186889648e-01,2.048875950276851654e-02,2.125323563814163208e-01,-1.005051843822002411e-02,1.982557177543640137e-01,7.987746596336364746e-02,-1.126735135912895203e-01,3.001920878887176514e-02,-1.360827684402465820e-01
1.377201527357101440e-01,1.153292730450630188e-01,-2.922219969332218170e-02,-2.135893329977989197e-03,-8.548857271671295166e-02,-8.119911700487136841e-02,-1.958123611984774470e-04,1.741630584001541138e-01,1.789851039648056030e-01,-5.165228620171546936e-03,-2.032202482223510742e-01,-1.390200853347778320e-01,-4.075286909937858582e-03,-6.593235768377780914e-03,5.685955658555030823e-02,1.614298485219478607e-02,-5.563670303672552109e-03,2.438338994979858398e-01,-5.151224881410598755e-02,-4.181627184152603149e-02,-2.546816878020763397e-02,-3.458758816123008728e-02,-1.247442662715911865e-01,-6.599870324134826660e-02,8.972287178039550781e-02,1.646154075860977173e-01,1.957690566778182983e-01,7.461708039045333862e-02,4.941612016409635544e-03,1.181797310709953308e-01,3.157297894358634949e-02,-1.227758675813674927e-01,6.909260153770446777e-02,6.199926882982254028e-02,1.210304573178291321e-01,-9.930573403835296631e-02,5.714854225516319275e-02,-5.272481217980384827e-02,7.728255540132522583e-02,-1.175254136323928833e-01,-2.205307036638259888e-02,-2.170827090740203857e-01,1.632532030344009399e-01,-5.194230675697326660e-01,6.457672268152236938e-02,1.780813336372375488e-01,6.487729400396347046e-02,1.171715091913938522e-02,1.728183329105377197e-01,-2.286783754825592041e-01,-2.739995419979095459e-01,-9.841377288103103638e-02,-5.435576289892196655e-02,-1.360827684402465820e-01
1.402537822723388672e-01,5.332970246672630310e-02,-2.183052301406860352e-01,-8.896177634596824646e-03,3.446342423558235168e-02,-7.063314784318208694e-03,-5.776962265372276306e-03,1.129918321967124939e-01,1.866328567266464233e-01,-1.307743042707443237e-01,-1.422347128391265869e-01,-7.703040540218353271e-02,3.331225365400314331e-02,-9.329711645841598511e-02,1.758256405591964722e-01,5.435442924499511719e-02,2.457005903124809265e-02,1.735421717166900635e-01,-1.535649299621582031e-01,-9.592997282743453979e-02,2.757685482501983643e-01,6.934390217065811157e-02,-1.650816947221755981e-01,2.829193137586116791e-02,-1.891622543334960938e-01,1.646386086940765381e-01,-1.328176558017730713e-01,-4.641169309616088867e-02,-1.286495476961135864e-01,-1.965487301349639893e-01,-5.133565142750740051e-02,-4.042310267686843872e-02,7.774924486875534058e-02,2.037889324128627777e-02,2.773558534681797028e-02,-2.058162093162536621e-01,2.837456762790679932e-01,2.106471359729766846e-01,-1.682243496179580688e-01,-3.715868666768074036e-02,-2.796680927276611328e-01,1.355974078178405762e-01,3.058269619941711426e-02,2.216613739728927612e-01,-5.896785855293273926e-02,-8.975558914244174957e-03,9.352660737931728363e-03,-2.401592433452606201e-01,6.071099196560680866e-04,1.149620339274406433e-01,6.922329962253570557e-02,1.751874536275863647e-01,-4.127282183617353439e-03,-1.360827684402465820e-01
1.497192233800888062e-01,8.690981566905975342e-02,-7.568022608757019043e-02,-1.263362169265747070e-01,1.786320209503173828e-01,4.114530980587005615e-02,3.055064193904399872e-02,6.313125044107437134e-02,8.973342925310134888e-02,-1.644982993602752686e-01,-2.346257269382476807e-01,3.072123229503631592e-02,1.200665952637791634e-03,-9.180429577827453613e-02,-1.585565358400344849e-01,3.403811901807785034e-02,-2.430950850248336792e-02,-5.596495047211647034e-02,-1.548300832509994507e-01,2.057355195283889771e-01,1.758635342121124268e-01,-1.764075458049774170e-01,2.011701911687850952e-01,-7.561865448951721191e-02,1.398906111717224121e-01,-6.291824579238891602e-02,5.078674852848052979e-02,1.105627715587615967e-01,-5.782945826649665833e-02,-3.082823194563388824e-02,-1.607821136713027954e-01,1.440660804510116577e-01,2.636615037918090820e-01,-8.179867640137672424e-03,5.180499330163002014e-02,1.526799350976943970e-01,-9.792064130306243896e-02,3.387709856033325195e-01,2.295824438333511353e-01,4.744968377053737640e-03,1.491291075944900513e-01,-6.222420930862426758e-02,6.618910282850265503e-02,-5.402689427137374878e-02,1.585345417261123657e-01,-1.601978987455368042e-01,-2.995460629463195801e-01,1.247748509049415588e-01,-1.073769256472587585e-01,1.086050644516944885e-01,1.085814759135246277e-01,-1.447846088558435440e-02,2.206861041486263275e-02,-1.360827684402465820e-01
1.456976681947708130e-01,6.467796862125396729e-02,-1.570068746805191040e-01,-5.996184423565864563e-02,1.219767779111862183e-01,2.304316312074661255e-02,-1.159986034035682678e-01,1.641728132963180542e-01,3.708051517605781555e-02,-1.737250983715057373e-01,-2.545749843120574951e-01,2.696843147277832031e-01,-5.569542944431304932e-02,-4.415870935190469027e-04,-1.789214834570884705e-02,-1.375328153371810913e-01,-5.606181919574737549e-02,-2.369417846202850342e-01,1.746989637613296509e-01,1.364361643791198730e-01,2.117935270071029663e-01,-3.424267843365669250e-02,-3.219483047723770142e-02,-1.730084717273712158e-01,1.254523396492004395e-01,-2.035315036773681641e-01,-2.774573676288127899e-02,-4.294463619589805603e-02,-1.054519601166248322e-02,-6.411726772785186768e-02,-2.891379781067371368e-02,-1.889509856700897217e-01,-1.910811066627502441e-01,1.669186651706695557e-01,2.313887141644954681e-02,-2.851399965584278107e-02,-1.552549451589584351e-01,-2.420859932899475098e-01,-2.381006814539432526e-02,1.012288630008697510e-01,9.283836930990219116e-02,5.278290249407291412e-03,6.339357048273086548e-02,1.166574358940124512e-01,-1.551360189914703369e-01,2.094912081956863403e-01,2.715978324413299561e-01,6.581460591405630112e-03,1.695488393306732178e-01,2.941089682281017303e-02,9.186981618404388428e-02,-1.414834288880228996e-03,-1.711243093013763428e-01,-1.360827684402465820e-01
1.461356580257415771e-01,9.743822365999221802e-02,6.551052909344434738e-03,-1.627293825149536133e-01,3.768567368388175964e-02,1.048295721411705017e-01,-1.476711034774780273e-01,1.242440715432167053e-01,-9.363374114036560059e-02,-1.299523860216140747e-01,-1.313652843236923218e-01,2.884077094495296478e-02,-2.068432569503784180e-01,-1.382780522108078003e-01,1.392940729856491089e-01,-2.823501639068126678e-02,-1.505330950021743774e-01,-7.226634770631790161e-02,1.606690585613250732e-01,-1.629763096570968628e-01,-1.613072156906127930e-01,-2.407006472349166870e-01,4.243958368897438049e-02,1.486879289150238037e-01,-1.982835680246353149e-02,1.777746342122554779e-02,-1.747075766324996948e-01,-1.678944975137710571e-01,1.682539582252502441e-01,1.234331130981445312e-01,5.655118450522422791e-02,1.364193856716156006e-01,6.702657788991928101e-02,1.051929518580436707e-01,-9.403488785028457642e-02,-1.098244935274124146e-01,-1.083057969808578491e-01,-7.880984991788864136e-02,-6.309972610324621201e-03,6.262499839067459106e-02,-1.943924427032470703e-01,1.249838694930076599e-01,-1.171691119670867920e-01,3.927775472402572632e-02,5.318717658519744873e-02,4.901162162423133850e-02,-1.112991422414779663e-01,3.185511380434036255e-02,-3.391994833946228027e-01,-3.069983422756195068e-01,-1.848709434270858765e-01,4.293924570083618164e-02,2.114329338073730469e-01,-1.360827684402465820e-01
1.482079625129699707e-01,1.343656033277511597e-01,-1.375873833894729614e-01,-3.928332775831222534e-02,-7.044628262519836426e-02,1.014545857906341553e-01,-2.051781117916107178e-01,9.200216829776763916e-02,-8.764274418354034424e-02,-7.141278684139251709e-02,-5.360753461718559265e-02,-9.693029522895812988e-02,-1.571386158466339111e-01,2.479435503482818604e-02,-1.953487694263458252e-01,9.122384339570999146e-02,1.162566319108009338e-01,-6.456861644983291626e-02,4.614909738302230835e-02,1.194733753800392151e-01,-2.039496600627899170e-01,-5.858958140015602112e-02,1.901234313845634460e-02,8.602046221494674683e-02,-9.762529283761978149e-02,5.785546265542507172e-03,-8.785122632980346680e-02,5.709042400121688843e-02,3.203500807285308838e-01,-1.902796514332294464e-02,2.065394818782806396e-01,1.427219063043594360e-01,-2.168006896972656250e-01,-2.103101909160614014e-01,2.339572831988334656e-02,7.238338142633438110e-02,7.652556151151657104e-02,-3.305806592106819153e-02,-1.752347648143768311e-01,-1.355514675378799438e-01,1.584494486451148987e-02,1.343175023794174194e-01,8.611469715833663940e-02,-2.542029023170471191e-01,-4.286252334713935852e-02,-3.321574330329895020e-01,-4.692258313298225403e-03,-1.760379225015640259e-01,1.871364563703536987e-01,1.888190358877182007e-01,1.317138671875000000e-01,2.198709920048713684e-02,-9.918400645256042480e-02,-1.360827684402465820e-01
1.462235003709793091e-01,2.088009566068649292e-01,2.931152470409870148e-02,-1.383209377527236938e-01,5.140057206153869629e-02,1.402157545089721680e-01,-1.117857098579406738e-01,-8.883456140756607056e-02,-1.469651162624359131e-01,-1.263247579336166382e-01,-3.167444095015525818e-02,-3.731937333941459656e-02,-3.852945938706398010e-02,-7.256439886987209320e-03,-7.448834925889968872e-02,-6.297609210014343262e-02,-3.215212747454643250e-02,-1.385762095451354980e-01,-2.233937382698059082e-01,-1.374645531177520752e-01,-1.542341709136962891e-01,1.792320758104324341e-01,-1.027157977223396301e-01,5.850869789719581604e-02,-2.195564359426498413e-01,-7.117544114589691162e-02,-5.138911306858062744e-02,-1.433554589748382568e-01,-3.220955729484558105e-01,-1.078815981745719910e-01,-7.625982910394668579e-02,-1.541474461555480957e-01,-6.395187228918075562e-02,-3.832809329032897949e-01,-1.402815133333206177e-01,4.125885292887687683e-02,1.077932640910148621e-01,-8.082613348960876465e-02,2.353079244494438171e-02,1.155354008078575134e-01,8.855164796113967896e-02,-2.485103011131286621e-01,-1.215209737420082092e-01,1.087731122970581055e-02,1.581554263830184937e-01,1.073095276951789856e-01,-5.722481012344360352e-02,1.642971038818359375e-01,1.847334951162338257e-01,2.504185587167739868e-02,-7.535375654697418213e-02,-5.829184502363204956e-02,1.514180153608322144e-01,-1.360827684402465820e-01
1.534028202295303345e-01,2.777259945869445801e-01,-6.253154948353767395e-03,1.818258501589298248e-02,-1.582431793212890625e-01,4.380529746413230896e-02,-3.149673342704772949e-02,-1.697798669338226318e-01,-1.451787650585174561e-01,5.688748508691787720e-02,7.844017446041107178e-02,-1.176480725407600403e-01,-6.771497428417205811e-02,-1.196997147053480148e-02,-9.763236157596111298e-03,1.240925770252943039e-02,9.728059521876275539e-04,-1.169461756944656372e-01,-1.706712394952774048e-01,-1.017870306968688965e-01,-2.061828076839447021e-01,4.488117620348930359e-02,-7.169310003519058228e-02,-4.997928068041801453e-02,9.376736730337142944e-02,5.679428949952125549e-02,1.170165091753005981e-01,1.197894811630249023e-01,-2.262224704027175903e-01,6.376074254512786865e-02,-6.431758869439363480e-03,-7.780569791793823242e-02,1.000577304512262344e-02,2.805213928222656250e-01,-1.609005033969879150e-01,3.388483524322509766e-01,-1.183555796742439270e-01,2.953373789787292480e-01,-9.424205869436264038e-02,5.744475126266479492e-02,-7.320158649235963821e-03,1.375191360712051392e-01,6.977233290672302246e-02,2.753002569079399109e-02,-1.405665427446365356e-01,5.152431502938270569e-02,1.478946954011917114e-01,-1.589219123125076294e-01,-1.149670407176017761e-01,-2.181529402732849121e-01,1.255791336297988892e-01,5.182050541043281555e-02,-2.476840317249298096e-01,-1.360827684402465820e-01
1.497733741998672485e-01,2.223067730665206909e-01,-8.760046958923339844e-02,6.341718137264251709e-03,-1.278540194034576416e-01,9.430129081010818481e-02,-5.495463311672210693e-02,-1.036001667380332947e-01,5.826582200825214386e-03,9.333485364913940430e-02,1.308333426713943481e-01,-1.733816266059875488e-01,1.643881388008594513e-02,4.015997424721717834e-02,-5.714029818773269653e-02,-2.407134324312210083e-01,-5.549711361527442932e-02,4.290734976530075073e-02,-1.944361031055450439e-01,3.933277353644371033e-02,-4.407789185643196106e-02,1.246216520667076111e-01,2.958331070840358734e-02,-2.970405295491218567e-02,1.153843030333518982e-01,2.206678837537765503e-01,-4.450312815606594086e-03,1.000825501978397369e-02,1.413192749023437500e-01,-4.421020671725273132e-02,1.367162466049194336e-01,1.396495103836059570e-01,-6.176722049713134766e-02,1.401997208595275879e-01,3.325279057025909424e-01,-2.215186953544616699e-01,-6.199351698160171509e-02,-2.058283053338527679e-02,3.097737729549407959e-01,-2.001075819134712219e-02,1.158761903643608093e-01,1.687400043010711670e-01,-7.658773660659790039e-02,2.231459915637969971e-01,2.860481292009353638e-02,5.096089839935302734e-02,2.215628176927566528e-01,2.058492451906204224e-01,-1.470987219363451004e-02,2.044845819473266602e-01,-5.139807239174842834e-02,-7.742586731910705566e-02,1.769368201494216919e-01,-1.360827684402465820e-01
1.633093804121017456e-01,2.529309689998626709e-01,1.563250124454498291e-01,-1.488784402608871460e-01,6.824679672718048096e-02,2.212503254413604736e-01,7.632187008857727051e-02,-1.960163265466690063e-01,5.652813613414764404e-02,2.615737915039062500e-01,1.227067634463310242e-01,1.578722149133682251e-02,6.244983524084091187e-02,-3.586451290175318718e-03,1.771179288625717163e-01,-2.808096446096897125e-02,-6.362003833055496216e-02,2.557653188705444336e-01,1.259579658508300781e-01,2.408545315265655518e-01,2.780759334564208984e-01,7.079792767763137817e-02,4.298119246959686279e-02,3.716031089425086975e-02,1.463147550821304321e-01,-6.181780248880386353e-02,-6.996967643499374390e-02,1.472282502800226212e-02,5.334954336285591125e-02,-1.616326868534088135e-01,1.597360968589782715e-01,-1.524485498666763306e-01,5.346134305000305176e-02,-1.792202144861221313e-01,-2.358019053936004639e-01,-6.736125797033309937e-02,-9.004856646060943604e-02,-6.667847186326980591e-02,-8.985896408557891846e-02,-1.722842305898666382e-01,1.247072294354438782e-01,3.892882913351058960e-02,-1.284622997045516968e-01,-2.113153412938117981e-02,-1.877198070287704468e-01,-8.905992656946182251e-02,-1.488952636718750000e-01,2.436634711921215057e-02,-3.371454775333404541e-02,-1.199158802628517151e-01,-9.983810782432556152e-02,2.562033943831920624e-02,-1.220145747065544128e-01,-1.360827684402465820e-01
1.570995002985000610e-01,3.197721838951110840e-01,5.806525237858295441e-03,1.004235967993736267e-01,-8.332668244838714600e-02,8.609314262866973877e-02,-5.092352628707885742e-02,-2.221588939428329468e-01,-1.834097877144813538e-02,1.136273965239524841e-01,2.764250338077545166e-01,2.328677922487258911e-01,1.236814111471176147e-01,-1.809659041464328766e-02,6.678432971239089966e-02,9.871295653283596039e-03,1.049606651067733765e-01,-1.094277426600456238e-01,2.464690208435058594e-01,-2.842172421514987946e-02,1.930575668811798096e-01,-6.699366122484207153e-02,5.951444059610366821e-02,8.188439905643463135e-02,-2.298899590969085693e-01,-1.691844165325164795e-01,1.740498393774032593e-01,-9.583769366145133972e-03,9.307233989238739014e-02,2.826204597949981689e-01,-1.581231951713562012e-01,5.214789509773254395e-02,3.898853901773691177e-03,1.139266416430473328e-01,2.160672098398208618e-01,-4.396309703588485718e-02,1.339368969202041626e-01,1.882993802428245544e-02,-8.439169265329837799e-03,7.792863249778747559e-02,-1.933285742998123169e-01,-2.186453044414520264e-01,1.608485132455825806e-01,-5.087101832032203674e-03,1.476909518241882324e-01,2.263627573847770691e-02,-1.032264083623886108e-01,-8.434020727872848511e-02,5.074239894747734070e-02,7.201301306486129761e-02,4.620383679866790771e-02,7.030947133898735046e-03,4.710758849978446960e-02,-1.360827684402465820e-01
