-2.662508189678192139e-01,-4.062022641301155090e-02,-7.328987866640090942e-02,-2.669453918933868408e-01,-1.765622198581695557e-01,1.244710683822631836e-01,2.346056550741195679e-01,-3.923840820789337158e-01,1.063519120216369629e-01,1.334096342325210571e-01,-9.599538892507553101e-02,6.555408984422683716e-02,1.431249827146530151e-01,-1.669711470603942871e-01,-5.899893864989280701e-02,6.586128473281860352e-02,1.915329992771148682e-01,-3.418704867362976074e-02,-1.754202530719339848e-03,-3.104398585855960846e-02,-2.573692798614501953e-01,2.493412345647811890e-01,2.598526515066623688e-02,2.168316096067428589e-01,-1.025998070836067200e-01,1.400035619735717773e-01,-2.211276628077030182e-02,-4.738012328743934631e-02,-1.247557252645492554e-01,9.058380872011184692e-02,-6.288123875856399536e-02,-2.521380037069320679e-02,-5.332173034548759460e-02,4.473451524972915649e-02,-3.189641609787940979e-02,1.049699336290359497e-01,1.782159954309463501e-01,5.169792845845222473e-02,-8.286121487617492676e-02,2.621806226670742035e-02,-9.926632046699523926e-02,1.754349023103713989e-01,-1.676957160234451294e-01,-7.566808164119720459e-02,-1.801339834928512573e-01,-9.205479919910430908e-02,9.410483390092849731e-02,-6.004351750016212463e-02,-7.747056428343057632e-03,3.415600210428237915e-02,2.660077810287475586e-02,-9.962587058544158936e-02,5.570418387651443481e-02,-1.360827684402465820e-01
-2.579750716686248779e-01,-1.103409379720687866e-02,-1.201211214065551758e-01,-2.820719480514526367e-01,-5.072271078824996948e-02,6.896405667066574097e-02,-4.646430164575576782e-02,-1.858353465795516968e-01,1.353536099195480347e-01,-3.422071784734725952e-02,1.680174618959426880e-01,2.625425159931182861e-01,-2.641147077083587646e-01,1.112102642655372620e-01,-5.397044867277145386e-02,-4.341871477663516998e-03,1.713980287313461304e-01,-1.378680467605590820e-01,2.408622950315475464e-01,1.311365664005279541e-01,3.016610071063041687e-02,1.591540724039077759e-01,-1.295258756726980209e-02,-1.717050671577453613e-01,2.285656630992889404e-01,-1.146444901823997498e-01,3.612813353538513184e-02,1.004561409354209900e-01,5.685691535472869873e-02,-1.927502751350402832e-01,-1.202009618282318115e-01,1.197105869650840759e-01,-5.443295929580926895e-03,4.052345827221870422e-02,7.218796759843826294e-02,-1.901497989892959595e-01,-1.317773014307022095e-01,-1.664613485336303711e-01,1.031933277845382690e-01,5.977480486035346985e-02,6.057495996356010437e-02,-2.794060111045837402e-01,1.035937890410423279e-01,3.306864947080612183e-02,1.277081519365310669e-01,-1.135190203785896301e-02,-4.933994635939598083e-02,1.423413753509521484e-01,3.031088411808013916e-02,-3.261668980121612549e-02,1.081140562891960144e-01,3.036037273705005646e-02,-5.259958095848560333e-03,-1.360827684402465820e-01
-2.691362500190734863e-01,3.128588199615478516e-02,-8.759588003158569336e-02,-2.698367238044738770e-01,-6.490478664636611938e-02,1.045726984739303589e-01,-5.611651390790939331e-02,-5.400284379720687866e-02,5.190012603998184204e-02,7.958160340785980225e-02,-5.773111060261726379e-02,9.664312750101089478e-02,-6.745953857898712158e-02,-1.065173223614692688e-01,-1.577071473002433777e-02,1.414124760776758194e-02,-1.763478666543960571e-02,-2.098748087882995605e-02,-2.135282754898071289e-01,-1.679901964962482452e-02,1.847657412290573120e-01,-3.712498843669891357e-01,-3.225697204470634460e-02,1.038641408085823059e-01,6.704315543174743652e-02,2.931407466530799866e-02,-8.401409722864627838e-03,1.153913326561450958e-02,-3.440428152680397034e-02,1.418005954474210739e-02,3.364480733871459961e-01,-1.157798394560813904e-01,2.542596124112606049e-02,-1.236982718110084534e-01,1.713365614414215088e-01,1.860921978950500488e-01,-1.390790194272994995e-01,8.296234905719757080e-02,1.621903479099273682e-01,-6.345417350530624390e-02,-6.676302850246429443e-02,1.577007621526718140e-01,2.397918701171875000e-01,-2.241779677569866180e-02,8.680883795022964478e-02,2.807890772819519043e-01,-7.754272222518920898e-02,-6.133278831839561462e-02,-6.943295896053314209e-02,-5.732193589210510254e-02,-2.326507419347763062e-01,1.092540994286537170e-01,-1.010687798261642456e-01,-1.360827684402465820e-01
-2.588684260845184326e-01,4.361117631196975708e-02,-1.704907268285751343e-01,-2.337980270385742188e-01,-5.944680422544479370e-02,3.363050520420074463e-02,-2.376515567302703857e-01,2.472004592418670654e-01,1.405446138232946396e-02,-1.831940859556198120e-01,8.786344528198242188e-02,1.036922931671142578e-01,1.308962851762771606e-01,1.756829172372817993e-01,-5.238835513591766357e-02,6.079829856753349304e-02,-1.337066888809204102e-01,-7.108958810567855835e-02,-1.682330109179019928e-02,-4.695257544517517090e-02,1.420558393001556396e-01,-8.691716194152832031e-02,6.122300028800964355e-02,-9.475050121545791626e-02,-2.335344851016998291e-01,2.461485564708709717e-02,1.579219400882720947e-01,3.802413493394851685e-02,4.255209490656852722e-02,1.047001313418149948e-02,5.558488517999649048e-02,1.569506973028182983e-01,1.781876534223556519e-01,-5.072195827960968018e-02,-2.763834297657012939e-01,-1.416036039590835571e-01,1.221491172909736633e-01,2.670375406742095947e-01,-2.033351957798004150e-01,2.922255732119083405e-02,1.848253458738327026e-01,1.090843975543975830e-01,-2.366447448730468750e-01,1.194140911102294922e-01,-1.011522486805915833e-01,-3.642296791076660156e-02,9.227022528648376465e-02,3.348680585622787476e-02,1.065389961004257202e-01,-1.379556022584438324e-02,-3.979315236210823059e-02,4.422955214977264404e-02,1.052604764699935913e-01,-1.360827684402465820e-01
-2.572647035121917725e-01,8.160558342933654785e-02,-1.335726380348205566e-01,-9.631152451038360596e-02,-8.477281779050827026e-03,4.336683824658393860e-02,-8.956267684698104858e-02,8.092623949050903320e-02,8.215948939323425293e-03,4.940295964479446411e-02,-5.802360177040100098e-02,-1.616500616073608398e-01,1.061661094427108765e-01,8.363231271505355835e-02,-3.403785871341824532e-03,-3.012597560882568359e-01,-1.447844952344894409e-01,1.773511022329330444e-01,-9.615762531757354736e-02,-9.193409234285354614e-02,2.610185183584690094e-02,-1.915087997913360596e-01,-1.610813438892364502e-01,2.703691832721233368e-03,-5.059722810983657837e-02,-1.146563068032264709e-01,-3.827947378158569336e-02,5.115042626857757568e-02,-1.255462318658828735e-01,-4.329195618629455566e-02,-1.780393719673156738e-01,-3.293003737926483154e-01,-4.498257488012313843e-02,1.763428933918476105e-02,-1.040915548801422119e-01,6.394948810338973999e-02,1.944714575074613094e-03,-2.152341604232788086e-01,7.208207994699478149e-02,-1.911646276712417603e-01,-7.791294157505035400e-02,-2.357249855995178223e-01,-1.265151649713516235e-01,-1.155582489445805550e-03,6.647713482379913330e-02,-3.404203355312347412e-01,-9.966907650232315063e-02,-8.086334168910980225e-02,-2.222861051559448242e-01,5.408568680286407471e-02,1.773282736539840698e-01,-9.590038657188415527e-02,1.551808603107929230e-02,-1.360827684402465820e-01
-2.167654484510421753e-01,-1.051386594772338867e-01,-1.690933406352996826e-01,7.698301225900650024e-03,-3.904409334063529968e-02,-4.234589263796806335e-02,-7.213871926069259644e-02,1.090428307652473450e-01,5.917229130864143372e-02,-1.514976937323808670e-02,-6.970800459384918213e-02,-1.839282959699630737e-01,1.777129322290420532e-01,-2.542710490524768829e-02,2.037660032510757446e-01,-2.038982063531875610e-01,-2.039674669504165649e-01,3.701385110616683960e-02,6.513132713735103607e-03,5.266453325748443604e-02,-7.022948935627937317e-03,1.932522654533386230e-01,1.991118788719177246e-01,-1.327353268861770630e-01,-2.133423388004302979e-01,9.009133279323577881e-02,-3.017294406890869141e-01,-1.823689937591552734e-01,4.833792895078659058e-02,3.265633946284651756e-03,-1.600709110498428345e-01,1.018306016921997070e-01,-1.566942632198333740e-01,-2.663470618426799774e-02,2.051940858364105225e-01,-1.894666813313961029e-02,-2.105690073221921921e-03,-3.390112519264221191e-02,-1.994837671518325806e-01,5.038284882903099060e-02,-5.262409895658493042e-02,-1.720081716775894165e-01,3.045065402984619141e-01,-1.220097541809082031e-01,2.309253811836242676e-02,2.470332235097885132e-01,8.861391246318817139e-02,4.021829366683959961e-02,1.454704105854034424e-01,2.491113543510437012e-02,-1.033990532159805298e-01,-6.430353969335556030e-02,-3.314618393778800964e-02,-1.360827684402465820e-01
-2.153261750936508179e-01,1.055547073483467102e-01,-6.736969947814941406e-02,3.442207723855972290e-02,8.444543927907943726e-02,-1.155483797192573547e-01,1.036071330308914185e-01,6.707961112260818481e-02,-5.678615719079971313e-02,2.797387540340423584e-02,3.971426561474800110e-02,-3.586858212947845459e-01,1.281949877738952637e-01,9.750933200120925903e-02,6.324245780706405640e-02,-4.918020218610763550e-02,2.639051377773284912e-01,1.934512555599212646e-01,1.624038368463516235e-01,-2.210768908262252808e-01,-4.534151032567024231e-02,8.022543042898178101e-02,-1.510973721742630005e-01,-3.244416043162345886e-02,4.572681710124015808e-02,5.051530897617340088e-03,2.030337750911712646e-01,1.141205877065658569e-01,3.736976981163024902e-01,1.676871627569198608e-02,8.270210027694702148e-02,-1.387357804924249649e-02,-3.561320528388023376e-02,2.307883799076080322e-01,-3.866730257868766785e-02,2.479904703795909882e-02,1.554409624077379704e-03,-5.223951861262321472e-02,2.222599983215332031e-01,2.607051655650138855e-02,8.742959238588809967e-03,1.894162446260452271e-01,3.379028290510177612e-02,7.230450212955474854e-02,-1.174147147685289383e-02,2.101595550775527954e-01,-3.660187497735023499e-02,-1.797984912991523743e-02,2.141079157590866089e-01,1.778023988008499146e-01,8.849395811557769775e-02,1.201016083359718323e-01,-2.138526923954486847e-02,-1.360827684402465820e-01
-1.554741412401199341e-01,-1.775337457656860352e-01,-9.303279221057891846e-02,1.048670932650566101e-01,-1.178726404905319214e-01,-1.771684437990188599e-01,1.915413886308670044e-01,-7.978966087102890015e-02,-1.011423468589782715e-01,1.112835854291915894e-01,-2.553502470254898071e-02,-3.500810563564300537e-01,-1.262075752019882202e-01,-1.072406172752380371e-01,2.619783878326416016e-01,1.574053913354873657e-01,-3.023144090548157692e-03,2.794727496802806854e-02,8.350169658660888672e-02,1.106184571981430054e-01,1.087200492620468140e-01,-7.777858525514602661e-02,1.176327317953109741e-01,-7.999114692211151123e-02,-1.160518638789653778e-02,1.921219676733016968e-01,1.090761050581932068e-01,-1.455043852329254150e-01,-7.771141827106475830e-02,-7.075483445078134537e-03,1.677831821143627167e-02,2.509368956089019775e-01,1.380646526813507080e-01,-6.833527982234954834e-02,-6.049837917089462280e-02,-8.469587564468383789e-02,-2.357263118028640747e-02,-4.025499150156974792e-02,3.362411260604858398e-02,8.127804845571517944e-02,1.409919708967208862e-01,6.252826750278472900e-02,-2.676426991820335388e-02,9.715003520250320435e-02,1.353795975446701050e-01,-2.188174128532409668e-01,-1.337184756994247437e-01,-4.745659604668617249e-02,-3.218369185924530029e-01,-2.502893805503845215e-01,1.860448345541954041e-02,1.320744603872299194e-01,-6.932434439659118652e-02,-1.360827684402465820e-01
-1.713297665119171143e-01,2.538798749446868896e-02,-3.474360704421997070e-02,5.911366641521453857e-02,1.476805061101913452e-01,-1.308906376361846924e-01,2.388779520988464355e-01,9.683131240308284760e-03,-7.629518210887908936e-02,-2.483324706554412842e-01,9.240251779556274414e-02,-1.626410335302352905e-01,-1.585944890975952148e-01,-3.095019422471523285e-02,2.081384807825088501e-01,9.907933324575424194e-02,1.078078970313072205e-01,-2.171929366886615753e-02,-2.922016382217407227e-02,2.619547769427299500e-02,-4.765224456787109375e-02,-1.721525788307189941e-01,9.209917858242988586e-03,9.731253236532211304e-02,2.489669471979141235e-01,-2.928818166255950928e-01,-2.852198183536529541e-01,-2.283666841685771942e-02,-1.293115131556987762e-02,9.052462130784988403e-02,1.119721755385398865e-01,-7.839162647724151611e-02,1.143037527799606323e-02,-1.765532493591308594e-01,-3.029689192771911621e-02,4.788282513618469238e-02,-1.278602033853530884e-01,9.025706350803375244e-02,-5.869433283805847168e-02,5.520444363355636597e-02,3.838609531521797180e-02,-1.056125462055206299e-01,-1.922263950109481812e-01,-1.259917672723531723e-02,-1.864976286888122559e-01,-8.507604151964187622e-02,1.857052892446517944e-01,2.138627767562866211e-01,1.725106686353683472e-01,1.433328632265329361e-02,-1.326277554035186768e-01,-2.631916701793670654e-01,5.359201133251190186e-02,-1.360827684402465820e-01
-1.535222977399826050e-01,-8.440919918939471245e-04,-6.267517060041427612e-02,9.248948097229003906e-02,2.365525066852569580e-01,-1.112371981143951416e-01,-1.696965657174587250e-03,1.764469593763351440e-01,-5.204983428120613098e-02,-1.428619474172592163e-01,2.719337642192840576e-01,8.791098743677139282e-02,-1.549541205167770386e-01,-2.977123856544494629e-02,4.021711274981498718e-02,1.589656025171279907e-01,-1.016415655612945557e-01,3.563892794772982597e-03,-9.784717857837677002e-02,7.836685329675674438e-02,-2.706822156906127930e-01,2.427415102720260620e-01,-1.235182657837867737e-01,-7.534416019916534424e-02,1.320404410362243652e-01,-2.518397057428956032e-03,-1.542038167826831341e-03,-2.300414629280567169e-02,-2.547221481800079346e-01,-3.381618112325668335e-02,5.248807370662689209e-03,-5.245215445756912231e-02,2.047802060842514038e-01,2.948403358459472656e-02,-1.442448198795318604e-01,9.736459702253341675e-02,1.247436031699180603e-01,-9.379779547452926636e-02,-9.974170476198196411e-02,-2.629838585853576660e-01,-4.631133750081062317e-02,1.361839920282363892e-01,1.500516831874847412e-01,-2.986238896846771240e-01,-4.438535869121551514e-02,1.124865040183067322e-01,-8.047180622816085815e-02,-2.143872976303100586e-01,-5.182924121618270874e-02,1.931227184832096100e-02,4.339616745710372925e-02,2.060278207063674927e-01,-5.211840383708477020e-03,-1.360827684402465820e-01
-1.409076005220413208e-01,-2.759589441120624542e-02,-2.064597234129905701e-02,1.031099930405616760e-01,2.357426881790161133e-01,-5.644430592656135559e-02,1.286071836948394775e-01,2.156642079353332520e-01,-9.507172740995883942e-03,2.002744376659393311e-02,1.047202944755554199e-01,4.087829962372779846e-02,-1.940108388662338257e-01,-1.938160955905914307e-01,-4.055484831333160400e-01,-1.446341574192047119e-01,-1.347850859165191650e-01,-1.206987947225570679e-01,1.099739074707031250e-01,-1.980270817875862122e-02,-2.269136905670166016e-01,1.115815062075853348e-02,2.122500836849212646e-01,-9.321787208318710327e-02,-1.882273256778717041e-01,2.969635091722011566e-02,9.041236340999603271e-02,3.454679250717163086e-02,8.523200638592243195e-03,1.626069545745849609e-01,2.578838765621185303e-01,-1.446638721972703934e-02,-2.046653926372528076e-01,2.582937292754650116e-02,2.189770489931106567e-01,-3.212926536798477173e-02,1.478619873523712158e-02,8.903977274894714355e-02,3.634914755821228027e-02,1.386368125677108765e-01,-1.267305761575698853e-01,4.706372320652008057e-02,-1.046182736754417419e-01,5.233014374971389771e-02,2.037909775972366333e-01,-1.866035759449005127e-01,-9.553545713424682617e-02,1.066777557134628296e-01,-5.465535074472427368e-02,9.433759748935699463e-02,9.388245642185211182e-03,-4.914856702089309692e-02,-3.683066740632057190e-02,-1.360827684402465820e-01
-1.205537617206573486e-01,-4.513056203722953796e-02,-1.946107484400272369e-02,1.179083585739135742e-01,9.290670044720172882e-03,1.502460218034684658e-03,7.471664249897003174e-02,1.391267776489257812e-01,-1.656751334667205811e-01,1.001565456390380859e-01,-1.007735207676887512e-01,1.153638511896133423e-01,-2.432436496019363403e-01,8.895837515592575073e-02,-5.611103773117065430e-02,-1.077143847942352295e-01,-2.614081799983978271e-01,-1.412021815776824951e-01,-2.105775922536849976e-01,4.624560102820396423e-02,6.517691165208816528e-02,1.638643890619277954e-01,-7.888893783092498779e-02,2.519057989120483398e-01,1.476798653602600098e-01,5.313993245363235474e-02,7.131028920412063599e-02,3.245434165000915527e-02,7.902484387159347534e-02,7.377415150403976440e-02,-3.201178312301635742e-01,-1.751184090971946716e-02,5.213118717074394226e-02,1.979159563779830933e-01,6.133421137928962708e-02,2.892985939979553223e-02,-5.495434626936912537e-02,-4.077296704053878784e-02,5.309952795505523682e-02,1.503865271806716919e-01,4.884320870041847229e-02,7.927875220775604248e-02,-2.548373863101005554e-02,3.695281445980072021e-01,-2.397522032260894775e-01,1.443957537412643433e-01,-8.485459536314010620e-02,-1.430823504924774170e-01,2.688116952776908875e-02,-1.602627187967300415e-01,-7.460512965917587280e-02,-1.969568133354187012e-01,-5.298447608947753906e-02,-1.360827684402465820e-01
-1.387711763381958008e-01,1.841321289539337158e-01,1.070324629545211792e-01,1.082221940159797668e-01,-6.397998332977294922e-02,-1.684101484715938568e-02,-2.868871763348579407e-02,1.404007226228713989e-01,-1.892193853855133057e-01,4.746379703283309937e-02,-2.076843231916427612e-01,9.637591242790222168e-02,9.613929688930511475e-02,-1.790315806865692139e-01,-3.313534706830978394e-02,1.307474523782730103e-01,1.261715739965438843e-01,-1.246049553155899048e-01,-2.111949622631072998e-01,3.634541481733322144e-02,2.311617136001586914e-01,7.042854279279708862e-02,-7.398185133934020996e-02,1.965074241161346436e-01,7.974262535572052002e-02,-6.233308464288711548e-02,-1.387937217950820923e-01,6.261350214481353760e-02,1.488537527620792389e-02,2.065371423959732056e-01,-1.154982671141624451e-02,1.975181698799133301e-01,-7.950811646878719330e-03,1.079639866948127747e-01,1.625570654869079590e-01,-6.643804907798767090e-02,-7.197172939777374268e-02,1.205268725752830505e-01,-7.522902637720108032e-02,-5.410676822066307068e-02,8.600894361734390259e-02,-1.170283704996109009e-01,8.321750164031982422e-02,-1.105037331581115723e-01,1.690964251756668091e-01,-2.145480513572692871e-01,1.465835720300674438e-01,-6.490654498338699341e-02,1.084197834134101868e-01,1.260823160409927368e-01,3.655175864696502686e-01,2.494463175535202026e-01,8.991292677819728851e-03,-1.360827684402465820e-01
-1.258362978696823120e-01,1.340996623039245605e-01,3.507343679666519165e-02,2.514005601406097412e-01,-6.100906804203987122e-02,-2.088016644120216370e-02,-1.287332773208618164e-01,1.308325529098510742e-01,-5.911245569586753845e-02,2.750673592090606689e-01,-1.705765537917613983e-02,-2.961529791355133057e-02,-4.876243323087692261e-02,4.833411052823066711e-02,-2.550069093704223633e-01,2.364269942045211792e-01,1.435267478227615356e-01,8.255466073751449585e-02,6.772748380899429321e-02,1.468170136213302612e-01,1.457680016756057739e-01,9.341607801616191864e-03,-1.684831231832504272e-01,6.536070257425308228e-02,-6.634209305047988892e-02,1.029274389147758484e-01,1.601589620113372803e-01,-1.168156936764717102e-01,5.000562220811843872e-02,-1.507547497749328613e-01,4.696720093488693237e-02,-7.811499387025833130e-02,-7.446026057004928589e-02,6.240228936076164246e-02,-3.782921656966209412e-02,-1.020694151520729065e-01,9.362012892961502075e-02,-1.003463715314865112e-01,-9.219985455274581909e-03,1.509821228682994843e-02,-9.931425750255584717e-02,-1.597069650888442993e-01,6.130237132310867310e-02,-2.633737623691558838e-01,-1.268231570720672607e-01,-1.825106143951416016e-02,2.626717984676361084e-01,1.500760465860366821e-01,-1.301001310348510742e-01,-9.212791174650192261e-02,-3.390597105026245117e-01,-1.450682729482650757e-01,1.604865789413452148e-01,-1.360827684402465820e-01
-7.582180947065353394e-02,-2.326534837484359741e-01,-5.840603634715080261e-02,2.558728456497192383e-01,-5.871010199189186096e-02,-6.336215138435363770e-02,-1.431551426649093628e-01,-5.450515076518058777e-02,-1.719527691602706909e-01,-8.740678429603576660e-02,-1.105441898107528687e-01,1.408037692308425903e-01,-3.929492831230163574e-02,-1.910513043403625488e-01,-1.315786093473434448e-01,1.440518647432327271e-01,1.290644556283950806e-01,-1.058995574712753296e-01,1.543217450380325317e-01,-1.769846826791763306e-01,1.476619243621826172e-01,-7.922057062387466431e-02,7.077125459909439087e-02,-8.726552873849868774e-02,-7.263679057359695435e-03,3.775788703933358192e-03,-5.413919687271118164e-02,-1.467023491859436035e-01,1.407124400138854980e-01,-2.417433261871337891e-01,-1.454180032014846802e-01,-2.041618824005126953e-01,-8.747728914022445679e-02,-3.126082420349121094e-01,-7.681144028902053833e-02,1.505061686038970947e-01,1.470995992422103882e-01,1.021851599216461182e-01,2.469626255333423615e-02,1.971893943846225739e-02,-5.853882804512977600e-02,-6.030250340700149536e-02,-1.566782444715499878e-01,-1.002278272062540054e-02,-4.361153766512870789e-02,2.390404343605041504e-01,-1.434590965509414673e-01,-1.152677536010742188e-01,9.624614380300045013e-03,4.382732138037681580e-02,2.935916781425476074e-01,-3.791321069002151489e-02,-7.652942836284637451e-02,-1.360827684402465820e-01
-9.230597317218780518e-02,1.842818558216094971e-01,1.727753579616546631e-01,1.211577430367469788e-01,-3.780018910765647888e-02,-1.328432559967041016e-01,2.977490797638893127e-02,-1.293329000473022461e-01,-1.294559389352798462e-01,-1.367348283529281616e-01,-2.245495766401290894e-01,2.368081957101821899e-01,1.174592822790145874e-01,-1.148537620902061462e-01,1.723825931549072266e-03,1.068114265799522400e-01,-6.468190997838973999e-02,1.436503678560256958e-01,7.196735590696334839e-02,1.288597844541072845e-02,-1.703870743513107300e-01,-3.694438934326171875e-02,2.352487593889236450e-01,-2.672011032700538635e-02,-1.039029285311698914e-01,-8.904890716075897217e-02,-1.737487763166427612e-01,1.306775957345962524e-01,-4.043132532387971878e-03,-1.038200482726097107e-01,-8.149693161249160767e-02,-2.682086639106273651e-02,-1.509022861719131470e-01,2.211447507143020630e-01,-2.069332152605056763e-01,1.759610138833522797e-02,3.331499919295310974e-02,-2.575195766985416412e-02,1.288654059171676636e-01,-2.719045281410217285e-01,1.697232425212860107e-01,-2.177557162940502167e-02,2.737380005419254303e-02,2.050299346446990967e-01,9.041055291891098022e-02,8.433406241238117218e-03,-1.459910720586776733e-01,1.669261157512664795e-01,2.624965272843837738e-02,-1.246856003999710083e-01,-3.060129284858703613e-01,1.709976643323898315e-01,3.054928220808506012e-02,-1.360827684402465820e-01
-8.069044351577758789e-02,7.334697991609573364e-02,8.389035612344741821e-02,2.278569191694259644e-01,6.584597378969192505e-02,-2.997824363410472870e-02,-4.659201949834823608e-02,-1.269938051700592041e-01,1.263464689254760742e-01,2.319466173648834229e-01,-4.382849484682083130e-02,1.687688380479812622e-01,2.734282985329627991e-02,5.086945835500955582e-03,7.005921006202697754e-02,-1.307291984558105469e-01,-1.542438473552465439e-02,1.092648133635520935e-01,8.100858330726623535e-02,-1.063698977231979370e-01,-4.249298945069313049e-02,-2.688336074352264404e-01,3.074571257457137108e-03,-2.025089412927627563e-01,2.623876333236694336e-01,9.500352293252944946e-02,1.131817698478698730e-01,5.987607315182685852e-02,-2.394608110189437866e-01,1.493958085775375366e-01,-1.287081390619277954e-01,1.956534981727600098e-01,-1.006803065538406372e-01,-9.224589169025421143e-02,-1.618645153939723969e-02,-1.483949720859527588e-01,-7.157328724861145020e-02,-1.343911886215209961e-01,-1.848368942737579346e-01,-2.223870530724525452e-02,2.955300547182559967e-02,1.384925246238708496e-01,-2.211631685495376587e-01,-7.958404719829559326e-03,2.120710760354995728e-01,1.660407036542892456e-01,1.787826865911483765e-01,-2.394625693559646606e-01,1.530270129442214966e-01,1.197397187352180481e-01,-8.660022169351577759e-02,-1.195921599864959717e-01,3.210062906146049500e-02,-1.360827684402465820e-01
-7.983105629682540894e-02,1.551938056945800781e-01,9.581150114536285400e-02,2.090432345867156982e-01,1.754888333380222321e-03,-5.201425030827522278e-02,-2.125912606716156006e-01,-1.192662864923477173e-01,7.098414748907089233e-02,7.527396827936172485e-02,-1.275488883256912231e-01,1.022043824195861816e-01,1.642431616783142090e-01,1.502898335456848145e-01,1.598901930265128613e-03,6.290306919254362583e-05,1.084265997633337975e-03,1.309715658426284790e-01,2.390919812023639679e-02,6.491465866565704346e-02,-6.799929589033126831e-02,7.123399525880813599e-02,8.242882043123245239e-02,-1.366287171840667725e-01,-1.173794362694025040e-02,-6.355267018079757690e-02,-1.355839818716049194e-01,1.617641448974609375e-01,-4.453590512275695801e-02,1.314641535282135010e-01,1.787389218807220459e-01,1.167678274214267731e-02,2.734387814998626709e-01,-7.179188728332519531e-02,-2.045236341655254364e-02,-1.020020395517349243e-01,-1.617379337549209595e-01,3.936545178294181824e-02,2.676994912326335907e-02,1.744028031826019287e-01,-1.205248609185218811e-01,2.124191820621490479e-01,1.834093779325485229e-01,-3.710798174142837524e-02,-2.342819571495056152e-01,1.864759065210819244e-02,-2.046245038509368896e-01,2.046723961830139160e-01,-1.954017728567123413e-01,-7.894138991832733154e-02,3.010960817337036133e-01,-2.683617174625396729e-01,-3.890934213995933533e-02,-1.360827684402465820e-01
-3.442606702446937561e-02,-1.209699586033821106e-01,2.436102554202079773e-02,2.367783784866333008e-01,-9.996395558118820190e-03,-5.409649759531021118e-02,-9.110923111438751221e-02,-3.012813031673431396e-01,4.511130228638648987e-02,6.633776426315307617e-02,-7.379410415887832642e-02,4.591695964336395264e-02,4.524023830890655518e-02,3.188891112804412842e-01,3.565115109086036682e-02,-7.284899055957794189e-02,-1.654151678085327148e-01,-1.060415208339691162e-01,2.161659765988588333e-03,-4.724866151809692383e-02,-4.892758652567863464e-02,1.262037456035614014e-01,-1.138441041111946106e-01,-6.771392375230789185e-02,-8.283983916044235229e-03,-1.710296422243118286e-01,1.223903298377990723e-01,-2.070079091936349869e-03,2.778874151408672333e-02,6.349064409732818604e-02,1.427671909332275391e-01,-1.606046408414840698e-01,1.401509791612625122e-01,-1.436785310506820679e-01,1.918706595897674561e-01,2.633371949195861816e-01,2.659515738487243652e-01,2.438795194029808044e-02,3.835135325789451599e-02,1.446765363216400146e-01,2.463015466928482056e-01,-7.211586833000183105e-02,5.764779448509216309e-02,6.535300053656101227e-03,6.453971564769744873e-02,-2.371513396501541138e-01,1.574110537767410278e-01,4.543885122984647751e-03,1.492103934288024902e-01,-4.802738840226083994e-04,-1.507490724325180054e-01,2.165599465370178223e-01,-1.552783846855163574e-01,-1.360827684402465820e-01
-3.099645860493183136e-02,-1.143988221883773804e-01,8.474678546190261841e-02,1.286921352148056030e-01,5.487078800797462463e-02,5.429133772850036621e-02,1.383293792605400085e-02,-1.599082201719284058e-01,6.206344813108444214e-03,-1.450459361076354980e-01,5.451194569468498230e-02,-1.879539340734481812e-02,2.801376283168792725e-01,6.675933301448822021e-02,1.001802384853363037e-01,6.700866669416427612e-02,-2.106331884860992432e-01,-1.625014692544937134e-01,-1.206160858273506165e-01,1.366968303918838501e-01,5.056369118392467499e-03,4.774769768118858337e-02,-2.240951955318450928e-01,4.673305526375770569e-02,-6.220939103513956070e-03,-1.093282103538513184e-01,1.869537234306335449e-01,-1.597826629877090454e-01,-7.983259856700897217e-02,-1.750210225582122803e-01,1.046326085925102234e-01,2.788398861885070801e-01,-2.104715555906295776e-01,-6.968200951814651489e-02,3.747195005416870117e-02,-1.949957571923732758e-02,-1.174988225102424622e-01,7.116285711526870728e-02,2.145719379186630249e-01,-3.996239602565765381e-02,-2.613830566406250000e-01,-3.710950538516044617e-02,-3.214725479483604431e-02,1.172148063778877258e-01,-2.784598618745803833e-03,-4.577664658427238464e-03,-1.917801052331924438e-01,-9.715892374515533447e-03,1.015590969473123550e-02,1.829221844673156738e-01,-1.201884541660547256e-02,-2.101193182170391083e-02,4.003046452999114990e-01,-1.360827684402465820e-01
-2.706787176430225372e-02,-2.982795052230358124e-02,1.328179687261581421e-01,1.155481413006782532e-01,1.021346151828765869e-01,7.627144455909729004e-02,1.295399814844131470e-01,-1.271185278892517090e-01,1.281237900257110596e-01,-2.631231844425201416e-01,2.128603011369705200e-01,-8.045882731676101685e-02,2.895841300487518311e-01,1.757124625146389008e-02,-2.164247334003448486e-01,2.509350329637527466e-02,-7.523126900196075439e-02,-2.248168550431728363e-02,-1.672295108437538147e-02,8.340000361204147339e-02,7.075784727931022644e-03,-6.587040424346923828e-02,4.363729432225227356e-02,2.400245815515518188e-01,7.722295355051755905e-03,1.257123947143554688e-01,-2.142591960728168488e-02,-6.239782553166151047e-03,6.990929692983627319e-02,-2.037163227796554565e-01,-5.210735276341438293e-02,-1.577939391136169434e-01,8.249169588088989258e-02,-7.533603161573410034e-02,1.014631986618041992e-01,-3.348773717880249023e-01,-1.415442675352096558e-01,-1.149262413382530212e-01,-8.248160779476165771e-02,-6.570227444171905518e-02,6.150884553790092468e-02,7.458293437957763672e-02,1.431360654532909393e-02,1.550785899162292480e-01,-1.541021466255187988e-02,6.380999088287353516e-02,2.805572748184204102e-01,-2.157071605324745178e-02,-1.835638880729675293e-01,6.693567335605621338e-02,4.664731770753860474e-02,1.178181990981101990e-01,-3.351706564426422119e-01,-1.360827684402465820e-01
1.078709587454795837e-02,-1.268096566200256348e-01,9.414720535278320312e-02,1.509492844343185425e-01,-1.519797486253082752e-03,1.392067968845367432e-01,2.075557857751846313e-01,-1.263632625341415405e-01,1.019073873758316040e-01,-5.795570462942123413e-02,1.369456350803375244e-01,1.622770912945270538e-02,3.398125246167182922e-02,7.222156226634979248e-02,-1.706933788955211639e-02,-1.181224435567855835e-01,-8.794378489255905151e-02,-2.461055852472782135e-02,7.188883423805236816e-02,-5.216446146368980408e-02,2.208829075098037720e-01,-1.045932397246360779e-01,2.308588027954101562e-01,9.746200591325759888e-02,3.111150488257408142e-02,3.319885581731796265e-02,1.299511939287185669e-01,1.847373992204666138e-01,2.086000591516494751e-01,-9.808002412319183350e-02,-5.456237122416496277e-02,-2.867500552383717149e-05,1.255369484424591064e-01,2.879521846771240234e-01,-9.175937622785568237e-02,2.355681508779525757e-01,-1.898916661739349365e-01,1.763752698898315430e-01,-2.463794052600860596e-01,-5.922872200608253479e-02,-1.089045628905296326e-01,-4.530899971723556519e-02,2.650465629994869232e-02,-3.833935558795928955e-01,7.628529518842697144e-02,-1.081305965781211853e-01,-1.543257981538772583e-01,-6.241710856556892395e-02,1.099219024181365967e-01,-1.713101565837860107e-01,-1.502219680696725845e-02,-7.418576627969741821e-02,7.698483765125274658e-02,-1.360827684402465820e-01
9.763010893948376179e-04,-5.970723181962966919e-02,2.027836889028549194e-01,2.479613013565540314e-02,6.369180977344512939e-02,2.257624417543411255e-01,2.685680091381072998e-01,1.097279340028762817e-01,3.526522591710090637e-02,1.246746405959129333e-01,6.853876262903213501e-02,3.033916354179382324e-01,-6.098200008273124695e-02,1.577308475971221924e-01,3.054349422454833984e-01,-6.757663190364837646e-02,6.175366416573524475e-02,1.226895302534103394e-02,-1.025114953517913818e-01,1.407081335783004761e-01,-7.930725067853927612e-02,-1.345155984163284302e-01,-5.316463485360145569e-02,-4.304515942931175232e-02,-1.718544661998748779e-01,-1.774609647691249847e-02,-1.355755515396595001e-02,-1.713758856058120728e-01,2.885402143001556396e-01,1.904449462890625000e-01,1.017871126532554626e-01,6.251962482929229736e-02,-6.624770909547805786e-02,2.577024511992931366e-02,-2.481555342674255371e-01,3.973377123475074768e-02,2.124942839145660400e-01,-3.298391401767730713e-02,1.445769239217042923e-02,-1.838307455182075500e-02,-7.351986318826675415e-02,-1.725995391607284546e-01,-1.628148555755615234e-02,3.915949538350105286e-02,5.047552287578582764e-02,1.635143607854843140e-01,1.076382398605346680e-01,7.888308912515640259e-02,-2.303299307823181152e-01,5.216773971915245056e-02,1.548435688018798828e-01,1.202176511287689209e-02,-1.465741395950317383e-01,-1.360827684402465820e-01
2.012470737099647522e-03,1.686169579625129700e-02,1.929173916578292847e-01,5.655285343527793884e-02,-5.008337646722793579e-02,1.779643893241882324e-01,1.965876668691635132e-01,2.139292508363723755e-01,6.010260432958602905e-02,3.268348798155784607e-02,1.587091833353042603e-01,6.943991873413324356e-03,-3.070404194295406342e-02,2.918015122413635254e-01,-1.073402762413024902e-01,-1.116198301315307617e-02,2.009937465190887451e-01,3.762858361005783081e-02,-3.767929598689079285e-02,-2.449868619441986084e-01,1.715486496686935425e-02,-9.151584655046463013e-02,5.520554259419441223e-02,1.330482959747314453e-01,-1.191352605819702148e-01,1.762938052415847778e-01,-1.631199121475219727e-01,-5.430881306529045105e-02,-2.851130962371826172e-01,-1.240892335772514343e-02,-2.063557803630828857e-01,4.523191973567008972e-02,-5.167804658412933350e-02,-2.840609252452850342e-01,-2.659305185079574585e-02,1.298177172429859638e-03,7.528150454163551331e-03,-1.028654873371124268e-01,1.499049365520477295e-01,1.704173684120178223e-01,7.380151003599166870e-02,6.865862011909484863e-02,1.574121713638305664e-01,-3.080576285719871521e-02,-4.996082931756973267e-02,-9.113798290491104126e-02,-2.185378670692443848e-01,1.271151602268218994e-01,2.278904020786285400e-01,-5.613645911216735840e-02,-8.055388927459716797e-03,1.869937628507614136e-01,1.183673813939094543e-01,-1.360827684402465820e-01
5.283353477716445923e-02,-3.182507455348968506e-01,4.498074576258659363e-02,1.245439201593399048e-01,-2.191907018423080444e-01,1.144752725958824158e-01,4.972910135984420776e-02,2.014824748039245605e-01,1.396200358867645264e-01,-6.671810057014226913e-03,1.299806982278823853e-01,7.293653488159179688e-02,-5.398970097303390503e-03,-9.259454160928726196e-02,1.371083259582519531e-01,1.095352843403816223e-01,1.883019357919692993e-01,1.585384011268615723e-01,1.471378654241561890e-01,4.937442392110824585e-02,1.224534213542938232e-01,1.691046915948390961e-02,-1.025249511003494263e-01,-1.426178961992263794e-01,-1.763868927955627441e-01,-9.277812391519546509e-02,-1.371173560619354248e-01,2.716512978076934814e-01,-2.203774303197860718e-01,-2.846862934529781342e-02,1.300972700119018555e-01,-1.481583565473556519e-01,9.128760546445846558e-02,2.349065393209457397e-01,2.928652167320251465e-01,2.304932102560997009e-02,2.337878569960594177e-02,3.193863481283187866e-02,-7.138794660568237305e-02,-4.537307471036911011e-02,1.295430678874254227e-02,-2.831156924366950989e-02,-2.461516484618186951e-02,2.907620370388031006e-01,-9.619640558958053589e-02,6.782130338251590729e-03,4.239769279956817627e-02,-1.795020550489425659e-01,-3.939088061451911926e-02,9.780638664960861206e-02,-4.090470075607299805e-02,-2.451925352215766907e-02,1.475008279085159302e-01,-1.360827684402465820e-01
4.337761178612709045e-02,-3.630897030234336853e-02,2.719645202159881592e-01,-9.767154604196548462e-02,-3.510934412479400635e-01,9.512848407030105591e-02,7.949424535036087036e-02,1.669052392244338989e-01,-1.689533293247222900e-01,-3.149964287877082825e-02,-4.102890193462371826e-02,3.071859665215015411e-02,-1.768861711025238037e-02,-1.491170972585678101e-01,1.448894888162612915e-01,-1.178776994347572327e-01,-1.664284765720367432e-01,-2.905538678169250488e-02,5.224877037107944489e-03,-3.452875018119812012e-01,-1.528940200805664062e-01,1.110839694738388062e-01,-1.657364070415496826e-01,-8.786111325025558472e-02,9.546075761318206787e-02,-5.803697928786277771e-02,8.886504173278808594e-02,-7.450491189956665039e-02,6.326962262392044067e-03,-2.170750945806503296e-01,7.043892145156860352e-02,1.015363354235887527e-02,1.373523026704788208e-01,-2.209836244583129883e-02,1.141472384333610535e-01,-2.845000326633453369e-01,6.264075636863708496e-02,1.277392506599426270e-01,1.384658515453338623e-01,-1.250830590724945068e-01,-9.281571954488754272e-03,9.070062637329101562e-02,-1.246495451778173447e-02,-1.915457099676132202e-01,1.077006831765174866e-01,-5.436764284968376160e-02,4.670797660946846008e-02,1.062196865677833557e-01,6.734524667263031006e-02,-1.056579127907752991e-01,-4.014940932393074036e-02,-2.315544486045837402e-01,-1.712904125452041626e-01,-1.360827684402465820e-01
3.654982149600982666e-02,4.489181935787200928e-02,2.609394192695617676e-01,-7.054242491722106934e-02,-2.832929790019989014e-01,9.324624389410018921e-02,-1.681791096925735474e-01,8.937565982341766357e-02,7.430083304643630981e-02,1.409089863300323486e-01,1.502467840909957886e-01,-1.681265830993652344e-01,8.566167205572128296e-03,-1.239875331521034241e-01,-1.038828864693641663e-01,8.358851075172424316e-03,-1.230823621153831482e-01,7.080795615911483765e-02,-1.364209800958633423e-01,4.410199448466300964e-02,-1.046192571520805359e-01,7.777281105518341064e-02,2.206446379423141479e-01,-2.044153958559036255e-01,2.738900184631347656e-01,-7.897301018238067627e-02,-3.799581527709960938e-02,-1.315543204545974731e-01,-1.846740022301673889e-03,-6.676332652568817139e-02,4.898737370967864990e-02,-8.571079932153224945e-03,-9.306113421916961670e-02,1.034681946039199829e-01,-1.831337511539459229e-01,2.151234596967697144e-01,-2.096856534481048584e-01,1.726843044161796570e-02,1.872180029749870300e-02,2.758983075618743896e-01,-1.142296567559242249e-02,-1.027028933167457581e-01,-1.672001481056213379e-01,1.855213008821010590e-02,-2.176954895257949829e-01,5.047441460192203522e-03,6.073505058884620667e-02,-4.293766990303993225e-02,-5.157602950930595398e-02,1.507353037595748901e-01,-1.793517358601093292e-02,2.769748270511627197e-01,-8.907892554998397827e-02,-1.360827684402465820e-01
4.143171757459640503e-02,-7.691445760428905487e-03,1.907344907522201538e-01,-2.349712140858173370e-02,-5.673423781991004944e-02,2.311622910201549530e-02,-2.369765490293502808e-01,-2.800985984504222870e-02,1.132896635681390762e-02,-3.899864153936505318e-03,1.918957978487014771e-01,-1.459715962409973145e-01,-2.634023502469062805e-02,-1.850577592849731445e-01,1.842529699206352234e-02,1.875541359186172485e-02,1.918305456638336182e-01,-8.644257485866546631e-02,-2.975544333457946777e-01,7.877996563911437988e-02,-2.028183639049530029e-02,1.696744114160537720e-01,-3.685832768678665161e-02,2.693620696663856506e-02,-1.426613330841064453e-01,-7.728133350610733032e-02,4.257765412330627441e-02,2.082102745771408081e-01,2.035206109285354614e-01,-5.892006214708089828e-03,7.328496873378753662e-02,1.226253248751163483e-02,-9.822462499141693115e-02,-2.482519745826721191e-01,-1.511123329401016235e-01,1.005794927477836609e-01,1.307914871722459793e-02,-3.284480273723602295e-01,-2.388790845870971680e-01,-2.789711952209472656e-02,6.997917080298066139e-04,1.108625754714012146e-01,6.161157786846160889e-02,1.692057251930236816e-01,2.585617601871490479e-01,-7.866557687520980835e-02,-7.782389223575592041e-02,-5.112341046333312988e-02,1.438716650009155273e-01,-1.797831803560256958e-01,-4.837357625365257263e-02,-2.177896499633789062e-01,-7.919270545244216919e-03,-1.360827684402465820e-01
5.041605606675148010e-02,-1.168047711253166199e-01,1.450304687023162842e-01,-1.585843786597251892e-02,1.817163638770580292e-02,5.561367422342300415e-02,-1.664189547300338745e-01,-8.816424012184143066e-02,5.321520939469337463e-02,-1.056075170636177063e-01,1.411299109458923340e-01,-2.056410908699035645e-01,6.848343648016452789e-03,-8.395312726497650146e-02,-1.071879342198371887e-01,-8.553358912467956543e-02,1.008054465055465698e-01,-1.036954224109649658e-01,1.085219159722328186e-02,1.840153522789478302e-02,1.976410858333110809e-02,1.215950469486415386e-03,-1.258890628814697266e-01,-1.541388928890228271e-01,1.301842480897903442e-01,1.006168425083160400e-01,-5.932517815381288528e-03,1.798431277275085449e-01,6.713193655014038086e-02,4.468026459217071533e-01,-3.598099946975708008e-01,2.850325405597686768e-02,-4.388757795095443726e-02,-9.612236171960830688e-02,2.457576990127563477e-02,-7.885559462010860443e-03,1.191510930657386780e-01,3.544875979423522949e-01,1.637362539768218994e-01,-2.228935360908508301e-01,3.087300807237625122e-02,-4.747712239623069763e-02,7.274021953344345093e-02,-3.773633018136024475e-02,-5.294951051473617554e-02,5.275429040193557739e-02,-9.565632790327072144e-03,1.305423378944396973e-01,-2.446511089801788330e-01,-1.052033156156539917e-02,-1.582820713520050049e-01,1.500896457582712173e-02,4.155758023262023926e-02,-1.360827684402465820e-01
6.054613739252090454e-02,-1.006031706929206848e-01,1.898573487997055054e-01,-9.629155695438385010e-02,-1.067691668868064880e-01,4.793558269739151001e-02,-7.549102604389190674e-02,-1.675615459680557251e-01,-3.065196275711059570e-01,-2.739942669868469238e-01,-1.866783499717712402e-01,-9.496004134416580200e-02,-2.121340185403823853e-01,5.370741337537765503e-02,-2.900430187582969666e-02,-2.066124826669692993e-01,-4.393857344985008240e-02,-1.072950288653373718e-01,1.111469864845275879e-01,3.123503327369689941e-01,1.768329367041587830e-02,-1.446357220411300659e-01,-1.248737201094627380e-01,-9.338493645191192627e-02,-1.020746007561683655e-01,2.862642705440521240e-01,-7.605283707380294800e-02,-2.394477650523185730e-02,-2.861683070659637451e-02,1.313002705574035645e-01,1.464132517576217651e-01,-1.916126459836959839e-01,7.010188885033130646e-03,1.280747503042221069e-01,-5.568592995405197144e-02,-1.293665915727615356e-01,-2.527669630944728851e-02,-2.344804704189300537e-01,-3.057131730020046234e-02,7.488796114921569824e-02,3.844429925084114075e-02,1.063983365893363953e-01,-6.502122431993484497e-02,-1.589958369731903076e-01,-8.008240163326263428e-02,4.341098293662071228e-02,-1.049664057791233063e-02,-6.582766305655241013e-03,1.788201034069061279e-01,8.901178836822509766e-02,6.845529377460479736e-02,9.371059387922286987e-02,1.554929018020629883e-01,-1.360827684402465820e-01
3.475088253617286682e-02,1.594465523958206177e-01,1.893284469842910767e-01,-1.173526123166084290e-01,3.717071563005447388e-02,-1.727046631276607513e-02,-2.054016292095184326e-01,2.258386649191379547e-02,-6.664411723613739014e-02,-3.055787384510040283e-01,-4.214207082986831665e-02,-2.440958470106124878e-02,-6.819259375333786011e-02,2.383818030357360840e-01,7.939109206199645996e-02,-6.592699792236089706e-04,2.522534132003784180e-01,1.360092312097549438e-01,6.934155523777008057e-02,-3.086959384381771088e-02,-9.615423157811164856e-03,1.636546663939952850e-02,2.126511931419372559e-01,1.653521507978439331e-01,1.215463131666183472e-01,1.757973246276378632e-02,2.221184372901916504e-01,-3.011941015720367432e-01,-1.437437683343887329e-01,-6.493768654763698578e-03,5.311157181859016418e-02,2.816895022988319397e-02,-1.701038777828216553e-01,1.404278427362442017e-01,2.003892511129379272e-01,1.112650111317634583e-01,1.355339884757995605e-01,1.128901392221450806e-01,-1.786280870437622070e-01,3.479232080280780792e-03,1.130899339914321899e-01,-3.987381607294082642e-02,1.149249598383903503e-01,6.648477166891098022e-02,4.565894231200218201e-02,-4.325647279620170593e-02,-1.262527704238891602e-01,-1.664637178182601929e-01,-1.834048181772232056e-01,1.022773385047912598e-01,-8.285375311970710754e-03,-2.373444437980651855e-01,-9.097595512866973877e-02,-1.360827684402465820e-01
5.428083986043930054e-02,-1.544888876378536224e-02,1.085393205285072327e-01,-5.089448764920234680e-02,2.153873443603515625e-01,8.183076232671737671e-02,-2.556320428848266602e-01,-4.360125958919525146e-02,9.711685776710510254e-02,1.600896194577217102e-02,4.295691847801208496e-02,-7.340770959854125977e-02,-1.344485580921173096e-01,-2.280240207910537720e-01,3.242096304893493652e-02,-1.164274737238883972e-01,-1.050123870372772217e-01,2.169617414474487305e-01,1.129344329237937927e-01,8.123079314827919006e-03,-1.982556656002998352e-03,-1.394042968750000000e-01,1.242394298315048218e-01,2.210903316736221313e-01,-1.975495181977748871e-02,-2.796168811619281769e-02,5.402738973498344421e-02,-5.616101250052452087e-02,-4.005110263824462891e-02,-9.286907315254211426e-02,-3.044864162802696228e-02,2.438704222440719604e-01,1.981367021799087524e-01,4.832256212830543518e-02,1.737694740295410156e-01,1.567933708429336548e-01,2.509067654609680176e-01,-1.231357678771018982e-01,1.550976634025573730e-01,-1.110960394144058228e-01,-1.304428130388259888e-01,-1.941168331541121006e-03,-7.842438668012619019e-02,8.492179214954376221e-02,-1.220485642552375793e-01,4.148644208908081055e-02,2.327300012111663818e-01,1.941007375717163086e-01,1.515303403139114380e-01,-2.435156404972076416e-01,2.333470731973648071e-01,9.460513293743133545e-02,1.185524463653564453e-01,-1.360827684402465820e-01
6.118325516581535339e-02,-8.058194071054458618e-02,5.964686721563339233e-02,-8.367864042520523071e-02,3.383257091045379639e-01,1.223113760352134705e-01,-1.363180875778198242e-01,-4.564931616187095642e-02,-6.000708416104316711e-02,-4.292146861553192139e-02,-1.568879038095474243e-01,1.146882995963096619e-01,-1.198536232113838196e-01,-2.233246117830276489e-01,1.432022899389266968e-01,-5.952791497111320496e-02,6.070084124803543091e-02,1.661280989646911621e-01,1.644286364316940308e-01,-1.498953700065612793e-01,7.449342310428619385e-02,1.254015564918518066e-01,-1.249872818589210510e-01,1.189077571034431458e-01,-2.646251916885375977e-01,-1.667200922966003418e-01,3.780945762991905212e-02,9.044006001204252243e-04,3.369710966944694519e-02,1.871467940509319305e-02,-1.215014457702636719e-01,8.364313840866088867e-02,9.650886058807373047e-02,-1.044890284538269043e-01,-1.447838842868804932e-01,-9.925977885723114014e-02,-2.790580987930297852e-01,1.959628611803054810e-02,2.752036973834037781e-02,2.429582029581069946e-01,-7.497318834066390991e-02,-1.048181578516960144e-02,4.473175480961799622e-02,-9.831786900758743286e-02,-9.471424669027328491e-02,-1.528287976980209351e-01,-1.035864837467670441e-02,-1.863518208265304565e-01,-8.108628541231155396e-02,1.741267889738082886e-01,-2.831105887889862061e-01,1.186457276344299316e-01,-1.414193361997604370e-01,-1.360827684402465820e-01
8.280178159475326538e-02,-2.007268518209457397e-01,-2.273479010909795761e-03,-7.467430830001831055e-02,1.921209990978240967e-01,6.334632635116577148e-02,-7.365543395280838013e-02,-1.416649320162832737e-03,9.738700836896896362e-02,1.020657420158386230e-01,-1.853725910186767578e-01,-5.980215221643447876e-02,-1.454463303089141846e-01,1.744963079690933228e-01,2.838842757046222687e-02,1.816096156835556030e-01,-6.125638633966445923e-02,1.224360316991806030e-01,-2.390250749886035919e-02,-1.161894202232360840e-01,-4.295140504837036133e-02,2.032935172319412231e-01,-1.528909057378768921e-01,-2.354804798960685730e-02,-2.926247753202915192e-02,1.499113738536834717e-01,3.316547349095344543e-02,-8.187725394964218140e-02,-1.202237159013748169e-01,-1.683016493916511536e-02,5.916512385010719299e-02,-2.002092748880386353e-01,-2.523208260536193848e-01,3.427202627062797546e-02,-8.583825081586837769e-02,6.996415555477142334e-02,-3.937149643898010254e-01,2.153539210557937622e-01,-1.227677762508392334e-01,-1.709263473749160767e-01,8.556824922561645508e-02,5.779911577701568604e-02,-5.649815872311592102e-02,9.423975646495819092e-02,1.591523736715316772e-01,5.988129973411560059e-02,1.698389053344726562e-01,2.430723011493682861e-01,3.514221683144569397e-02,-2.078714668750762939e-01,2.021613419055938721e-01,4.319258406758308411e-02,1.602047309279441833e-02,-1.360827684402465820e-01
8.684410899877548218e-02,-8.881659060716629028e-02,1.139312237501144409e-01,-1.818576157093048096e-01,1.118966042995452881e-01,-3.507104516029357910e-02,9.959316998720169067e-02,-7.860047742724418640e-03,1.369989365339279175e-01,1.278647333383560181e-01,-2.151616066694259644e-01,-1.461156606674194336e-01,-1.446787919849157333e-02,-1.020751893520355225e-03,-1.020460054278373718e-01,1.738376766443252563e-01,-1.779443174600601196e-01,2.196504771709442139e-01,-4.006242379546165466e-02,-1.080382429063320160e-02,-8.173692971467971802e-02,7.080088369548320770e-03,-1.179885771125555038e-02,1.602180004119873047e-01,1.941486001014709473e-01,8.393202006118372083e-05,-1.946142874658107758e-02,1.781574040651321411e-01,9.868565946817398071e-02,1.402435544878244400e-02,1.309662461280822754e-01,-7.814620435237884521e-02,8.206246048212051392e-02,-1.322275698184967041e-01,4.902582732029259205e-04,-3.068147897720336914e-01,2.783485949039459229e-01,6.883742660284042358e-02,-2.246690988540649414e-01,1.122964397072792053e-01,2.631428651511669159e-02,-3.361329436302185059e-01,-1.469521503895521164e-02,4.715974209830164909e-04,3.477429971098899841e-02,1.554155498743057251e-01,-3.096733689308166504e-01,-7.864432781934738159e-02,4.688245803117752075e-02,3.362965956330299377e-02,-8.590840734541416168e-03,7.453466206789016724e-02,1.467215567827224731e-01,-1.360827684402465820e-01
1.008014753460884094e-01,-8.532311767339706421e-02,8.134142309427261353e-02,-2.047078460454940796e-01,1.016057841479778290e-02,-5.611625313758850098e-02,6.104600802063941956e-02,1.055560335516929626e-01,9.179250895977020264e-02,4.790143109858036041e-03,-1.738563328981399536e-01,-3.163682296872138977e-02,-5.840976163744926453e-02,2.352122068405151367e-01,-9.611068665981292725e-02,2.212785184383392334e-01,-1.812117695808410645e-01,-1.041090041399002075e-01,1.895608901977539062e-01,-1.016234457492828369e-01,2.032903432846069336e-01,6.590906530618667603e-02,1.750527322292327881e-01,-6.281273812055587769e-02,1.426511853933334351e-01,-1.494143754243850708e-01,-2.636990845203399658e-01,-2.345195040106773376e-02,2.063810825347900391e-01,4.878545552492141724e-02,-4.668550193309783936e-02,4.149935394525527954e-02,-3.163649886846542358e-02,-4.389542341232299805e-02,-3.070202842354774475e-02,5.050332099199295044e-02,1.061974689364433289e-01,-2.115268558263778687e-01,8.008548617362976074e-02,-1.172741129994392395e-01,-1.994421035051345825e-01,3.575774729251861572e-01,7.644952833652496338e-02,8.277661167085170746e-03,8.815310150384902954e-02,-1.551556140184402466e-01,1.940754204988479614e-01,-1.455020010471343994e-01,-1.504648774862289429e-01,1.129018738865852356e-01,-3.911007195711135864e-02,-4.547974839806556702e-02,1.520695835351943970e-01,-1.360827684402465820e-01
1.038187369704246521e-01,-1.331086307764053345e-01,-7.038028445094823837e-03,-1.309634149074554443e-01,1.289269477128982544e-01,-2.459947206079959869e-02,-3.918153047561645508e-02,1.525985002517700195e-01,1.599800437688827515e-01,-2.322435192763805389e-02,-9.623493999242782593e-02,-1.426006760448217392e-02,2.761240601539611816e-01,-4.580464586615562439e-02,-1.403808314353227615e-02,3.368891179561614990e-01,-5.014837905764579773e-02,-1.977149099111557007e-01,8.806045353412628174e-02,6.608727574348449707e-02,2.757574245333671570e-02,-1.302600950002670288e-01,-9.170629084110260010e-02,-5.853556841611862183e-02,-1.481289695948362350e-02,7.626935094594955444e-02,6.369458138942718506e-02,3.211481869220733643e-02,-1.294107884168624878e-01,1.517187505960464478e-01,4.560864064842462540e-03,1.117855980992317200e-01,-7.730542868375778198e-02,1.711575686931610107e-01,-6.049916846677660942e-04,1.111493408679962158e-01,4.059279337525367737e-03,-2.402887344360351562e-01,1.779311299324035645e-01,-5.720438901335000992e-03,8.144732564687728882e-02,-1.346942186355590820e-01,-9.483694285154342651e-02,-1.470606923103332520e-01,-1.293714642524719238e-01,-4.268403723835945129e-02,-1.655913442373275757e-01,1.918755285441875458e-02,2.124417722225189209e-01,-6.389919668436050415e-02,-6.094685290008783340e-03,-2.010279893875122070e-01,-4.369466304779052734e-01,-1.360827684402465820e-01
9.037522971630096436e-02,8.274384588003158569e-02,1.062318533658981323e-01,-1.220402121543884277e-01,2.206936031579971313e-01,-1.359703540802001953e-01,1.012785658240318298e-01,1.179386898875236511e-01,8.048867434263229370e-02,-1.278776582330465317e-02,-2.210804671049118042e-01,-2.657770365476608276e-02,1.345050334930419922e-01,-3.852368518710136414e-02,8.093944936990737915e-02,-6.268539279699325562e-02,1.981826126575469971e-01,-3.231488764286041260e-01,-2.159212082624435425e-01,-5.506762117147445679e-02,-8.710432052612304688e-02,6.686000619083642960e-03,1.280564963817596436e-01,-1.623185873031616211e-01,-9.881535172462463379e-02,-5.049962084740400314e-03,1.189418956637382507e-01,7.112725824117660522e-02,-3.833710774779319763e-02,-1.859578043222427368e-01,-1.391856223344802856e-01,-1.231533810496330261e-01,2.510268986225128174e-01,3.608223423361778259e-02,1.600919812917709351e-01,1.091633439064025879e-01,-7.056841999292373657e-02,-9.362851083278656006e-02,6.761875003576278687e-02,1.730411648750305176e-01,1.758934557437896729e-01,-4.256128147244453430e-02,-1.529391109943389893e-01,-1.132404431700706482e-01,9.849180281162261963e-02,1.986201554536819458e-01,1.078931093215942383e-01,5.190251767635345459e-02,-2.308690547943115234e-01,-2.094428800046443939e-02,-1.636088453233242035e-02,1.924610347487032413e-03,2.876513302326202393e-01,-1.360827684402465820e-01
9.739571064710617065e-02,7.050068676471710205e-02,8.224436640739440918e-02,-4.254701733589172363e-02,1.451790779829025269e-01,-2.025232017040252686e-01,4.639847576618194580e-02,2.510920399799942970e-03,2.283361852169036865e-01,2.642063796520233154e-01,-9.088627994060516357e-02,-8.877644687891006470e-02,-5.647232383489608765e-02,-3.847637400031089783e-02,-4.960970580577850342e-02,-2.528538405895233154e-01,2.041497528553009033e-01,-2.306720465421676636e-01,-1.024057995527982712e-02,2.247735112905502319e-01,7.072657346725463867e-02,-9.686763584613800049e-02,-9.268467873334884644e-02,-1.230929270386695862e-01,-9.130608290433883667e-03,-7.924259454011917114e-02,-1.102103963494300842e-01,-2.248767465353012085e-01,-5.169941484928131104e-02,-2.603029012680053711e-01,-2.196900732815265656e-02,-5.135308206081390381e-02,5.935630202293395996e-02,9.168805181980133057e-02,-1.292202621698379517e-01,-1.235196962952613831e-01,9.962289035320281982e-02,2.828940153121948242e-01,-9.823846071958541870e-02,-1.675441861152648926e-01,-1.011113449931144714e-01,1.246133968234062195e-01,1.319074779748916626e-01,1.593194007873535156e-01,-1.142299100756645203e-01,-1.511185467243194580e-01,-1.042035967111587524e-01,-5.539879202842712402e-02,2.144824117422103882e-01,2.924141101539134979e-02,-2.075362950563430786e-02,2.947133034467697144e-02,-1.439217329025268555e-01,-1.360827684402465820e-01
1.559212505817413330e-01,-3.688688576221466064e-01,-1.896851956844329834e-01,2.587226219475269318e-02,-2.357752472162246704e-01,-4.033972024917602539e-01,-5.406856164336204529e-02,1.469144970178604126e-01,1.575156003236770630e-01,-1.253950446844100952e-01,-1.061172783374786377e-01,1.446652412414550781e-01,2.089595608413219452e-02,1.078027561306953430e-01,-1.415205299854278564e-01,-2.937124967575073242e-01,1.862809956073760986e-01,1.793975532054901123e-01,-1.412407308816909790e-01,1.242743581533432007e-01,-1.146679073572158813e-01,1.743900217115879059e-02,1.180110406130552292e-02,2.743091583251953125e-01,5.791185423731803894e-02,-8.778719604015350342e-02,2.014048397541046143e-03,6.117873638868331909e-02,1.088016387075185776e-02,4.336781799793243408e-03,7.395716756582260132e-02,1.790673732757568359e-01,-7.772724330425262451e-02,-3.164536878466606140e-02,-1.211574152112007141e-01,-3.276246413588523865e-02,-6.010652706027030945e-02,-5.952264647930860519e-03,1.548878252506256104e-01,2.049411414191126823e-03,1.901555620133876801e-02,3.317402675747871399e-02,-8.039256930351257324e-02,-1.746265739202499390e-01,4.518988355994224548e-02,3.731263428926467896e-02,7.083075493574142456e-02,-1.223362144082784653e-02,-6.274762004613876343e-02,-4.602226987481117249e-02,-2.194136381149291992e-02,4.415327310562133789e-02,-3.183288499712944031e-02,-1.360827684402465820e-01
1.379252225160598755e-01,1.569607853889465332e-01,9.265906363725662231e-02,-1.887031346559524536e-01,-1.721397638320922852e-01,-4.514119923114776611e-01,2.379377931356430054e-01,-3.283543884754180908e-02,-3.631387650966644287e-02,-4.136330261826515198e-02,1.046938449144363403e-01,1.505375057458877563e-01,3.521585091948509216e-02,-1.102764606475830078e-01,-1.391766518354415894e-01,4.216044035274535418e-04,-1.454832404851913452e-01,1.055425032973289490e-01,1.647537946701049805e-01,-1.055743098258972168e-01,3.595409169793128967e-02,-7.898198068141937256e-02,-2.569957375526428223e-01,-6.868579983711242676e-02,-1.119763851165771484e-01,6.602098047733306885e-02,1.654055267572402954e-01,-8.704754710197448730e-02,3.464557230472564697e-02,1.154000610113143921e-01,-7.687978446483612061e-02,5.762063711881637573e-02,9.585449099540710449e-02,-1.431594043970108032e-01,4.797453060746192932e-02,2.610058188438415527e-01,-1.600542068481445312e-01,-8.027748018503189087e-02,-2.518145442008972168e-01,-2.816117554903030396e-02,-3.817645460367202759e-02,-1.301378309726715088e-01,1.911007165908813477e-01,1.451071500778198242e-01,-1.162541583180427551e-01,1.615787111222743988e-02,4.015147313475608826e-02,9.594582021236419678e-02,-2.136585488915443420e-02,5.597241967916488647e-02,7.168761640787124634e-02,-1.916175970109179616e-04,5.449255555868148804e-02,-1.360827684402465820e-01
1.254064142704010010e-01,1.794765591621398926e-01,-3.040599077939987183e-02,-2.876976877450942993e-02,-9.471758455038070679e-02,-2.245439887046813965e-01,-1.164891347289085388e-01,-7.664467208087444305e-03,4.857825115323066711e-02,6.137114763259887695e-02,2.238767445087432861e-01,2.624164335429668427e-03,-2.204196341335773468e-02,-4.415719956159591675e-02,2.945370376110076904e-01,8.959662169218063354e-02,-1.604600995779037476e-01,-1.510324776172637939e-01,1.740469187498092651e-01,7.061918824911117554e-02,2.245447225868701935e-02,-6.036497652530670166e-03,7.573512941598892212e-02,2.821657359600067139e-01,-5.257366225123405457e-02,1.238057538866996765e-01,1.048350892961025238e-02,1.885403394699096680e-01,-1.745243072509765625e-01,3.929091617465019226e-03,-6.673360615968704224e-02,-2.723689675331115723e-01,-6.371460855007171631e-02,5.265500023961067200e-02,-2.128400802612304688e-01,-3.783541545271873474e-02,9.103340655565261841e-02,1.904247105121612549e-01,2.196319848299026489e-01,2.784853279590606689e-01,-1.392978280782699585e-01,-2.397066727280616760e-02,1.080330833792686462e-01,5.940861999988555908e-03,2.680390179157257080e-01,5.166668817400932312e-02,1.392386108636856079e-01,-2.282249927520751953e-02,5.117600411176681519e-02,9.368420392274856567e-02,7.822891324758529663e-02,-7.188746333122253418e-02,3.464060602709650993e-03,-1.360827684402465820e-01
1.347268521785736084e-01,1.337189078330993652e-01,-6.168629229068756104e-02,3.524204017594456673e-03,-4.652595892548561096e-02,-1.545524746179580688e-01,-1.145792081952095032e-01,-8.799772709608078003e-02,5.416393652558326721e-02,1.822266727685928345e-01,1.958924382925033569e-01,5.605481564998626709e-02,-1.027166023850440979e-01,6.283541023731231689e-02,2.209588140249252319e-01,2.304234355688095093e-02,-3.192845359444618225e-02,-1.851265430450439453e-01,-9.281281381845474243e-03,-1.790797561407089233e-01,-5.126088485121726990e-02,-3.522447124123573303e-02,1.697912365198135376e-01,8.369803428649902344e-02,-1.675330251455307007e-01,-5.786880105733871460e-02,3.256741911172866821e-02,-9.258496575057506561e-03,1.788802593946456909e-01,1.080864891409873962e-01,9.128611534833908081e-02,-9.701298922300338745e-02,-2.469111531972885132e-01,-5.007648468017578125e-02,2.269097268581390381e-01,-2.570696771144866943e-01,-1.278419941663742065e-01,-8.269159495830535889e-02,1.510922517627477646e-02,-2.510430216789245605e-01,1.201668605208396912e-01,-2.386496588587760925e-02,-1.306595951318740845e-01,-1.389653682708740234e-01,-3.788427412509918213e-01,-2.994730137288570404e-02,-9.879156202077865601e-02,-1.780004799365997314e-01,-3.167986124753952026e-02,-1.254040449857711792e-01,4.745248332619667053e-02,1.421343088150024414e-01,9.024771302938461304e-02,-1.360827684402465820e-01
1.355625241994857788e-01,5.887146666646003723e-02,-6.065697968006134033e-02,-4.499411210417747498e-02,-6.987614091485738754e-03,-3.645575791597366333e-02,-7.661945372819900513e-02,-2.104934900999069214e-01,-1.218506172299385071e-01,1.545293480157852173e-01,2.843474447727203369e-01,-7.060639560222625732e-02,-2.675416693091392517e-02,1.051014363765716553e-01,-1.988860070705413818e-01,8.232707530260086060e-02,-3.717003390192985535e-02,8.393907546997070312e-02,-4.844927787780761719e-02,-3.677387163043022156e-02,4.310533776879310608e-02,-1.684138551354408264e-02,-1.749432832002639771e-01,6.914258003234863281e-02,-2.050577551126480103e-01,-1.955179423093795776e-01,-3.620684444904327393e-01,-2.521196901798248291e-01,1.099651679396629333e-03,3.028535470366477966e-02,-6.626756489276885986e-02,1.154673621058464050e-01,1.770844608545303345e-01,2.316238433122634888e-01,9.042892605066299438e-02,3.836001735180616379e-03,-1.746085472404956818e-02,3.568536043167114258e-02,1.262632664293050766e-02,5.307549610733985901e-02,1.547030955553054810e-01,6.350070983171463013e-02,-2.714611291885375977e-01,-8.719655871391296387e-02,2.892670631408691406e-01,1.997904926538467407e-01,-1.681489497423171997e-01,2.563210390508174896e-02,-5.206022039055824280e-02,5.788851901888847351e-02,-3.545951843261718750e-02,-9.408167004585266113e-02,-2.790604531764984131e-02,-1.360827684402465820e-01
1.506329327821731567e-01,-1.598794758319854736e-01,-1.866172999143600464e-01,-7.945515215396881104e-02,8.347906917333602905e-02,-9.455294162034988403e-02,-8.673572540283203125e-02,-1.124369353055953979e-01,-2.656518816947937012e-01,5.974249914288520813e-02,8.994171023368835449e-02,1.388897746801376343e-01,-1.434101816266775131e-02,9.065984934568405151e-02,1.003218814730644226e-01,1.769192218780517578e-01,7.948797941207885742e-02,1.660077422857284546e-01,-3.974023163318634033e-01,-7.039042562246322632e-02,-8.309136331081390381e-02,-1.461098939180374146e-01,1.439225673675537109e-01,-1.696325689554214478e-01,6.374768167734146118e-02,2.772424817085266113e-01,1.714525744318962097e-02,8.633762598037719727e-02,1.152543425559997559e-01,-1.135621219873428345e-01,-1.405043601989746094e-01,-1.514643430709838867e-02,7.523475587368011475e-02,9.518429636955261230e-02,1.521462649106979370e-01,-6.476670503616333008e-02,4.154428467154502869e-02,1.005769614130258560e-02,-2.675410546362400055e-02,1.410911418497562408e-02,-2.750652730464935303e-01,1.086220704019069672e-02,2.559909969568252563e-02,5.248732864856719971e-02,-2.594603970646858215e-02,-2.345919609069824219e-01,1.585193723440170288e-02,1.878440976142883301e-01,9.132360666990280151e-02,2.476416230201721191e-01,-6.994432210922241211e-02,7.737579289823770523e-03,-7.431528717279434204e-02,-1.360827684402465820e-01
1.501300334930419922e-01,1.201406307518482208e-02,-1.098825633525848389e-01,-7.635867595672607422e-02,1.732576042413711548e-01,-4.725401289761066437e-03,6.907154619693756104e-02,-1.034220233559608459e-01,-3.103530704975128174e-01,-4.090836644172668457e-02,1.077778786420822144e-01,2.633674070239067078e-02,2.325792759656906128e-01,2.946227788925170898e-02,-1.058579832315444946e-01,-1.769181787967681885e-01,1.045968756079673767e-01,-7.512931525707244873e-02,-1.062999013811349869e-02,-2.583653330802917480e-01,1.570063680410385132e-01,9.203239530324935913e-02,-2.525867708027362823e-02,-1.495091021060943604e-01,1.343302279710769653e-01,7.903409190475940704e-03,-1.453918814659118652e-01,4.583739116787910461e-02,-1.808690279722213745e-01,3.866681829094886780e-02,2.495560050010681152e-01,5.858837440609931946e-02,-1.265880167484283447e-01,1.108124330639839172e-01,-1.379801481962203979e-01,-6.941695511341094971e-02,1.194911599159240723e-01,-1.399248838424682617e-02,-1.067564915865659714e-02,1.459258794784545898e-01,-1.822167932987213135e-01,-1.685626953840255737e-01,6.156262010335922241e-02,1.031681001186370850e-01,-5.809665471315383911e-02,4.534471780061721802e-02,1.455746293067932129e-01,-1.705419123172760010e-01,-7.715623825788497925e-02,-4.208458065986633301e-01,-1.814948581159114838e-02,5.987419933080673218e-02,2.764118369668722153e-03,-1.360827684402465820e-01
1.511855125427246094e-01,-2.471978589892387390e-02,-1.262452453374862671e-01,-7.017257809638977051e-02,1.593369394540786743e-01,1.063397452235221863e-01,7.432615011930465698e-02,5.310105159878730774e-02,-1.669916063547134399e-01,2.000608891248703003e-01,1.259464621543884277e-01,1.135885939002037048e-01,1.514264941215515137e-01,-1.758962273597717285e-01,7.046060264110565186e-02,-1.908418834209442139e-01,-1.014876961708068848e-01,9.206466376781463623e-02,9.136149287223815918e-02,1.412986963987350464e-01,2.212283909320831299e-01,1.142849475145339966e-01,-3.417897503823041916e-03,5.263754352927207947e-02,1.952863484621047974e-01,8.746522665023803711e-02,-3.038004413247108459e-02,1.096510663628578186e-01,1.097662723623216152e-03,-1.796355247497558594e-01,9.405834972858428955e-02,1.435803063213825226e-02,-1.909031569957733154e-01,-1.070530414581298828e-01,-2.029185928404331207e-02,1.066982373595237732e-01,1.087113991379737854e-01,-2.610481716692447662e-02,-2.528801374137401581e-02,-2.265180647373199463e-02,4.769532680511474609e-01,1.999672949314117432e-01,4.845891520380973816e-02,-8.628872781991958618e-02,-1.077326536178588867e-01,-5.685916543006896973e-02,-7.137928158044815063e-02,2.031074315309524536e-01,-1.141748875379562378e-01,2.181775122880935669e-01,2.729559876024723053e-02,-1.043198555707931519e-01,6.465775519609451294e-02,-1.360827684402465820e-01
1.395815461874008179e-01,1.282565295696258545e-01,-6.882035732269287109e-02,-5.170793831348419189e-02,-4.541026800870895386e-02,1.249903514981269836e-01,1.312196552753448486e-01,3.665909916162490845e-02,-2.736721336841583252e-01,1.507311761379241943e-01,-4.932558536529541016e-02,-9.442663937807083130e-02,2.466521225869655609e-02,1.696283370256423950e-01,-8.477350324392318726e-02,-4.014867544174194336e-02,5.716575309634208679e-02,5.736600607633590698e-02,9.472156316041946411e-02,2.537604272365570068e-01,3.279200568795204163e-02,2.258697599172592163e-01,2.884716093540191650e-01,4.352079995442181826e-04,-9.174707531929016113e-02,6.060275249183177948e-03,1.189783141016960144e-01,8.068352192640304565e-02,-1.078929454088211060e-01,5.390140786767005920e-02,6.206058710813522339e-02,2.253189496695995331e-02,2.432824820280075073e-01,-2.950966358184814453e-01,1.444774563424289227e-03,7.546848803758621216e-02,-1.622683107852935791e-01,6.549538671970367432e-02,1.845437139272689819e-01,-3.373306095600128174e-01,-1.003256589174270630e-01,-2.009085118770599365e-01,-1.374338865280151367e-01,6.299383193254470825e-02,4.020160064101219177e-02,1.119677871465682983e-01,4.981159046292304993e-02,-1.416712850332260132e-01,1.474361419677734375e-01,9.872636198997497559e-02,-4.336307942867279053e-02,-8.019176125526428223e-02,-1.061371192336082458e-01,-1.360827684402465820e-01
1.576398760080337524e-01,-7.678887248039245605e-02,-2.491838634014129639e-01,1.057730056345462799e-02,-9.068569540977478027e-02,1.909707188606262207e-01,1.010054163634777069e-02,1.001392230391502380e-01,-1.059152036905288696e-01,3.935153782367706299e-02,-6.489255465567111969e-03,4.033303260803222656e-02,2.153462767601013184e-01,-1.153730377554893494e-01,1.813542284071445465e-02,3.411079943180084229e-02,6.967864185571670532e-02,-2.015458047389984131e-02,1.053964197635650635e-01,1.183893382549285889e-01,-6.963527202606201172e-02,-8.488844335079193115e-02,1.005067452788352966e-01,4.176359996199607849e-02,1.388484835624694824e-01,-3.792485296726226807e-01,2.682435512542724609e-01,-2.728886306285858154e-01,-3.089337050914764404e-02,2.650428414344787598e-01,-1.636693328619003296e-01,-2.759347558021545410e-01,6.019759178161621094e-02,3.278670832514762878e-02,1.232215669006109238e-02,-1.438986510038375854e-01,-2.266153320670127869e-02,-1.044024527072906494e-01,-1.571614444255828857e-01,5.918162688612937927e-02,-9.032852947711944580e-02,1.656574904918670654e-01,1.066052913665771484e-01,3.807087242603302002e-02,9.960240125656127930e-02,2.655077911913394928e-02,-8.970605581998825073e-02,1.916226297616958618e-01,7.473862916231155396e-02,-1.181258931756019592e-01,-1.772728189826011658e-02,1.493497192859649658e-01,9.490129351615905762e-02,-1.360827684402465820e-01
1.302690953016281128e-01,2.006617188453674316e-01,-1.501186490058898926e-01,-3.314098715782165527e-02,-5.149545148015022278e-03,1.731698215007781982e-01,7.611725013703107834e-03,1.121630817651748657e-01,-4.397949576377868652e-02,-5.712747201323509216e-02,-3.335904702544212341e-02,3.240539133548736572e-02,8.287285268306732178e-02,3.636511787772178650e-02,-1.729400083422660828e-02,8.880820870399475098e-02,-1.146949455142021179e-02,1.236137151718139648e-01,1.238605156540870667e-01,2.665660381317138672e-01,-3.890251219272613525e-01,-1.957024335861206055e-01,-1.988141685724258423e-01,-8.855593204498291016e-02,2.719602361321449280e-02,7.731969654560089111e-02,-1.368231624364852905e-01,5.966275930404663086e-02,2.530904114246368408e-01,-1.552595645189285278e-01,-1.212294548749923706e-01,6.063972041010856628e-02,-9.360066056251525879e-02,-1.213329806923866272e-01,1.645850390195846558e-01,1.145464032888412476e-01,-5.987714231014251709e-02,1.987922489643096924e-01,4.583779349923133850e-02,1.582230776548385620e-01,6.142989918589591980e-02,7.021913677453994751e-02,2.994755469262599945e-02,-3.414165973663330078e-02,3.615196421742439270e-02,-1.440507769584655762e-01,6.074841320514678955e-02,-3.228172361850738525e-01,1.688052900135517120e-02,-2.809363603591918945e-01,4.585821181535720825e-02,-9.587123058736324310e-03,6.171180307865142822e-02,-1.360827684402465820e-01
1.428231000900268555e-01,1.699638962745666504e-01,-1.957463324069976807e-01,9.889139980077743530e-02,-1.449151784181594849e-01,1.518046259880065918e-01,-1.110666897147893906e-02,2.195830643177032471e-02,-5.174176022410392761e-02,-2.778160199522972107e-02,-1.693198531866073608e-01,-1.813486069440841675e-01,-1.573163121938705444e-01,1.244738548994064331e-01,5.053154379129409790e-02,-2.891808375716209412e-02,-1.486058608861640096e-04,-2.531282305717468262e-01,1.064079552888870239e-01,-8.421210944652557373e-02,-1.050745099782943726e-01,-7.788857072591781616e-02,-1.281390935182571411e-01,1.160421445965766907e-01,-2.984493784606456757e-02,-9.982725977897644043e-02,-1.220105309039354324e-02,3.163117170333862305e-01,-1.259261220693588257e-01,-1.648317277431488037e-01,-1.476864516735076904e-02,2.354763150215148926e-01,-1.153824552893638611e-01,-5.147396586835384369e-04,2.697752602398395538e-02,1.092629805207252502e-01,7.456525415182113647e-02,-4.695307835936546326e-02,-3.129187226295471191e-01,-2.006688900291919708e-02,-1.975460648536682129e-01,4.697328433394432068e-02,-8.598542958498001099e-02,3.790557850152254105e-03,-5.251513794064521790e-02,1.358355134725570679e-01,-5.316553264856338501e-02,2.413944303989410400e-01,-1.941017359495162964e-01,1.200978606939315796e-01,-4.057261720299720764e-02,1.795460581779479980e-01,-2.063622474670410156e-01,-1.360827684402465820e-01
1.617888659238815308e-01,-3.033996745944023132e-02,-2.297114878892898560e-01,1.126660779118537903e-01,-6.756599247455596924e-02,1.831625998020172119e-01,5.906067043542861938e-02,-1.517201662063598633e-01,6.377152353525161743e-02,-4.076547175645828247e-02,-6.954547762870788574e-02,-1.442075222730636597e-01,-1.919386088848114014e-01,-9.829733520746231079e-02,-1.882312595844268799e-01,8.019986003637313843e-02,-5.555595830082893372e-02,-6.199034303426742554e-02,-1.562504619359970093e-01,-1.838448792695999146e-01,-1.588108390569686890e-01,-1.738607287406921387e-01,9.950112551450729370e-02,-6.106411665678024292e-02,-1.190056279301643372e-01,-1.094969511032104492e-01,8.526917546987533569e-02,-2.121439576148986816e-02,-5.499705672264099121e-02,-1.640118076466023922e-03,5.006458610296249390e-02,1.121118292212486267e-01,3.917934373021125793e-02,1.121579632163047791e-01,-2.399373203516006470e-01,-6.097064167261123657e-02,-9.383589029312133789e-03,-1.444646995514631271e-02,1.138735637068748474e-01,-4.256958514451980591e-02,2.847604453563690186e-01,-1.126573756337165833e-01,4.144136905670166016e-01,3.936418145895004272e-02,-7.442998886108398438e-02,1.659906841814517975e-02,1.776658594608306885e-01,-1.244802922010421753e-01,2.718661352992057800e-02,1.803399473428726196e-01,1.334346979856491089e-01,-2.116225808858871460e-01,1.100365519523620605e-01,-1.360827684402465820e-01
1.374793201684951782e-01,3.155787289142608643e-01,-1.368057280778884888e-01,6.260101497173309326e-02,-5.121196806430816650e-02,3.595234453678131104e-02,2.266859859228134155e-01,-9.360748529434204102e-02,2.621110975742340088e-01,-2.850403785705566406e-01,-6.934152543544769287e-02,6.794669199734926224e-03,-1.740895211696624756e-01,-8.469818532466888428e-02,2.386371139436960220e-03,3.368234634399414062e-02,-7.131037861108779907e-02,2.710225284099578857e-01,-2.622477412223815918e-01,1.027988195419311523e-01,3.607009053230285645e-01,1.763855665922164917e-01,-1.725162751972675323e-02,-2.463474422693252563e-01,-9.093328565359115601e-02,-7.469519227743148804e-02,1.240679770708084106e-01,1.244531944394111633e-03,-5.117877200245857239e-02,2.130880206823348999e-02,-7.688879221677780151e-02,-6.488413363695144653e-02,-1.661786586046218872e-01,-3.642280027270317078e-02,7.345040142536163330e-02,-7.392757385969161987e-02,1.564623117446899414e-01,1.435431279242038727e-02,1.113918051123619080e-01,9.603425115346908569e-02,-6.348311156034469604e-02,1.167702972888946533e-01,-1.409935802221298218e-01,-1.110263913869857788e-01,-1.310808304697275162e-02,3.769066184759140015e-02,-1.750692352652549744e-02,1.485714409500360489e-02,5.857716500759124756e-02,-7.853116095066070557e-02,3.775911405682563782e-02,3.032737039029598236e-02,-1.014521270990371704e-01,-1.360827684402465820e-01
1.468662917613983154e-01,1.880794316530227661e-01,-2.484112828969955444e-01,1.896876692771911621e-01,-5.782190710306167603e-02,1.314427405595779419e-01,-1.000153720378875732e-01,6.927475333213806152e-02,2.839888930320739746e-01,-1.405489891767501831e-01,-5.930287390947341919e-02,9.553045779466629028e-02,7.110792212188243866e-03,-1.295915544033050537e-01,7.027880847454071045e-02,-8.164172619581222534e-02,5.364442989230155945e-02,-1.025651171803474426e-01,6.876081973314285278e-02,-1.633532345294952393e-01,-4.128762520849704742e-03,1.557052284479141235e-01,-6.887655705213546753e-02,7.613935321569442749e-02,1.946550756692886353e-01,4.001509249210357666e-01,-1.709052622318267822e-01,-2.349331378936767578e-01,1.635191738605499268e-01,1.022496670484542847e-01,1.885308325290679932e-01,-3.555119037628173828e-02,2.529217600822448730e-01,1.196970511227846146e-02,-6.087358295917510986e-02,5.236484855413436890e-02,-5.660450831055641174e-02,-1.005575507879257202e-01,2.452176436781883240e-02,-8.637385070323944092e-02,-2.666795440018177032e-02,-1.229423508048057556e-01,-1.111619696021080017e-01,1.448109745979309082e-01,9.366794675588607788e-02,-1.085955277085304260e-01,-1.194737255573272705e-01,4.932773858308792114e-02,-6.241788621991872787e-03,6.715327501296997070e-02,-1.435996741056442261e-01,7.781009655445814133e-03,1.015294641256332397e-01,-1.360827684402465820e-01
