-9.687735194844908360e-02,3.469330287172927019e-01,2.155323642235428550e-01,-9.414417110901780739e-02,3.158698482735287083e-01,-1.401964048296901466e-01,6.032791731470339702e-02,-1.399811566703201005e-01,1.073855863295814644e-01,-4.302282120525597470e-02,1.184517282324981380e-01,-6.684738829900430113e-02,-6.122251575198683904e-02,-3.958513723917812532e-01,2.293793121312594219e-01,-1.529442905759546834e-01,3.564196471786059556e-02,2.276552542227170683e-01,6.095535471499171493e-02,-7.256345786347952187e-02,-5.692846957673153296e-02,-2.023024473415491464e-01,1.218176226426533615e-01,1.536391227340032015e-03,-1.464980177718043231e-01,-3.436404889387491713e-03,4.966236672620787801e-02,2.430588973467192881e-01,4.522415838296400814e-02,4.315046366788935495e-02,-1.838235934460959731e-01,1.514453066233110816e-02,4.407952777787201709e-02,-2.362859077641503436e-02,-6.118250061943331791e-02,2.465086455267640267e-02,8.884066818325961346e-02,-1.024724515976015715e-01,5.880131347841096451e-03,-1.565900218556204315e-02,1.347366275362451848e-01,7.294221280621276948e-02,-2.737686569477357224e-03,-5.256505606253428914e-02,1.392029665660194371e-01,-3.048241770984236668e-03,9.998999257336602109e-02,6.946282659589962660e-02,2.051683822226900780e-02,-5.240272960622945585e-03,-5.847728714004153672e-02,1.434460507194635715e-03,5.521184657520655792e-02,-2.610769447329540083e-01
3.083504802255002120e-02,1.839519092944813528e-01,2.164790597817876083e-01,3.478479048751245001e-02,3.533443061369605509e-01,-1.697820166308311451e-01,1.080205013937381164e-01,5.735642618172606677e-02,1.595893266323317461e-01,4.222482357906064826e-02,2.119874972462427662e-02,1.044361940180096454e-01,1.003865504360696159e-01,1.020710530717448047e-03,-2.251062344690457351e-01,-1.982998049839839252e-02,-1.984136704325840939e-01,7.373935440912894601e-02,5.595593849569435729e-02,3.378683675930892888e-02,1.003991034819984862e-01,1.589762771144160869e-01,-1.114479710243827110e-01,-4.547837273163699012e-02,9.155373088439874851e-02,7.835883554841548138e-02,1.440339720356930975e-01,-3.629231003861425053e-01,-3.586611053809073829e-02,4.153319411489064111e-02,7.575652336359525729e-02,-2.110513260229039678e-01,-1.048132600084193816e-01,-2.653185147489837623e-02,-5.267427523656233179e-02,-3.562814053371178569e-02,5.958537295620072727e-02,2.811894298458231800e-01,-6.548820084632599181e-02,1.259078514284867056e-01,-2.061765064389883273e-01,-3.557760768330102408e-02,4.953509305565815396e-02,1.114047747060300519e-01,-1.344847940182579138e-01,-2.211996802135303072e-02,-1.661085854855053057e-01,-4.859368254325063113e-02,3.697275023747494116e-02,-7.365698270728544828e-02,1.699600208939684443e-01,1.115675566688243900e-02,5.799558895522931995e-02,-2.527281952717722602e-01
7.457860143002097153e-02,1.648655266405728015e-01,1.750819415805288659e-01,1.600201563033856744e-01,7.954866541718956519e-02,2.730573445327988055e-02,4.990620178454643896e-02,5.298656925232267390e-02,8.076385485940686115e-02,-4.065914153773145939e-02,2.120549373422760814e-02,-3.272720457226609980e-01,1.528794622383577995e-01,2.349655117358152856e-01,1.386976526692917655e-01,-6.774466826177716339e-02,3.377194750912168586e-02,-8.493276256951040604e-02,-1.858431168757334051e-01,1.764187921766685249e-02,2.103551911290311160e-01,-8.040999908904349069e-02,-2.962818669703058405e-01,6.731546313581363017e-02,3.970213757560962786e-02,4.183381824440891156e-02,-2.806027549940616206e-01,-3.901815141461278252e-02,-5.686924406090293482e-02,-1.179235132613273562e-01,1.180433389012595091e-01,2.044413199782125767e-01,1.893296920436365050e-01,-6.469156933292359579e-02,9.735402105309218235e-02,-1.216993290803209254e-01,-2.400567955056495395e-01,-8.412890174006450172e-02,2.405711070442105304e-01,6.185171543501356145e-02,9.278672022517819862e-02,-1.018985618601828541e-01,-1.006434383058224385e-01,-6.285338600412090915e-02,4.918122135903813842e-03,6.252264062731441308e-02,-9.507213508369272148e-02,-9.157362447606629333e-03,-1.726246146832153272e-01,7.303379018061356698e-02,-3.756550037246789153e-02,-1.100380864884441603e-02,6.077933133525148524e-02,-2.443794458105887912e-01
1.245863846184580154e-01,1.300296448004216732e-01,1.903403446526898135e-01,1.852807118600569569e-01,5.878746045383249040e-03,4.016872931478297076e-02,-2.104021179003296577e-02,-6.400479905419460824e-02,-7.884113388157712454e-03,-8.161817536174380272e-02,1.301682759555433111e-01,-7.728381086298503899e-02,-9.990598774526780745e-02,2.245732857274540528e-01,-9.297068951422508831e-02,-1.333706361746819606e-02,8.294861941915120107e-02,-1.217885291025112976e-01,-1.650893877115450215e-01,2.275983075808603595e-01,-2.213072105243931442e-01,4.536225258598598487e-01,2.403565350586958638e-01,5.471369687005452759e-02,3.135686707151655317e-02,-5.847169911128557995e-02,6.050208753875823547e-02,1.659559632031341880e-02,1.065735204380542506e-01,9.999282682581826787e-02,1.185484847334494080e-01,-1.116030537758790908e-01,-5.153515956875159842e-02,5.660948560793619549e-02,1.145653105441524211e-01,5.097199361567225639e-02,-4.522331249746463361e-02,-9.126030141591370826e-02,-4.481972435036001706e-02,-2.044537350806099052e-01,5.718745875714254662e-02,1.182638564206388021e-01,8.901496530628823928e-03,-1.278906835552194310e-01,6.320861100696252566e-02,-9.797512614449775670e-02,2.339081638241169714e-01,-6.029022721440428084e-02,1.888110721413855109e-01,5.779669171806733202e-02,-1.944226605736097124e-01,-2.550626824626064590e-02,6.356307371527372685e-02,-2.360306963494086530e-01
1.642069298465444471e-01,1.645321678939367649e-01,1.700363550808304813e-01,1.648246027670741687e-01,-2.276936095023512907e-01,1.481296124052944030e-01,-2.939562253338184189e-02,-1.030228784864928261e-03,-2.048550718253281111e-01,6.527639088326207817e-02,9.998255186234496217e-02,-3.027844276898523923e-02,1.705685806666332738e-01,-2.519904904939346268e-02,-7.084353518520089543e-02,5.185563353547386484e-02,9.658849019126024282e-02,-2.067228936844740517e-01,7.139690922548226626e-02,-2.833182915631518028e-01,-2.780077970042680105e-02,-5.410522980760496675e-02,6.791220037140112409e-02,1.024584617968221471e-02,9.094327869726737124e-02,-3.767394054075987042e-02,-5.518269316792629581e-02,-4.962841843611436043e-02,-1.270938842570970839e-01,-9.549578698656738251e-02,-2.088131717022674305e-01,3.416931517022359643e-01,-2.110515376956054179e-01,-4.885810529385459927e-02,-1.677138117319084409e-01,1.155313023982421500e-01,1.387049955825350456e-01,1.550961422892417271e-02,-2.603513776217399323e-01,-1.459423102877355216e-01,-1.584702894357125913e-01,3.245535042240357826e-02,4.536548716142822096e-02,-2.843168358158114362e-03,-6.697722647662587847e-02,9.426311999723341328e-02,1.460180778108539218e-02,1.818409043066867570e-01,-3.137842170794545582e-02,-1.782806057530379740e-01,1.096684507667470138e-01,-1.497940648191566082e-02,6.634681609529746726e-02,-2.276819468882288477e-01
1.722685379819499929e-01,1.260662161332118947e-01,1.439513047365886290e-02,1.325793681724335149e-01,-7.319751856474157603e-02,4.320052777072236339e-02,-6.667653060423991973e-02,-1.704329877825438710e-01,-1.765437688600022259e-01,1.065949800728503288e-01,-1.863477094614970214e-02,1.134778401214808913e-01,-1.419948616255294338e-01,-7.802124318200520312e-03,-1.387981801541197935e-01,2.799186987516793512e-01,1.056153074395524000e-01,-1.041447580229434983e-01,3.946641767207823004e-02,1.118816893753487168e-01,-1.587096652180608469e-01,-1.928951876807345756e-01,7.427119960438742508e-02,-1.909039268167297132e-01,-1.332662240682062071e-01,6.943024589796786827e-02,1.196533716727454788e-01,1.371505455529009876e-01,-2.589098055021752942e-01,-3.794697765577674520e-02,-6.596049498326229943e-02,-1.420485582842067329e-01,2.406632481389468503e-01,2.871204893913258394e-01,-5.239810175101883988e-02,5.813909410790236813e-03,-1.592345487442534818e-02,2.315140013447041650e-02,1.456583146751956881e-01,1.135460595321955563e-01,1.942426805843520607e-02,-1.785060431567530859e-01,1.009045906607860255e-01,1.086465276013535430e-01,-7.834605728080143439e-02,-8.551399990658639649e-03,-1.846918820352617119e-01,-1.829187136274507131e-01,-1.136003300616337808e-01,2.455259690317461718e-01,1.405291486670407451e-02,-3.606930241144897398e-04,6.913055847531979214e-02,-2.193331974270474882e-01
-7.738644499004207998e-03,1.881290166337961645e-01,-3.086402595939108026e-02,2.722596362464112414e-03,-1.872731271612746440e-01,4.173831942163391817e-02,6.118119802737190249e-02,-1.122920463810281322e-02,-1.580109644967871985e-01,1.622473985944867803e-01,-1.324849489394746838e-01,1.140427593052559807e-01,-4.892659353973618369e-02,4.051951805527596699e-03,9.034301670098046286e-03,1.875946556899951156e-01,-1.481280340056786993e-01,-1.381104328575578910e-01,2.001312378202868281e-01,-9.810224512894989701e-02,1.144530549487417226e-01,-1.346012175870402450e-01,-1.170429973331210960e-01,-5.316012211636914758e-02,-4.456056507161165053e-02,-5.995506301290542961e-02,6.198193137114936871e-03,1.735584957021260935e-02,4.520558208959645774e-01,1.687671523640972560e-01,9.780581399661264497e-02,-3.840591348263624333e-02,-1.657606578853458579e-01,4.377028489401651318e-02,2.352871729324640948e-01,-1.186578969554244051e-01,-1.720742794045940771e-01,-5.377460994616085899e-02,-5.276779208730542764e-02,2.570565657529453873e-01,1.838798792439674257e-01,8.525428270729837332e-02,-1.097967843599407661e-01,1.535636101081396532e-01,6.918635427652226888e-02,-6.542624775996082331e-02,1.631937115393095050e-01,-1.070045559606510183e-01,4.694462317982661670e-02,-1.948701718047203268e-01,5.594454183872103747e-03,-1.763429225515183302e-02,7.191430085534430972e-02,-2.109844479658686545e-01
1.322219586922645240e-01,5.030070352294064434e-02,-1.513402695988622093e-01,2.948288063443704407e-02,-1.046704451296986554e-01,-1.359924147953756879e-01,-1.922332484792306853e-02,-4.482513774496024728e-02,-9.945005404730385135e-02,2.343898304671835908e-01,-2.739158306141183385e-01,1.816751875802407878e-01,9.449215072783945235e-02,6.292760496495486411e-02,3.131792623930607089e-02,1.012163427400162297e-01,-8.776426271038909044e-02,2.374194782467812515e-01,-5.920404402299286883e-02,-1.721998588448620318e-02,-1.983917565582331982e-02,7.533594091487433309e-02,9.009204972308544612e-02,1.289229281771009199e-02,1.665327467794177480e-02,-3.260945940449350156e-02,-2.362747312489091589e-01,-1.713093980609241632e-02,7.101218601133275909e-02,-1.633335252095279022e-01,8.561480943921243036e-03,-2.888310359673352257e-01,1.513870882704663468e-01,-3.303847950569892000e-01,4.072026000745745944e-02,1.762868257206850475e-01,2.440271210809129010e-01,-1.380962034471407973e-01,1.533849024183761567e-01,-6.406675840510414610e-02,-4.956766721337672876e-02,-2.015790455667821127e-02,-1.844151842392038332e-01,-1.107236342338727975e-01,1.009560885488243291e-02,1.538496220215159194e-01,-2.350880267723481909e-02,2.405990404133160343e-01,4.007497610046114461e-02,3.197611727020364253e-02,-3.937584951366169053e-03,1.412514852172459812e-01,7.469804323536508028e-02,-2.026356985046839365e-01
-7.183812777107703718e-02,9.659343113564052008e-02,-1.156767016793118913e-01,-1.552042166192395545e-01,-7.464091503854188014e-02,-1.442325794031980579e-01,9.323001989169815706e-02,1.352141790307573865e-01,1.259297209061863432e-01,-4.197360906467434774e-03,-3.226959922572718020e-01,1.445088818009709897e-01,-2.341046218539379331e-01,1.319828908521877009e-01,8.801549994787956355e-02,3.501692237005815667e-02,-2.875009447958044584e-01,6.321304979446534973e-03,4.876194936832903282e-02,2.421239439857281184e-02,1.703672277267714863e-02,-2.546579076413969106e-02,2.100599472801293471e-02,1.821856880877534279e-01,-8.890863134999696382e-02,-1.522509728030985998e-01,3.068018641308380146e-03,-7.110634726161185748e-02,2.712362266162416172e-03,-1.584589395431396652e-01,2.763150145265726512e-02,3.436777351353816345e-01,-6.313156279703811824e-02,1.348221743813983464e-01,-2.177071032611130608e-01,2.073915161251714892e-02,-4.044547604509535904e-02,-8.707235909879170940e-03,2.184566076831161163e-02,-2.304072711130912554e-01,8.108222506741116081e-03,1.906373173569422819e-01,1.984708358104365356e-01,-1.137696866713081983e-01,-1.120182428112432710e-01,-1.412314031007979587e-01,-1.194828994895801993e-01,-1.054338503835142715e-01,3.510193684983372447e-02,2.129116086416325548e-01,-7.194091936358919248e-02,-6.309318177311371012e-02,7.748178561538834885e-02,-1.942869490435046587e-01
9.365514726091055120e-02,5.087600063464256701e-03,-1.276421547040944293e-01,-1.277201642732247577e-03,-1.555916478086246668e-01,-1.355186888444540327e-01,-1.403270771368722858e-01,2.402316053614169944e-01,9.871880569001144357e-02,4.128699148854017564e-02,-1.333049888077707246e-01,-1.160805532779388416e-01,-1.086365388151903089e-01,1.378888314212884658e-01,1.132918854436387908e-02,-1.051020199010678502e-01,-3.559401910678545999e-02,2.785510599131638676e-01,-1.467425886587727102e-01,1.645839724744283805e-01,-3.850813125322818248e-02,-6.239452252263202187e-02,5.263530965145604701e-02,-3.326142949339621485e-02,2.641427690996815958e-01,2.338088981661545773e-02,2.412822758600105255e-01,3.887823977598750536e-01,-6.791536812060720851e-02,1.222261070074160405e-01,-7.473426608210880992e-03,8.851853747904459002e-02,-7.474089876270456536e-04,-6.510423941076939891e-02,1.692411649452715133e-02,-1.025968975624674262e-01,-1.227950455080298736e-01,6.422854132749428180e-02,-1.423048277734958733e-01,-2.786222740215109697e-02,-1.693691471229751833e-01,-2.679430801793305505e-01,2.281302201113530326e-02,1.361212186152852832e-01,1.283276983863173293e-01,-9.166676465623581349e-02,1.204211699821597370e-02,5.073433591845474128e-02,-6.332245711457060167e-02,-2.533241979251502629e-01,1.179143057282260459e-01,5.657552760449451393e-03,8.026552799541129823e-02,-1.859381995823243816e-01
8.423242892790749892e-02,-2.779998605433127087e-02,-2.336060281001791361e-01,7.633777228794152991e-02,-2.445471245883618638e-01,-2.929494556852155554e-02,-1.872099828763148233e-01,1.776353324229978936e-02,1.991810389395746658e-02,-6.288756593998903743e-02,-5.215702753721321305e-02,-2.521452784894870902e-01,5.171083011003236446e-03,-9.683303590495189947e-03,-9.611761627727902560e-03,-3.086177287214604825e-01,1.975861476434143463e-02,2.206221771407715637e-01,1.946801901613479657e-01,-7.623598463427544436e-02,-5.029679700619885119e-02,-6.722593949010642611e-02,-1.287283393282493693e-01,7.747921190402828895e-02,-1.678501161750661774e-01,2.142642109683003393e-01,-8.775233191707954017e-02,-2.445179336354599553e-01,-2.380735310425526885e-01,1.548805485565705152e-02,-3.401294853551564950e-03,-1.754182962833561177e-01,-1.576978542674698225e-01,2.368678338868062949e-01,-4.491250583078464781e-02,-1.879205477635780344e-02,-2.296047639471311338e-02,9.723117236484243864e-02,-5.631318505401235186e-02,1.279951813420132922e-01,-5.922348946428643811e-03,1.039411316882643266e-01,-8.686137609443134178e-02,2.650994015902415415e-02,1.256643131199982610e-01,7.583946226924385969e-02,1.940919608752543768e-01,2.577893099038046365e-02,2.062322478653388358e-01,1.596578649810651840e-01,-1.102465704742576352e-01,-8.143006773166142076e-02,8.304927037543492763e-02,-1.775894501211450482e-01
-2.915198121840289341e-02,8.757219594611200669e-03,-2.958752506566612039e-01,3.523178592924123415e-02,7.547528273463630089e-02,-3.614146753062818379e-02,-6.194766573774173994e-03,1.404812178129731803e-01,5.947733365761635575e-03,-3.382378636888517809e-01,-2.425976337198615662e-01,-5.272280486110650366e-02,8.740754370916956062e-02,-1.845314018907174003e-01,3.894569465391273244e-02,-2.944513260192730374e-03,1.113248085314067770e-01,-2.965595430754926487e-01,3.062466913848237507e-02,-1.785032629078469046e-01,-1.364182979661889561e-01,2.542276259563711061e-01,-2.566898304495044414e-01,-2.443062891609152493e-02,7.487247022852546070e-03,1.697831616433424506e-01,5.001975352024957272e-02,1.810616967934211563e-01,1.020839347053485290e-03,2.114863956813574086e-01,-7.957139243169095155e-02,-1.458513198032082292e-01,-4.649588136237459146e-02,-1.044615404716508489e-01,1.030269714466474501e-01,6.118028947938375373e-02,9.476997538498410645e-02,-3.128471948297400357e-02,9.445247027304730023e-03,-3.895319466382789891e-02,3.030631971803291261e-02,1.175050039438042954e-01,1.475649926649958144e-01,-3.168291462380615903e-02,-1.171617809955817630e-01,-7.755775545521895187e-02,-1.298616913014598861e-01,3.353045511264057810e-02,-2.891582732067164985e-01,2.193520299794109521e-02,-6.151575781415655197e-02,7.686301595685196553e-02,8.583301275545780762e-02,-1.692407006599627728e-01
-1.475342133612058543e-02,1.208094194190709181e-02,-8.496647970150400520e-02,-8.448412135313020099e-02,-9.484515133834267586e-02,7.939377001521792654e-02,-1.986192448474956296e-01,3.920908063842149308e-03,8.224099914338549311e-02,-1.888705974406104660e-01,4.899027258259805451e-02,3.210113024771771295e-02,-2.127542200636012293e-01,-1.143916758070806089e-01,2.074998666171113948e-01,1.032297062261517545e-02,2.781377216742816350e-01,-1.644505399425056635e-01,4.156860939803650595e-02,1.119796197839356550e-01,6.646768878457672003e-02,-5.274588568798917187e-02,8.535533306184070815e-03,1.004747246268202221e-01,-1.103627792682947313e-02,-6.331049691288176406e-02,7.969689864592768846e-02,-1.239003664495416934e-01,-5.907058873591243368e-03,-3.775817264069357415e-02,2.618007083966195081e-01,-1.957259095522031339e-02,9.711082783151797626e-02,-2.328642117696636815e-01,-1.124973197122436375e-01,-1.682907421646412383e-01,2.077311215876760930e-01,6.108207065395829249e-02,-9.553938737551662119e-02,-4.380503030179325880e-02,1.669814901419074682e-01,-1.220160155734103385e-01,-1.920373160613694230e-01,-1.149812692797370778e-01,-1.877809873492080339e-01,1.101585768395893644e-01,-3.261287734292464546e-02,-2.212584627044954511e-01,2.150195162909806224e-01,-7.823168155608981045e-02,3.328294813030397981e-01,1.886579158338431289e-02,8.861675513547900840e-02,-1.608919511987801920e-01
1.763291413788178330e-01,-1.379280888273070882e-01,-4.115659834026813568e-02,-7.267190881359196497e-02,-2.960486193787341749e-02,5.836407777350774428e-02,-1.018796081001410725e-01,-9.069650008683893816e-02,3.627842641801390378e-02,-2.184813023389379771e-01,4.135957335177203875e-02,2.059682835019337466e-01,-1.782658321257431233e-02,-1.408468357447922314e-01,-1.474750362553826633e-01,-7.663222932913701935e-02,1.486823123995138773e-01,3.435961969255798415e-02,-1.730009896571133368e-02,9.642082751632069515e-02,2.167811597821495406e-01,-2.569218827020388653e-03,1.882809061692405223e-02,-4.432603970832187795e-02,1.422684275399595244e-01,-3.651660979543511210e-01,8.538440606210268013e-02,-1.823416005047009680e-01,1.089940816659083593e-02,7.118799244472352739e-02,7.276536499276997638e-02,1.823288306144575655e-01,-1.655892458317291408e-03,-8.509419584630920075e-02,-6.539124505788301844e-02,8.477879471861421434e-02,4.666647355632295296e-02,1.093025425566332282e-01,7.655243527545324556e-02,1.048747125069195846e-01,8.918802470230731416e-02,4.796624760056254072e-02,-4.253997266961029311e-02,2.306049092578841553e-01,3.470747701190757262e-01,1.856389712371879150e-02,-8.908442292092365322e-02,8.956855364218041515e-02,-1.829286189293253262e-01,1.002043789332151685e-01,-3.324514039413680733e-01,1.444558080111562337e-01,9.140049751550299861e-02,-1.525432017376038285e-01
1.090154141630506057e-01,-8.070285409991874437e-02,-1.768405878753767091e-01,-1.565808867578933894e-01,5.801058182720315176e-02,1.529519573567912627e-01,6.498409308777498838e-02,-2.441061319719757261e-01,3.959709144153180337e-03,-1.704806424457737113e-01,-1.181449944473725588e-01,1.549824215896310198e-01,1.786791893240638474e-01,-4.068482767489058766e-02,5.139437860512848649e-02,-1.284666847462808681e-01,1.171271128032531361e-01,-1.484931414768017599e-02,-1.441208810607024215e-01,1.478625452316327804e-01,2.818782853462510340e-01,9.233402329926174851e-03,1.439648515495969561e-01,2.111108823224203471e-02,-6.734924756539394097e-02,1.558973383097362816e-02,-2.420416408816986054e-02,8.502924934217136188e-03,1.566473707125557932e-02,-1.392783476059251402e-01,-1.932068946083121408e-01,1.828671518248178342e-03,1.041222887777730199e-01,7.372027679120933541e-02,2.059018733213485441e-01,2.149540449943247167e-01,-1.998955800648432590e-01,-6.539158754848523741e-03,-5.566611409927788717e-03,1.671798726441342531e-01,-1.967811504372314890e-01,2.777781229071512106e-02,1.836004380891662069e-01,-1.064569097315062468e-01,-1.210081847393668641e-01,-6.199612860215995835e-02,6.463527595912231527e-02,-2.713524984835314485e-02,1.461223055461123854e-01,-1.949570350680116249e-01,1.119655284951761587e-01,-3.356161557641092474e-01,9.418423989552567044e-02,-1.441944522764202208e-01
-1.694162242270758345e-01,6.108205130225308199e-02,-9.172751322790910489e-02,-2.063343471660695205e-01,-8.776129389281941973e-02,1.996259354722656754e-01,1.473076852331924591e-01,1.184855148789612234e-01,6.325836739815658694e-02,-2.283149681230246253e-01,2.298567576945485802e-01,2.209678936642022265e-02,-7.325063916270491138e-02,-8.819081951640442285e-02,-8.119516560393572058e-02,6.098099660434423003e-02,-2.250427269999053306e-02,7.421176826146087813e-02,-7.887593849636158339e-02,-2.184931827359232748e-01,-7.400500544729153585e-02,-9.448155654121442870e-02,2.147573158798790349e-01,8.439144403405499095e-02,1.292145514699780673e-01,-8.963448228913938054e-02,-2.557727391365447467e-01,-3.130874323199114243e-03,1.297516076235071258e-01,-7.232207819583480468e-02,8.034222730582370187e-02,-1.769045077578252634e-01,-1.047909572603555051e-01,1.731391557387181312e-01,2.255276859098820919e-01,-1.779205150642461097e-01,-9.890975660394576985e-02,7.226741487156623789e-02,7.990560692553512478e-02,-1.558608581285555461e-01,-2.317325592491036035e-01,-2.259303750757166995e-01,1.216270571832518271e-01,7.775855227069704279e-02,-7.758473785690013502e-02,1.842864666428164766e-01,1.740636746019745898e-02,7.592954071379651171e-02,-3.672010452272458925e-02,1.700584859782405256e-01,2.237040423762044067e-02,1.504086244737697087e-01,9.696798227554846716e-02,-1.358457028152366131e-01
1.758951497680028841e-01,-2.287886957737267357e-01,-2.152558723859793535e-02,-1.092829891779518170e-01,3.580582558547556332e-02,-1.771468666337458475e-02,1.717941042623486736e-01,2.370553225570108391e-01,1.802075436554733887e-02,-1.449057584544967137e-01,2.415049070534583397e-01,5.936712443047446885e-02,1.638996915824540712e-02,5.826500604473770079e-02,-2.418985064585264522e-01,1.564041567509920072e-01,-9.767288860141372375e-02,1.139591891519082384e-01,1.902323492717350462e-02,-1.041342354368060830e-01,2.193112447364312101e-02,-1.852574878535870329e-01,-1.610822269262086603e-01,-1.226851142542457335e-01,-7.641971034266584195e-02,-1.252020434692909488e-02,8.253535716572832359e-02,-5.231078041388919492e-02,-2.759055016843618008e-02,2.624096757328304719e-01,1.097124987604951168e-01,3.396872448082873669e-02,1.414526018423367670e-01,1.499727197626180009e-01,-8.532438616002019360e-02,6.268582879588739665e-02,1.593545179485338636e-01,-3.174470564933266625e-01,5.662055506049114284e-02,-2.787238767796110239e-02,-4.777623384457555140e-03,-6.120303963162223443e-02,-7.122982190142948533e-02,-4.069358144537330024e-01,2.212873973026535396e-03,-4.799756872145192338e-02,1.078706568069800892e-01,4.963658265353931842e-02,2.416684920875127734e-02,-1.547082682068714465e-01,-1.479232737926914655e-02,-1.137411214165447854e-01,9.975172465557131940e-02,-1.274969533540581124e-01
3.700673076248775506e-02,-1.483969890515571821e-01,-1.619891810063371351e-01,-1.101284126985131590e-01,9.201307612871517660e-02,1.150225239221136925e-01,1.743402308929090372e-01,-9.927439190250718359e-02,8.679591704877891167e-02,-9.673604190652078383e-02,1.380939192030343488e-01,3.112867085259964778e-02,1.073978052370218594e-01,1.703178766896228380e-01,-3.897142249420439131e-02,7.107593144441091970e-02,-1.471343589839426702e-01,-4.632077063420238922e-02,-1.148425503088485733e-01,-2.159086683707955520e-02,-1.606075080921635367e-01,6.543482586514286214e-02,3.175603648754168201e-02,1.784794253462754828e-03,8.005041091059054981e-02,1.739944179356999743e-01,-2.414891776348801825e-02,1.528768404112461621e-01,4.122929615313641882e-02,-1.202660974144814515e-01,-1.482716791794339850e-01,1.200034169480825030e-01,1.854211839669659134e-01,-7.815852312652718514e-02,-3.172248870404269505e-01,-2.475209336651092995e-01,6.438641894490285122e-02,-1.600805604292095162e-03,-4.132995372311528554e-02,2.618365240984333320e-01,2.158425071763763609e-02,2.559184552212457331e-01,-1.763033478434898049e-01,2.912996616925059845e-01,-9.101523774543222867e-02,-7.249152002698872055e-02,2.442966989550398593e-01,3.712069420817873389e-02,8.618466551673942266e-02,1.160066570918324297e-01,8.363452992320351276e-02,1.547569650617851844e-01,1.025354670355933667e-01,-1.191482038928785570e-01
1.405195489662321717e-01,-1.726934960766156046e-01,-9.862516126017055462e-02,-9.967347446743045347e-02,-3.153873825020005878e-02,1.162117412551482709e-01,1.299433143910578570e-01,-8.132849786071746911e-02,-5.570671134234606720e-02,1.694188416664876018e-01,3.122849748483052523e-01,7.985033321770632075e-02,6.011273390385442339e-02,-1.208795929109576957e-02,3.229170424739844641e-02,-2.000460740012698774e-02,-3.896185890213745007e-02,1.228706815302425120e-01,-2.302198950662601162e-02,4.730729864055414902e-02,-5.393182355122493055e-02,1.022741713555445561e-02,-1.051031518516060137e-01,1.643886816391273986e-01,-3.557243533456941331e-02,1.024266825482483684e-01,4.901609077575770634e-02,1.843851545416747006e-02,2.680318188298505804e-03,1.711703639743812622e-02,-2.292263902022059208e-01,-1.374961526674787493e-01,-2.692514696388683126e-01,-2.053626033960083141e-01,1.919343007605719964e-02,-7.345078840554983279e-02,-2.136584579946800566e-01,-4.986426934968343078e-02,-5.314562112035683961e-02,-2.902244569653182338e-01,2.026366403955510431e-01,2.365958444305044789e-02,-1.671864134723952400e-01,2.891510537459547267e-02,7.477950755408206696e-02,-9.114618881373236225e-02,-4.216789223440967072e-01,-1.497121517586489925e-01,-3.356836265194126229e-02,7.939220337313923626e-02,2.026025889211283126e-02,-1.819909621099152497e-01,1.053192094156167047e-01,-1.107994544316956015e-01
-1.018753489545457663e-01,-3.931843655035942298e-02,-8.273369853485013081e-02,-2.118780951334782170e-01,-5.005537018972825575e-02,5.385185534463511614e-02,8.121433266224270531e-02,-6.523569060131152730e-02,6.666113048733006419e-02,3.089580060000199357e-01,2.906560416515863721e-01,3.820149428494220428e-02,-1.110837741168562154e-01,9.494332552355480570e-02,1.704288672860606590e-01,-2.588253202772818062e-02,7.119101492901540318e-02,-4.475279746156377719e-02,4.397238316681318510e-02,4.650143152297017690e-02,-7.780724077676101635e-02,1.129209992085894593e-01,-2.355572278227246741e-01,2.889864139942524904e-02,-3.522268045318706353e-02,6.302561128629649567e-02,-9.403305892605336169e-02,3.343200902342860492e-02,-1.493509106882529580e-01,-1.165524217807680507e-01,1.718002594594217891e-01,-3.516965793940777379e-02,-7.065739171342549918e-02,-4.670664797478381314e-02,-8.966630602046654630e-02,2.431715950432982443e-01,5.162268510349524164e-02,4.066030268185481800e-02,7.445174035353187281e-02,1.295162741069317835e-01,9.317821301204677609e-02,-1.143697417240026326e-01,4.266519765951760079e-01,3.834610066746935164e-02,1.609961219043955531e-03,-2.118881499803467600e-02,9.680168773335516563e-02,-2.122362018042308479e-02,7.660839128634431248e-04,-3.052705242831258436e-01,-1.787781498020014626e-01,2.249094542266017460e-01,1.081029517956395708e-01,-1.024507049705149775e-01
-1.511624837026168955e-01,-5.951753792081205391e-02,-8.392904437199864842e-02,-8.373197139098996489e-02,4.206549467611171711e-02,1.519486313313367712e-02,-2.693110170988290142e-02,6.070271275303996961e-02,3.007599434772770600e-02,2.672839811296721657e-01,1.564839827571426478e-01,-7.374386604572911834e-03,-6.069278363595265180e-02,-2.521580926243368465e-02,-1.450711932548031935e-01,-1.865102880960080867e-01,6.202982711384822517e-02,-1.042478729725471870e-01,2.382597166832828572e-01,2.618490421604624530e-01,1.990675049567554658e-02,2.351634153484673251e-02,2.679267098284762727e-02,-2.823681149438408422e-01,-1.348050572603693154e-01,4.063892839738596219e-02,-1.121793208796964952e-01,9.529280757376815125e-02,3.099772827968558589e-02,1.414920312421356352e-01,1.775391423713313099e-01,2.082982049737661934e-01,1.993712524012518708e-02,-1.096503794725463832e-01,1.565179408482441914e-01,1.419351327511972349e-01,-3.928219217303336591e-02,9.958227588105547645e-02,3.982454085983498648e-02,-1.126958017523700117e-01,-1.093317155333833057e-01,1.578051354378808002e-01,-8.653853885051238093e-02,2.381625994426133514e-02,-6.235275048292530931e-02,2.075282403636961870e-03,1.051033144867265928e-01,2.416417751480270382e-01,-1.734843529607021928e-01,2.886280996911732566e-01,2.935999767590588005e-01,-1.219993026452865503e-01,1.108866941756624092e-01,-9.410195550933442288e-02
-7.367218536155253905e-02,-1.155175077805897649e-01,-1.497147367275961372e-01,-9.798174670084711102e-02,1.719167641775030120e-01,-1.096311534831656970e-01,-2.906061475838242827e-02,1.723776802142867326e-01,-1.485431309687718256e-02,2.880914802454776491e-01,-9.806958748575063389e-02,-4.519857826565965714e-02,2.136462233121800558e-01,-1.248814894447843327e-01,-1.568198809446919584e-01,-2.073229623123513665e-01,3.586426945303178987e-02,-2.566131431535585428e-01,1.650505433463116817e-02,7.012535025187874305e-02,4.557305809586327527e-02,1.872873018885384822e-02,1.654814798570156675e-01,-1.374116636052694629e-01,5.628381826960945911e-02,1.360680631360174954e-02,7.877950083930621017e-02,-5.840907951263784453e-02,9.378146306545687150e-02,-2.179470631996619778e-01,-2.119108841867954340e-01,4.602612000642767459e-02,-3.942037916362931688e-02,1.470304110285071408e-01,-3.999707767575706036e-02,-1.505897281065678162e-01,-8.950154054138034212e-04,2.561353739152711154e-02,-3.204201293824121121e-03,-1.006041249139429661e-01,1.387794616983466511e-01,-2.764522797388085928e-01,-1.726590809890211631e-01,-1.739700321466382538e-01,-7.827134270818818240e-02,1.223111549938180748e-01,1.559817448637998150e-01,-2.133603406412224179e-01,-4.866650773083250336e-02,-5.394813537737579850e-02,-2.616617411937784965e-01,1.287092486388374812e-01,1.136704365556853585e-01,-8.575320604815239722e-02
-1.726505144167639061e-01,-1.021609632753591040e-01,-8.115768556100318165e-02,-1.455942837617364427e-01,2.021573566994160631e-01,-1.141655799926718229e-01,-1.241323981910715385e-01,5.660440025159059474e-02,-4.420437194828485093e-03,1.234761305094914108e-01,1.300369725428021997e-02,-1.413302024313971283e-01,1.317269913186248087e-01,1.021026145629759102e-01,3.951868698443190830e-02,1.876912893786552294e-01,-3.509798825928476390e-02,-1.660551136981583409e-01,-9.419602602544507874e-02,-1.114924249917326055e-01,-2.258421139942593803e-01,-1.541629786379435096e-01,3.906475428252402515e-02,9.014969780459242132e-02,9.990736317524842591e-02,-1.559661893562229174e-01,1.091836809708264106e-01,-1.041953160544891177e-01,-2.007844053478110846e-01,-9.596739841580712027e-02,6.672363113343819652e-02,2.686064319315994639e-02,1.930663065897621766e-01,7.563330036688002689e-02,4.187015812811750726e-01,1.168798540206489843e-02,1.158689182667243106e-01,1.924052660810203833e-02,-2.448599514868170790e-01,3.759740984661781582e-02,1.140318757191963739e-01,1.871486146203142908e-01,3.444173149598617895e-02,6.977446066355955101e-02,2.427474810624927481e-01,4.157395993584155069e-02,-1.677005054101625703e-01,1.142078214980417061e-01,1.714351223432764582e-01,-1.020749798465297835e-02,1.638322279158483871e-02,-1.175889977242875750e-01,1.164541789357064899e-01,-7.740445658697281406e-02
-8.187504082746485667e-02,-1.831033429959764702e-01,7.177041375487408417e-04,6.881763414257480171e-02,1.120549099847220204e-01,-7.595182403573214058e-02,-4.289893647129220944e-01,-9.599785799967310712e-03,4.500437591017826533e-02,-4.168433490782866291e-02,1.892120825903026160e-01,-1.595442597257165918e-01,-4.845911852985471807e-02,2.225716568467555057e-01,1.336498737743583021e-01,2.100590280760111506e-01,-1.429949223317856788e-01,6.637658275937486675e-03,4.992664600212123188e-02,-7.414371971790109650e-03,1.334816442226600952e-01,-5.489131991509650643e-02,2.246332067721183157e-01,3.497751121050737821e-02,-2.932071981383543857e-01,4.020096651146629584e-03,-2.102978330400059534e-02,4.784723311176035387e-02,1.627911568431071876e-01,1.423056425905871725e-01,-1.280903236885918839e-01,1.428674453469998100e-02,-1.210424197341913310e-01,-1.614607610305739405e-01,-3.067637736207314697e-02,-8.491381767834036906e-03,7.438445742312148334e-02,2.920548958165627984e-02,1.447211963771357496e-02,1.525755048413043324e-01,-2.551580759868479764e-01,3.555243486292069405e-02,3.690538676036959898e-02,-1.091345941937487025e-02,-1.809558799464189571e-01,1.674048981334838038e-01,-1.142669995928714127e-01,-8.861554066031161747e-02,-1.150643789127619859e-01,-3.681277332802879859e-02,-2.629866703823391383e-01,-4.134940817700664961e-02,1.192379213157308410e-01,-6.905570712579253700e-02
-3.918268472094102450e-02,-1.711453778062380360e-01,3.843918825567088637e-03,-2.216175031696661704e-02,1.175801401617031783e-01,-6.852098964333784570e-02,-3.028181422730812367e-01,-1.072008936490946307e-01,-1.561600211746420053e-01,1.210285967848447330e-01,-5.810725963834515589e-02,3.654402922506317514e-02,9.774429807221096667e-02,-7.677275666300788226e-02,1.384121696244882960e-01,3.043063930094173572e-02,4.997591843712750198e-02,-1.805571316241346563e-02,-2.770759048717491568e-01,-2.574711343321364754e-01,5.018548260526758953e-02,9.443710033157692862e-02,1.469424361728496609e-01,-5.395553609102737153e-02,-7.749478376957717740e-02,1.317486217622896583e-01,1.030249471407748522e-02,-1.663940803985594075e-01,1.092334710397963454e-01,7.729973420852175037e-02,2.096572210680092974e-01,-2.626174806827844335e-02,-6.472920128704499898e-02,1.883923391123766000e-01,-2.778888231694994215e-01,-1.359772490656870891e-01,-1.649347158645822209e-01,-6.815534998375899489e-02,2.063406429190820790e-01,-1.360209884530629021e-01,3.674152914281501869e-02,-5.382076665141704262e-03,1.346621417827505995e-01,1.726992556293860392e-02,2.132307559126749297e-01,-2.053351341853696943e-01,2.746021020725021924e-02,1.438686068279751984e-01,-8.270094152587369185e-02,-4.602417484797026448e-02,2.932847425739750769e-01,3.100922257044071845e-02,1.220216636957527634e-01,-6.070695766461046972e-02
-2.971245153708483855e-01,-3.645059875942326111e-02,1.622384216906213039e-01,-2.480827166380328574e-01,-8.350618001778160882e-02,-1.463946601494079194e-02,-1.069728207404028880e-01,-7.458314079400481245e-02,-2.866351909242826346e-01,-1.406518921852062398e-01,-8.530789169525205065e-03,-1.848044479489454606e-01,2.053691180381345682e-01,2.375234941357151977e-02,7.365770045010826272e-02,1.184199166542765358e-01,-1.588190693460738712e-01,9.348377936675045241e-02,2.123463418655139323e-01,9.446614935737347729e-02,4.840706050632655189e-02,1.788609319929138075e-01,-1.005137672807650956e-01,1.310298604655217580e-01,2.427058448388142720e-01,-1.230767960357797286e-01,-1.439780798114035330e-02,1.701266063457932895e-02,6.081819798784556322e-03,1.512595377213155345e-01,-1.183173051713270613e-01,-5.997646274316097842e-02,1.597294813978979156e-01,1.177538837029505625e-01,-1.736192004963150182e-01,3.616666361916509032e-01,-8.557095806836073626e-02,1.817845523658640633e-02,-3.480013284329412648e-02,-4.164620990663055883e-02,6.057049588863402251e-02,-1.764766283733238961e-01,-1.355327250256796456e-01,4.830572745372298249e-02,-3.236629856289231083e-02,-8.149413566830453551e-03,7.392492085338180086e-02,-1.284899230632638722e-01,-2.341450297488436444e-02,1.172041257902585315e-01,1.122567419309234982e-01,1.480376305474265762e-02,1.248054060757783218e-01,-5.235820820342948489e-02
-6.046700439547093159e-02,-2.121365970850260796e-01,3.606712923301682028e-01,-1.353872965261193051e-01,-5.197175074955317185e-03,1.480398645574453921e-02,-1.891951610127761974e-01,-3.295569579096607749e-02,4.859540174054670369e-02,-1.382920483100597842e-01,-1.480451886116587179e-01,1.476272304327664875e-01,-1.128692871392023012e-01,7.770432856089493079e-02,-5.499285142232684942e-02,3.865894614815605645e-02,1.170722853614270254e-01,1.950447138276381609e-01,2.634816953836147668e-01,-1.747378312595855576e-01,-9.812968818886261269e-02,8.395708731866234620e-02,3.832241486532526192e-02,-2.981176290708100196e-01,1.957189873522376944e-01,1.217347425069920525e-01,-7.676976005100775990e-02,7.424153054495299942e-02,-1.633177729001047684e-01,-2.027870828597921893e-01,-1.873829291572465944e-02,6.081267162839772839e-02,-1.174284287145419131e-01,-7.150167574300110573e-02,1.644201338322733297e-01,-1.233535785147601704e-01,-1.966799190885957782e-01,9.468994248071583783e-03,9.495771390876829587e-02,7.388830353488065605e-02,1.764451973293665876e-01,1.014280108828757299e-01,-5.990641076436292733e-02,-1.448046832115114646e-01,-1.901205108195520577e-01,-1.086227673973975266e-01,-7.058316739750446211e-02,8.242101778567309522e-02,8.100505167498137093e-02,-8.551594444977250742e-02,-9.141287355685044635e-02,3.660268971108353309e-02,1.275891484557982736e-01,-4.400945874224875681e-02
-2.935086994551250328e-02,-2.409857076745123006e-01,2.469665624189905651e-01,-4.678339051895019640e-03,4.360948069487749490e-02,1.460019523250525308e-01,1.127381573380852563e-02,-2.945722567632950151e-01,1.746133827641061648e-02,-1.642696708680031065e-02,-2.451959473673922529e-01,4.618269949342600905e-02,-4.584592723602549241e-02,-1.981074892069342730e-02,-2.495037265556939721e-01,-3.065293906552431918e-02,-1.158719160244536250e-01,-8.446154249658421528e-03,5.997378485994830574e-03,-4.384919731350104405e-02,-4.524950169384558268e-02,-4.840206324576146191e-02,-2.084893457202093570e-01,2.373191405342453264e-01,-1.156258994155708458e-01,2.245650384633599284e-01,3.858068475166387401e-02,2.164424094002095067e-01,1.065839027630071795e-01,-8.102695108099441934e-02,1.633181660131643731e-01,5.797942511027746881e-02,5.315063272125844507e-02,-4.656963696777748074e-02,4.413856648591168996e-02,-6.079352523349308007e-02,1.602041095176582886e-01,1.888373401833675358e-01,-4.196681306535537948e-02,-1.984507030466683974e-01,-9.397266206278470646e-02,-4.682417709821513896e-02,6.458237665353788737e-02,-4.234955007027211421e-02,2.540922008747744654e-01,2.934051120808164326e-01,1.314408401386643055e-01,-1.566530290293692285e-01,-9.869398296660625292e-02,-3.430344018196034017e-02,-6.756358543422597354e-03,-9.811590656484736606e-02,1.303728908358224026e-01,-3.566070928106790383e-02
-3.529303156830401744e-02,-1.910932607676883443e-01,1.137451088175114727e-01,5.316234295974013591e-02,-4.149927138683306288e-02,9.311233207089338049e-02,-3.639795787940166595e-03,-2.222071756367297313e-01,1.044887637832470637e-03,9.119457176023845757e-02,-1.261600964173117401e-01,-2.216587171120006639e-01,-1.812508637454205984e-01,-5.071405868683381141e-02,-1.162994459877219194e-01,-2.432224443888641452e-01,-3.951484819269036192e-02,5.052841251656157995e-02,-1.533733973626211222e-01,2.602225005888059856e-02,6.290816668484272567e-02,-6.934102710324652197e-02,-1.867373435361074085e-01,-1.306489072032636090e-01,-8.800147221355056337e-02,-1.534918432668187782e-01,2.475542939780884730e-02,-1.239273029530647274e-01,1.565475548782312987e-01,1.064830887248636032e-01,-1.307731405784165746e-01,-3.967931665895751275e-02,1.340901575488041564e-01,3.850467443889353525e-02,6.262794008582810157e-02,-4.984848926636056138e-02,2.097354978528371411e-02,-3.108392788110542204e-01,-2.812986723033372161e-01,-9.194929827733623606e-02,-7.342612393972916020e-03,-2.835628571902246847e-02,1.593726213962267380e-01,1.322693167221523358e-01,-2.819831029726320715e-01,-5.330360323690232910e-02,-1.535659291981809893e-01,1.202220253728194937e-01,1.452292989020528280e-01,4.912496428020487332e-02,1.141110098463835910e-02,3.121184662804628585e-01,1.331566332158450328e-01,-2.731195981988682187e-02
-1.767217467427222299e-01,-8.300027274507487673e-02,7.373717443060294474e-02,1.297344995850518989e-02,-1.077810429784863827e-02,5.418761077787685038e-02,8.082767462097485700e-02,-4.189186462622446899e-02,-4.125487900673265734e-02,1.800478542865560361e-01,-1.142148576553320000e-01,-1.171676769254102746e-01,-1.131049537096100316e-01,-9.122402386860310741e-02,-3.502314916205375578e-02,-8.005304477615615699e-02,1.164944607486899097e-01,-5.470645343938860400e-02,-2.022752043298285951e-01,2.446089183273351605e-02,-1.278067823380100720e-01,-7.525094396317726086e-02,-9.706338620342121193e-02,-1.244270094045025338e-02,1.874472571112510144e-01,-3.804035905016330266e-01,-2.377438854380448663e-01,9.841936820387790774e-02,-1.234535109395093894e-01,1.111017936321375965e-01,-3.430055481030245407e-02,-1.709722012348868503e-01,-1.871279924911820325e-01,4.383707402667295222e-02,-1.509080320899097993e-01,-1.232161005889943761e-01,1.941008834315709475e-01,4.471372397823141637e-02,2.203584649488786185e-01,1.376268652694915551e-01,-2.359033866156233783e-01,2.054537787504945034e-01,-1.487573092152501553e-01,-5.360363283666064182e-02,-4.595340565968118740e-02,-1.474091571748339935e-01,-1.108916865393439789e-02,-1.690341437266590363e-01,-4.485773123064817902e-02,-1.112929831416659826e-01,-2.839588118158201113e-02,-2.644420771926148661e-01,1.359403755958676352e-01,-1.896321035870862995e-02
-1.232827109199647470e-01,-1.137124497447436072e-01,2.499061106469558646e-01,2.070259769247389040e-02,3.936261799713149795e-03,2.301175123119896804e-01,9.712253162842832133e-02,4.199621515692289475e-01,1.066881450042161117e-01,3.240074005461327043e-03,-1.740328469025922975e-01,2.494775213161014651e-02,-2.286970042004518588e-01,-4.680412654570646064e-02,5.186203829641688329e-02,1.288381538452371133e-01,6.384758898458690879e-02,-2.078487667907339131e-01,8.172909025944610079e-03,2.693193781631093575e-01,1.040424854891886103e-01,-6.909515198289094273e-02,1.111315533614277568e-01,1.241128489742401309e-01,-2.429460821063130979e-02,2.411573925927614215e-01,-5.666422985469592860e-02,-1.368459642122215325e-01,-3.690311403209758229e-02,2.785234738721235198e-02,-2.646565920209697498e-01,-1.805830746062229986e-01,-1.616893584754286982e-03,-1.627751145729117990e-03,-1.281423852954418074e-01,8.634969382808858895e-02,-4.974933158244863873e-02,-1.350197057570615145e-01,4.091887849291363927e-02,4.719136000854042001e-02,3.985054019622775306e-02,2.885160317520077053e-02,9.496327655070795071e-03,1.271291373288241100e-01,2.259917930471621039e-01,1.029003858506028629e-01,-1.508713713889456819e-02,2.245948752312092456e-01,4.173070846212476037e-02,-6.181940745919906749e-02,2.523316498460063603e-02,-1.682758276226467564e-02,1.387241179758914034e-01,-1.061446089752633715e-02
1.125537279822505093e-01,-1.942647216141670796e-01,1.339577510163942886e-01,1.068360926900539243e-01,-5.062728752377308739e-02,1.115027492391368336e-01,1.595270947389561267e-01,2.338635429332876770e-01,-1.212333745005837599e-01,1.992845552614642968e-01,-3.287318337590352385e-02,-8.351110066129752152e-02,2.869274898113533326e-02,-3.132065350029248907e-01,1.130019221238947880e-01,4.703519823478995859e-02,1.035429100751679822e-03,1.994705579944812124e-01,-1.008980491597957913e-01,-1.281437840009791440e-01,9.587400024540709831e-02,1.344571672521100991e-01,2.010548658038405212e-01,2.068756912694040273e-01,1.241415649887528568e-02,1.035093752206786011e-01,9.403206429527759258e-02,-1.121675211165467203e-03,-8.411268030808910501e-02,3.611253743410235834e-02,1.558581827444760759e-01,1.781209055347900694e-01,-1.243076381589953115e-02,-1.062875774719262284e-01,2.071849724835464202e-01,7.718692711368632664e-02,9.130878673884887387e-02,-8.318487899231809951e-03,-7.014777757702859995e-02,2.988323321431173296e-01,-2.644364129881102143e-02,-3.597548425424214411e-03,6.081253931009492769e-02,-7.194904086554111677e-02,-8.934793522930155329e-02,-1.632854104859093602e-01,6.369174378423425598e-02,-2.484710930252590766e-01,-4.628932141151537866e-02,2.824955241026039232e-01,1.329657165271519795e-02,1.120740346559919026e-01,1.415078603559126735e-01,-2.265711436343894724e-03
-7.945247815977748984e-02,-9.038415701904958799e-02,-1.158817861752280132e-01,2.361228238877156327e-01,5.972577098447023891e-02,1.690766841192383185e-01,2.635314363476881638e-01,-3.922112785750334063e-02,-9.706984539485137564e-02,-1.166488006174953712e-01,-7.122553257521074821e-02,-2.454524336759179026e-01,2.535638550172067407e-02,-8.071478330203249452e-02,1.782097759452081365e-03,2.190313930463793149e-02,-1.475957683413085531e-01,6.829297701298754630e-02,7.610164081541756498e-02,6.986549924111523646e-02,-1.161867145107287475e-01,1.269401021816687347e-01,1.378550662784385483e-01,-9.344683738197061967e-03,-2.392983348446348080e-01,-1.678758495954169594e-01,1.506266057849681428e-01,1.146426689287556311e-01,4.055035212389918736e-02,-1.517046176182702544e-01,2.172134325010155464e-01,6.455020653630713645e-02,-1.034617600074523580e-01,1.145272947799460539e-01,-1.095629651143243816e-01,5.913108542069633183e-02,-3.126979652377805119e-02,1.988902022072537856e-01,1.098693018513363512e-01,1.138051186985592073e-01,1.845609213817366312e-01,-1.469558150720522982e-01,-1.429127124332036647e-01,-2.316099240902123532e-02,-8.518213543278398137e-02,5.354560629179691555e-02,-2.458626266539054306e-01,3.352540324405298144e-01,7.299606031842198473e-02,-2.033279129757089854e-01,-7.938628589337330330e-03,-4.550185528341511854e-02,1.442916027359362752e-01,6.083038024836280415e-03
-1.094489928090548042e-01,-2.835933087285753829e-02,-1.081771995862175900e-01,2.753860715871403464e-01,7.748578338516351471e-02,1.852235503520174575e-01,9.317735922776412827e-02,1.310262959808272676e-01,-3.927596797135472079e-02,-8.415400874835445022e-02,1.317778040267616503e-02,-8.374385208200528508e-02,-3.409406157274529059e-02,3.768768686788757233e-02,1.700022281933564194e-01,1.683077917977809923e-01,-4.678233990186028181e-03,1.914040629829389661e-01,-4.977606326582226931e-02,-7.313663205766354758e-02,6.157445336835361965e-02,-8.295216187480708436e-02,-1.210689799659122740e-01,-4.402776047946623250e-01,-5.512887886415118038e-02,-1.279319342414224348e-01,1.280525236122307953e-01,-1.162665164371042142e-01,4.584388440723960803e-03,-2.094458702956898399e-01,-1.051445950052558170e-01,-9.391592260848607987e-02,6.907925265506754953e-02,-1.505230200879098257e-01,6.220074247294768779e-03,1.211292060715371960e-01,-9.386351342109837403e-02,1.875753167054371173e-01,-1.853785807064189592e-02,-2.813536694450117226e-01,-5.765034723745247891e-02,1.740694070627085699e-01,5.753049616520706372e-02,1.011149066091036712e-02,1.469621338558022572e-01,-4.843849471478400490e-03,2.239890564662928019e-01,-2.752376675199668665e-01,-1.158479157725165500e-02,-2.118089316693748392e-02,4.831015220074864891e-02,7.918666351687299321e-02,1.470753451159583780e-01,1.443178748601625476e-02
-2.622816815001820512e-01,8.375318917450744194e-02,-8.738863286107823036e-02,1.369142013401790370e-01,7.335809654186575823e-02,4.118236441894986000e-02,1.359025477084350730e-01,-3.112940343329049370e-02,-1.709087281457280505e-01,1.047110163734907631e-02,-7.252845199415763368e-03,1.891062095613028071e-01,1.129067750707257456e-01,6.824513332727796810e-02,1.749684872514654099e-01,6.465904748722478557e-02,2.594810974223154543e-01,1.975438331175301543e-01,2.002261180280452968e-01,1.200669628499586583e-01,1.459855015508668974e-01,1.446371527699721604e-01,-3.053643178754489665e-02,-3.428713843559359070e-02,2.757637255177155036e-02,1.811509721063592204e-01,-9.213434663838755700e-02,-3.143192131554733287e-02,-1.009210875488248185e-02,2.967359675297452301e-02,1.454799391686571464e-01,1.158728637696252589e-01,1.167823044209410216e-01,1.563101811398021068e-01,-1.293760048169600649e-02,-2.932037899253134294e-01,2.058960889319740306e-01,-1.882025327565262918e-01,-2.078694725814402011e-01,-1.277108064214316496e-01,-2.057093847623399363e-01,-6.980303848377807097e-02,-4.529217925938185813e-02,1.412435011690712228e-01,4.418406856766508850e-02,-1.060711830856165827e-01,-1.207830831264105481e-01,1.976296549250070381e-02,1.230466228771520849e-02,-4.709213472601567196e-02,-2.608831296083444773e-01,-1.341178880415271335e-01,1.498590874959795372e-01,2.278053694719637395e-02
-1.608992940023368234e-01,-3.359145383298340476e-02,-6.454070081470155394e-03,2.087011250411004437e-01,9.436604608072814149e-02,-1.241905017606104444e-01,6.024221192193827956e-02,5.071751047107805888e-02,-1.379561492068921147e-01,-7.854366638060786276e-02,-2.679352258529293929e-02,3.170650009239574518e-01,8.289723150022447473e-02,2.256521896639711311e-01,3.227325068128216595e-02,-1.681444782418330952e-01,1.020713607634552572e-01,1.569015684335360594e-01,-7.591583378850601249e-02,4.424067332979280537e-02,-1.993754115445231512e-01,7.858955516485367429e-03,-4.324002674808132690e-02,9.062108149661399215e-02,-6.876523845810732227e-02,-1.712341584193168009e-01,8.091564008678084341e-02,-7.435386587310097162e-02,-9.573415670007544287e-02,1.660779043687262424e-01,-1.620768403897465681e-01,1.434684750121814067e-01,-1.996180984508392209e-01,-1.304040577039510158e-02,8.732801776855940445e-02,-5.917636744734892235e-02,-9.853895934493115370e-04,-1.715168094451006153e-01,1.349690204287148643e-01,1.336490521256016861e-01,2.033785030487767487e-01,-6.966444570908277012e-02,1.590191017048839528e-01,7.397002850742107061e-02,-7.482349054779928454e-02,3.982340004413629231e-01,1.352593905100295535e-01,-6.370229248840046654e-02,-5.131713891204230105e-02,5.265225558206915180e-02,2.308480009978800263e-01,-6.549742480723211129e-03,1.526428298760040547e-01,3.112928640837914207e-02
-1.015151061208965227e-01,-2.172982196412210146e-02,1.175030857428806114e-01,1.496557773629271226e-01,-4.305959049175964864e-02,-3.914694051365284755e-02,-5.019848203101527628e-02,7.338179444288518705e-02,-8.783812684375941551e-03,-3.129178728062844556e-02,1.039842949384328641e-01,2.299544609685209295e-01,7.690564803440384789e-02,1.860800570024573053e-01,1.337868947789743468e-01,-2.005806192624768058e-01,1.063794440236668498e-01,-1.152757455912256507e-01,-1.523437660493637824e-01,-9.144722237757682559e-02,4.336037883562096629e-02,-3.310449933542444212e-01,-1.409478130548930119e-01,9.912022909929607550e-02,1.201816998952055515e-01,1.297033280780394149e-01,2.767298778710121643e-01,1.295123029415567451e-01,2.307163098056776440e-01,-1.068841474744357811e-01,6.210208769114712590e-02,-1.041279677725457653e-01,-8.000857462452733160e-02,1.030140753085686672e-01,1.986383173145853456e-02,2.701015177748965490e-01,1.380021687147825193e-01,1.698537651590718567e-01,1.046851585295851123e-01,-3.067265547907795792e-02,-3.268758047241966669e-02,-3.611282945390592580e-02,-1.412794888018495953e-01,1.618247789402517053e-02,-1.677571356837634364e-01,-2.178260251482035115e-01,-1.443086713957675207e-03,1.636716143278151847e-01,1.392217568993855126e-01,2.009234839083498536e-01,-1.290167521464481715e-01,8.142433055501604316e-03,1.554265722560274898e-01,3.947803586955954402e-02
-1.472866384948781915e-01,2.313006621380753886e-02,-4.042157183972784271e-03,2.400695465698060027e-01,-8.290729891402254248e-02,-1.144924177295016804e-02,-2.997824248195759406e-02,4.720231259401917040e-02,-6.562532938751387823e-02,-5.821515329125222932e-02,1.215980533367429506e-01,1.617919131403853517e-01,1.024179914622661280e-01,5.556197589013601307e-02,-1.342395311190185681e-01,-2.912025735952948891e-01,-9.249039014765218780e-02,-1.157662945847560826e-01,2.540523741600652086e-01,-1.339212511991859714e-03,-4.369113971380474831e-02,-9.105661406255827206e-02,1.399920769868483184e-01,1.823531291777744090e-01,-5.005499883697375751e-02,-1.143741751437669374e-01,-9.518525735224465933e-02,8.775510372515611668e-02,-1.768092822133890407e-02,-3.160090696555373918e-02,-2.692622666260240105e-03,-1.390127878386624993e-01,2.592858573219732898e-01,-1.051327670931458125e-01,-7.744523698197429418e-02,-1.060847219538541275e-01,-1.971111332356353385e-01,1.394809414044813345e-02,-8.828123992864328473e-02,1.331612869854152670e-01,-1.144435340561420628e-01,1.236072293178950010e-01,9.870857310628032566e-02,-3.078875629990474039e-01,2.306478494686434733e-01,-1.895371429515826933e-01,-1.678327523757490725e-01,-9.517980134926816438e-02,-3.232353842833370766e-02,-8.811499910863836160e-02,1.004611013171856637e-01,2.778457909472662468e-01,1.582103146360505364e-01,4.782678533074071620e-02
5.305728167043446963e-02,-1.088681007103714793e-01,-3.043166173298631969e-02,2.616559689088558960e-01,-1.840754098001816039e-02,-2.294914897902225470e-01,-4.637478571143151956e-02,1.658695308548076980e-02,-1.677849243603139751e-02,4.144964909301256800e-02,1.746727887503438659e-01,1.211246424038411318e-01,-2.869666688076733529e-01,-2.186327349009728194e-01,2.873053286594455524e-02,-1.351968535206116671e-02,-1.966808167079558689e-01,-1.161722095573470698e-01,5.686656179755437274e-02,-1.997584284048949110e-01,5.956916661430482207e-02,1.671893871732017256e-01,-9.757632755255842005e-02,9.970590599337644799e-02,9.971161000190209567e-02,-1.079380599622652981e-01,-8.582511051314316297e-02,-3.238603295470823124e-02,-4.230365393009574704e-02,-3.895416900750338363e-02,-1.258378816129392674e-01,-3.416406575641635357e-02,3.023535366748482667e-01,-1.140031472567547416e-01,8.731491704673011861e-03,-1.074083117255547060e-01,-1.093750169781390891e-01,9.989808628908962429e-02,-3.160328036886291773e-03,-5.506055673814824747e-02,9.226602332799459238e-02,-2.033092744587267631e-01,7.599197876754189285e-02,1.263283465405297956e-01,-1.116006788635757890e-01,-4.126627188845943817e-02,2.073870953697787844e-01,1.706342911332399126e-01,2.975187979400722993e-02,9.765364702454031043e-03,-1.011712163292369376e-01,-3.832528670147074545e-01,1.609940570160741380e-01,5.617553479192136101e-02
2.039679099752342989e-02,-9.021381282972115723e-02,-1.423128314974421438e-01,2.489451675413104359e-01,8.835239397234642689e-02,-2.859078907649243440e-01,7.772515103215707488e-02,-2.552188026427811285e-01,7.535499791414577986e-02,-9.750880282244382691e-02,8.401598341874963460e-02,4.649861782576335950e-02,-2.175888781821841700e-01,-1.106536035000581786e-01,7.699099073078079225e-02,1.148193975122980826e-01,-1.707681577830706121e-01,-1.076309681490024428e-01,-7.886755092358890828e-02,1.229348669998647781e-01,1.709372142970223551e-01,-6.024382109548472725e-02,5.000126827726057016e-02,-4.757116540196697219e-02,2.774135219057172197e-01,1.856940786373706131e-01,-2.289552969637416724e-01,7.049364380402808883e-02,-1.320299649882555604e-01,3.367577715545969335e-03,5.138175715097308138e-02,7.398236093227920918e-02,-2.444560481704569355e-01,2.322657813362960788e-01,7.914815815647938124e-02,1.955300811877370704e-01,-1.314649439697570914e-02,-8.001302253439887546e-02,-1.311595583863451597e-01,-9.567316780430077522e-03,1.174822887348255483e-02,7.346296584224781823e-02,-1.864029242890654081e-01,-8.504933708555942329e-02,6.186964655730448764e-02,1.129022011241846840e-01,-4.003569446308630903e-02,-7.790671072668116370e-02,-1.631321403784678423e-02,-5.909865560561858300e-02,1.083058268670203383e-01,2.270538712648364488e-01,1.637777993960960188e-01,6.452428425310309523e-02
-2.966560753400744876e-01,1.785324436234969059e-01,4.737142260353763290e-02,-1.710584399665347477e-01,-3.907903678462502639e-01,-3.048812794863968167e-01,1.198689482973223919e-01,-8.452570822949348472e-02,-2.159267656393298040e-01,-1.010737234972614584e-01,9.344223766331870296e-02,-6.748772716041522013e-02,2.252869337867419164e-03,-1.227937774276313676e-01,-1.883812844178184009e-01,1.096180864159169988e-01,-1.456757522545754774e-02,-3.323814286542717961e-02,-3.341433815063890034e-01,1.259627789706869727e-01,1.153995747474498706e-01,2.132377642882102645e-02,-3.296236554683405762e-02,-9.323328298655149393e-02,-1.330706515107515642e-01,1.833164210448292031e-01,2.020665550880717254e-01,-9.201072222440399850e-02,-1.103792663937439023e-01,-1.610715072801269590e-02,-4.689798618204276542e-02,5.436663947582798251e-02,-1.295860834327121520e-02,-2.089391671903451375e-01,2.985249066745518376e-02,-1.599737227205254575e-01,-5.168966928466394578e-02,8.857038622087443080e-02,7.402285129750284243e-02,5.139103716709698261e-02,-3.115131306898217059e-02,1.023700796276723612e-01,1.304863910080963571e-02,-1.362217645137683564e-01,1.513794558942230944e-02,5.214620882245948191e-02,-4.750943100190821444e-03,9.772040444578239393e-02,4.367753526627043970e-02,-7.324878715851895067e-03,-1.081553661228311786e-01,2.037031269444948903e-02,1.665615417761160122e-01,7.287303371428219267e-02
1.378336037288919458e-01,-1.181496187911387497e-01,2.080077676049152668e-01,-7.693832611665825383e-02,-1.480035731012680766e-01,-4.070950905666780306e-01,1.411875188071414489e-01,1.592578334862995992e-01,1.363262933517814801e-01,-1.448687140373269566e-01,-3.054488500479731958e-02,4.780952368308446013e-03,1.954023566658698308e-01,8.217321943191887093e-03,-2.263443128434416973e-02,8.151419772716416920e-03,1.896280917993980741e-01,-2.442089561280364612e-02,-6.944617094373110866e-02,-8.640746500899056104e-03,-1.134310921724935722e-01,-2.024218091610642881e-02,6.243810427988855105e-02,-1.264484638026122376e-01,-3.232066785338832404e-01,-9.123569894045192863e-02,-3.108262392021145515e-01,9.179546802762737767e-02,1.110302471308039357e-01,-1.279728251117522586e-01,1.309595089755055952e-01,-9.591628104940252975e-02,-1.938770000047956854e-02,1.822129982851409744e-02,-9.279999964960239378e-02,1.350911187397555169e-01,-2.560646586843135647e-02,1.612777626946856543e-02,-2.745358362571160837e-01,-2.334070755094705234e-03,6.710438703724745657e-02,-6.748465214549378977e-02,-4.618701287063833004e-03,2.609965090654742248e-01,1.415234118305071231e-02,-5.940310610059990060e-02,-3.480516682001232043e-02,-1.553216154465611454e-01,-5.667060423789856138e-02,-1.748169310549332195e-02,3.698393685138433307e-02,-9.229606981379503972e-02,1.693452841561423894e-01,8.122178317546281667e-02
1.522732425232233289e-01,-6.218029266648959774e-02,5.477318027566973474e-02,-3.252113572048394990e-02,-1.519612987405940530e-01,-1.214294839783296026e-01,1.947128251514324837e-01,-1.632930439994270955e-01,9.173263746118620610e-02,-4.719827205036536411e-02,-3.636353214280458462e-02,-1.547933862232588331e-01,7.548462850571864557e-02,3.096194295976528472e-03,1.776185872856422820e-01,-1.210253170835162012e-01,-7.527770218368405597e-02,-1.135037524263217135e-01,2.653990026339433372e-01,1.760925596623031525e-02,-2.034106081301088886e-01,-1.485344710268871882e-01,2.319452650753382750e-01,4.011423714556157372e-02,9.105445764977579404e-02,9.304562289084214455e-02,1.897152520554786503e-01,-2.677918094162454743e-01,-2.637011432089803736e-02,8.748077785963992437e-02,4.095234606220216761e-02,4.474127161121134455e-02,1.093423589599307050e-01,-7.509555123966786538e-02,1.419777798216477760e-01,3.142206995137342574e-03,4.441490858313547341e-02,-1.306887590570794400e-01,3.776759042297623825e-01,-1.950644557672548685e-01,-1.580713031243932143e-01,4.952579867301763750e-02,-2.684520864885103081e-02,2.345302723847738635e-01,-7.363487579829654239e-02,-5.193961360873078359e-02,3.419691118209324671e-02,-1.055808440017200062e-01,-1.060949883779631064e-01,-2.086703639882258876e-01,-1.640707780538962213e-02,2.854350377700138469e-02,1.721290265361640759e-01,8.957053263664593867e-02
1.192007642021754993e-01,-9.360124277984846128e-03,4.689924336077792855e-02,-1.010994977279347784e-01,-1.183325045505902590e-01,-7.087691964132329658e-02,1.774540913821452681e-01,-1.485343255677525898e-01,2.308073630178697766e-01,6.993869256684294433e-02,-8.995218578677736943e-03,-9.046038341896604773e-02,-4.811790294015258485e-02,1.653584884400335353e-01,2.533711954029291280e-01,2.692031821564465008e-02,7.913002753843231818e-02,-1.432224499807046303e-01,1.611833541350397581e-01,-1.535829254648858333e-01,7.171890466669336717e-02,2.420495944664787513e-01,-7.431083694311294008e-02,-1.861841587197561043e-01,3.583476362441593427e-02,-1.253708059534852093e-01,1.961746061033816935e-01,4.690218560480800131e-02,1.168744415038529549e-01,-3.743540110623200939e-02,-1.716081592302264036e-01,-3.727859305572181481e-02,-8.897631640276194853e-02,4.825617410940381824e-02,-2.138021587865863646e-02,-1.195148350190057551e-01,8.887065041337953442e-02,-3.640939784581832817e-02,-1.088660065831540714e-02,1.907931951753199240e-01,-1.780091998916508156e-01,-1.916637635314138444e-01,3.798987214100226634e-02,-2.345968708700510164e-01,3.053140529543549309e-01,9.724910066481483317e-02,-7.791216040967398337e-02,8.026765505459117211e-02,6.359565694324670337e-02,2.860997593227611047e-01,1.363206924911551376e-01,-3.573283380679493498e-02,1.749127689161860399e-01,9.791928209782664594e-02
1.643945790535598743e-03,6.018254724703027414e-02,-5.179929285496295138e-02,8.961492514590520958e-03,6.400941282817479427e-02,6.294580636570912269e-02,1.562467298524473913e-01,-1.774740199593089762e-01,2.242067374915717171e-01,1.263723442051371548e-01,-1.826716125600726104e-01,-2.642152044721670853e-02,1.879084493148982793e-01,1.281021884595719695e-01,-3.464915703025082255e-02,1.701075901507506094e-01,1.279796033510659514e-01,-3.081835080367997456e-02,4.355305424326148811e-02,-9.349306377368675480e-02,1.954944190260458348e-01,-2.052425708690752970e-01,1.707603546787493931e-01,8.513219302736903249e-02,5.714382707367981346e-02,-7.405404610152602207e-02,2.887896313095415085e-02,6.346139991695126659e-02,-2.580606093698305514e-01,3.537814066834863991e-01,1.376566922624846701e-01,-1.748313496691593083e-01,-4.914197380268218313e-02,-1.618053644221667808e-01,-1.530961140662188968e-01,-5.203958026259954822e-02,-2.121953728748174339e-01,1.207332367776518534e-01,-1.723115013693582998e-01,-1.188594609192660662e-01,1.712529354885470034e-01,-1.069422234087340044e-02,8.202740526485856332e-02,-7.939846168847361496e-02,-1.607657653193775016e-01,2.823213262930606912e-02,1.785331277273648765e-01,1.256356994782215075e-01,-7.050395936846020999e-04,1.098814330886302149e-01,-1.372610920280605273e-01,1.269332497361169709e-02,1.776965112962103632e-01,1.062680315590067148e-01
-8.933808663625397717e-02,1.679004950155972009e-01,-6.210567550256793079e-02,4.295018882408951910e-02,-1.714474948202643068e-01,6.282733556781104622e-02,-6.887407888538794876e-02,-3.517416782038100542e-02,3.234880031205076834e-01,1.010378780827283496e-01,7.260025847347585659e-02,-7.106199225912231132e-02,-7.686576455070875946e-02,1.273737080780982245e-01,-2.137922152228945716e-01,4.108798726070910651e-02,1.573974274922070871e-01,2.251330732425360359e-01,-3.842147994720375437e-02,-1.227649966802225878e-01,1.471924075673971266e-01,1.500953639301618736e-01,9.232650781302252641e-02,1.519296787667200888e-01,-2.531467481774880325e-03,3.623516510440000227e-02,2.861316980934448806e-02,-6.773422074073416621e-02,1.286536592295756676e-01,-5.439096809264851867e-02,-1.937388868316189394e-01,-7.784419939320046979e-03,1.558142421336731753e-01,2.460495959036622104e-01,9.009668042913226982e-02,5.931935320756355490e-02,2.277314541480058019e-01,9.367176017218338535e-02,2.707325706773059532e-02,-4.477844422773479341e-03,2.815481625889161288e-01,1.466820130386885801e-01,-5.842284392362995932e-02,-2.184804912377921390e-02,-6.506644954935504599e-02,-7.528100304926538255e-02,-3.545707988007096995e-02,-2.457938895569519375e-02,-3.537821165488489461e-01,-1.584359268661162112e-01,1.490751473655505532e-01,-3.294451606715387282e-02,1.804802536762339649e-01,1.146167810201880605e-01
3.750235106792714629e-03,1.081989959631993875e-01,-9.644032621681394857e-02,1.041925378966037929e-01,-2.333692723066695812e-02,3.649815101346879070e-03,-1.205420552615425467e-01,7.965853671497906408e-02,2.349752577308812929e-01,1.344474406003229594e-01,1.405631992456036518e-02,-1.085343585199731627e-02,1.337063634598086304e-01,-2.305677290494800857e-01,-1.694004492049539234e-01,1.252593303115603074e-01,1.723644797410797957e-01,7.721930734763680915e-02,8.108175289719638055e-04,-6.085328200869814796e-02,-1.585700862885447704e-01,6.302571191693129293e-02,-9.993961379835158976e-02,-9.281105649412046271e-03,1.499699713809895807e-01,7.644652462973285101e-02,-3.184136669776361367e-02,6.546917600209591070e-02,2.291222133880682077e-01,1.344180397140666561e-01,3.076191244347628584e-02,2.064859933814607029e-01,1.312835719453588068e-01,6.149859097625089144e-03,-1.413045399686960468e-01,1.485997988317762364e-01,-2.195401277639176807e-01,-3.510201988208710294e-02,1.886357391895676916e-01,6.977750274903015727e-03,-1.054892066288338898e-01,1.069666836591207371e-01,6.282676094190436933e-02,3.497256005924382488e-02,-4.427881252724777568e-03,2.547651010231885005e-01,-2.113151503022213384e-01,-1.256816868515779895e-01,4.267884997553809678e-01,-8.832810459880152372e-04,-6.125724049339235228e-02,-2.001973795636376521e-02,1.832639960562537085e-01,1.229655304813679073e-01
-8.437973474922781311e-03,1.141761909119225205e-01,-6.383977317864175660e-02,9.830395860930592200e-02,1.027168189207317180e-02,1.167150811578405722e-01,-2.084593339668114054e-01,-1.048231461990091068e-01,1.642275847117871390e-01,-1.000914512771367282e-01,-1.886648371327340201e-02,-5.606180865916386008e-02,1.842993141118462463e-01,-1.407562602671558194e-01,-9.032081994321564111e-02,1.837655907776941377e-01,-1.335016327187749652e-01,5.232673798709870649e-02,2.407822924582330576e-02,3.212040354927681585e-01,-2.633634725455352155e-01,-1.773214365188893193e-01,-8.433242556253615907e-02,-8.508694856425769518e-03,1.103762929977763346e-01,2.717032132170362629e-02,-9.662718447049295500e-02,-1.741288444175654315e-01,1.317154037943752132e-01,-1.672343382503859166e-01,-1.184427150873630652e-02,5.448943463974297713e-02,-2.141956851247129034e-01,-1.616135458227371535e-01,3.046073390594968098e-03,-5.325473747069487535e-02,1.147897925153929244e-01,-1.391583580694918942e-01,-5.540724253537570448e-02,9.774955994303573259e-02,6.780965172516276174e-02,-2.352500676344422836e-01,1.961233718196099818e-01,-1.168658006065529664e-01,4.207177542913231871e-02,-2.975643502200448487e-01,1.278895966958618069e-01,7.277314098215612037e-02,-9.803640468683762210e-02,1.269514935317964943e-01,2.795786544305008461e-02,-1.199105567541166040e-01,1.860477384362797248e-01,1.313142799425501550e-01
1.574135257070033711e-01,7.852044326889486003e-02,7.699138121611008578e-02,-8.929824019218633724e-02,3.036787935248235620e-02,6.303625683664156043e-02,-1.696131077313202395e-01,4.238921887364955482e-02,1.229616277039061595e-01,5.801867836096483155e-02,-1.371642816865815614e-03,1.951409169626887041e-01,9.364884840757130291e-02,-1.535779552872096332e-01,1.410326556827440625e-01,1.717530110222801332e-01,-1.683402693546677889e-02,-5.948423320920949095e-03,-3.212456786220723587e-02,1.211627723088145175e-01,-7.917518052595208522e-02,1.277691587454766464e-01,-2.742924779976200211e-01,1.988207606426812823e-01,-3.089665556064064011e-01,-1.979674638780950235e-01,7.609363590856473014e-02,3.677976028868548686e-02,-1.957067795666240784e-01,-1.713864124470407604e-02,-7.230269328923016880e-02,3.589979900686047359e-02,-1.705606095251523818e-02,1.817625522965814755e-01,1.535464735340159870e-01,-9.582573723255767562e-02,-1.645578804269762219e-01,3.634190910711525974e-02,7.390291084105926438e-03,-9.731819345654062203e-02,-2.456317038441988010e-01,3.057624045445872171e-02,-2.993118995734023180e-01,-5.982262017314611893e-03,-8.715756739829873256e-02,-5.822394683500314166e-02,1.583510198261013913e-01,1.242514549041474764e-01,-4.193566719163471096e-02,-9.147533770907900763e-02,4.459197679725358278e-03,2.660307371413610511e-01,1.888314808163011616e-01,1.396630294037324582e-01
7.307535298437433172e-03,2.162402351122360289e-01,4.013549696807479361e-02,-7.152841145048877136e-02,-6.411746349199171080e-02,2.076825253858178844e-01,-1.799360493718752119e-01,9.309145692320110188e-02,6.684416045768194758e-02,-1.319720936631618713e-02,5.404316824872711089e-02,6.416048090269925452e-02,9.691961059418718882e-02,-4.961904149443850665e-02,-2.096857586027320655e-02,-2.023034274596261783e-01,-3.310933501674466206e-01,-8.329975824933284756e-02,-5.206834019153704085e-02,-8.056028479245914975e-02,1.808641902441124605e-01,9.805306239256808554e-02,4.967757556058693957e-02,-1.584086707294051766e-01,3.733808352265926417e-02,-3.929870787000980248e-02,1.705940634999472960e-01,1.771221094608346480e-01,-1.940413342215024650e-01,-1.881519105579332329e-01,2.671181826135184401e-01,-1.778224792195566839e-01,-6.287900298904934571e-02,2.231580504509879555e-03,-6.996419274535836674e-02,3.060305548299254580e-02,3.501931700431609035e-02,-4.020320725030313014e-01,-3.496973703888163476e-02,2.035110744915072725e-02,3.792926685966322570e-02,1.155310651982841830e-01,-8.425266810403394396e-03,1.605046699016191292e-01,-3.260109627502956464e-02,1.970848629531899709e-01,-3.888621083486460545e-02,-8.876316306131037948e-02,-7.607575938208695210e-02,2.453399044636791343e-02,-2.950618309777333637e-02,-1.720817548971320943e-01,1.916152231963252073e-01,1.480117788649112920e-01
2.530829417545064630e-01,7.863039133243317214e-02,6.374840394706766944e-02,-8.459662466637532519e-02,-1.545474127682136545e-02,9.288355294279718177e-02,-6.491427250199229004e-02,1.159445752474650704e-01,-1.408962402822850901e-01,-4.836864029399064180e-02,6.826473316302745717e-03,1.730667384015974197e-02,1.432064098064226854e-01,3.395304780713566395e-02,1.096271121872476745e-01,-8.989115460756795517e-02,-2.346192918581229414e-01,-2.354486965706603652e-02,-2.445028353392885573e-02,1.274441543933471643e-01,1.478407323603068424e-01,9.182574883363816762e-03,2.828995372672329922e-02,-1.557625391597728948e-01,-1.177698086166283423e-02,2.549413424760425817e-02,-2.609588538710080341e-01,1.355619375462516762e-01,-3.300174066105028559e-02,2.485920678248394466e-01,-1.279575738784697325e-01,4.867770053682363846e-02,2.351349541771781751e-02,9.075171263450548809e-02,1.131136191952012982e-01,-1.718132141905115151e-01,3.290766977685289918e-01,3.208371825764524954e-01,1.526335362975367593e-01,-1.320930098490297189e-01,2.172257349220095557e-01,2.315148437016935692e-02,2.009345879724436512e-01,5.574292458191023106e-03,3.262002862192598523e-02,-4.192102483006889674e-02,-8.697825225412793293e-02,-1.672781551458252594e-02,2.635526185795501464e-01,-2.045408574304802621e-02,3.335374809545472302e-02,7.684600572615034320e-02,1.943989655763415647e-01,1.563605283260898482e-01
1.850893743439065431e-01,1.558089961348913255e-01,7.863428079084560512e-03,-1.804051341884931603e-01,6.794295059154988048e-02,1.283882974058169479e-01,1.261442128484499027e-02,1.174080410259317926e-02,-1.807350697745317147e-01,2.084553121626221001e-02,-4.852040472510801838e-02,7.834412937570577051e-02,-1.852865226568924939e-01,4.307734476509591376e-02,2.221820813086719526e-01,-1.574591749128758655e-01,-4.589403147338717848e-02,4.963195747436287969e-02,-1.629526753362146863e-01,9.179740816903614667e-03,-3.249704929095476591e-01,-5.170381508119786113e-02,2.091143781496718548e-02,-1.127667726958701544e-01,1.098879279607170717e-01,1.270351428601194377e-01,-5.393680663130163977e-02,-2.239424115865938369e-01,1.588649950997966243e-01,1.224043325295683660e-01,6.701374322983665033e-02,1.818721447713322545e-02,1.625054614624046878e-01,3.848402693230301708e-02,-1.009882422049694084e-01,6.150323008695887661e-02,-1.456136355298647544e-01,1.788870531158625599e-01,-2.789878712708633302e-01,1.325012079480777372e-01,-2.095524954106222845e-02,5.341397009584777228e-02,-8.852882872434357509e-02,-1.968684042973006809e-01,-6.573395963140579723e-02,1.956373151278011091e-01,-7.367881535716527819e-02,3.822272508466457303e-02,-2.756228824885204043e-01,-3.343772712389413149e-02,-1.334369485540126132e-01,-8.696600765518779086e-02,1.971827079563706064e-01,1.647092777872721792e-01
-3.704566164186555433e-02,2.344293407954905206e-01,-1.299644030073444090e-01,-1.253963496370955610e-01,2.466075253649277765e-01,8.663988678774078855e-02,-3.936867078078436222e-03,-2.821577774230911093e-02,-1.018853715337496857e-01,-6.431197879166233866e-02,-9.668681842455215114e-02,-3.081851145632719460e-02,-2.676417275102467852e-01,1.921381377570384463e-01,-2.428638481398770754e-01,-7.920768068572131559e-02,3.366202086532075338e-02,-6.817363589627749298e-02,-4.476229450119086767e-02,-2.738425491492473829e-01,-5.532220708148503398e-03,3.056828385128388531e-02,5.670982771660505045e-02,1.505124985972728507e-02,-1.915853347962364339e-01,6.576793795788640762e-02,-1.026810490072315868e-01,-4.706537156431375019e-02,-1.322696173193692315e-01,7.087768759645457495e-02,-6.214201988528558068e-02,1.534292070413293685e-01,-6.954691859843652180e-02,-2.069559267103361078e-01,5.474934828066809617e-02,1.992036443415136637e-01,1.179617587546902963e-02,-6.803023760871701464e-02,6.053193985298029045e-02,2.702662585295801528e-02,-6.443952628943770689e-02,-3.019248401955230143e-01,-2.198803352467476879e-01,1.284070438093465327e-01,1.461968857847031067e-01,-2.468691333155065837e-01,-6.222955166758504207e-03,-1.232371558687149343e-01,1.604804948507706219e-01,-9.093128288002360476e-03,2.601999909356471439e-03,3.573370145516926999e-02,1.999664503363916546e-01,1.730580272484538995e-01
3.058418851822015117e-01,6.364080510011041469e-02,-6.273413548267919859e-02,-1.234955533396340926e-01,2.590923418110742671e-01,-1.748858915499441335e-01,1.469086840979799561e-03,9.476200758465318230e-02,-3.724125692463240433e-01,-2.568613220357119503e-02,3.758807524951993106e-02,-2.420380746820209039e-01,-1.467895296035634234e-01,5.360338392090160942e-02,-1.589718066816819819e-01,7.072991800261486939e-02,2.447727853503673112e-01,6.629252853159114944e-02,1.946337967484660370e-01,9.699899588843255427e-02,1.512766876903892665e-01,-6.868946442007449471e-02,-7.631880652214165228e-02,2.165332869865251586e-01,1.201593941015204059e-01,-5.888011797592439256e-02,8.058015039694414738e-02,9.800660862141734320e-02,1.268648594978077915e-01,-2.598537007748719652e-01,4.227481413111284364e-02,-1.134617167608741317e-01,-9.042838323724776417e-02,8.553143537755488173e-04,-5.236257012742102923e-02,-8.782290506987104617e-02,-3.411804647338022994e-02,-6.613585461982386671e-02,5.133641457342699027e-02,-2.389607551537523480e-02,-3.605329520670540189e-02,2.056365445152872617e-01,1.691568935587023370e-01,2.161600655580502364e-02,-6.502023471352408324e-02,6.029815661615003236e-02,6.831169091278962990e-02,7.991811883689685370e-02,-2.174816309434958461e-02,2.777565055979764816e-02,6.798178125825402041e-02,3.752937935976612821e-02,2.027501927164160611e-01,1.814067767096361472e-01
