2.681096494197845459e-01,2.066493332386016846e-01,-2.257089316844940186e-01,-2.462746948003768921e-01,-1.903398633003234863e-01,3.084152340888977051e-01,-3.535386547446250916e-02,-1.596890389919281006e-01,3.891464322805404663e-02,8.634891710244119167e-04,-6.787170469760894775e-02,5.951031669974327087e-02,6.077437195926904678e-03,1.695206165313720703e-01,1.686302870512008667e-01,-4.716326892375946045e-01,-4.296891391277313232e-02,1.837577968835830688e-01,-6.631310284137725830e-02,-1.607848107814788818e-01,-5.540816485881805420e-02,-5.329282209277153015e-02,-1.473185326904058456e-02,-5.580891296267509460e-02,4.888755502179265022e-04,9.454241394996643066e-02,-1.441982388496398926e-01,-1.120781674981117249e-01,-8.427552878856658936e-02,-1.095960363745689392e-01,8.797708898782730103e-03,-7.190987467765808105e-02,-2.665255069732666016e-01,1.789821498095989227e-02,1.115110889077186584e-01,-6.554828584194183350e-02,-9.113725274801254272e-02,1.948872581124305725e-02,-2.181472256779670715e-03,-8.306046575307846069e-02,1.386620402336120605e-01,1.586868613958358765e-02,1.355466805398464203e-02,2.573510073125362396e-02,-8.895561099052429199e-02,4.526118934154510498e-02,-1.789671741425991058e-02,5.331645160913467407e-02,4.154295194894075394e-03,1.199944019317626953e-01,-4.469135031104087830e-02,1.049908548593521118e-01,-3.957080096006393433e-02,-1.360827684402465820e-01
2.581809163093566895e-01,4.646447300910949707e-02,-9.463231265544891357e-02,-2.734105587005615234e-01,-2.193084731698036194e-02,3.836742043495178223e-01,1.122325137257575989e-01,-1.068423688411712646e-01,-4.469582810997962952e-02,-6.477872282266616821e-02,-2.565942704677581787e-02,-9.135524928569793701e-02,1.568927019834518433e-01,1.090153083205223083e-01,-7.365597784519195557e-02,1.292437314987182617e-01,-1.552204787731170654e-01,-9.831873327493667603e-02,-6.997261941432952881e-02,6.888581812381744385e-02,1.078174412250518799e-01,2.443506717681884766e-01,1.080854535102844238e-01,9.148031473159790039e-02,-1.008090525865554810e-01,-1.438087522983551025e-01,2.387629151344299316e-01,4.585416615009307861e-02,-8.047460764646530151e-02,-2.017608471214771271e-02,-9.530289471149444580e-02,1.121840998530387878e-01,2.169665396213531494e-01,-5.282805860042572021e-02,2.759918943047523499e-02,2.365133017301559448e-01,-3.023661673069000244e-02,-4.380651563405990601e-02,6.652161478996276855e-02,2.372004464268684387e-02,-2.979231178760528564e-01,1.678067259490489960e-02,9.396145492792129517e-02,1.158368214964866638e-01,1.711876988410949707e-01,-5.653671920299530029e-02,1.371359266340732574e-02,-5.375173408538103104e-03,-1.305193901062011719e-01,-1.426329463720321655e-01,1.450169924646615982e-02,-1.752928793430328369e-01,5.859000235795974731e-02,-1.360827684402465820e-01
2.480776906013488770e-01,-9.203070774674415588e-03,-1.213464736938476562e-01,-2.221261709928512573e-01,1.217475160956382751e-01,7.512879371643066406e-02,-4.606985673308372498e-02,5.491823889315128326e-03,-5.708550289273262024e-02,-6.240025162696838379e-02,2.220473252236843109e-02,-1.254987418651580811e-01,-4.242264926433563232e-01,-1.684144288301467896e-01,-1.916517466306686401e-01,-7.632531970739364624e-02,6.489420682191848755e-02,-8.245573192834854126e-02,-8.027554489672183990e-03,2.254005521535873413e-01,1.583562418818473816e-02,1.129220873117446899e-01,-1.745887249708175659e-01,2.029037624597549438e-01,1.033614054322242737e-01,-1.575880199670791626e-01,2.638452686369419098e-02,1.981104016304016113e-01,2.752188146114349365e-01,7.379082590341567993e-02,1.044928058981895447e-01,5.280674621462821960e-02,-6.980124115943908691e-02,1.592839062213897705e-01,-6.752888858318328857e-02,-2.007493674755096436e-01,9.660708904266357422e-02,-7.375704497098922729e-02,-7.045689225196838379e-02,2.499954998493194580e-01,1.722842752933502197e-01,1.719542033970355988e-02,-8.054231852293014526e-02,-9.121716022491455078e-02,2.034710161387920380e-02,1.030093152076005936e-02,1.722156628966331482e-02,2.712096646428108215e-02,5.036779493093490601e-02,-9.259445965290069580e-02,8.433450758457183838e-02,1.417409032583236694e-01,-2.089346293359994888e-03,-1.360827684402465820e-01
2.545570135116577148e-01,-5.454287305474281311e-02,-8.562673628330230713e-02,-2.365452349185943604e-01,1.155446246266365051e-01,3.797666355967521667e-02,-2.317660860717296600e-02,3.330382332205772400e-02,2.184614725410938263e-02,5.430715531110763550e-02,-1.517627835273742676e-01,-5.373183265328407288e-02,-8.478453010320663452e-02,-8.621095865964889526e-02,3.806897997856140137e-02,2.998630106449127197e-01,9.655110538005828857e-02,-4.097394645214080811e-02,-3.517383337020874023e-02,1.017261520028114319e-01,-1.090992540121078491e-01,-2.962825000286102295e-01,1.492703109979629517e-01,-2.232980132102966309e-01,-2.894152104854583740e-01,1.117186397314071655e-01,-8.220280706882476807e-02,4.795133322477340698e-02,-1.904390938580036163e-02,3.568364679813385010e-02,3.612947091460227966e-02,6.286362558603286743e-02,2.774835228919982910e-01,-1.048611551523208618e-01,-5.224937945604324341e-02,1.691274903714656830e-02,1.512496769428253174e-01,9.136016666889190674e-02,1.292408257722854614e-01,-1.819095611572265625e-01,1.940820962190628052e-01,1.222224459052085876e-01,-1.099132746458053589e-02,-6.350886821746826172e-02,-1.997702270746231079e-01,4.106412176042795181e-03,-4.273259639739990234e-02,-1.438960880041122437e-01,2.009681165218353271e-01,1.989014893770217896e-01,-1.229442507028579712e-01,-3.738765046000480652e-02,-6.583410501480102539e-02,-1.360827684402465820e-01
2.463216483592987061e-01,-9.473445266485214233e-02,-1.480608135461807251e-01,-1.922717988491058350e-01,1.172787547111511230e-01,-3.284755051136016846e-01,-1.329531520605087280e-01,1.245318129658699036e-01,-1.052934443578124046e-03,1.514399647712707520e-01,1.006683707237243652e-01,-1.787080615758895874e-01,-4.487355053424835205e-02,9.750747680664062500e-02,-2.067165449261665344e-02,4.245539382100105286e-02,1.065252795815467834e-01,7.760077714920043945e-02,8.120600879192352295e-02,1.885274425148963928e-02,1.217567250132560730e-01,-1.358678638935089111e-01,-3.984348103404045105e-02,-8.354352414608001709e-02,1.990496069192886353e-01,-1.170658506453037262e-02,-1.382131278514862061e-01,5.130139738321304321e-02,-7.580598443746566772e-02,1.673433184623718262e-01,-2.653648257255554199e-01,-1.570127457380294800e-01,-2.290758192539215088e-01,-1.241244524717330933e-01,-2.269192487001419067e-01,1.541239619255065918e-01,-1.095250546932220459e-01,-3.134535998106002808e-02,-1.555905938148498535e-01,-2.012634873390197754e-01,-2.403095215559005737e-01,-1.170020997524261475e-01,4.388646408915519714e-02,7.335214409977197647e-03,3.548425063490867615e-02,-1.368647962808609009e-01,-5.246727913618087769e-02,1.008171364665031433e-01,-1.144597306847572327e-01,-1.107625737786293030e-01,-9.202693402767181396e-02,-3.238658234477043152e-02,-2.878081612288951874e-02,-1.360827684402465820e-01
2.433045655488967896e-01,-1.059852167963981628e-01,-1.103700250387191772e-01,-4.843475669622421265e-02,7.714374363422393799e-02,-1.048518270254135132e-01,-6.648011505603790283e-02,5.436810851097106934e-02,1.187622547149658203e-01,1.061410456895828247e-01,6.047229096293449402e-02,2.402512356638908386e-02,1.428805440664291382e-01,1.186799630522727966e-02,1.513544768095016479e-01,1.795621365308761597e-01,3.906052559614181519e-02,-1.547960937023162842e-01,1.940987706184387207e-01,-2.252404689788818359e-01,-9.982377290725708008e-02,-1.666665673255920410e-01,1.029277965426445007e-01,1.210300028324127197e-01,-8.424939587712287903e-03,5.504849180579185486e-02,4.555471986532211304e-02,-1.339080184698104858e-01,-4.343207553029060364e-02,-1.001883745193481445e-01,3.450356889516115189e-04,-2.758866548538208008e-01,4.481387883424758911e-02,4.133183136582374573e-02,2.819862365722656250e-01,-2.679006755352020264e-01,3.205007687211036682e-02,5.253683403134346008e-02,-2.210320532321929932e-02,3.074361979961395264e-01,-3.326690196990966797e-02,-1.875496506690979004e-01,-1.155183371156454086e-02,7.601770758628845215e-02,1.431117206811904907e-01,1.294090598821640015e-01,1.080103889107704163e-01,1.164441835135221481e-02,9.239315241575241089e-02,-6.237939372658729553e-02,2.899155020713806152e-01,-7.538213580846786499e-02,1.780058145523071289e-01,-1.360827684402465820e-01
2.071056663990020752e-01,8.556216210126876831e-02,-1.379440128803253174e-01,5.259926989674568176e-02,3.403563424944877625e-02,-1.923886239528656006e-01,-1.087010186165571213e-02,-3.847820684313774109e-02,5.683792755007743835e-02,1.492158472537994385e-01,1.411559432744979858e-01,7.610092312097549438e-02,1.250998079776763916e-01,-1.026273965835571289e-01,1.492253541946411133e-01,1.588637828826904297e-01,-1.263740360736846924e-01,1.043600067496299744e-01,2.550756931304931641e-01,-1.508660167455673218e-01,7.690249383449554443e-02,3.003452718257904053e-01,-7.763583213090896606e-02,-7.097089290618896484e-02,2.744582295417785645e-01,6.402977160178124905e-04,6.273863464593887329e-02,3.547522705048322678e-03,-1.103831082582473755e-01,-1.303963065147399902e-01,2.043474167585372925e-01,1.833100616931915283e-01,1.238995268940925598e-01,2.604930996894836426e-01,-5.310942605137825012e-02,9.369704127311706543e-02,-8.953432738780975342e-02,6.906424649059772491e-03,5.364451184868812561e-02,5.263138562440872192e-02,7.806301862001419067e-02,1.152443066239356995e-01,-2.972084879875183105e-01,-8.223507553339004517e-02,-5.260987579822540283e-02,-1.119414228014647961e-03,3.906496986746788025e-02,-1.366945058107376099e-01,-8.909948915243148804e-02,1.255069673061370850e-01,-2.319675236940383911e-01,2.169708721339702606e-02,-1.231466680765151978e-01,-1.360827684402465820e-01
2.000514119863510132e-01,-1.089672446250915527e-01,-4.313573986291885376e-02,1.232080385088920593e-01,1.003858000040054321e-01,-8.055970817804336548e-02,1.145961061120033264e-01,-2.824765257537364960e-02,1.258232295513153076e-01,-1.285368949174880981e-02,2.183216214179992676e-01,1.486988663673400879e-01,2.587819695472717285e-01,-1.360811591148376465e-01,-1.500869989395141602e-01,-8.709098398685455322e-02,-1.372151225805282593e-01,-2.718232274055480957e-01,-9.098031371831893921e-02,-7.893560826778411865e-02,5.781888216733932495e-02,-2.715614810585975647e-02,1.615349017083644867e-02,8.655997365713119507e-02,1.350658982992172241e-01,8.318971097469329834e-02,-2.885915152728557587e-02,-6.220185384154319763e-02,2.105706334114074707e-01,1.382732205092906952e-02,5.533093959093093872e-02,2.675554454326629639e-01,-1.284130066633224487e-01,-4.111507534980773926e-01,5.538305640220642090e-02,4.675864707678556442e-03,1.575206369161605835e-01,7.748459279537200928e-02,7.381448149681091309e-02,-4.713062942028045654e-02,-5.984215997159481049e-03,1.690745800733566284e-01,2.295523881912231445e-01,-1.253956556320190430e-01,-7.836996763944625854e-02,2.469141222536563873e-02,2.412776462733745575e-02,1.684114187955856323e-01,-7.197740674018859863e-02,8.907257020473480225e-02,3.911347687244415283e-02,1.898000538349151611e-01,-4.540570080280303955e-02,-1.360827684402465820e-01
1.502507776021957397e-01,1.284324526786804199e-01,-7.448811084032058716e-02,1.431427001953125000e-01,-1.230589374899864197e-01,-3.166685625910758972e-02,2.043047100305557251e-01,-1.240545213222503662e-01,-1.175517309457063675e-02,-1.590656489133834839e-01,5.183115229010581970e-02,3.174237012863159180e-01,1.469148397445678711e-01,-3.318618834018707275e-01,-1.144012436270713806e-01,5.024533718824386597e-02,-7.055228203535079956e-02,5.630212649703025818e-02,-3.226750716567039490e-02,6.760699301958084106e-02,-2.763772197067737579e-02,9.168902784585952759e-02,-8.017184585332870483e-02,-1.908151358366012573e-01,5.636324360966682434e-02,-1.620983518660068512e-02,-1.485563367605209351e-01,1.170401126146316528e-01,8.554376661777496338e-02,-7.122004404664039612e-03,-1.471378207206726074e-01,-1.588905751705169678e-01,8.910664170980453491e-02,8.322594314813613892e-02,-1.473537981510162354e-01,-4.819633439183235168e-02,-1.283455640077590942e-01,-2.450019866228103638e-01,-2.689618058502674103e-02,-2.218858301639556885e-01,8.801735937595367432e-02,-2.323179841041564941e-01,8.416105806827545166e-02,5.949770286679267883e-02,-3.360402584075927734e-02,8.603518828749656677e-03,-1.536600589752197266e-01,-7.327250391244888306e-02,2.201412916183471680e-01,-8.030138909816741943e-02,2.265010178089141846e-01,-1.139959990978240967e-01,1.433637291193008423e-01,-1.360827684402465820e-01
1.569777876138687134e-01,-6.109318509697914124e-02,-6.589948665350675583e-03,1.598937809467315674e-01,6.904996931552886963e-02,-5.428632348775863647e-02,2.538602948188781738e-01,2.293131873011589050e-02,-1.558101177215576172e-01,-1.333434730768203735e-01,1.468875408172607422e-01,8.807225525379180908e-02,-1.774653419852256775e-02,-1.854134052991867065e-01,5.016257986426353455e-02,-7.158987969160079956e-02,-6.668218225240707397e-02,-2.159208618104457855e-02,-2.672742307186126709e-01,1.206171736121177673e-01,-1.643148362636566162e-01,-2.416803240776062012e-01,-8.585798740386962891e-02,2.749291993677616119e-02,-1.914279609918594360e-01,1.100854426622390747e-01,6.178369000554084778e-02,-1.984996199607849121e-01,-1.843941062688827515e-01,1.919919997453689575e-01,2.375958859920501709e-01,-1.604461967945098877e-01,-7.094398885965347290e-02,1.806839257478713989e-01,5.165134742856025696e-02,5.803461745381355286e-02,5.135126039385795593e-02,-3.961693122982978821e-02,-1.941645145416259766e-01,6.244330108165740967e-02,-6.561201065778732300e-02,8.199274539947509766e-02,-5.496858060359954834e-02,1.264512836933135986e-01,4.444517940282821655e-02,-5.084359273314476013e-02,8.248800784349441528e-02,-1.102110892534255981e-01,-2.647503316402435303e-01,-1.873481571674346924e-01,-2.330956161022186279e-01,-3.258285298943519592e-02,-8.919633924961090088e-02,-1.360827684402465820e-01
1.389299631118774414e-01,-4.037952050566673279e-02,-7.297765929251909256e-03,2.291141003370285034e-01,1.645018011331558228e-01,-1.857045143842697144e-01,9.231600910425186157e-02,6.936004012823104858e-02,4.958126228302717209e-04,-1.077826768159866333e-01,1.424884647130966187e-01,-1.528744772076606750e-02,-1.786001920700073242e-01,9.441038221120834351e-02,-6.259289383888244629e-02,-7.597345113754272461e-02,3.360531851649284363e-02,2.364114820957183838e-01,-2.746200561523437500e-01,-7.486817985773086548e-02,1.705604232847690582e-02,1.888030171394348145e-01,-2.973011136054992676e-02,2.762148678302764893e-01,-2.309043109416961670e-01,-3.258249908685684204e-02,2.931013703346252441e-02,-2.334139076992869377e-03,-2.354019135236740112e-02,-1.836801767349243164e-01,-2.833715081214904785e-01,-1.468739211559295654e-01,1.158219352364540100e-01,6.108262389898300171e-02,1.831180229783058167e-02,1.305945068597793579e-01,-6.557875126600265503e-02,2.093744874000549316e-01,4.729152843356132507e-02,3.059647977352142334e-02,-7.786464691162109375e-02,9.964908659458160400e-02,-6.749018281698226929e-02,1.134896534495055676e-03,-1.716117933392524719e-02,1.079787462949752808e-01,-6.239217892289161682e-02,1.787596493959426880e-01,2.094901204109191895e-01,3.148421049118041992e-01,3.191158920526504517e-02,-6.462264060974121094e-02,-7.416086643934249878e-02,-1.360827684402465820e-01
1.277536302804946899e-01,2.547741681337356567e-02,2.950906008481979370e-02,2.335296124219894409e-01,1.539459526538848877e-01,2.759522572159767151e-02,1.393226087093353271e-01,9.838286787271499634e-02,6.919942330569028854e-03,-5.397488176822662354e-02,-1.103220954537391663e-01,2.066513746976852417e-01,-2.103696763515472412e-01,3.246034383773803711e-01,-1.337278634309768677e-01,1.426816266030073166e-02,6.801788508892059326e-02,1.277723312377929688e-01,2.526334822177886963e-01,-2.075117453932762146e-02,3.635017871856689453e-01,1.464271247386932373e-01,5.456647276878356934e-02,-4.139259830117225647e-02,-2.356464117765426636e-01,9.563682228326797485e-02,-6.682067364454269409e-02,-9.336814284324645996e-02,-9.274298697710037231e-02,1.851087063550949097e-01,1.506636440753936768e-01,6.278309226036071777e-02,-6.470659282058477402e-03,-1.550904363393783569e-01,3.129306435585021973e-02,-3.014762885868549347e-02,-4.937662929296493530e-02,2.978028357028961182e-02,1.270346045494079590e-01,-2.631027251482009888e-02,1.272173672914505005e-01,-1.528726816177368164e-01,-6.734131276607513428e-02,5.819034203886985779e-02,-1.103409826755523682e-01,-1.370421946048736572e-01,1.053964495658874512e-01,-3.223139792680740356e-02,-6.013905629515647888e-02,-2.060541212558746338e-01,7.117243856191635132e-02,1.566085964441299438e-01,1.636657118797302246e-01,-1.360827684402465820e-01
1.104160919785499573e-01,2.130271866917610168e-02,-3.620189381763339043e-03,1.329647302627563477e-01,-5.653295293450355530e-02,-8.203957229852676392e-02,5.073894187808036804e-02,1.939997822046279907e-01,1.412232406437397003e-02,-1.508981287479400635e-01,-1.845722347497940063e-01,6.495095789432525635e-02,-1.061841920018196106e-01,-1.163995591923594475e-03,2.240045666694641113e-01,-7.661771774291992188e-02,3.061867356300354004e-01,9.095583856105804443e-02,1.725371778011322021e-01,-3.602536395192146301e-02,-1.319444477558135986e-01,2.579375915229320526e-02,1.580988988280296326e-03,-2.583477459847927094e-02,-4.364725947380065918e-02,-1.064083725214004517e-01,2.245001941919326782e-01,-9.777882695198059082e-02,1.235123947262763977e-01,-3.373843804001808167e-02,-6.918107718229293823e-02,3.717640638351440430e-01,-1.215165928006172180e-01,7.418572902679443359e-02,4.453559592366218567e-02,-1.464792340993881226e-01,1.005149632692337036e-02,1.790934428572654724e-02,-1.186371296644210815e-01,-1.707580536603927612e-01,-9.970310330390930176e-02,1.101579368114471436e-01,2.578211724758148193e-01,-2.223727554082870483e-01,1.086785942316055298e-01,1.237219497561454773e-01,-9.918592125177383423e-02,-1.204750239849090576e-01,-9.701655805110931396e-02,-5.689012259244918823e-02,1.661725342273712158e-02,-3.117055296897888184e-01,3.313794359564781189e-02,-1.360827684402465820e-01
1.235866174101829529e-01,-1.936827003955841064e-01,1.214161887764930725e-01,5.688043683767318726e-02,-8.774405717849731445e-02,-9.182184934616088867e-02,-3.245005384087562561e-02,7.065451145172119141e-02,-2.087429165840148926e-02,-9.267579764127731323e-02,-2.542127966880798340e-01,7.456720620393753052e-02,1.318361461162567139e-01,2.474834471940994263e-01,7.342784106731414795e-02,7.363255135715007782e-03,1.773691363632678986e-02,-4.571473971009254456e-02,-1.510443091392517090e-01,6.880537420511245728e-02,-2.707678973674774170e-01,-3.141021728515625000e-02,4.790456593036651611e-02,-1.537189930677413940e-01,8.309854567050933838e-02,-1.948134452104568481e-01,1.025308147072792053e-01,1.014807960018515587e-03,-8.062615990638732910e-02,1.917580366134643555e-01,3.128197044134140015e-02,1.690485924482345581e-01,9.092701971530914307e-02,1.348597109317779541e-01,-1.122734099626541138e-01,-2.438640780746936798e-02,-7.543724030256271362e-02,-2.154863625764846802e-01,2.022880688309669495e-02,-2.881638472899794579e-03,-1.037460863590240479e-01,-4.109873250126838684e-02,-1.833018511533737183e-01,7.741282135248184204e-02,7.981099188327789307e-02,7.980916649103164673e-02,-9.973105043172836304e-03,2.530560791492462158e-01,1.369387935847043991e-02,1.753832101821899414e-01,1.569062173366546631e-01,4.359115362167358398e-01,1.329823955893516541e-02,-1.360827684402465820e-01
1.122627258300781250e-01,-1.293411999940872192e-01,5.792839825153350830e-02,1.943606436252593994e-01,-1.451891660690307617e-01,-1.097696833312511444e-02,-1.781089752912521362e-01,-5.176967242732644081e-04,1.839837729930877686e-01,-5.463315919041633606e-02,-1.697357147932052612e-01,1.479188352823257446e-01,2.389436215162277222e-02,1.535073220729827881e-01,-2.024233788251876831e-01,-1.440753787755966187e-01,1.797412484884262085e-01,-1.214195489883422852e-01,-4.259358346462249756e-02,1.376214325428009033e-01,-1.173775270581245422e-01,8.048049360513687134e-02,1.128846555948257446e-01,-1.123645901679992676e-01,1.643344908952713013e-01,-4.535238072276115417e-02,-5.034612491726875305e-02,1.044078990817070007e-01,1.185213923454284668e-01,-1.183684170246124268e-01,5.565593391656875610e-02,-1.979823261499404907e-01,-7.137418724596500397e-03,-1.922847926616668701e-01,-6.870584189891815186e-02,-2.186259627342224121e-02,-6.466899812221527100e-02,4.299220442771911621e-02,1.742867529392242432e-01,2.440740168094635010e-01,-2.651450224220752716e-02,-4.336726851761341095e-03,-2.500219829380512238e-02,1.996863037347793579e-01,5.707497894763946533e-02,2.827628143131732941e-02,4.744851961731910706e-02,-2.026537656784057617e-01,5.295134335756301880e-02,-8.477564901113510132e-02,-2.935341000556945801e-01,-2.288667708635330200e-01,-2.882528901100158691e-01,-1.360827684402465820e-01
7.299637049436569214e-02,2.082581520080566406e-01,-2.552234195172786713e-02,1.808456331491470337e-01,-1.553882807493209839e-01,-1.189561411738395691e-01,-1.508601754903793335e-01,-4.054723680019378662e-02,-2.278608530759811401e-01,-7.439042627811431885e-02,-2.165119349956512451e-01,-6.310937926173210144e-03,-2.918885648250579834e-02,1.413390785455703735e-01,2.369424700736999512e-02,-2.924553304910659790e-02,-1.295686513185501099e-01,3.109766729176044464e-02,-8.007962256669998169e-02,8.347506821155548096e-02,6.235339120030403137e-02,-2.345004528760910034e-01,-9.598042815923690796e-02,8.319238200783729553e-03,2.343625724315643311e-01,2.179846763610839844e-01,1.795861520804464817e-03,5.783028528094291687e-02,3.504547849297523499e-02,-1.831133067607879639e-01,2.115807309746742249e-02,8.574925363063812256e-02,1.508651673793792725e-01,-1.374097261577844620e-02,-2.627171948552131653e-02,2.820852398872375488e-01,3.362620472908020020e-01,1.802342087030410767e-01,-1.238120123744010925e-01,1.032326072454452515e-01,1.285227388143539429e-01,-6.491796672344207764e-02,-2.703976258635520935e-02,-5.719455331563949585e-02,2.078604847192764282e-01,-2.497022598981857300e-01,1.678306423127651215e-02,3.789380565285682678e-02,-1.241633947938680649e-02,6.403121165931224823e-03,1.773577183485031128e-01,-9.258891642093658447e-02,1.244007796049118042e-01,-1.360827684402465820e-01
7.774850726127624512e-02,-2.076850086450576782e-01,1.925725042819976807e-01,6.375566124916076660e-02,-1.325341463088989258e-01,-7.283307146281003952e-03,2.945970930159091949e-02,-9.733244031667709351e-02,-3.372825980186462402e-01,7.580752950161695480e-03,-2.340837568044662476e-01,-1.756540834903717041e-01,3.225286304950714111e-02,2.303075976669788361e-02,-5.543849989771842957e-02,9.826998412609100342e-02,-2.169037163257598877e-01,2.247785218060016632e-02,2.380580268800258636e-02,-7.615826278924942017e-02,1.137585416436195374e-01,7.593178749084472656e-02,-1.221691071987152100e-01,4.011040553450584412e-02,1.068877503275871277e-01,-3.448692336678504944e-02,1.140363886952400208e-01,-2.173682488501071930e-02,-2.245120555162429810e-01,-5.326631665229797363e-02,5.474504549056291580e-03,-9.540922939777374268e-02,-4.967554658651351929e-02,-8.468648791313171387e-02,5.091150850057601929e-02,-1.978206038475036621e-01,6.563835591077804565e-02,-1.369127817451953888e-02,-1.367310881614685059e-01,1.322507858276367188e-01,-4.951941221952438354e-02,-1.091637536883354187e-01,2.131418287754058838e-01,-1.533499956130981445e-01,-4.145251214504241943e-01,1.151172295212745667e-01,-2.256811410188674927e-01,-1.354998908936977386e-02,1.319439858198165894e-01,-2.251466549932956696e-02,-2.055061310529708862e-01,7.370254024863243103e-03,6.147385109215974808e-03,-1.360827684402465820e-01
6.577331572771072388e-02,-5.695879459381103516e-02,1.289146840572357178e-01,2.107339501380920410e-01,-6.157441809773445129e-02,9.468605369329452515e-02,-1.657529622316360474e-01,-1.336805671453475952e-01,1.025178134441375732e-01,5.640694126486778259e-02,-1.802245974540710449e-01,-1.408061981201171875e-01,-4.054513573646545410e-02,-1.166221126914024353e-01,-1.076170057058334351e-01,1.653727144002914429e-01,-5.226355791091918945e-02,-5.472944304347038269e-02,-4.544564522802829742e-03,-1.290907151997089386e-02,6.001058220863342285e-02,-4.242357332259416580e-03,8.503649383783340454e-02,3.493886068463325500e-02,-1.210734471678733826e-01,1.986079216003417969e-01,-1.307637393474578857e-01,1.433892697095870972e-01,1.950264126062393188e-01,-1.591293257661163807e-03,-3.821161389350891113e-02,3.950638696551322937e-02,-2.107820957899093628e-01,2.750795483589172363e-01,3.247269392013549805e-01,-2.821217756718397141e-03,-1.681488901376724243e-01,-2.011238485574722290e-01,-5.061716213822364807e-02,-1.030536964535713196e-01,-1.927817463874816895e-01,-1.172095770016312599e-03,1.754261739552021027e-02,-4.101174697279930115e-02,-9.906960278749465942e-02,-3.002550303936004639e-01,2.407444715499877930e-01,5.461302399635314941e-02,-1.055450513958930969e-01,2.403304576873779297e-01,1.742282323539257050e-02,-6.704580783843994141e-02,-5.078757926821708679e-02,-1.360827684402465820e-01
6.541509926319122314e-02,-1.622231751680374146e-01,1.313733309507369995e-01,1.456550657749176025e-01,-9.878548979759216309e-02,-2.412079088389873505e-02,-2.056630402803421021e-01,-1.526393592357635498e-01,8.542886003851890564e-03,1.555844098329544067e-01,-8.830335736274719238e-02,-2.213571518659591675e-01,9.721088409423828125e-02,-7.145471870899200439e-02,1.435069832950830460e-02,-4.550141096115112305e-02,-1.479031611233949661e-02,-1.038702949881553650e-01,-4.235281795263290405e-02,-2.677478827536106110e-02,4.175935685634613037e-02,1.043858602643013000e-01,-1.128674522042274475e-01,6.298168748617172241e-02,-8.172867447137832642e-02,-8.862799406051635742e-02,-6.549137830734252930e-02,-4.004845861345529556e-03,-1.180907264351844788e-01,1.852136254310607910e-01,-1.139021292328834534e-01,-8.616816252470016479e-02,-7.281769812107086182e-02,2.375704050064086914e-02,1.082326024770736694e-01,1.612997353076934814e-01,-5.699345842003822327e-02,1.086769923567771912e-01,1.147919520735740662e-01,-2.194713354110717773e-01,3.289223015308380127e-01,3.380916714668273926e-01,-1.163742765784263611e-01,-3.240619599819183350e-02,1.338579952716827393e-01,1.964900046586990356e-01,-9.077367931604385376e-02,-1.660334467887878418e-01,-3.813740238547325134e-02,-2.972420454025268555e-01,2.621253430843353271e-01,1.155022718012332916e-02,-1.182192284613847733e-02,-1.360827684402465820e-01
2.927020564675331116e-02,1.147921606898307800e-01,4.690922424197196960e-02,1.875706017017364502e-01,-1.468875408172607422e-01,8.432441949844360352e-02,-1.565984785556793213e-01,-1.503037512302398682e-01,2.160861715674400330e-02,2.707428112626075745e-02,1.116800121963024139e-02,-2.505171597003936768e-01,8.709687739610671997e-02,-2.199594378471374512e-01,1.310740113258361816e-01,-1.621972210705280304e-02,1.804045587778091431e-01,3.359132260084152222e-02,1.065040826797485352e-01,-1.066873781383037567e-02,7.365267723798751831e-02,-7.360102981328964233e-02,-8.249626308679580688e-02,2.589685320854187012e-01,-1.580431163311004639e-01,-6.015165522694587708e-02,-7.756555080413818359e-02,-1.562337875366210938e-01,1.455076187849044800e-01,5.040474608540534973e-02,-5.968206096440553665e-03,8.835226297378540039e-02,2.430723011493682861e-01,-1.507980376482009888e-01,-2.591975033283233643e-01,-9.424714371562004089e-03,-1.623751223087310791e-01,4.708728194236755371e-02,-1.177357882261276245e-01,2.898998185992240906e-02,7.069117575883865356e-02,-2.645868659019470215e-01,1.063442006707191467e-01,1.932946741580963135e-01,1.094660982489585876e-01,1.252070814371109009e-01,7.419591397047042847e-02,-8.407060056924819946e-03,-1.060474067926406860e-01,1.339860707521438599e-01,-2.522301375865936279e-01,1.966195553541183472e-01,1.248170211911201477e-01,-1.360827684402465820e-01
2.221771515905857086e-02,1.353390663862228394e-01,1.074375063180923462e-01,1.270020157098770142e-01,-3.074898570775985718e-02,8.605010062456130981e-02,-1.368005108088254929e-02,-4.040067642927169800e-02,-9.482505172491073608e-02,1.408493611961603165e-02,2.189016789197921753e-01,-2.276811301708221436e-01,1.729593276977539062e-01,9.103760123252868652e-02,8.386280387639999390e-02,7.157444208860397339e-02,7.352145016193389893e-02,2.521744966506958008e-01,9.259621798992156982e-02,-1.637252420186996460e-02,-2.342167645692825317e-01,-1.361847016960382462e-02,1.241642162203788757e-01,1.121500134468078613e-01,-7.462256401777267456e-02,-8.077799528837203979e-02,-4.370181635022163391e-02,-1.108161173760890961e-02,7.209241390228271484e-02,-5.097380653023719788e-02,1.455207914113998413e-01,-7.696623355150222778e-02,-3.981287404894828796e-02,-1.933655329048633575e-02,-2.495130002498626709e-01,-1.020736023783683777e-01,2.236189395189285278e-01,-2.038641571998596191e-01,2.730388343334197998e-01,-2.376065216958522797e-02,3.634413331747055054e-02,3.636484965682029724e-02,-4.353990033268928528e-02,-1.259254217147827148e-01,-1.636080443859100342e-01,-1.494940966367721558e-01,8.623076975345611572e-02,3.267544806003570557e-01,3.606515238061547279e-04,-2.430030703544616699e-01,1.002566590905189514e-01,-1.684256196022033691e-01,-1.819994598627090454e-01,-1.360827684402465820e-01
1.391534134745597839e-02,3.743696585297584534e-02,1.494137942790985107e-01,1.177179589867591858e-01,-1.359982881695032120e-02,1.597163826227188110e-01,1.196639612317085266e-01,1.949452050030231476e-02,-7.593803107738494873e-02,2.209546044468879700e-02,3.387904167175292969e-01,-1.862007826566696167e-01,1.108242198824882507e-01,1.762319952249526978e-01,-1.249361857771873474e-01,9.275153861381113529e-04,1.280653197318315506e-02,9.540218114852905273e-02,1.701507717370986938e-01,1.499455869197845459e-01,-5.231304839253425598e-02,-5.117974057793617249e-02,6.924912333488464355e-02,-2.633913755416870117e-01,5.122959148138761520e-03,-1.451504528522491455e-01,-2.800886146724224091e-02,1.897897422313690186e-01,-2.713616937398910522e-03,-3.363159298896789551e-02,1.536723226308822632e-01,-9.632640331983566284e-02,-1.669509857892990112e-01,8.433953672647476196e-02,-1.486248616129159927e-02,4.207467287778854370e-02,9.033151902258396149e-03,2.163921147584915161e-01,-1.580624580383300781e-01,-2.167534315958619118e-03,-1.059144437313079834e-01,1.258677244186401367e-01,1.643616557121276855e-01,-9.612733870744705200e-02,1.816440522670745850e-01,6.935732066631317139e-02,1.645202189683914185e-01,-2.505146563053131104e-01,2.446758598089218140e-01,1.600265204906463623e-01,2.314466750249266624e-03,1.770493686199188232e-01,1.996323168277740479e-01,-1.360827684402465820e-01
-1.754099316895008087e-02,1.387312561273574829e-01,1.173504590988159180e-01,1.080787032842636108e-01,-1.218483448028564453e-01,2.076647877693176270e-01,1.174380630254745483e-01,8.626348525285720825e-02,4.615010321140289307e-02,1.956712640821933746e-02,1.566519290208816528e-01,-1.250538825988769531e-01,-1.134104803204536438e-01,-7.148705422878265381e-02,-6.977302581071853638e-02,6.915998458862304688e-02,-4.119809716939926147e-02,-8.026410639286041260e-02,1.023704707622528076e-01,-1.542755588889122009e-02,5.319905281066894531e-02,-2.097447961568832397e-01,-2.640290856361389160e-01,-2.480782866477966309e-01,5.136036127805709839e-02,-2.097145188599824905e-03,1.159558668732643127e-01,-8.474754169583320618e-03,3.178212046623229980e-02,1.565852202475070953e-02,-1.888121217489242554e-01,1.170003265142440796e-01,-5.446702241897583008e-02,-3.941589221358299255e-02,7.323130965232849121e-02,-2.411273717880249023e-01,2.050387859344482422e-02,2.687439024448394775e-01,1.545952856540679932e-01,-5.121435970067977905e-03,-1.564084738492965698e-01,-2.584635280072689056e-02,-3.403517901897430420e-01,2.785827815532684326e-01,-4.350931569933891296e-02,-2.479016967117786407e-02,-2.972912788391113281e-01,1.001898646354675293e-01,-1.254589855670928955e-01,5.296869948506355286e-02,7.534237205982208252e-02,-5.198812484741210938e-02,-1.106341779232025146e-01,-1.360827684402465820e-01
-1.003535930067300797e-02,4.430497437715530396e-02,2.104015499353408813e-01,2.849016338586807251e-03,-1.974855735898017883e-02,1.215625554323196411e-01,2.063195705413818359e-01,3.405825793743133545e-01,1.505603492259979248e-01,3.130713850259780884e-02,-9.936532378196716309e-02,-2.000934183597564697e-01,-2.040387094020843506e-01,-3.005927205085754395e-01,1.998664140701293945e-01,1.647299341857433319e-02,-7.576623558998107910e-02,6.352353841066360474e-03,-9.106830507516860962e-02,4.056106507778167725e-02,-1.083324942737817764e-02,9.704695641994476318e-02,1.802833080291748047e-01,-3.706743707880377769e-03,1.630405634641647339e-01,5.717010423541069031e-02,-3.192389383912086487e-02,-2.433936446905136108e-01,-1.570125818252563477e-01,-1.852296441793441772e-01,-6.388150155544281006e-02,-1.140734832733869553e-02,-1.635483354330062866e-01,-2.420352250337600708e-01,-3.408688679337501526e-02,1.631859838962554932e-01,-5.277113616466522217e-02,-2.071498483419418335e-01,7.988021522760391235e-02,1.100302636623382568e-01,2.506168931722640991e-02,-5.144879594445228577e-02,-8.210811764001846313e-02,-9.028095006942749023e-02,1.409074515104293823e-01,-1.318597197532653809e-01,2.191229350864887238e-02,-1.415442079305648804e-01,1.723386347293853760e-01,-3.555376082658767700e-03,6.067829206585884094e-02,1.333965510129928589e-01,-1.307793799787759781e-02,-1.360827684402465820e-01
-1.328450348228216171e-02,-6.479058414697647095e-03,1.859279125928878784e-01,-3.566707018762826920e-03,-7.000481337308883667e-02,2.653308212757110596e-02,1.355654150247573853e-01,2.529938519001007080e-01,2.114583402872085571e-01,1.081004515290260315e-01,1.379566639661788940e-01,-4.335808381438255310e-02,1.036104187369346619e-02,1.166035681962966919e-01,4.836745932698249817e-02,-1.556281000375747681e-01,1.082649305462837219e-01,-2.086112052202224731e-01,-5.784803628921508789e-02,3.830675035715103149e-03,2.968423962593078613e-01,-1.409754306077957153e-01,1.673745363950729370e-01,-2.627063356339931488e-02,4.129761084914207458e-02,-2.361981570720672607e-02,9.907435625791549683e-02,2.370717376470565796e-01,3.079436533153057098e-02,-2.347619384527206421e-01,2.352833747863769531e-02,-1.144482418894767761e-01,2.157377451658248901e-01,2.334456890821456909e-01,9.546691179275512695e-02,8.769271522760391235e-02,4.148694500327110291e-02,-1.811570227146148682e-01,-1.453740894794464111e-01,-1.264372766017913818e-01,2.596414089202880859e-01,-4.270368069410324097e-02,8.070828020572662354e-02,-1.007395796477794647e-03,-1.062853187322616577e-01,1.314540654420852661e-01,-1.235929504036903381e-01,2.113661617040634155e-01,-1.620818674564361572e-01,-9.134663641452789307e-02,-1.354435980319976807e-01,1.000426523387432098e-02,3.137525543570518494e-02,-1.360827684402465820e-01
-5.795647203922271729e-02,2.945699989795684814e-01,4.537678509950637817e-02,-3.030438162386417389e-02,-2.892665266990661621e-01,-1.281851381063461304e-01,4.263304173946380615e-02,1.115400120615959167e-01,1.111872792243957520e-01,2.288291305303573608e-01,3.093388117849826813e-02,-2.914175577461719513e-02,-2.138114124536514282e-01,2.403082512319087982e-02,-1.552249491214752197e-01,-1.077730730175971985e-01,-1.728022098541259766e-01,-6.296737492084503174e-02,-9.396622329950332642e-02,-1.599599570035934448e-01,-1.325424313545227051e-01,1.258163005113601685e-01,9.971038997173309326e-02,2.086002379655838013e-02,3.532674536108970642e-02,1.754105687141418457e-01,-1.038947775959968567e-01,1.032762229442596436e-01,-1.831759214401245117e-01,3.711513578891754150e-01,1.291742827743291855e-02,2.011455781757831573e-02,3.091544210910797119e-01,-6.008547544479370117e-02,-6.462490558624267578e-02,-2.605091929435729980e-01,-2.537941187620162964e-02,2.681434340775012970e-02,-8.542405813932418823e-02,7.696873974055051804e-03,-1.304798573255538940e-01,1.220390275120735168e-01,9.561058133840560913e-02,-1.273962110280990601e-01,6.004605442285537720e-02,7.477506995201110840e-02,1.665545254945755005e-01,3.776086866855621338e-02,7.977128960192203522e-03,-9.284153929911553860e-04,1.436388492584228516e-02,-1.105901673436164856e-01,7.246201275847852230e-04,-1.360827684402465820e-01
-4.848452284932136536e-02,2.788979373872280121e-02,2.248999923467636108e-01,-2.769052684307098389e-01,-2.414275407791137695e-01,-1.163389235734939575e-01,6.738513708114624023e-02,1.602612137794494629e-01,4.357638582587242126e-02,-1.543222814798355103e-01,-1.992775686085224152e-02,1.642688661813735962e-01,8.966644853353500366e-02,4.829257261008024216e-03,9.823521971702575684e-02,1.765919774770736694e-01,-1.352971941232681274e-01,1.676715910434722900e-01,-8.854393661022186279e-02,-1.977587044239044189e-01,8.039741963148117065e-02,-1.216891556978225708e-01,8.265048265457153320e-02,1.980714201927185059e-01,-1.132589764893054962e-02,-1.825429312884807587e-02,1.071171686053276062e-01,1.529225409030914307e-01,2.576651275157928467e-01,2.287150025367736816e-01,-4.367864131927490234e-02,-4.940308257937431335e-02,-2.263869941234588623e-01,1.427867561578750610e-01,-1.604727357625961304e-01,1.234669983386993408e-01,-6.909667700529098511e-02,2.173384279012680054e-01,2.205728143453598022e-01,1.646205931901931763e-01,1.110316440463066101e-01,-1.100461650639772415e-02,9.870183467864990234e-02,7.428967952728271484e-02,-1.198674142360687256e-01,-1.665738038718700409e-02,2.725782245397567749e-02,-1.800073832273483276e-01,-9.292726963758468628e-02,2.918480895459651947e-02,1.401373557746410370e-02,3.032927773892879486e-02,3.846367821097373962e-02,-1.360827684402465820e-01
-4.564260691404342651e-02,-3.018886782228946686e-02,2.442517429590225220e-01,-2.495357394218444824e-01,-1.344932764768600464e-01,-6.290947645902633667e-02,-1.431442499160766602e-01,-3.035541996359825134e-02,2.321380376815795898e-01,-3.280566260218620300e-02,5.354752391576766968e-02,1.432514190673828125e-01,1.090632937848567963e-02,1.070483252406120300e-01,-2.897329628467559814e-03,2.127917706966400146e-01,4.642504826188087463e-02,-1.830953697208315134e-04,-8.322714269161224365e-02,3.092853724956512451e-02,3.059354051947593689e-02,2.130099833011627197e-01,-3.998436927795410156e-01,2.546350099146366119e-02,-1.973523199558258057e-01,2.603540420532226562e-01,4.606886208057403564e-02,-8.049702644348144531e-02,1.833707652986049652e-02,-1.638626754283905029e-01,2.021373510360717773e-01,-4.727716743946075439e-02,-1.533938795328140259e-01,-6.942853331565856934e-02,-6.595122069120407104e-02,-6.787536293268203735e-02,2.084825634956359863e-01,-1.003808230161666870e-01,-1.068190559744834900e-01,-1.877376735210418701e-01,-8.555149286985397339e-02,2.944717183709144592e-02,-7.967135310173034668e-02,3.195586800575256348e-02,2.182255834341049194e-01,5.693913623690605164e-02,-3.231440484523773193e-02,1.085954755544662476e-01,1.591007262468338013e-01,-3.608063980937004089e-02,-1.397897452116012573e-01,1.845263410359621048e-03,1.116935014724731445e-01,-1.360827684402465820e-01
-5.074801668524742126e-02,4.894336219877004623e-03,1.859731227159500122e-01,-1.174395084381103516e-01,1.161828823387622833e-02,-7.116851210594177246e-02,-1.636275500059127808e-01,-7.227191329002380371e-02,1.051783859729766846e-01,-6.669912487268447876e-02,2.041320055723190308e-01,1.127690002322196960e-01,-9.359563142061233521e-02,1.224999949336051941e-01,1.407194435596466064e-01,4.362062364816665649e-02,-5.568743869662284851e-02,5.776303261518478394e-02,-1.456090509891510010e-01,1.613472700119018555e-01,-1.041558086872100830e-01,1.147076580673456192e-02,-3.540399670600891113e-02,1.005048751831054688e-01,5.624486133456230164e-02,-3.564547300338745117e-01,-1.438495665788650513e-01,-3.951574862003326416e-02,-4.841783270239830017e-02,-1.418112218379974365e-01,1.341143399477005005e-01,3.741107066161930561e-04,1.773181706666946411e-01,-2.432795017957687378e-01,1.612101793289184570e-01,-1.042415574193000793e-01,-1.393050998449325562e-01,5.231872573494911194e-02,-2.093569785356521606e-01,-1.070838570594787598e-01,-1.641877461224794388e-03,-4.938842356204986572e-02,-4.222857207059860229e-02,-3.897036239504814148e-02,-2.366673797369003296e-01,-2.314908951520919800e-01,-3.911535069346427917e-02,-2.427426427602767944e-01,-2.563436031341552734e-01,7.553973793983459473e-02,2.337938100099563599e-01,-4.704790934920310974e-02,-7.927311235107481480e-04,-1.360827684402465820e-01
-6.154569238424301147e-02,1.486674249172210693e-01,1.326854228973388672e-01,-5.538313835859298706e-02,4.109690338373184204e-02,-8.423961699008941650e-03,-1.427045464515686035e-01,-5.904664471745491028e-02,-1.343036885373294353e-03,-2.640237659215927124e-02,2.245055139064788818e-01,9.766060858964920044e-02,-1.655297912657260895e-02,1.078257411718368530e-01,-4.648985713720321655e-02,-1.033183280378580093e-02,2.375718019902706146e-02,-7.154668867588043213e-02,1.700415834784507751e-02,1.685927659273147583e-01,-5.503070726990699768e-02,-9.509900212287902832e-02,1.569701544940471649e-02,1.089387387037277222e-01,7.053423672914505005e-02,-2.722343988716602325e-02,-2.830425798892974854e-01,-1.997867375612258911e-01,-5.740230530500411987e-02,1.980649381875991821e-01,-1.471004039049148560e-01,2.810991108417510986e-01,-1.044340152293443680e-02,1.991489529609680176e-01,3.037685453891754150e-01,2.364750951528549194e-01,9.441436827182769775e-02,-9.002669155597686768e-02,1.948076933622360229e-01,1.015506461262702942e-01,-8.084125816822052002e-02,-2.720076441764831543e-01,-7.981816306710243225e-03,-1.411973983049392700e-01,-4.751481860876083374e-02,2.075414508581161499e-01,-1.249853149056434631e-01,-4.192239791154861450e-02,2.132030874490737915e-01,-9.856884181499481201e-02,-1.816578209400177002e-01,-4.825852438807487488e-02,-3.705201437696814537e-03,-1.360827684402465820e-01
-6.838232278823852539e-02,9.027997404336929321e-02,1.563102453947067261e-01,-1.846516132354736328e-01,-6.282198429107666016e-02,-4.504622891545295715e-02,-9.419112652540206909e-02,7.985549420118331909e-02,-4.132169187068939209e-01,-2.765911221504211426e-01,6.420146673917770386e-02,1.691449582576751709e-01,-1.284991949796676636e-02,-1.776902377605438232e-01,6.142111960798501968e-03,9.533072821795940399e-03,1.368951499462127686e-01,-8.307314664125442505e-02,3.914104998111724854e-01,7.698796689510345459e-02,-1.253052949905395508e-01,1.603965014219284058e-01,1.743672937154769897e-01,3.868951275944709778e-02,1.439188723452389240e-03,1.467970758676528931e-01,-2.335178852081298828e-02,9.998895972967147827e-02,-7.981938868761062622e-02,-1.036019157618284225e-02,-1.118179559707641602e-01,-1.308171600103378296e-01,3.988167643547058105e-02,-1.493598669767379761e-01,2.228179574012756348e-01,6.557640433311462402e-02,-8.399122953414916992e-02,4.223906993865966797e-02,-9.351396560668945312e-02,-4.599749669432640076e-02,8.759831637144088745e-02,1.730711907148361206e-01,-1.393959764391183853e-02,1.246169209480285645e-01,6.462586671113967896e-02,-5.799730308353900909e-03,1.504799071699380875e-02,2.238963246345520020e-01,-6.729428470134735107e-02,5.152408406138420105e-02,-4.553929343819618225e-02,1.257223188877105713e-01,-1.422496587038040161e-01,-1.360827684402465820e-01
-4.887259379029273987e-02,-1.570318937301635742e-01,1.614164412021636963e-01,-1.384071558713912964e-01,6.544616818428039551e-02,-1.188319623470306396e-01,-1.612564623355865479e-01,-4.151116311550140381e-02,-2.819696366786956787e-01,5.182323604822158813e-02,1.680290848016738892e-01,-1.111097354441881180e-02,9.291419759392738342e-03,-6.601864099502563477e-02,8.091454207897186279e-02,-3.737888634204864502e-01,-2.507572062313556671e-02,-1.878912448883056641e-01,-5.391135439276695251e-02,-3.081806376576423645e-02,1.339112520217895508e-01,6.951086223125457764e-03,1.375522930175065994e-02,-2.603369653224945068e-01,-2.098578214645385742e-01,1.522494554519653320e-01,1.265513002872467041e-01,-2.650205232203006744e-02,6.370282918214797974e-02,-8.884574472904205322e-02,-9.596087038516998291e-03,1.729965358972549438e-01,-7.368745747953653336e-03,-3.240932896733283997e-02,-2.296881675720214844e-01,2.742348983883857727e-02,-1.583198308944702148e-01,-1.001430377364158630e-01,6.911405175924301147e-02,1.480121463537216187e-01,-6.530798971652984619e-02,-6.385253369808197021e-02,-1.825685948133468628e-01,-2.794856578111648560e-02,-1.499871760606765747e-01,7.434288412332534790e-02,2.207354754209518433e-01,-6.248937919735908508e-02,3.964612260460853577e-02,5.000064522027969360e-02,1.537021249532699585e-01,-2.418464869260787964e-01,1.565391719341278076e-01,-1.360827684402465820e-01
-6.581801176071166992e-02,3.655405342578887939e-02,1.106873750686645508e-01,8.099409751594066620e-03,2.186139971017837524e-01,5.114126577973365784e-02,-2.374715954065322876e-01,-7.987726479768753052e-02,-1.944954320788383484e-02,1.269788593053817749e-01,3.438989818096160889e-02,1.886516511440277100e-01,-1.733631789684295654e-01,-5.817376077175140381e-03,-4.154593497514724731e-02,7.263775169849395752e-02,-2.047871351242065430e-01,4.195988178253173828e-02,1.962064951658248901e-02,-1.368004828691482544e-01,3.123832494020462036e-02,-7.610923796892166138e-02,-9.274312295019626617e-03,-2.288858890533447266e-01,-1.462424099445343018e-01,-2.884429506957530975e-02,-6.003321334719657898e-02,-1.460953652858734131e-01,-1.111501920968294144e-02,-1.933647394180297852e-01,-9.628654271364212036e-02,4.267548210918903351e-03,7.442814111709594727e-02,1.844580620527267456e-01,-1.833752989768981934e-01,-6.277636438608169556e-02,-8.101512491703033447e-02,-4.897435009479522705e-02,5.928375571966171265e-02,1.910937279462814331e-01,1.845285645686089993e-03,1.183270141482353210e-01,4.307398796081542969e-01,-4.176061600446701050e-03,2.219062000513076782e-01,-7.073037326335906982e-02,-1.822610795497894287e-01,2.003553509712219238e-02,-1.202359050512313843e-01,-9.940866380929946899e-02,5.539951846003532410e-02,1.974727660417556763e-01,-2.529564201831817627e-01,-1.360827684402465820e-01
-7.007189840078353882e-02,1.006205752491950989e-01,6.485932320356369019e-02,5.527662858366966248e-02,2.863113284111022949e-01,1.236099451780319214e-01,-1.925836354494094849e-01,7.552213966846466064e-02,-1.903755813837051392e-01,3.466077521443367004e-02,-9.840412437915802002e-02,1.476204544305801392e-01,-1.238655373454093933e-01,-5.221319943666458130e-02,-4.736142978072166443e-02,-4.030010476708412170e-02,-1.894329488277435303e-01,-4.533016681671142578e-02,-3.901193663477897644e-02,-2.116023898124694824e-01,5.180447548627853394e-02,-1.396583616733551025e-01,6.410617381334304810e-02,1.052392870187759399e-01,2.263598144054412842e-01,-2.898611128330230713e-01,1.144804060459136963e-01,-9.565741568803787231e-02,9.828168898820877075e-02,6.667550653219223022e-02,1.128471493721008301e-01,-1.933255940675735474e-01,-1.249405555427074432e-02,-3.089645691215991974e-02,1.256509777158498764e-02,-8.708462864160537720e-02,6.262194365262985229e-02,-9.532788395881652832e-02,1.767456233501434326e-01,-3.548781275749206543e-01,-3.193292766809463501e-02,8.267566561698913574e-02,-9.217453002929687500e-02,8.171102404594421387e-02,1.338721364736557007e-01,4.370508342981338501e-02,8.363040536642074585e-02,2.216091379523277283e-02,7.317688316106796265e-02,1.253492087125778198e-01,-2.207121849060058594e-01,-1.373978704214096069e-01,2.586539685726165771e-01,-1.360827684402465820e-01
-8.895465731620788574e-02,2.210257947444915771e-01,-1.025654748082160950e-02,2.722969651222229004e-02,1.632747352123260498e-01,6.056744605302810669e-02,-1.045566201210021973e-01,-9.922414086759090424e-03,-4.325532913208007812e-02,1.621675640344619751e-01,-9.301976114511489868e-02,6.164520978927612305e-02,8.717067539691925049e-02,-1.043720394372940063e-01,-3.374228253960609436e-02,-9.371183067560195923e-02,2.676585614681243896e-01,-8.546688407659530640e-02,-1.066804975271224976e-01,-2.856296002864837646e-01,-6.617177277803421021e-02,1.512392163276672363e-01,1.796737164258956909e-01,4.901106655597686768e-02,-7.617061585187911987e-02,5.405447259545326233e-02,1.005713269114494324e-01,1.103325858712196350e-01,1.005731448531150818e-01,1.409569103270769119e-02,7.196888327598571777e-02,-5.882494151592254639e-02,-2.916487120091915131e-02,3.915116190910339355e-02,-4.369554296135902405e-02,1.254432946443557739e-01,2.627439498901367188e-01,9.002716839313507080e-02,-2.147240191698074341e-01,-6.380399316549301147e-02,-2.959524393081665039e-01,-1.269400119781494141e-01,-1.464006900787353516e-01,2.443774603307247162e-02,-1.871134489774703979e-01,-2.227330021560192108e-02,-2.077659666538238525e-01,-2.456040233373641968e-01,5.686200410127639771e-02,-1.301387399435043335e-01,1.185747757554054260e-01,2.568997144699096680e-01,-1.317749470472335815e-01,-1.360827684402465820e-01
-9.593603014945983887e-02,1.160105913877487183e-01,8.931409567594528198e-02,-8.901971578598022461e-02,1.583658009767532349e-01,6.617979705333709717e-02,1.327652931213378906e-01,-4.121359065175056458e-02,-2.097886055707931519e-02,1.838195174932479858e-01,-1.708054691553115845e-01,1.298918277025222778e-01,2.293790727853775024e-01,-6.816083937883377075e-02,-2.568749189376831055e-01,1.039459705352783203e-01,1.281014978885650635e-01,-1.805361919105052948e-02,-1.388134956359863281e-01,-6.202969327569007874e-02,-6.911707669496536255e-02,-3.236402198672294617e-02,2.010906860232353210e-02,-2.907005511224269867e-02,-1.059722825884819031e-01,-1.919074356555938721e-01,-2.403378859162330627e-02,4.061687365174293518e-02,-1.475326120853424072e-01,-2.752514928579330444e-02,-2.902879565954208374e-02,1.072311624884605408e-01,-1.910704076290130615e-01,-5.347078666090965271e-02,-3.409097343683242798e-02,-3.830647841095924377e-02,-2.111406326293945312e-01,2.135914266109466553e-01,-2.008671015501022339e-01,1.341039985418319702e-01,2.732687592506408691e-01,-1.735831499099731445e-01,-1.823945343494415283e-01,-2.930275499820709229e-01,1.709855794906616211e-01,-8.271113038063049316e-02,2.942038886249065399e-02,2.314699590206146240e-01,-4.622887074947357178e-02,9.629184380173683167e-03,-1.072561740875244141e-01,-1.699643880128860474e-01,-1.081872824579477310e-02,-1.360827684402465820e-01
-1.040210425853729248e-01,7.490164786577224731e-02,4.537482559680938721e-02,-1.567628532648086548e-01,8.808556944131851196e-02,-6.239861622452735901e-02,1.218811348080635071e-01,5.612278729677200317e-02,-1.100313104689121246e-02,1.080420464277267456e-01,-1.799742728471755981e-01,-4.873825982213020325e-02,1.100443154573440552e-01,-1.530744582414627075e-01,-1.126702353358268738e-01,-1.174519881606101990e-01,3.287722170352935791e-01,9.890482574701309204e-02,-5.571024958044290543e-03,7.776315510272979736e-02,1.136459931731224060e-01,-8.656165748834609985e-02,-3.703906536102294922e-01,9.087867103517055511e-03,1.651996970176696777e-01,-9.847812354564666748e-03,4.041069373488426208e-02,-6.048543006181716919e-02,-1.301255971193313599e-01,-2.105990191921591759e-03,3.014319241046905518e-01,-8.406708389520645142e-02,1.505652070045471191e-01,7.020469754934310913e-02,1.326517164707183838e-01,1.251775175333023071e-01,-1.375920176506042480e-01,6.541988253593444824e-02,2.856769561767578125e-01,-2.560196258127689362e-02,-1.508013606071472168e-01,7.374144159257411957e-03,2.729319930076599121e-01,5.393813177943229675e-02,-7.820283621549606323e-02,2.117289230227470398e-03,1.503857523202896118e-01,7.054721564054489136e-02,4.408516362309455872e-02,7.728511095046997070e-02,2.138597816228866577e-01,-9.219661355018615723e-03,-1.303926557302474976e-01,-1.360827684402465820e-01
-1.073170974850654602e-01,1.358236670494079590e-01,-2.873360877856612206e-03,-4.927738010883331299e-02,2.315796762704849243e-01,-8.929111063480377197e-02,3.592898324131965637e-02,4.000530764460563660e-02,-6.329179275780916214e-03,1.712015271186828613e-01,-6.658504158258438110e-02,-1.199000030755996704e-01,1.987599134445190430e-01,7.394642382860183716e-02,-1.566589921712875366e-01,1.243864465504884720e-02,7.051668316125869751e-02,2.998580932617187500e-01,-9.374042600393295288e-02,1.380968838930130005e-01,-1.413613557815551758e-01,1.090159118175506592e-01,8.543604984879493713e-03,-7.284109294414520264e-02,7.487876713275909424e-02,1.745882779359817505e-01,-6.687768269330263138e-03,-5.117244273424148560e-02,1.248112469911575317e-01,1.072248257696628571e-02,-1.854092627763748169e-01,4.759453609585762024e-02,-3.918005619198083878e-03,-6.994362175464630127e-02,1.265613883733749390e-01,-8.532373607158660889e-02,7.019458711147308350e-02,-2.567137777805328369e-01,-2.563549578189849854e-02,2.187507599592208862e-01,1.341449469327926636e-01,2.488750815391540527e-01,2.796694636344909668e-02,2.695987522602081299e-01,-9.480075538158416748e-02,5.740968137979507446e-02,-1.342886537313461304e-01,-1.104226708412170410e-01,-2.131852209568023682e-01,6.942221522331237793e-02,-5.158568918704986572e-02,-2.011685259640216827e-02,3.448087573051452637e-01,-1.360827684402465820e-01
-1.015512943267822266e-01,-8.448741585016250610e-02,1.033193245530128479e-01,-3.742221742868423462e-02,2.488761544227600098e-01,-1.637413166463375092e-03,1.731687486171722412e-01,-7.519021630287170410e-02,5.485662259161472321e-03,1.508473157882690430e-01,-8.239848166704177856e-02,4.235560446977615356e-02,1.496272087097167969e-01,5.748451128602027893e-02,3.844883441925048828e-01,-1.305480003356933594e-01,-1.635542511940002441e-01,8.031033724546432495e-02,1.121196337044239044e-02,1.648740917444229126e-01,1.225474923849105835e-01,5.927435681223869324e-02,-5.075823515653610229e-02,5.976057052612304688e-02,5.062858387827873230e-02,3.701586276292800903e-03,-7.082719821482896805e-03,1.449241340160369873e-01,8.766928315162658691e-02,1.422678232192993164e-01,-2.019573152065277100e-01,1.232251375913619995e-01,5.635800957679748535e-02,1.571730151772499084e-02,6.935803592205047607e-02,-2.217011302709579468e-01,1.321581155061721802e-01,7.830052822828292847e-02,-1.534631699323654175e-01,-8.348783105611801147e-02,7.299027591943740845e-02,-6.025241687893867493e-02,3.892906010150909424e-02,2.415435612201690674e-01,9.641763567924499512e-02,-1.226541846990585327e-01,2.219812721014022827e-01,-2.420176379382610321e-02,2.789645791053771973e-01,-8.492162823677062988e-02,-5.225975438952445984e-02,-3.028138913214206696e-02,-3.106752932071685791e-01,-1.360827684402465820e-01
-1.030891537666320801e-01,-6.187947839498519897e-02,8.229068666696548462e-02,3.976112231612205505e-02,2.275372594594955444e-01,1.477181762456893921e-01,1.334068328142166138e-01,-2.429635077714920044e-01,2.212945371866226196e-01,3.099168278276920319e-02,-1.639734357595443726e-01,1.237438470125198364e-01,-7.651992142200469971e-02,1.011152658611536026e-02,2.118035554885864258e-01,-8.392382413148880005e-02,-1.067272722721099854e-01,-8.264719694852828979e-02,2.389795482158660889e-01,2.852728366851806641e-01,-1.628486514091491699e-01,-3.037633560597896576e-02,6.838259752839803696e-03,1.369299441576004028e-01,8.595767617225646973e-02,2.390065193176269531e-01,-1.648674532771110535e-02,1.070983633399009705e-01,3.042788244783878326e-03,2.994303219020366669e-02,-2.593955956399440765e-02,-2.197493910789489746e-01,1.936473138630390167e-02,2.674867026507854462e-02,-2.298331111669540405e-01,8.015655726194381714e-02,-6.807442754507064819e-02,1.613206118345260620e-01,7.838043570518493652e-02,2.107913047075271606e-02,-1.791112720966339111e-01,4.003936052322387695e-02,-6.231366470456123352e-02,-2.644506096839904785e-01,-8.185204118490219116e-02,1.414700299501419067e-01,-1.336724013090133667e-01,8.358898013830184937e-02,-1.889738887548446655e-01,4.005242884159088135e-02,1.592573523521423340e-02,-1.765823364257812500e-02,1.861330866813659668e-01,-1.360827684402465820e-01
-1.528659462928771973e-01,3.226702511310577393e-01,-1.981337368488311768e-01,1.868040114641189575e-02,-1.226687431335449219e-01,-3.813631832599639893e-01,2.140552997589111328e-01,-2.665213346481323242e-01,-1.009927596896886826e-02,1.338704824447631836e-01,-6.220107525587081909e-02,-5.768047273159027100e-02,-1.229246109724044800e-01,1.339904069900512695e-01,8.651062846183776855e-02,3.735721856355667114e-02,-3.668928146362304688e-02,-3.786721229553222656e-01,1.006969287991523743e-01,1.312460750341415405e-01,-1.797698810696601868e-02,-3.669456113129854202e-03,1.758924499154090881e-02,3.114557825028896332e-02,-2.176822125911712646e-01,-2.404066622257232666e-01,1.765882670879364014e-01,-2.928978018462657928e-02,-2.598245255649089813e-02,-7.374428957700729370e-02,-5.110677331686019897e-03,-7.354032248258590698e-02,-2.302114963531494141e-01,-4.216692224144935608e-02,6.706814747303724289e-03,5.225798115134239197e-02,1.727139018476009369e-02,-1.355780065059661865e-01,1.258035600185394287e-01,1.836852729320526123e-02,4.909482970833778381e-02,4.248972237110137939e-02,7.336565107107162476e-02,1.105257198214530945e-01,-3.008225560188293457e-02,-9.566670656204223633e-02,-3.715654462575912476e-02,-2.550766430795192719e-02,6.419715285301208496e-02,1.184056997299194336e-01,-3.240120038390159607e-02,4.329644888639450073e-02,-6.074215751141309738e-03,-1.360827684402465820e-01
-1.425287872552871704e-01,-1.638081073760986328e-01,3.640375658869743347e-02,-1.863034367561340332e-01,-6.724551320075988770e-02,-1.240055039525032043e-01,3.585262596607208252e-01,-2.843322157859802246e-01,-5.169834569096565247e-02,-1.682946085929870605e-01,-9.618566185235977173e-02,-1.169179752469062805e-01,-4.161699861288070679e-02,1.091867089271545410e-01,-2.388552725315093994e-01,3.722542664036154747e-03,6.251496821641921997e-02,3.377564251422882080e-02,7.422208040952682495e-02,-1.892168223857879639e-01,1.092959567904472351e-01,-1.787642091512680054e-01,1.777237951755523682e-01,9.922069311141967773e-02,1.282466351985931396e-01,2.700506336987018585e-02,-2.533851265907287598e-01,-2.503005564212799072e-01,1.719078421592712402e-01,-2.084737569093704224e-01,-1.563035883009433746e-02,7.275278866291046143e-02,1.309119760990142822e-01,9.239955991506576538e-02,-7.676616311073303223e-02,-9.676254540681838989e-02,-3.668075427412986755e-02,-3.154845908284187317e-02,-8.540239185094833374e-02,-1.046567410230636597e-01,-1.128247231245040894e-01,1.627895981073379517e-01,-2.013393342494964600e-01,-4.348237533122301102e-03,1.023503169417381287e-01,6.546419113874435425e-02,3.024600632488727570e-02,-1.112267449498176575e-01,1.429674960672855377e-02,-1.124207749962806702e-01,2.093319408595561981e-02,3.910557180643081665e-02,-7.706824690103530884e-02,-1.360827684402465820e-01
-1.301430165767669678e-01,-1.816068440675735474e-01,-5.657256022095680237e-02,-3.996459022164344788e-02,-4.521975293755531311e-02,-9.801569581031799316e-02,-7.797715719789266586e-03,-2.431817054748535156e-01,1.505496799945831299e-01,-4.251653328537940979e-02,7.931564748287200928e-02,-1.623229123651981354e-02,-1.349017918109893799e-01,-1.396926641464233398e-01,-1.602718234062194824e-01,-1.152068078517913818e-01,-4.932667315006256104e-02,3.313497304916381836e-01,6.739818304777145386e-02,-9.638264030218124390e-02,-1.205699369311332703e-01,-1.034561395645141602e-01,2.523951930925250053e-03,-1.015952304005622864e-01,-4.278478771448135376e-02,-8.774326182901859283e-03,3.810283243656158447e-01,2.072286903858184814e-01,-1.062198877334594727e-01,-3.145750612020492554e-02,-1.504519134759902954e-01,-6.942770909518003464e-03,5.979016795754432678e-02,-1.574918925762176514e-01,2.020035386085510254e-01,4.308908432722091675e-02,1.872295290231704712e-01,-1.076541617512702942e-01,1.499355286359786987e-01,-7.995868474245071411e-02,5.549823492765426636e-02,-2.780610918998718262e-01,-3.022231720387935638e-02,-1.558061838150024414e-01,1.258110702037811279e-01,5.249995365738868713e-02,1.680038422346115112e-01,-9.030643105506896973e-02,-1.543879657983779907e-01,-2.829322218894958496e-02,-7.137770205736160278e-02,1.500538289546966553e-01,-4.734492301940917969e-02,-1.360827684402465820e-01
-1.384713351726531982e-01,-1.283859610557556152e-01,-8.376572281122207642e-02,4.492179024964570999e-03,-4.506061598658561707e-02,-2.563022449612617493e-02,-5.611382424831390381e-02,-2.324890792369842529e-01,1.905259042978286743e-01,-9.101261943578720093e-02,-5.189267452806234360e-03,-2.260158024728298187e-02,-1.456385701894760132e-01,-2.040411084890365601e-01,1.510263979434967041e-01,1.638009957969188690e-02,2.072795107960700989e-02,2.003710269927978516e-01,-1.808040961623191833e-02,-6.309229135513305664e-02,2.030809372663497925e-01,4.682115465402603149e-02,2.414581775665283203e-01,-2.404522597789764404e-01,2.321894839406013489e-02,-1.689445674419403076e-01,-6.881390511989593506e-02,-4.594176076352596283e-03,-2.707959385588765144e-03,2.329360991716384888e-01,2.876706123352050781e-01,2.808855101466178894e-02,-5.218888074159622192e-02,-7.053142786026000977e-02,8.098293840885162354e-02,1.728379577398300171e-01,1.027581915259361267e-01,4.763077571988105774e-02,-1.791138797998428345e-01,2.106757014989852905e-01,-4.867924749851226807e-02,1.107179597020149231e-01,2.216977812349796295e-02,1.703431159257888794e-01,3.910095430910587311e-03,5.397069826722145081e-02,-1.811157464981079102e-01,3.125635087490081787e-01,1.186319813132286072e-01,3.629323095083236694e-02,5.020746961236000061e-02,-1.926039457321166992e-01,7.600372284650802612e-02,-1.360827684402465820e-01
-1.390298753976821899e-01,-2.219607867300510406e-02,-8.028125762939453125e-02,1.142327301204204559e-02,5.810296162962913513e-02,1.199416071176528931e-01,-1.576750427484512329e-01,-1.192851886153221130e-01,2.008829563856124878e-01,-2.609466612339019775e-01,1.548925936222076416e-01,-6.869702041149139404e-02,2.311076596379280090e-02,6.846259534358978271e-02,-1.247439309954643250e-01,4.608462378382682800e-02,1.667424887418746948e-01,-1.502912491559982300e-01,-4.545725136995315552e-02,1.742596738040447235e-02,-5.366342607885599136e-03,4.844495654106140137e-02,9.079407900571823120e-02,1.869368739426136017e-02,2.396278083324432373e-01,1.672556102275848389e-01,3.644073903560638428e-01,-3.047423660755157471e-01,-1.955256760120391846e-01,1.488050967454910278e-01,-1.508883982896804810e-01,-1.761076785624027252e-02,3.426539944484829903e-03,1.824176162481307983e-01,-1.651735752820968628e-01,-7.597464323043823242e-02,-4.902904853224754333e-02,9.202485531568527222e-02,-9.597256034612655640e-02,-6.585539877414703369e-02,2.207390666007995605e-01,4.209597408771514893e-02,1.024971827864646912e-01,2.816304564476013184e-02,-1.639718711376190186e-01,-2.605702280998229980e-01,7.288737595081329346e-02,-1.291259378194808960e-02,1.549463421106338501e-01,4.145881161093711853e-02,2.730704285204410553e-02,-1.450796891003847122e-02,2.062757126986980438e-02,-1.360827684402465820e-01
-1.508406996726989746e-01,1.181388944387435913e-01,-1.958047002553939819e-01,4.041672125458717346e-02,1.158619374036788940e-01,-8.609981089830398560e-02,-6.063555181026458740e-02,-2.261369302868843079e-02,-6.322731822729110718e-02,-3.159621953964233398e-01,-1.952246949076652527e-02,-1.776834875345230103e-01,1.896871253848075867e-03,-2.407008595764636993e-02,2.382195591926574707e-01,1.655758768320083618e-01,6.959278136491775513e-02,-9.596849977970123291e-02,-3.588533699512481689e-01,-1.653832383453845978e-02,6.201415136456489563e-02,1.289044618606567383e-01,4.464072361588478088e-02,-1.851396709680557251e-01,7.210133969783782959e-02,6.569749861955642700e-02,-1.790902465581893921e-01,2.161702066659927368e-01,-6.897564232349395752e-02,-1.581088602542877197e-01,-2.331236377358436584e-03,3.720062971115112305e-02,-3.804612532258033752e-02,2.117396704852581024e-02,7.284552603960037231e-02,-2.256817072629928589e-01,-9.253821521997451782e-02,1.950770765542984009e-01,2.316670119762420654e-01,-4.112072288990020752e-02,-7.384288311004638672e-02,-5.052561312913894653e-02,4.882516339421272278e-02,-5.714593082666397095e-02,1.060975715517997742e-02,1.062675788998603821e-01,1.317594647407531738e-01,5.329762026667594910e-02,-1.010856106877326965e-01,-2.471836954355239868e-01,-1.325222402811050415e-01,1.497183293104171753e-01,1.525659561157226562e-01,-1.360827684402465820e-01
-1.509350836277008057e-01,-2.390883676707744598e-02,-1.296980232000350952e-01,3.127002716064453125e-02,1.859681606292724609e-01,6.742490082979202271e-02,1.698338799178600311e-02,7.812935113906860352e-02,-2.014631405472755432e-02,-2.930221855640411377e-01,5.734944343566894531e-02,-1.834252774715423584e-01,1.230189129710197449e-01,1.773676276206970215e-01,4.928581044077873230e-02,-3.572613373398780823e-02,-2.840927615761756897e-02,-9.569109231233596802e-02,4.680470749735832214e-02,-2.157589495182037354e-01,5.652606114745140076e-02,-6.737448275089263916e-02,-1.440262198448181152e-01,1.117849871516227722e-01,-5.019310861825942993e-02,1.457824707031250000e-01,-7.426211237907409668e-02,2.549915611743927002e-01,-7.921843975782394409e-02,1.890010088682174683e-01,1.778033822774887085e-01,-5.150747951120138168e-03,6.502754986286163330e-03,-1.240170076489448547e-01,-1.515696570277214050e-02,-2.543479949235916138e-02,-1.087154671549797058e-01,-2.979426383972167969e-01,1.290317717939615250e-02,7.486037164926528931e-02,9.253206849098205566e-02,-6.200901791453361511e-02,-1.310369931161403656e-02,-1.012430265545845032e-01,2.303815484046936035e-01,-3.291326388716697693e-02,-3.167339563369750977e-01,-1.862109452486038208e-01,1.596736372448503971e-03,2.481615990400314331e-01,6.363067775964736938e-02,-1.302870959043502808e-01,-1.908632516860961914e-01,-1.360827684402465820e-01
-1.537231802940368652e-01,9.472690522670745850e-03,-1.439463645219802856e-01,3.453503549098968506e-02,1.129433512687683105e-01,6.348104774951934814e-02,-2.887484803795814514e-02,2.000765800476074219e-01,1.716558188199996948e-01,-1.447217762470245361e-01,-1.057201623916625977e-01,-7.357735931873321533e-02,-6.714657694101333618e-02,3.856675326824188232e-02,-1.088734939694404602e-01,3.723224624991416931e-02,-2.613909244537353516e-01,-5.904911085963249207e-02,1.826624274253845215e-01,-1.935166865587234497e-01,-3.159789144992828369e-01,-8.624515682458877563e-02,-2.391856461763381958e-01,5.781545303761959076e-03,-6.159804388880729675e-02,-7.919400185346603394e-02,-7.631949335336685181e-02,9.358565509319305420e-02,-1.245569251477718353e-02,-1.456023901700973511e-01,-8.228966034948825836e-03,1.476046741008758545e-01,-2.780406177043914795e-02,-3.286661580204963684e-02,-5.005977302789688110e-02,2.838069498538970947e-01,-9.511508047580718994e-02,-5.325864069163799286e-03,-2.194191813468933105e-01,-3.794654970988631248e-03,3.985774144530296326e-02,3.166124224662780762e-02,2.805767580866813660e-02,2.227734178304672241e-01,-2.725048959255218506e-01,1.686376333236694336e-01,2.416795492172241211e-01,7.158412784337997437e-02,1.045380681753158569e-01,-2.067456543445587158e-01,1.898660324513912201e-02,-3.910307958722114563e-02,3.594642970710992813e-03,-1.360827684402465820e-01
-1.414231210947036743e-01,-1.540419012308120728e-01,-1.245635375380516052e-01,-4.956257715821266174e-02,-9.810953587293624878e-02,4.758336022496223450e-02,2.284294739365577698e-02,2.025828361511230469e-01,6.930042058229446411e-02,-1.252869516611099243e-01,-8.665742725133895874e-02,5.570146720856428146e-03,1.594916135072708130e-01,-7.780226320028305054e-02,1.321245916187763214e-02,-1.612655371427536011e-01,1.566890440881252289e-02,-1.227283105254173279e-01,1.245261207222938538e-01,-7.042120397090911865e-02,5.881109461188316345e-02,1.821967512369155884e-01,-1.896733194589614868e-01,-1.496798843145370483e-01,-1.533476561307907104e-01,-2.622364461421966553e-01,-2.755843698978424072e-01,-1.496654152870178223e-01,8.943594992160797119e-03,7.882522046566009521e-02,-2.260722070932388306e-01,-1.951908618211746216e-01,1.135350167751312256e-01,1.255487054586410522e-01,-2.500515803694725037e-02,-7.561833597719669342e-03,3.986441195011138916e-01,2.845290862023830414e-02,4.663205891847610474e-02,1.080758571624755859e-01,-3.427087143063545227e-02,3.865285962820053101e-02,-2.350548282265663147e-02,-1.781068742275238037e-01,-3.063056990504264832e-02,-2.285191267728805542e-01,1.004928126931190491e-01,-2.256668172776699066e-02,-1.538139432668685913e-01,1.454516798257827759e-01,-8.848246932029724121e-02,1.320383604615926743e-02,9.607994556427001953e-02,-1.360827684402465820e-01
-1.566011607646942139e-01,3.413200750946998596e-02,-2.660048604011535645e-01,-1.785875111818313599e-02,-7.894565165042877197e-02,-6.243591755628585815e-02,-1.137243509292602539e-01,2.311769723892211914e-01,-1.527107693254947662e-02,1.614912599325180054e-02,-4.104131460189819336e-02,-1.010083556175231934e-01,1.548315733671188354e-01,3.683651983737945557e-02,-5.321549251675605774e-02,-3.048677742481231689e-02,-2.700535953044891357e-01,1.133482754230499268e-01,4.042550455778837204e-03,2.545930445194244385e-01,4.840822517871856689e-02,2.797015197575092316e-02,5.634286999702453613e-02,-9.951566904783248901e-02,-1.145827025175094604e-01,6.170699745416641235e-02,1.999228447675704956e-01,-2.657481729984283447e-01,4.125187695026397705e-01,5.758035555481910706e-02,1.218542084097862244e-01,-1.651139408349990845e-01,1.144720017910003662e-01,-3.158458322286605835e-02,1.600235700607299805e-01,-6.170830689370632172e-03,-2.503166794776916504e-01,9.215895831584930420e-02,-6.304350495338439941e-02,-6.762565672397613525e-02,-2.981995977461338043e-02,-6.241678074002265930e-02,-9.619928896427154541e-02,-2.410302460193634033e-01,1.378864888101816177e-02,2.641192264854907990e-02,-1.185851767659187317e-01,5.905591323971748352e-02,9.463057667016983032e-02,-1.221543252468109131e-01,-2.300440892577171326e-02,7.536314427852630615e-02,-1.291928887367248535e-01,-1.360827684402465820e-01
-1.363550722599029541e-01,-2.329388409852981567e-01,-1.745769679546356201e-01,-3.464436531066894531e-02,-5.602626502513885498e-02,-2.972430922091007233e-02,-4.436516761779785156e-02,1.762872487306594849e-01,-6.845144927501678467e-02,1.237843632698059082e-01,-3.386319847777485847e-03,-4.417424649000167847e-02,9.349135681986808777e-03,-6.952877342700958252e-02,-1.786909401416778564e-01,-4.290629550814628601e-02,-1.574891358613967896e-01,1.379950158298015594e-02,3.200574219226837158e-02,2.083894312381744385e-01,-6.823974847793579102e-02,1.531579047441482544e-01,2.505276501178741455e-01,1.654961705207824707e-01,-3.654696047306060791e-02,6.848423182964324951e-02,-1.293352693319320679e-01,-2.618736773729324341e-02,-1.974061280488967896e-01,-1.377699971199035645e-01,1.854096651077270508e-01,1.504309773445129395e-01,-1.711320132017135620e-01,1.744716614484786987e-01,-1.324465572834014893e-01,-1.021003127098083496e-01,1.602244824171066284e-01,1.701704412698745728e-01,9.359727799892425537e-02,-2.151198387145996094e-01,6.543724983930587769e-02,-2.688513994216918945e-01,9.414137899875640869e-02,2.521403431892395020e-01,7.202331721782684326e-02,1.034189090132713318e-01,-1.079908609390258789e-01,-2.646413818001747131e-02,-1.585574895143508911e-01,1.631107777357101440e-01,1.297474354505538940e-01,-9.402055293321609497e-02,-3.297627344727516174e-02,-1.360827684402465820e-01
-1.423603147268295288e-01,-1.758455336093902588e-01,-2.280407845973968506e-01,5.378042161464691162e-02,-1.898894011974334717e-01,5.234225839376449585e-02,-1.079601421952247620e-01,1.005370765924453735e-01,-3.934197127819061279e-03,1.358057260513305664e-01,5.867838487029075623e-02,2.083611190319061279e-01,8.377802371978759766e-02,-1.057293117046356201e-01,6.360415369272232056e-03,-8.692146837711334229e-02,7.437404245138168335e-02,9.319430589675903320e-02,3.137568384408950806e-02,7.418036460876464844e-02,6.777986884117126465e-02,-2.452055215835571289e-01,3.292186884209513664e-03,2.763115465641021729e-01,-8.951236307621002197e-02,-2.531501837074756622e-02,6.083711050450801849e-03,2.123829126358032227e-01,-2.017057240009307861e-01,-1.165410876274108887e-01,-3.071785531938076019e-02,1.685011386871337891e-01,3.240998461842536926e-02,-8.716967888176441193e-03,-8.785904385149478912e-03,-1.064287573099136353e-01,-1.451979130506515503e-01,-5.798488855361938477e-02,7.483709603548049927e-02,8.305618166923522949e-02,-1.595511436462402344e-01,2.748257517814636230e-01,-7.634761929512023926e-02,-1.089049782603979111e-02,-9.918357245624065399e-03,-2.950213551521301270e-01,-1.424247026443481445e-01,-1.228901091963052750e-02,2.389441281557083130e-01,-1.782877147197723389e-01,-1.100730523467063904e-01,1.148823425173759460e-01,2.153400629758834839e-01,-1.360827684402465820e-01
-1.588321626186370850e-01,4.404242709279060364e-02,-2.347502559423446655e-01,1.006436869502067566e-01,-1.273118555545806885e-01,2.237975299358367920e-01,-5.815269425511360168e-02,4.333214834332466125e-02,-1.080244928598403931e-01,8.432713896036148071e-02,3.458938375115394592e-02,2.306172400712966919e-01,-2.996484376490116119e-02,5.605123192071914673e-02,5.036135017871856689e-02,2.872366309165954590e-01,1.106098443269729614e-01,5.776200816035270691e-02,-9.491483122110366821e-02,1.517464220523834229e-01,2.851416766643524170e-01,-1.066481918096542358e-01,-2.285779640078544617e-02,4.036492854356765747e-02,6.766610592603683472e-02,-1.228088140487670898e-02,1.180166471749544144e-02,-3.538667038083076477e-02,-6.982959061861038208e-02,6.419489625841379166e-03,-1.477549821138381958e-01,-6.064729392528533936e-02,-1.107041686773300171e-01,-9.925343096256256104e-02,-1.037759259343147278e-01,-3.852995345368981361e-03,1.012726873159408569e-01,-1.904162317514419556e-01,-1.298662275075912476e-01,6.520073115825653076e-02,-3.746737167239189148e-02,1.050693467259407043e-01,-8.041194081306457520e-02,-9.227330982685089111e-02,-7.430011034011840820e-02,4.007988572120666504e-01,2.681076824665069580e-01,-5.997581407427787781e-02,-1.188251972198486328e-01,1.310193687677383423e-01,1.640026718378067017e-01,-9.742829017341136932e-03,-2.200774699449539185e-01,-1.360827684402465820e-01
-1.398607045412063599e-01,-3.248499929904937744e-01,-1.487056910991668701e-01,4.056208208203315735e-02,-1.329131722450256348e-01,1.875231564044952393e-01,1.974575966596603394e-01,-3.427883610129356384e-02,-2.543651163578033447e-01,3.183134496212005615e-01,1.655541509389877319e-01,7.903168350458145142e-02,-2.366849929094314575e-01,1.557028293609619141e-01,1.517237871885299683e-01,1.514512449502944946e-01,1.765526682138442993e-01,-8.419553935527801514e-02,-1.123983263969421387e-01,-1.934650689363479614e-01,-2.590597271919250488e-01,1.605941057205200195e-01,-1.283092647790908813e-01,-5.779534205794334412e-02,1.331896185874938965e-01,9.620853513479232788e-02,-3.555487468838691711e-02,-3.010644763708114624e-02,2.435947358608245850e-01,5.942346900701522827e-02,1.698508858680725098e-02,-1.701636984944343567e-02,6.545282900333404541e-02,-3.803873434662818909e-02,7.463761419057846069e-02,1.697232127189636230e-01,-9.775286912918090820e-02,3.216442093253135681e-02,5.065772309899330139e-02,-3.061131015419960022e-02,1.220768392086029053e-01,-1.047511324286460876e-01,9.964210540056228638e-02,1.483117695897817612e-02,2.639280445873737335e-02,-1.320390403270721436e-01,-3.599128872156143188e-02,4.120932146906852722e-02,-8.768299594521522522e-03,-2.771292813122272491e-03,-5.281847715377807617e-02,-1.971357502043247223e-02,7.405859231948852539e-02,-1.360827684402465820e-01
