-2.707515358924865723e-01,-3.093859553337097168e-02,3.558739721775054932e-01,-4.373782873153686523e-02,3.560183197259902954e-02,-2.589027285575866699e-01,-8.513620123267173767e-03,1.352948229759931564e-02,2.793369591236114502e-01,-1.562690478749573231e-03,2.063752412796020508e-01,1.042497456073760986e-01,-3.830546736717224121e-01,-1.599506884813308716e-01,-8.070754259824752808e-02,9.909995645284652710e-02,-6.427450478076934814e-02,-6.584670394659042358e-02,4.121274128556251526e-02,-1.303410977125167847e-01,-2.614890038967132568e-02,-9.257658571004867554e-02,-2.400835454463958740e-01,4.272855818271636963e-03,8.032274991273880005e-02,-3.204464614391326904e-01,1.838902682065963745e-01,-5.129003152251243591e-02,4.984855651855468750e-02,-9.560595452785491943e-02,8.475241484120488167e-04,-1.679618470370769501e-02,1.826148927211761475e-01,-1.749529875814914703e-02,5.781005322933197021e-02,6.093024089932441711e-02,-1.178174987435340881e-01,9.243092685937881470e-02,-8.225664496421813965e-02,5.483638867735862732e-02,7.521471381187438965e-02,-7.229737192392349243e-02,-7.136260718107223511e-02,-1.196261867880821228e-01,-6.766828894615173340e-02,5.323436856269836426e-02,-2.454740460962057114e-03,-7.704588025808334351e-02,3.698652237653732300e-02,-1.122476998716592789e-03,-6.122619286179542542e-02,1.262301355600357056e-01,-2.838004939258098602e-02,1.360827684402465820e-01
-2.631340622901916504e-01,1.438588276505470276e-02,2.069965898990631104e-01,5.333233624696731567e-02,2.209995985031127930e-01,-4.545542970299720764e-02,-9.002482891082763672e-02,1.132884994149208069e-02,3.333789110183715820e-01,-4.806116223335266113e-02,2.542863190174102783e-01,8.172869682312011719e-02,-2.327394671738147736e-02,2.008575350046157837e-01,1.379129588603973389e-01,-1.477060914039611816e-01,1.487789768725633621e-02,6.673147529363632202e-02,1.582733839750289917e-01,-1.843242347240447998e-02,1.213367059826850891e-01,-1.191211566329002380e-01,2.430446445941925049e-01,-2.910427749156951904e-02,-1.432677954435348511e-01,2.932493984699249268e-01,-6.591551750898361206e-02,8.089712262153625488e-02,1.260934919118881226e-01,1.577858030796051025e-01,1.032991036772727966e-01,-6.747129559516906738e-02,-2.184743732213973999e-01,-2.247118800878524780e-01,-9.994001686573028564e-02,-1.040387600660324097e-01,4.455219954252243042e-02,-5.332701839506626129e-03,1.245055794715881348e-01,-1.126412674784660339e-01,7.424441725015640259e-02,3.415194898843765259e-02,-1.816960424184799194e-02,1.305628865957260132e-01,-1.191770937293767929e-02,2.529784105718135834e-02,8.359677344560623169e-02,1.186343505978584290e-01,-1.152006257325410843e-02,8.904684334993362427e-02,9.037292748689651489e-02,-1.489618420600891113e-01,-1.216709762811660767e-01,1.360827684402465820e-01
-2.622537314891815186e-01,2.286733686923980713e-02,1.857421845197677612e-01,-2.445350587368011475e-02,2.133357375860214233e-01,-1.534904167056083679e-02,-1.150085702538490295e-01,3.124890848994255066e-02,3.090660087764263153e-02,-2.635469194501638412e-03,1.668020486831665039e-01,7.608064264059066772e-02,1.139946430921554565e-01,-5.940867215394973755e-02,-1.563345044851303101e-01,-1.475916653871536255e-01,-5.833277478814125061e-02,3.554289788007736206e-02,-6.412086635828018188e-02,5.344166979193687439e-02,-9.198820590972900391e-02,3.482013344764709473e-01,1.077778637409210205e-01,4.707001522183418274e-02,1.403425186872482300e-01,1.419878331944346428e-03,-1.563870161771774292e-01,-1.306655853986740112e-01,-1.821923106908798218e-01,-1.629484146833419800e-01,-1.163363903760910034e-01,9.266611188650131226e-02,2.178512699902057648e-02,2.576979398727416992e-01,-5.479544401168823242e-03,1.648131608963012695e-01,1.390899717807769775e-01,-2.385195642709732056e-01,5.419455841183662415e-02,-4.868670180439949036e-02,-2.899906039237976074e-01,6.812380999326705933e-02,7.573106884956359863e-02,1.297786831855773926e-01,1.810507029294967651e-01,-8.811043947935104370e-02,-1.026403158903121948e-01,-5.203252285718917847e-02,7.446872442960739136e-02,-1.486563980579376221e-01,6.259570270776748657e-02,-8.068360388278961182e-02,2.067654281854629517e-01,1.360827684402465820e-01
-2.554100751876831055e-01,8.378845453262329102e-02,1.564800888299942017e-01,-3.994021192193031311e-02,2.395777106285095215e-01,4.211004823446273804e-02,-5.562580749392509460e-02,-6.704798340797424316e-02,-1.856275200843811035e-01,8.070217818021774292e-02,-1.110346615314483643e-01,1.302257478237152100e-01,3.356086909770965576e-01,-4.902056977152824402e-02,-7.129248976707458496e-02,-1.418452411890029907e-01,9.674815833568572998e-02,6.314188241958618164e-02,-2.346088886260986328e-01,-2.798742614686489105e-02,-5.375316832214593887e-04,-2.707464993000030518e-02,-1.228163912892341614e-01,-1.010748445987701416e-01,-5.505011230707168579e-02,1.432415843009948730e-01,-7.357343286275863647e-02,7.046404480934143066e-02,-4.028381407260894775e-02,2.469819933176040649e-01,-2.137245088815689087e-01,-1.942798048257827759e-01,6.953836232423782349e-02,1.252368837594985962e-01,1.446265280246734619e-01,-8.485680818557739258e-02,-1.248073726892471313e-01,1.535822004079818726e-01,-1.046956405043601990e-01,1.374635100364685059e-01,1.521417200565338135e-01,-1.768872737884521484e-01,-1.483011096715927124e-01,-1.183765605092048645e-01,-2.619256451725959778e-02,-7.337439060211181641e-02,-2.723258733749389648e-02,1.083500608801841736e-01,-1.156179979443550110e-01,5.353020504117012024e-02,-2.689267694950103760e-01,1.179077252745628357e-01,-4.001281037926673889e-02,1.360827684402465820e-01
-2.504300475120544434e-01,1.323211938142776489e-01,1.121911108493804932e-01,-8.690147101879119873e-02,1.353002041578292847e-01,1.267286241054534912e-01,-6.857945770025253296e-02,7.535989861935377121e-03,-1.868194639682769775e-01,2.152678929269313812e-02,-2.032307982444763184e-01,7.430061697959899902e-02,1.138146966695785522e-01,-5.598106235265731812e-02,1.084975600242614746e-01,2.030638754367828369e-01,1.177623271942138672e-01,-1.730690896511077881e-02,-1.011114269495010376e-01,4.806688427925109863e-02,-9.714469313621520996e-02,-2.141939550638198853e-01,9.788617491722106934e-02,-1.757564581930637360e-02,-1.094956621527671814e-01,-1.309488564729690552e-01,3.242794871330261230e-01,-7.913349568843841553e-02,2.797866426408290863e-02,8.404008112847805023e-03,1.909747272729873657e-01,2.915350496768951416e-01,-1.344480067491531372e-01,4.409331083297729492e-02,1.553595662117004395e-01,-9.799560904502868652e-02,1.970375627279281616e-01,-2.746772766113281250e-02,-1.543986145406961441e-02,1.705379784107208252e-01,-1.416968256235122681e-01,2.296266853809356689e-01,1.642624735832214355e-01,-4.864104464650154114e-02,-8.534497767686843872e-02,6.876530498266220093e-02,2.194292247295379639e-01,-1.212126314640045166e-01,-3.111950308084487915e-02,5.441188812255859375e-03,1.631211787462234497e-01,-2.106241509318351746e-02,-9.060417115688323975e-02,1.360827684402465820e-01
-2.367962598800659180e-01,1.259240210056304932e-01,3.400765731930732727e-02,1.284845769405364990e-01,1.244824901223182678e-01,-2.153334207832813263e-03,6.435735523700714111e-02,-5.019549652934074402e-02,-1.594843715429306030e-01,-4.431908950209617615e-02,-3.393661677837371826e-01,8.453366160392761230e-02,4.840287193655967712e-02,-4.977213591337203979e-02,1.429944485425949097e-01,1.762643754482269287e-01,-2.970629930496215820e-02,-7.988142222166061401e-02,2.246604673564434052e-02,2.139723300933837891e-01,2.166095934808254242e-02,1.376193016767501831e-01,-2.212686687707901001e-01,8.560354262590408325e-02,2.060369849205017090e-01,9.193062037229537964e-02,-6.760503351688385010e-02,1.902588456869125366e-01,2.158787697553634644e-01,-2.102585434913635254e-01,1.227736398577690125e-01,-1.255352632142603397e-03,6.514509022235870361e-02,-3.392375111579895020e-01,-1.471247076988220215e-01,5.500793457031250000e-02,-1.108038574457168579e-01,-5.887413024902343750e-02,-8.434769511222839355e-02,-2.660497426986694336e-01,1.804395467042922974e-01,-3.549427492544054985e-03,3.252193331718444824e-02,-3.510839864611625671e-02,1.195284798741340637e-01,-6.804456934332847595e-03,-9.115821123123168945e-02,1.171974185854196548e-02,9.952636808156967163e-02,-4.718767479062080383e-02,7.462554425001144409e-02,-7.481531798839569092e-02,1.352346241474151611e-01,1.360827684402465820e-01
-2.082361578941345215e-01,1.149067580699920654e-01,5.503963306546211243e-02,-4.794254899024963379e-02,-1.131125986576080322e-01,2.054234743118286133e-01,6.707786023616790771e-02,-3.249141573905944824e-02,2.238404471427202225e-03,-7.384536787867546082e-03,-2.534762322902679443e-01,-8.886878192424774170e-02,-1.869150996208190918e-01,5.187697336077690125e-02,1.572547107934951782e-01,8.155313134193420410e-02,1.644741892814636230e-01,-2.055009901523590088e-01,2.999691367149353027e-01,-1.168118417263031006e-01,-6.283513456583023071e-02,-1.037407666444778442e-01,-4.495354741811752319e-02,6.458002328872680664e-02,-2.853747457265853882e-02,6.261419504880905151e-02,-1.340985894203186035e-01,-7.564722746610641479e-02,-2.649694383144378662e-01,-6.008980330079793930e-03,-9.607233107089996338e-02,-1.102091148495674133e-01,-1.197340041399002075e-01,3.118564188480377197e-01,-3.744629621505737305e-01,-1.685365103185176849e-02,-4.675890784710645676e-03,6.201791763305664062e-02,-5.247022956609725952e-02,4.353691264986991882e-02,-4.191575571894645691e-02,-3.835065662860870361e-02,3.680891590192914009e-03,1.857514828443527222e-01,-1.165949851274490356e-01,1.313788145780563354e-01,-2.393117100000381470e-01,-4.427565261721611023e-02,6.244786200113594532e-04,1.007463932037353516e-01,-4.420921206474304199e-02,4.744655638933181763e-02,-3.394565358757972717e-02,1.360827684402465820e-01
-1.756998151540756226e-01,7.871071994304656982e-02,-9.487514197826385498e-02,1.588940024375915527e-01,2.554263360798358917e-02,-1.567321568727493286e-01,2.264876663684844971e-01,-1.967037282884120941e-02,-5.779455974698066711e-02,-1.072992160916328430e-01,-2.465817481279373169e-01,-2.304224967956542969e-01,-2.501794695854187012e-01,1.595040112733840942e-01,9.648896008729934692e-02,2.588781528174877167e-02,-1.283130049705505371e-01,3.795280819758772850e-03,-1.464603189378976822e-02,-2.541936635971069336e-01,1.721324026584625244e-02,2.259078323841094971e-01,1.329990625381469727e-01,4.275601729750633240e-02,-1.267541293054819107e-02,1.962546259164810181e-02,-1.294248700141906738e-01,2.558678574860095978e-02,-2.485728077590465546e-02,-2.917301468551158905e-02,-2.834977582097053528e-03,-1.201362013816833496e-01,5.147903412580490112e-02,4.411628097295761108e-02,2.224700748920440674e-01,-1.172462701797485352e-01,-1.248455513268709183e-02,9.847211092710494995e-02,3.036904335021972656e-01,-5.316221714019775391e-02,-1.927393674850463867e-01,3.610041737556457520e-02,-6.772915273904800415e-02,-1.809557825326919556e-01,6.084022298455238342e-02,-1.490772962570190430e-01,2.456914335489273071e-01,-4.725188389420509338e-02,-2.114053964614868164e-01,-1.345706135034561157e-01,-3.078962489962577820e-02,8.024658262729644775e-02,-1.151079311966896057e-01,1.360827684402465820e-01
-1.717541515827178955e-01,-2.823630906641483307e-02,6.950283795595169067e-02,1.394831240177154541e-01,-2.072830051183700562e-01,6.099133938550949097e-02,1.445237249135971069e-01,4.173902049660682678e-02,8.675277233123779297e-02,-1.941528320312500000e-01,-3.568271175026893616e-02,-3.167588710784912109e-01,1.333457678556442261e-01,1.857307404279708862e-01,8.595030009746551514e-02,-9.518766403198242188e-02,-1.500755399465560913e-01,5.480199307203292847e-02,7.271955907344818115e-02,1.316642761230468750e-01,4.074955731630325317e-02,5.637613683938980103e-02,3.493858128786087036e-02,-1.160541623830795288e-01,-1.019310802221298218e-01,-2.095685005187988281e-01,-1.428385227918624878e-01,4.902801662683486938e-02,-2.456728816032409668e-01,8.466590195894241333e-02,-9.421583265066146851e-03,2.836293876171112061e-01,5.604859068989753723e-02,-9.128069877624511719e-02,2.720142304897308350e-01,1.472111493349075317e-01,7.241895422339439392e-03,-2.196441404521465302e-02,-1.469856053590774536e-01,1.742293238639831543e-01,2.651910483837127686e-01,1.695621013641357422e-02,-5.441448092460632324e-02,3.293568268418312073e-02,-9.524404257535934448e-02,-3.151667118072509766e-02,-1.598668843507766724e-02,7.775376737117767334e-02,2.051683366298675537e-01,1.751303076744079590e-01,3.234135359525680542e-02,-2.569332718849182129e-02,1.550739556550979614e-01,1.360827684402465820e-01
-1.487245857715606689e-01,4.874997586011886597e-02,-6.235378235578536987e-02,9.572076052427291870e-02,-1.815905421972274780e-01,1.133925616741180420e-01,7.201931625604629517e-02,1.778193563222885132e-01,4.130807518959045410e-02,-9.855703264474868774e-02,5.300072580575942993e-02,-1.714920103549957275e-01,2.134962975978851318e-01,3.179210051894187927e-02,-2.598838508129119873e-01,4.095088317990303040e-02,-9.458059072494506836e-02,-2.953236363828182220e-02,1.656931708566844463e-03,-1.901226043701171875e-01,4.257898032665252686e-01,-1.795388162136077881e-01,-1.071062311530113220e-01,-4.443855956196784973e-02,8.185455203056335449e-02,-7.787905633449554443e-02,8.487283438444137573e-02,1.541264206171035767e-01,2.452702522277832031e-01,2.089690566062927246e-01,-1.443930268287658691e-01,3.460685536265373230e-02,9.730096161365509033e-02,5.435504019260406494e-02,-2.194574028253555298e-01,-6.432562321424484253e-02,7.364670932292938232e-02,-2.290802747011184692e-01,-9.453551471233367920e-02,-1.872204244136810303e-02,-1.163652837276458740e-01,-9.505681693553924561e-02,7.819065451622009277e-02,3.114365041255950928e-02,2.864928171038627625e-02,-1.207003463059663773e-02,2.520400844514369965e-02,-1.651543080806732178e-01,-1.127685829997062683e-01,-2.274879366159439087e-01,6.068806350231170654e-02,-2.466100454330444336e-02,-1.007585600018501282e-02,1.360827684402465820e-01
-1.417983472347259521e-01,7.293779402971267700e-02,-1.101033166050910950e-01,7.766573131084442139e-02,-1.682154238224029541e-01,1.798821091651916504e-01,1.137202084064483643e-01,1.998928040266036987e-01,-7.688575237989425659e-02,-1.603053212165832520e-01,-2.477238327264785767e-02,1.324561983346939087e-01,6.317396461963653564e-02,-1.531870365142822266e-01,-3.585656583309173584e-01,-9.641291573643684387e-03,-6.245307996869087219e-02,3.408395648002624512e-01,7.873518764972686768e-02,-7.096322719007730484e-03,-4.144322592765092850e-03,-1.129182428121566772e-01,1.566772609949111938e-01,1.942455023527145386e-01,-1.317431479692459106e-01,-3.105977550148963928e-02,1.717730164527893066e-01,-1.299784481525421143e-01,-2.874012105166912079e-02,-3.445803523063659668e-01,4.791432246565818787e-02,-2.024268805980682373e-01,-9.834614396095275879e-02,-1.335814595222473145e-01,7.718659937381744385e-02,-4.813409969210624695e-02,-8.239855617284774780e-02,1.433156281709671021e-01,1.413599252700805664e-01,2.604785189032554626e-02,-4.108344763517379761e-02,-6.538073718547821045e-02,-1.155322119593620300e-01,6.090349704027175903e-02,-3.236520662903785706e-02,8.881477639079093933e-03,-1.583630740642547607e-01,1.197726875543594360e-01,1.174496188759803772e-01,2.390458621084690094e-02,-1.022653803229331970e-01,-1.257830113172531128e-01,-3.936547413468360901e-02,1.360827684402465820e-01
-1.263129264116287231e-01,-1.675362512469291687e-02,-4.663360491394996643e-02,2.910811454057693481e-02,-1.570559889078140259e-01,-7.678923197090625763e-03,5.885022878646850586e-02,6.969173997640609741e-02,-1.550979018211364746e-01,-6.794988177716732025e-03,1.267629414796829224e-01,-7.419223338365554810e-02,-1.469902992248535156e-01,8.358401060104370117e-02,-2.781384885311126709e-01,5.514765623956918716e-03,1.571288518607616425e-02,-6.513956934213638306e-02,-2.026699632406234741e-01,1.807092428207397461e-01,-2.621823735535144806e-02,1.566805243492126465e-01,9.066675789654254913e-03,-1.953652948141098022e-01,-2.245689332485198975e-01,2.581788599491119385e-01,1.753675639629364014e-01,-2.781841456890106201e-01,-4.367787018418312073e-02,1.509249210357666016e-01,1.415057033300399780e-01,3.321128338575363159e-02,8.892872929573059082e-02,-7.071589585393667221e-03,-2.436198145151138306e-01,1.626358479261398315e-01,7.282008230686187744e-02,1.135480254888534546e-01,2.994767203927040100e-02,-2.688377797603607178e-01,1.119346991181373596e-01,6.663595885038375854e-02,4.038108885288238525e-02,-1.501377075910568237e-01,5.739962309598922729e-02,1.360704153776168823e-01,4.612929001450538635e-02,-4.693228751420974731e-02,-1.052488535642623901e-01,1.789016425609588623e-01,2.891374565660953522e-02,2.378407269716262817e-01,1.089784130454063416e-01,1.360827684402465820e-01
-1.195125728845596313e-01,-1.946077123284339905e-02,-2.061127685010433197e-02,-2.204619646072387695e-01,-1.878205239772796631e-01,1.555871125310659409e-02,-5.594208836555480957e-02,1.508051753044128418e-01,-2.127938717603683472e-01,2.373488247394561768e-01,1.278815567493438721e-01,-1.488436311483383179e-01,-1.347472071647644043e-01,8.391893655061721802e-02,1.143850199878215790e-02,-1.594613865017890930e-02,6.876995414495468140e-02,-9.429551661014556885e-02,-1.336112171411514282e-01,6.378385424613952637e-02,-5.910424515604972839e-02,4.473257064819335938e-02,-1.030371412634849548e-01,1.371903568506240845e-01,-3.873064741492271423e-02,-1.598921865224838257e-01,-1.104673668742179871e-01,-7.462207227945327759e-02,8.924995362758636475e-02,4.675203561782836914e-02,-1.332488209009170532e-01,-1.185820773243904114e-01,-3.088279999792575836e-02,-5.564521253108978271e-02,1.127332746982574463e-01,5.596994888037443161e-03,-2.126048952341079712e-01,-1.976020783185958862e-01,1.331186667084693909e-02,-2.427808940410614014e-02,1.034835055470466614e-01,1.978602260351181030e-01,1.388354897499084473e-01,1.745430529117584229e-01,2.878208272159099579e-02,1.358848810195922852e-01,5.263498052954673767e-02,4.584322571754455566e-01,-8.673039078712463379e-02,-1.641790419816970825e-01,7.489191740751266479e-02,-1.121969595551490784e-01,-2.170576006174087524e-01,1.360827684402465820e-01
-1.124557480216026306e-01,1.208719089627265930e-01,-2.428357154130935669e-01,-1.315506398677825928e-01,-2.811419032514095306e-02,-6.148426793515682220e-03,-3.535650670528411865e-02,1.912836134433746338e-01,-1.102669909596443176e-01,1.574917733669281006e-01,1.552480161190032959e-01,-8.707008510828018188e-02,-1.452680975198745728e-01,-4.973950982093811035e-02,9.966075420379638672e-03,-4.592668637633323669e-02,8.405877649784088135e-02,-5.528430920094251633e-03,-8.379451930522918701e-02,9.569822251796722412e-02,-1.861271411180496216e-01,-1.984941810369491577e-01,1.142094209790229797e-01,-6.771951168775558472e-02,1.834642738103866577e-01,2.093292959034442902e-02,-2.067765593528747559e-01,1.034367382526397705e-01,1.763190627098083496e-01,1.463531255722045898e-01,-2.153351716697216034e-02,-1.158191710710525513e-01,6.122801452875137329e-03,-8.897142112255096436e-02,3.853345662355422974e-02,-3.608445450663566589e-02,-1.403117924928665161e-01,7.683137804269790649e-02,1.138241812586784363e-01,1.197606548666954041e-01,-8.838778734207153320e-02,3.491023927927017212e-02,-5.114486813545227051e-02,1.183108687400817871e-01,-3.215526416897773743e-02,-2.191694825887680054e-01,1.820454373955726624e-02,-3.593576550483703613e-01,3.589054346084594727e-01,1.238219439983367920e-01,1.022317633032798767e-01,1.694345623254776001e-01,1.576307415962219238e-01,1.360827684402465820e-01
-9.736455231904983521e-02,4.085270315408706665e-02,-2.061349004507064819e-01,1.446198225021362305e-01,-6.378129869699478149e-02,-2.615450918674468994e-01,1.090560760349035263e-02,-8.482345938682556152e-02,-9.976836293935775757e-02,1.016016229987144470e-01,1.659660786390304565e-01,-9.826427698135375977e-02,1.654043979942798615e-02,-1.329465806484222412e-01,-5.242281779646873474e-02,2.868860214948654175e-02,3.202357590198516846e-01,-3.441914450377225876e-03,1.528130620718002319e-01,1.757184118032455444e-01,-4.874794557690620422e-02,-2.044807560741901398e-02,1.499282866716384888e-01,-6.589500606060028076e-02,2.310008257627487183e-01,3.433761000633239746e-02,-1.740639954805374146e-01,-4.012183845043182373e-02,3.283317759633064270e-02,-4.540207237005233765e-02,8.400203287601470947e-02,1.559013873338699341e-01,1.386093646287918091e-01,-6.345956027507781982e-02,1.053828597068786621e-01,2.498456090688705444e-02,2.454270869493484497e-01,-2.423020778223872185e-03,-1.385283470153808594e-01,2.470076642930507660e-02,-8.697409182786941528e-02,-2.263363599777221680e-01,-1.511775404214859009e-01,-6.243268772959709167e-02,-1.304699629545211792e-01,1.863077133893966675e-01,-1.276458501815795898e-01,-1.705673336982727051e-02,-2.391179352998733521e-01,2.901075966656208038e-02,-7.553678005933761597e-02,-2.073401361703872681e-01,-2.553392946720123291e-01,1.360827684402465820e-01
-7.792886346578598022e-02,-5.532203614711761475e-02,-2.229265309870243073e-02,-2.448581755161285400e-01,-2.234040498733520508e-01,7.119393348693847656e-02,1.329392194747924805e-01,-2.691890001296997070e-01,-1.303117256611585617e-02,1.411224752664566040e-01,1.947383284568786621e-01,-5.067459121346473694e-02,-2.155324630439281464e-02,-2.385766431689262390e-02,-2.094770036637783051e-02,-4.981059208512306213e-02,8.345519006252288818e-02,-7.706649601459503174e-02,7.301329821348190308e-02,5.086983740329742432e-02,4.030691832304000854e-02,1.579181104898452759e-01,-9.499166160821914673e-02,-3.204789012670516968e-02,8.579253219068050385e-03,-9.531415998935699463e-02,1.195503771305084229e-01,2.883027791976928711e-01,3.275140002369880676e-02,-1.556480675935745239e-02,2.452498823404312134e-01,-4.399428516626358032e-02,-3.055010139942169189e-01,7.664266973733901978e-02,-2.995642833411693573e-02,-1.689827740192413330e-01,2.741173505783081055e-01,1.637114286422729492e-01,7.617385685443878174e-02,1.146474480628967285e-01,9.853578358888626099e-02,-1.448000222444534302e-02,-1.605682261288166046e-02,-1.167689710855484009e-01,2.365016341209411621e-01,-1.712278872728347778e-01,-3.506088256835937500e-02,7.222396880388259888e-02,1.541617885231971741e-02,-1.438606828451156616e-01,-1.883757561445236206e-01,-8.947663009166717529e-02,2.129997313022613525e-01,1.360827684402465820e-01
-7.230613380670547485e-02,5.650848522782325745e-02,-2.939479649066925049e-01,9.715920314192771912e-03,2.721134386956691742e-02,5.813256651163101196e-02,3.667481243610382080e-02,-4.953240230679512024e-02,2.224307693541049957e-02,1.272011846303939819e-01,1.412818580865859985e-01,2.604362666606903076e-01,4.412071779370307922e-02,5.436769500374794006e-02,1.688319593667984009e-01,-7.456514984369277954e-02,-2.062785178422927856e-01,-5.819361656904220581e-02,1.968798935413360596e-01,1.039833575487136841e-01,1.545820683240890503e-01,-3.232566639780998230e-02,2.251567989587783813e-01,-1.049471870064735413e-01,7.421601563692092896e-02,-6.410229206085205078e-02,2.922040969133377075e-02,-9.829601645469665527e-02,-4.940087907016277313e-03,-1.987529844045639038e-01,3.562693297863006592e-02,9.021659940481185913e-02,4.517053812742233276e-02,4.868395999073982239e-02,-1.363929063081741333e-01,5.284459516406059265e-02,-2.370778173208236694e-01,-7.763019204139709473e-02,-1.494923532009124756e-01,9.531217068433761597e-02,1.317621441558003426e-03,5.211217328906059265e-02,2.630875408649444580e-01,-1.624507755041122437e-01,-1.426881104707717896e-01,-2.937531769275665283e-01,4.103811085224151611e-02,1.613362580537796021e-01,-1.739155948162078857e-01,1.235238555818796158e-02,-1.776954233646392822e-01,2.635314464569091797e-01,-2.002596668899059296e-02,1.360827684402465820e-01
-6.391623616218566895e-02,4.465699195861816406e-02,-2.379331886768341064e-01,-1.298781335353851318e-01,-8.100219815969467163e-02,7.116881012916564941e-02,7.634595036506652832e-02,-1.807606369256973267e-01,2.696913853287696838e-02,1.615823954343795776e-01,9.316809475421905518e-02,1.960248351097106934e-01,3.078050166368484497e-02,1.184793338179588318e-01,8.527873456478118896e-02,-1.082585528492927551e-01,-5.744521319866180420e-02,1.456763744354248047e-01,-2.912451140582561493e-02,-1.191884055733680725e-01,3.371673449873924255e-02,1.695108562707901001e-01,-2.159417718648910522e-01,-1.203624717891216278e-02,-1.652473583817481995e-02,1.363000273704528809e-01,1.904801428318023682e-01,1.996562182903289795e-01,-2.286774963140487671e-01,-9.307672828435897827e-02,-7.247271388769149780e-02,-3.241582587361335754e-02,5.585765093564987183e-02,7.014171779155731201e-02,1.084771081805229187e-01,1.346853673458099365e-01,1.180466730147600174e-02,3.284686058759689331e-02,-5.039493367075920105e-02,-1.569091528654098511e-01,2.094434785249177366e-05,-2.462200522422790527e-01,5.723286792635917664e-02,4.913860931992530823e-02,-1.806970387697219849e-01,1.302901953458786011e-01,1.944864094257354736e-01,-1.416930556297302246e-01,2.320544123649597168e-01,-2.312716096639633179e-02,3.179142773151397705e-01,-4.487835615873336792e-02,-2.603032886981964111e-01,1.360827684402465820e-01
-4.158009588718414307e-02,3.518875688314437866e-02,-2.723737955093383789e-01,1.478997915983200073e-01,-3.197608515620231628e-03,-1.746314167976379395e-01,1.531382650136947632e-02,-2.426111847162246704e-01,6.170106679201126099e-02,2.306494563817977905e-01,1.366541255265474319e-02,3.431755304336547852e-02,6.108017265796661377e-02,3.043194301426410675e-02,1.141789630055427551e-01,-8.582409471273422241e-02,5.819826573133468628e-02,3.729505464434623718e-02,-6.532030552625656128e-02,-2.606924176216125488e-01,5.619242414832115173e-02,-1.635319888591766357e-01,-4.685724899172782898e-02,1.755926907062530518e-01,3.331699222326278687e-02,-5.783530650660395622e-04,1.885688900947570801e-01,-1.975272446870803833e-01,-8.100946247577667236e-02,5.518723651766777039e-02,-2.196321487426757812e-01,1.254715174436569214e-01,-3.045534156262874603e-02,-6.985785812139511108e-02,1.943455659784376621e-03,-4.277349635958671570e-02,-1.180794462561607361e-01,-5.822163447737693787e-02,4.637593775987625122e-02,-8.761427551507949829e-02,4.487230628728866577e-02,2.921454906463623047e-01,-2.209614962339401245e-01,-1.469552330672740936e-02,4.860912263393402100e-02,1.612633913755416870e-01,-3.478494286537170410e-02,-4.034051671624183655e-02,-3.806573525071144104e-02,5.938366055488586426e-02,-7.138954102993011475e-02,-1.863380372524261475e-01,4.159440100193023682e-01,1.360827684402465820e-01
-3.625998646020889282e-02,-9.468480944633483887e-02,-3.993326053023338318e-02,2.653244882822036743e-02,-1.537377685308456421e-01,-1.168878823518753052e-01,2.571661211550235748e-02,-2.317330688238143921e-01,1.754675954580307007e-01,1.032641455531120300e-01,-9.449888020753860474e-02,1.190699054859578609e-03,9.703351557254791260e-02,-2.631237208843231201e-01,1.668405383825302124e-01,6.790063530206680298e-02,-1.918352991342544556e-01,1.127464026212692261e-01,-1.860719919204711914e-01,1.808241456747055054e-01,-1.216341555118560791e-01,6.609109230339527130e-03,1.801270805299282074e-02,1.137756779789924622e-01,-3.229959011077880859e-01,-1.520643979310989380e-01,-3.633590042591094971e-02,8.723045140504837036e-02,3.423268720507621765e-02,1.141077280044555664e-01,-1.375079452991485596e-01,1.368719935417175293e-01,1.987049169838428497e-02,-1.645150184631347656e-01,-1.665602922439575195e-01,-4.397628083825111389e-02,3.948888555169105530e-02,-7.534515857696533203e-02,1.716509908437728882e-01,-9.552176110446453094e-03,-2.262851148843765259e-01,-1.786600351333618164e-01,3.150176256895065308e-02,2.190745472908020020e-01,1.782916635274887085e-01,9.407060220837593079e-03,-1.219393983483314514e-01,-4.963099025189876556e-03,-5.610928684473037720e-02,1.111321002244949341e-01,-7.559984922409057617e-02,2.444843649864196777e-01,-1.697460412979125977e-01,1.360827684402465820e-01
-3.000612929463386536e-02,-1.090628430247306824e-01,-5.858597904443740845e-02,-8.179034292697906494e-02,-2.311743050813674927e-01,6.212498620152473450e-02,-2.949170209467411041e-02,-9.505785256624221802e-02,2.177253663539886475e-01,-1.732580810785293579e-01,-7.063974440097808838e-02,6.670802831649780273e-02,-3.079635463654994965e-02,-2.443911880254745483e-01,5.549112334847450256e-02,-3.923929855227470398e-02,-1.577222049236297607e-01,9.611690044403076172e-02,-2.848013341426849365e-01,-1.295985728502273560e-01,-2.464693337678909302e-01,-8.450247347354888916e-02,4.867644235491752625e-02,4.644409939646720886e-02,3.484728559851646423e-02,1.893964856863021851e-01,-2.512687444686889648e-01,-8.743302524089813232e-02,5.681214854121208191e-02,-1.128577906638383865e-02,8.940506726503372192e-02,-9.436336904764175415e-02,1.496783792972564697e-01,8.722847700119018555e-02,-1.551142632961273193e-01,-2.735621295869350433e-02,4.166955500841140747e-02,3.625527396798133850e-02,-1.836159825325012207e-01,1.937535554170608521e-01,1.858860850334167480e-01,1.045107915997505188e-01,1.222520172595977783e-01,-1.868896037340164185e-01,-1.196758542209863663e-02,-9.526465088129043579e-02,6.852679699659347534e-02,-3.057965263724327087e-02,-1.467923372983932495e-01,-3.308215737342834473e-02,2.143347710371017456e-01,-3.141059875488281250e-01,8.639683015644550323e-03,1.360827684402465820e-01
-1.676754327490925789e-03,-7.193180173635482788e-02,-8.203980326652526855e-02,-2.066787704825401306e-02,-1.801918894052505493e-01,-1.001315936446189880e-01,-1.282705664634704590e-01,1.956077292561531067e-02,2.101352661848068237e-01,-1.839930564165115356e-01,-1.394220590591430664e-01,-3.050184436142444611e-02,9.297297149896621704e-02,-6.233973056077957153e-02,1.828786879777908325e-01,3.615235537290573120e-02,4.290033131837844849e-02,-2.085759043693542480e-01,-1.934149861335754395e-01,-6.679120659828186035e-02,3.822222352027893066e-02,-1.300621628761291504e-01,1.229299381375312805e-01,-7.996851950883865356e-02,1.598489135503768921e-01,2.155689895153045654e-01,1.531205773353576660e-01,3.579844953492283821e-03,1.252983510494232178e-01,-2.906863391399383545e-02,1.681313961744308472e-01,-1.773237586021423340e-01,-5.024106800556182861e-02,1.551236659288406372e-01,2.404295504093170166e-01,2.793610394001007080e-01,9.048134833574295044e-02,-1.205186992883682251e-01,1.998196355998516083e-02,-8.571250736713409424e-02,-1.167233511805534363e-01,-5.381574481725692749e-02,-1.723826490342617035e-02,5.615185201168060303e-02,-5.152040719985961914e-02,1.564011573791503906e-01,-2.969211339950561523e-02,2.430056780576705933e-01,2.415204048156738281e-01,-1.131768375635147095e-01,-2.252323180437088013e-01,1.960014402866363525e-01,7.153926044702529907e-02,1.360827684402465820e-01
1.057006884366273880e-02,-2.224003821611404419e-01,-2.671379409730434418e-02,6.952478736639022827e-02,-1.674447804689407349e-01,-1.429878473281860352e-01,-1.939661502838134766e-01,1.774947047233581543e-01,1.097871065139770508e-01,-5.823918618261814117e-04,1.036973856389522552e-02,1.171680316329002380e-01,2.392279356718063354e-01,8.553148061037063599e-02,8.922287821769714355e-02,9.026616811752319336e-02,1.269316226243972778e-01,-2.469599992036819458e-01,9.262730926275253296e-02,1.743567883968353271e-01,1.276931613683700562e-01,2.120780646800994873e-01,2.865700423717498779e-02,8.003749698400497437e-02,-3.091419041156768799e-01,-6.289733201265335083e-02,-2.634559571743011475e-02,3.043757192790508270e-02,4.823857545852661133e-02,-1.221618726849555969e-01,-6.116628646850585938e-02,-2.432783991098403931e-01,-1.756902202032506466e-03,1.025400832295417786e-01,1.606795191764831543e-01,-1.147655770182609558e-01,-1.391201168298721313e-01,1.250294446945190430e-01,-1.574116200208663940e-01,-4.110706970095634460e-02,-2.943872660398483276e-02,2.186675816774368286e-01,-1.248554559424519539e-03,-8.296529203653335571e-02,7.065331190824508667e-02,2.493535913527011871e-02,-6.296864151954650879e-02,-3.792089819908142090e-01,-1.891442947089672089e-02,3.733512386679649353e-02,2.606915077194571495e-04,-9.112642705440521240e-02,-7.957018166780471802e-02,1.360827684402465820e-01
5.904582794755697250e-03,-1.683662533760070801e-01,-7.163546979427337646e-02,-1.102502793073654175e-01,-1.279486566781997681e-01,-4.841561987996101379e-02,-2.534405589103698730e-01,3.047095239162445068e-01,-8.020038157701492310e-02,-1.102239415049552917e-01,-3.723869100213050842e-02,2.274780571460723877e-01,1.233624443411827087e-01,1.744998395442962646e-01,8.906009793281555176e-02,-5.960861593484878540e-02,1.285323686897754669e-02,5.172943696379661560e-02,7.358204573392868042e-02,-3.070941567420959473e-01,-2.147646099328994751e-01,7.956633716821670532e-02,-1.219167485833168030e-01,-4.315499588847160339e-02,6.116377562284469604e-02,-1.346205174922943115e-01,-1.085281893610954285e-01,6.488383747637271881e-03,9.753458201885223389e-02,2.199946343898773193e-02,-5.829134490340948105e-03,3.267934620380401611e-01,6.937657482922077179e-03,-2.956128679215908051e-02,-1.112755089998245239e-01,-2.024843245744705200e-01,1.646802276372909546e-01,1.662974357604980469e-01,5.177404358983039856e-02,-2.232032567262649536e-01,-5.833774432539939880e-02,-3.289700299501419067e-02,-1.689369678497314453e-01,-1.203218623995780945e-01,-8.250044286251068115e-02,-7.571634650230407715e-02,-1.243962422013282776e-01,2.067158222198486328e-01,3.172305226325988770e-02,1.874260045588016510e-02,7.699178159236907959e-02,1.471793204545974731e-01,1.114737149327993393e-02,1.360827684402465820e-01
2.136871404945850372e-02,-1.456623971462249756e-01,-1.166568323969841003e-01,6.807963550090789795e-02,2.055245824158191681e-02,-2.321082800626754761e-01,-1.881415694952011108e-01,2.195664644241333008e-01,-2.686502411961555481e-02,-1.806654036045074463e-01,-2.311336807906627655e-02,-7.776689529418945312e-02,7.734022289514541626e-02,-2.894303575158119202e-02,8.582375943660736084e-03,6.695739179849624634e-02,5.684913601726293564e-03,6.826177984476089478e-02,1.013659834861755371e-01,-1.082252617925405502e-02,-2.077882140874862671e-01,1.535147130489349365e-01,-1.234030872583389282e-01,-5.120716243982315063e-02,2.469348907470703125e-01,5.315916985273361206e-02,2.541892528533935547e-01,1.912882365286350250e-02,-2.082570493221282959e-01,6.315365433692932129e-02,-2.532862871885299683e-02,-3.786314278841018677e-02,-2.587546706199645996e-01,-9.886667132377624512e-02,-1.422373354434967041e-01,2.040694095194339752e-02,-1.598649770021438599e-01,-3.726060688495635986e-02,7.266908138990402222e-02,2.472135722637176514e-01,1.333943158388137817e-01,-1.841551363468170166e-01,1.735068410634994507e-01,2.189478278160095215e-01,9.802014380693435669e-02,1.836658082902431488e-02,2.744158208370208740e-01,-8.417450636625289917e-02,-1.989667713642120361e-01,5.816713720560073853e-02,-1.173232123255729675e-01,-5.598290264606475830e-02,4.214446991682052612e-02,1.360827684402465820e-01
5.635652318596839905e-02,-2.717403471469879150e-01,2.879922650754451752e-02,-2.614266872406005859e-01,7.208815962076187134e-02,-3.325111567974090576e-01,1.603353470563888550e-01,-7.748240232467651367e-02,-1.813178807497024536e-01,1.339253690093755722e-02,-1.845031380653381348e-01,1.252653598785400391e-01,5.922190099954605103e-02,-5.299573764204978943e-02,-1.227428689599037170e-01,6.740732491016387939e-02,1.466135960072278976e-02,-6.565052270889282227e-02,2.494634240865707397e-01,-7.820978760719299316e-02,1.331509798765182495e-01,-1.132525801658630371e-01,1.317774504423141479e-01,-1.371083129197359085e-02,-8.463737368583679199e-02,-1.916338317096233368e-02,-1.655243831919506192e-04,-1.385857760906219482e-01,-1.775595247745513916e-01,2.409164011478424072e-01,1.092624738812446594e-01,-1.897814422845840454e-01,5.104768276214599609e-02,-1.151961088180541992e-01,6.123410537838935852e-02,2.765157818794250488e-02,-3.681163769215345383e-03,-2.090341001749038696e-01,4.839546978473663330e-02,4.509571194648742676e-02,-8.236532099545001984e-03,-1.549211591482162476e-01,7.514872401952743530e-02,-1.059223487973213196e-01,3.511054441332817078e-02,-1.334035396575927734e-01,-1.606738120317459106e-01,8.094572275876998901e-02,7.721623033285140991e-02,-2.219406189396977425e-03,3.370575308799743652e-01,-7.364741992205381393e-03,1.158659607172012329e-01,1.360827684402465820e-01
4.284163564443588257e-02,-1.510914117097854614e-01,-1.400618553161621094e-01,-3.228750526905059814e-01,2.775526940822601318e-01,-6.053821370005607605e-02,-1.701758801937103271e-02,1.358005702495574951e-01,-7.558076828718185425e-02,3.752608597278594971e-02,-6.541381776332855225e-02,-8.472684770822525024e-02,-3.459002077579498291e-02,-8.895434439182281494e-04,9.599959850311279297e-02,8.329230546951293945e-02,-3.557006120681762695e-01,2.184319049119949341e-01,4.547274857759475708e-02,1.331331133842468262e-01,1.725176721811294556e-01,-1.674608513712882996e-02,-4.865212738513946533e-02,-5.264136195182800293e-02,1.056765764951705933e-02,-4.962407052516937256e-02,-3.439912945032119751e-02,4.417032003402709961e-03,-5.706170946359634399e-02,2.990135364234447479e-02,1.647389829158782959e-01,-7.958731800317764282e-02,2.387937903404235840e-01,1.283943355083465576e-01,-1.491733640432357788e-01,-2.733145654201507568e-02,1.926310211420059204e-01,-3.689722623676061630e-03,6.299823056906461716e-03,-2.718353457748889923e-02,7.032138854265213013e-02,2.269071787595748901e-01,-2.248652726411819458e-01,1.395934522151947021e-01,-6.117013096809387207e-02,1.544786244630813599e-01,6.544694304466247559e-02,-7.271386682987213135e-02,7.855269312858581543e-02,5.707909818738698959e-03,-3.075390160083770752e-01,-1.400700360536575317e-01,-9.227295219898223877e-02,1.360827684402465820e-01
4.206462204456329346e-02,-1.177720278501510620e-01,-1.607269197702407837e-01,-1.250154525041580200e-01,1.720897257328033447e-01,5.765888839960098267e-02,-9.180869162082672119e-02,9.521578252315521240e-02,1.539148241281509399e-01,-4.095880687236785889e-02,-3.645445778965950012e-02,-1.137051656842231750e-01,-1.933839768171310425e-01,-7.870376855134963989e-02,-3.281825035810470581e-02,1.279913634061813354e-01,1.185029223561286926e-01,1.436632722616195679e-01,9.144943207502365112e-02,1.288024336099624634e-01,2.260540574789047241e-01,-1.050223112106323242e-01,-2.878310978412628174e-01,1.854409277439117432e-01,-9.641540795564651489e-02,3.382795751094818115e-01,-4.155575856566429138e-02,-2.365577220916748047e-02,2.135435491800308228e-02,-1.526010455563664436e-03,-1.532997339963912964e-01,2.943204045295715332e-01,-5.217035114765167236e-02,3.730667755007743835e-02,2.403585016727447510e-01,1.874609738588333130e-01,1.842847466468811035e-02,2.502014040946960449e-01,1.817902922630310059e-02,7.128045707941055298e-02,-1.921125315129756927e-02,3.271636366844177246e-02,1.223916187882423401e-01,1.195703539997339249e-02,7.759843021631240845e-02,-1.948199868202209473e-01,-1.651164442300796509e-01,5.049961060285568237e-02,-1.283605396747589111e-01,-1.201520040631294250e-01,6.869225949048995972e-02,7.248949259519577026e-02,3.244813531637191772e-02,1.360827684402465820e-01
4.924678429961204529e-02,-1.109986156225204468e-01,-1.239794865250587463e-01,-3.385067358613014221e-02,1.237547472119331360e-01,1.182194128632545471e-01,-9.989254176616668701e-02,-8.706454187631607056e-02,9.682600200176239014e-02,-1.365639120340347290e-01,-1.315735131502151489e-01,-3.046021610498428345e-02,-1.268362998962402344e-01,-8.981361985206604004e-02,-1.234152391552925110e-01,-2.050329893827438354e-01,3.027949929237365723e-01,2.232912927865982056e-01,1.253917366266250610e-01,2.127332985401153564e-02,-6.071346811950206757e-03,-1.146023571491241455e-01,-6.419966462999582291e-03,-2.243326157331466675e-01,-9.018752723932266235e-02,-1.484396159648895264e-01,-1.966109275817871094e-01,1.145672872662544250e-01,-1.159278582781553268e-02,-1.406412422657012939e-01,-8.749540895223617554e-02,1.462763827294111252e-02,-3.545739874243736267e-02,3.625191748142242432e-02,-1.187622360885143280e-02,-1.011293157935142517e-01,-8.395482599735260010e-02,-2.561221122741699219e-01,3.858791664242744446e-02,-8.531330525875091553e-02,6.936753541231155396e-02,3.789478540420532227e-02,1.442111283540725708e-01,-2.947380244731903076e-01,2.520220279693603516e-01,3.150963187217712402e-01,1.765125393867492676e-01,-2.678100019693374634e-02,1.249700486660003662e-01,1.158083695918321609e-02,-6.825013458728790283e-02,1.459098756313323975e-01,-6.909807212650775909e-03,1.360827684402465820e-01
6.417933106422424316e-02,-2.489978671073913574e-01,1.343656610697507858e-02,1.020105089992284775e-02,1.041339263319969177e-01,-1.247119382023811340e-01,3.418985009193420410e-02,-2.490393072366714478e-01,-1.609626039862632751e-02,-7.053267210721969604e-02,-1.922751069068908691e-01,-1.057631373405456543e-01,-1.176703572273254395e-01,4.317867383360862732e-02,-2.063441425561904907e-01,-1.453243941068649292e-01,8.352423459291458130e-02,-1.634901016950607300e-02,-2.462327331304550171e-01,2.966607362031936646e-02,1.617936789989471436e-01,7.746031135320663452e-02,1.568432338535785675e-02,-2.779844701290130615e-01,2.959347702562808990e-02,-9.170119464397430420e-02,1.218775007873773575e-02,-6.858939677476882935e-02,1.567867845296859741e-01,-1.905383765697479248e-01,-2.893038280308246613e-02,6.385747343301773071e-02,-2.483254522085189819e-01,9.869923815131187439e-03,-1.250728964805603027e-01,-1.051224470138549805e-01,-1.486750841140747070e-01,1.520008146762847900e-01,-2.485513538122177124e-01,-1.033923216164112091e-02,-1.708573698997497559e-01,5.108920112252235413e-02,-1.187728345394134521e-01,2.933096885681152344e-01,-2.410865575075149536e-01,-1.529967486858367920e-01,3.997097909450531006e-02,6.795237213373184204e-02,4.933754727244377136e-02,3.567167744040489197e-02,1.040525734424591064e-01,-5.606576055288314819e-02,-3.726548701524734497e-02,1.360827684402465820e-01
4.896636307239532471e-02,-1.444403380155563354e-01,1.707187667489051819e-02,-1.738144159317016602e-01,1.235421672463417053e-01,2.623510956764221191e-01,-1.393923014402389526e-01,-1.807516217231750488e-01,8.551230281591415405e-02,-1.845848001539707184e-02,-6.059183180332183838e-02,-2.076160907745361328e-01,1.091835573315620422e-01,3.243276178836822510e-01,-6.330774724483489990e-02,-2.821499109268188477e-01,-6.752815097570419312e-02,-2.154854834079742432e-01,1.012181583791971207e-02,8.878506720066070557e-02,-1.238327175378799438e-01,-5.132037028670310974e-02,-4.042511433362960815e-02,2.609022259712219238e-01,1.176918596029281616e-01,-7.079817354679107666e-02,7.326176762580871582e-02,-2.495234161615371704e-01,7.947185635566711426e-02,-1.037120744585990906e-01,-2.967285737395286560e-02,-1.211244538426399231e-01,1.131811738014221191e-01,-3.341944217681884766e-01,-1.439484953880310059e-02,3.691686689853668213e-02,1.311660110950469971e-01,4.912566766142845154e-02,9.059536457061767578e-02,1.203017681837081909e-01,-5.451804026961326599e-02,-1.534193754196166992e-01,2.614801377058029175e-02,-1.105790734291076660e-01,-9.355723112821578979e-02,7.832405716180801392e-02,-2.560191601514816284e-02,-1.646235883235931396e-01,-7.852000743150711060e-02,-7.807033509016036987e-02,-3.856912627816200256e-02,7.835393399000167847e-02,-1.692120172083377838e-02,1.360827684402465820e-01
6.049364060163497925e-02,-1.219388656318187714e-02,-1.717699319124221802e-01,1.902403496205806732e-02,1.847935318946838379e-01,1.916052997112274170e-01,-6.910697370767593384e-02,-1.342311799526214600e-01,1.089973673224449158e-01,-1.087727621197700500e-01,-2.225770801305770874e-02,-1.398353022523224354e-03,-4.156929254531860352e-02,-5.199376121163368225e-02,-2.346664518117904663e-01,9.854906797409057617e-02,-1.311306208372116089e-01,-2.272119820117950439e-01,7.573058456182479858e-02,5.926182866096496582e-02,-9.874577075242996216e-02,1.439674198627471924e-01,2.330908924341201782e-01,1.492471843957901001e-01,1.808238923549652100e-01,-9.445460885763168335e-02,2.042418718338012695e-01,1.870536953210830688e-01,1.612405478954315186e-01,1.886510848999023438e-01,-2.859876304864883423e-02,9.718336910009384155e-02,7.167126983404159546e-02,3.073438405990600586e-01,9.615044295787811279e-02,-6.337172538042068481e-02,-1.528543084859848022e-01,1.698992098681628704e-03,1.165472343564033508e-01,-4.383200407028198242e-02,1.960162967443466187e-01,1.049672998487949371e-02,-1.531567424535751343e-01,2.091378159821033478e-02,1.073434501886367798e-01,5.017772316932678223e-02,-1.156324148178100586e-01,1.148835644125938416e-01,-3.925100341439247131e-02,2.707068324089050293e-01,2.021244466304779053e-01,-2.416128106415271759e-02,-1.199141591787338257e-01,1.360827684402465820e-01
6.830795854330062866e-02,-8.942484855651855469e-02,-1.609430089592933655e-02,1.585829108953475952e-01,-1.432484760880470276e-02,1.622426360845565796e-01,-1.172151118516921997e-01,-1.457021981477737427e-01,3.989430144429206848e-02,3.528275340795516968e-02,3.422071458771824837e-03,2.081956416368484497e-01,-5.143582075834274292e-02,1.171498224139213562e-01,-2.883944809436798096e-01,2.766808867454528809e-01,2.655898034572601318e-02,-1.735689789056777954e-01,1.064790561795234680e-01,3.142417594790458679e-02,-1.908899098634719849e-01,-1.265812367200851440e-01,-4.179108142852783203e-02,-5.798004940152168274e-02,-1.578050255775451660e-01,-1.399472937919199467e-03,-1.611641198396682739e-01,2.049102187156677246e-01,-1.608335077762603760e-01,1.328947544097900391e-01,6.410269439220428467e-02,2.037183009088039398e-02,2.534129023551940918e-01,-1.080544292926788330e-01,2.297647669911384583e-02,6.906545162200927734e-02,-6.297523528337478638e-02,8.263142406940460205e-02,3.185461834073066711e-02,-5.553693324327468872e-02,-2.307379692792892456e-01,1.330001559108495712e-02,3.282066434621810913e-02,1.402183175086975098e-01,-1.257878243923187256e-01,-5.469791591167449951e-02,2.913237512111663818e-01,1.280715912580490112e-01,1.699930243194103241e-02,-1.444942951202392578e-01,-1.916283965110778809e-01,-1.792001426219940186e-01,1.940461695194244385e-01,1.360827684402465820e-01
6.471881270408630371e-02,-1.016915962100028992e-01,2.898468635976314545e-02,2.650187909603118896e-01,-1.400144770741462708e-02,1.397792547941207886e-01,-1.141898036003112793e-01,-1.668740957975387573e-01,-1.005959883332252502e-01,9.854711592197418213e-02,1.000337377190589905e-01,2.070364914834499359e-02,-4.587605223059654236e-02,2.056979238986968994e-01,1.786196976900100708e-02,2.752671539783477783e-01,-1.627312153577804565e-01,9.538954496383666992e-02,5.094633996486663818e-02,-9.056336432695388794e-02,-1.698287129402160645e-01,-1.200205534696578979e-01,-1.463639885187149048e-01,-3.924338519573211670e-01,6.852259393781423569e-03,1.023181974887847900e-01,2.997548319399356842e-02,-1.382881700992584229e-01,5.040610209107398987e-02,-1.364109516143798828e-01,-6.995907425880432129e-02,-1.337997019290924072e-01,-7.639191299676895142e-02,-4.668965004384517670e-03,1.282408535480499268e-01,8.335569873452186584e-03,1.289663612842559814e-01,-2.394382059574127197e-01,4.104875400662422180e-02,1.060971617698669434e-01,1.450636237859725952e-01,9.228830039501190186e-02,-1.598721742630004883e-01,6.071024388074874878e-02,1.894304901361465454e-01,-1.466028392314910889e-01,-2.456797212362289429e-01,-8.909557014703750610e-02,-1.326231751590967178e-02,-8.078162372112274170e-02,6.432317197322845459e-02,7.523461431264877319e-02,-1.862597465515136719e-01,1.360827684402465820e-01
8.242807537317276001e-02,-2.320640385150909424e-01,1.625042110681533813e-01,1.032845377922058105e-01,2.151461690664291382e-02,5.032791756093502045e-03,1.094925701618194580e-01,-5.644168704748153687e-02,-1.587026119232177734e-01,7.791203260421752930e-02,1.291620731353759766e-01,-1.001891791820526123e-01,-5.251264944672584534e-02,1.201836168766021729e-01,-3.293970972299575806e-02,1.883158087730407715e-01,-1.224108710885047913e-01,1.256891489028930664e-01,-7.022979855537414551e-02,-1.091543436050415039e-01,-5.608757212758064270e-02,-4.272669926285743713e-02,5.999813228845596313e-02,3.402405977249145508e-01,1.068500578403472900e-01,1.312357187271118164e-01,-8.506136387586593628e-02,-7.783576101064682007e-02,5.613279342651367188e-02,7.147578895092010498e-02,3.156802803277969360e-02,1.113246083259582520e-01,-1.743977963924407959e-01,1.169038861989974976e-01,9.599997103214263916e-02,-2.089412361383438110e-01,-4.819073528051376343e-02,-7.871358841657638550e-02,-2.495716661214828491e-01,-2.098163068294525146e-01,-2.696975879371166229e-02,-1.547799110412597656e-01,3.117227554321289062e-01,-1.191336363554000854e-01,-2.204403653740882874e-02,8.271293714642524719e-03,4.516567569226026535e-03,-8.884968608617782593e-02,2.336008399724960327e-01,1.781335175037384033e-01,-2.738701403141021729e-01,-2.931309491395950317e-02,-4.856821149587631226e-02,1.360827684402465820e-01
8.879642933607101440e-02,-2.080865949392318726e-01,1.256598979234695435e-01,1.094567254185676575e-01,1.006056964397430420e-01,4.632827639579772949e-02,5.322790239006280899e-04,9.166434407234191895e-03,-2.335833460092544556e-01,2.373476698994636536e-02,1.805856823921203613e-01,-3.111679479479789734e-02,5.150453373789787292e-02,3.035112842917442322e-02,1.817428767681121826e-01,9.417807310819625854e-02,1.333291362971067429e-02,3.708298504352569580e-02,-1.903361827135086060e-01,-7.519606500864028931e-02,1.064847558736801147e-01,-1.638907641172409058e-01,3.278512358665466309e-01,3.605923056602478027e-02,3.849926171824336052e-03,-1.215184256434440613e-01,-8.365561068058013916e-02,1.653592735528945923e-01,-9.369588643312454224e-02,-1.489548087120056152e-01,4.546990990638732910e-02,7.150606065988540649e-02,1.559355109930038452e-02,7.927908003330230713e-02,-1.339103281497955322e-01,1.785564571619033813e-01,-1.547919213771820068e-01,3.112465143203735352e-01,1.133854091167449951e-01,2.708958089351654053e-02,1.703230589628219604e-01,-1.453863382339477539e-01,-2.430068701505661011e-02,4.305507987737655640e-02,8.391964435577392578e-02,2.455373406410217285e-01,-5.548833683133125305e-02,-6.372592598199844360e-02,-8.941984176635742188e-02,-3.247558772563934326e-01,1.652708202600479126e-01,9.657121449708938599e-02,1.018375232815742493e-01,1.360827684402465820e-01
8.737169951200485229e-02,-1.156429946422576904e-01,9.940614551305770874e-02,1.135643050074577332e-01,5.413637682795524597e-02,1.417610645294189453e-01,-4.851753637194633484e-02,-5.113788880407810211e-03,-1.096643581986427307e-01,-8.487345767207443714e-04,2.159225493669509888e-01,-2.197074145078659058e-01,1.869327723979949951e-01,-3.414729535579681396e-01,1.127553284168243408e-01,8.826089650392532349e-02,-2.601944375783205032e-03,-1.097712069749832153e-01,4.270415008068084717e-02,-2.258963137865066528e-02,1.250645667314529419e-01,-6.138155236840248108e-02,-1.978685706853866577e-01,4.932823777198791504e-02,4.883395507931709290e-02,-5.477439612150192261e-02,-8.544332534074783325e-02,1.092155836522579193e-02,-8.453818410634994507e-02,-1.077085509896278381e-01,-7.171726226806640625e-02,-1.529874205589294434e-01,-1.424205601215362549e-01,-1.401201449334621429e-02,-1.154033914208412170e-01,2.003582417964935303e-01,6.439688801765441895e-02,-1.406497601419687271e-02,1.890622973442077637e-01,-9.844845533370971680e-02,-1.500484794378280640e-01,9.602904319763183594e-02,-1.557070761919021606e-01,-2.563236355781555176e-01,-1.562402099370956421e-01,-1.516989320516586304e-01,2.377398461103439331e-01,1.399210393428802490e-01,1.099641993641853333e-02,3.322147428989410400e-01,1.250542998313903809e-01,-1.983076520264148712e-02,-4.883051663637161255e-02,1.360827684402465820e-01
9.602032601833343506e-02,-1.015672683715820312e-01,7.532899081707000732e-02,7.722857594490051270e-02,-4.489390552043914795e-02,2.922622263431549072e-01,-4.169780015945434570e-02,-7.767731696367263794e-02,-1.125371009111404419e-01,-1.582790464162826538e-01,7.248605787754058838e-02,1.187711358070373535e-01,-1.664302051067352295e-01,-2.742798030376434326e-01,1.291432678699493408e-01,-8.326978236436843872e-02,2.411411553621292114e-01,9.387621283531188965e-02,-1.414284855127334595e-02,-1.921687275171279907e-01,1.653365939855575562e-01,3.339142203330993652e-01,8.429043740034103394e-02,5.933095142245292664e-02,8.608286827802658081e-02,-3.551899222657084465e-03,7.460772246122360229e-02,1.537927053868770599e-02,-9.304404258728027344e-02,2.468376755714416504e-01,9.094098210334777832e-02,-2.720290981233119965e-02,1.395407617092132568e-01,-2.652332186698913574e-01,7.853575050830841064e-02,-4.540199041366577148e-02,2.248767949640750885e-02,-1.236787512898445129e-01,-9.338756091892719269e-03,8.652823977172374725e-03,6.737579405307769775e-02,2.221320122480392456e-01,3.788309171795845032e-02,1.649534106254577637e-01,-2.041121870279312134e-01,-5.567574128508567810e-02,-1.457106173038482666e-01,-1.385986357927322388e-01,-3.879085183143615723e-02,-7.442221790552139282e-02,-1.185938939452171326e-01,1.419114768505096436e-01,-5.586788803339004517e-02,1.360827684402465820e-01
9.746985882520675659e-02,-1.152228098362684250e-02,-3.684529662132263184e-02,1.429779380559921265e-01,8.091735839843750000e-02,2.094447910785675049e-01,2.098365128040313721e-02,1.850818991661071777e-01,-1.415778845548629761e-01,-8.029508590698242188e-02,2.429480478167533875e-02,1.130887940526008606e-01,-3.157590627670288086e-01,-3.608874976634979248e-02,3.529199361801147461e-01,-1.886195838451385498e-01,-4.392851889133453369e-02,-3.681270405650138855e-02,-1.168648805469274521e-02,1.532100439071655273e-01,1.760041154921054840e-02,-4.813349340111017227e-03,-3.193556144833564758e-02,-9.273920953273773193e-02,-1.650874912738800049e-01,-1.169186159968376160e-01,1.628907471895217896e-01,-1.327700912952423096e-01,1.510248333215713501e-01,1.156191602349281311e-01,-8.515802770853042603e-02,-9.640750288963317871e-02,4.780916124582290649e-02,8.676702529191970825e-02,8.093344420194625854e-02,-2.897520735859870911e-02,6.936420500278472900e-02,-4.163996875286102295e-02,-1.583307236433029175e-01,-2.264508977532386780e-02,-1.747948378324508667e-01,-3.756004571914672852e-01,-7.560809701681137085e-02,-7.112068589776754379e-03,1.532020866870880127e-01,-2.622438408434391022e-02,4.387610033154487610e-02,6.338492780923843384e-02,-4.651587828993797302e-02,4.719105735421180725e-02,3.358846157789230347e-02,-2.803845107555389404e-01,2.198006659746170044e-01,1.360827684402465820e-01
1.221347749233245850e-01,-5.276777595281600952e-02,-3.319918736815452576e-02,3.932454884052276611e-01,1.202236264944076538e-01,-1.745382398366928101e-01,2.416257709264755249e-01,1.067743673920631409e-01,-6.767073273658752441e-02,-4.372981935739517212e-02,3.480864316225051880e-02,1.162471398711204529e-01,6.444573402404785156e-03,1.677137240767478943e-02,-5.856133997440338135e-02,-4.237277209758758545e-01,-2.030531316995620728e-02,-1.332399398088455200e-01,-4.348238185048103333e-02,1.250286251306533813e-01,-1.285969763994216919e-01,-1.868620961904525757e-01,-3.153364360332489014e-01,1.790035516023635864e-01,-4.516657814383506775e-02,2.059279195964336395e-02,-1.533142291009426117e-03,1.385337710380554199e-01,-5.094952508807182312e-02,3.034748136997222900e-02,2.662449777126312256e-01,-1.203695312142372131e-03,1.599079743027687073e-02,1.852570027112960815e-01,-3.547437489032745361e-02,-6.898806989192962646e-02,7.230740785598754883e-02,-5.857004970312118530e-02,1.111690476536750793e-01,1.189737766981124878e-01,1.503940578550100327e-02,1.865071505308151245e-01,8.937445282936096191e-02,6.039806455373764038e-02,-7.717566937208175659e-02,1.505218818783760071e-02,-1.116767004132270813e-01,2.604279480874538422e-02,3.497821092605590820e-02,-8.345159888267517090e-02,5.090040713548660278e-02,9.554500132799148560e-02,-1.117296218872070312e-01,1.360827684402465820e-01
1.509758532047271729e-01,-1.358396708965301514e-01,1.990836262702941895e-01,-1.680178344249725342e-01,-6.683264672756195068e-02,9.102759882807731628e-03,5.565292835235595703e-01,9.373395889997482300e-02,8.152381633408367634e-04,-5.450008809566497803e-02,-2.109634689986705780e-03,1.966965049505233765e-01,7.728452980518341064e-02,1.277383510023355484e-02,3.017785586416721344e-02,8.941761218011379242e-03,1.107633113861083984e-01,-5.676579475402832031e-02,1.387022137641906738e-01,5.746412649750709534e-02,-1.858583837747573853e-01,3.282888606190681458e-02,1.039208024740219116e-01,-4.001415893435478210e-02,4.834674671292304993e-02,1.684495210647583008e-01,5.865764245390892029e-02,1.861055009067058563e-02,2.541188895702362061e-01,-6.955654919147491455e-02,-4.074052870273590088e-01,1.324645280838012695e-01,2.687407098710536957e-02,-7.357408758252859116e-03,-3.189623355865478516e-02,1.537900716066360474e-01,6.587249785661697388e-02,-3.995343670248985291e-02,6.750787049531936646e-02,7.032900303602218628e-02,6.249683350324630737e-02,1.247609332203865051e-01,-1.152122467756271362e-01,3.776404634118080139e-02,-1.952655240893363953e-02,3.352353349328041077e-02,1.851602941751480103e-01,-5.425564199686050415e-02,-2.646066015586256981e-03,-2.933416143059730530e-02,-1.068077757954597473e-01,-2.748559345491230488e-04,-3.101790882647037506e-02,1.360827684402465820e-01
1.410285085439682007e-01,1.393681466579437256e-01,-7.992306351661682129e-02,-1.221862807869911194e-01,2.063820958137512207e-01,9.200880676507949829e-02,2.717785835266113281e-01,1.651823818683624268e-01,1.718361526727676392e-01,-1.959086768329143524e-02,1.569996029138565063e-01,-6.230866909027099609e-02,1.217633336782455444e-01,-1.142779961228370667e-01,2.521107159554958344e-02,1.344915032386779785e-01,-5.964797362685203552e-02,-3.056521713733673096e-01,-1.822889596223831177e-01,-1.583890318870544434e-01,2.139572799205780029e-02,6.916940212249755859e-02,-9.516484290361404419e-02,-3.091652989387512207e-01,2.257206069771200418e-04,7.525954395532608032e-02,-6.480737775564193726e-02,-7.505399733781814575e-02,-1.729273796081542969e-01,-1.234018653631210327e-01,3.896136581897735596e-02,7.487431913614273071e-02,4.267200827598571777e-02,-1.931351125240325928e-01,9.305968880653381348e-02,-3.273103237152099609e-01,-1.011131331324577332e-01,7.771165668964385986e-02,8.587197214365005493e-02,4.006565734744071960e-02,-1.011731252074241638e-01,-4.488692432641983032e-02,1.887520998716354370e-01,7.889574393630027771e-03,5.209779366850852966e-02,1.989865899085998535e-01,-2.071030288934707642e-01,4.734810814261436462e-02,2.578929997980594635e-02,6.817020475864410400e-02,-1.628050580620765686e-02,-9.721704572439193726e-02,9.518571197986602783e-03,1.360827684402465820e-01
1.401551067829132080e-01,1.518550962209701538e-01,-1.014755517244338989e-01,-7.840711623430252075e-02,1.748852431774139404e-01,6.986683607101440430e-02,1.626266241073608398e-01,1.691882461309432983e-01,1.909039765596389771e-01,5.355932191014289856e-02,3.636215254664421082e-02,-1.167850475758314133e-02,2.345113456249237061e-02,8.686816692352294922e-02,-6.202879175543785095e-02,1.308979690074920654e-01,1.324317008256912231e-01,2.549674548208713531e-02,-1.198176890611648560e-01,-1.235030889511108398e-01,-1.185935363173484802e-01,4.712419956922531128e-02,2.119843102991580963e-02,2.293528616428375244e-01,-1.245205476880073547e-01,-7.619465887546539307e-02,-7.915014773607254028e-02,5.007335916161537170e-02,-1.083791628479957581e-01,-1.662433519959449768e-02,2.377324849367141724e-01,-5.999826267361640930e-02,-1.757177114486694336e-01,-9.499876201152801514e-02,-3.560919687151908875e-02,1.337432414293289185e-01,1.275560166686773300e-02,-2.069669067859649658e-01,-4.369193911552429199e-01,6.022622808814048767e-03,-1.780627295374870300e-02,-4.208902642130851746e-02,-3.652019500732421875e-01,2.040863223373889923e-02,1.359275132417678833e-01,-7.144691795110702515e-02,1.044266521930694580e-01,-6.838599801994860172e-04,-1.516189575195312500e-01,-2.787109278142452240e-02,5.894055962562561035e-02,2.279594987630844116e-01,5.523801781237125397e-03,1.360827684402465820e-01
1.371185630559921265e-01,1.316843032836914062e-01,-3.876463742926716805e-03,1.618398469872772694e-03,1.264468431472778320e-01,-2.604402974247932434e-02,5.688436701893806458e-02,7.906144857406616211e-02,2.215803712606430054e-01,1.330271065235137939e-01,-8.283089846372604370e-02,-1.305010318756103516e-01,8.505367487668991089e-02,2.733867987990379333e-02,1.524657662957906723e-02,8.718901127576828003e-02,1.546447128057479858e-01,1.858403533697128296e-01,-6.577451527118682861e-02,4.081499576568603516e-02,-1.771394163370132446e-01,5.096549540758132935e-02,1.032442692667245865e-02,-1.035369262099266052e-01,-1.223039925098419189e-01,-2.482592463493347168e-01,4.297088086605072021e-02,-1.616664603352546692e-02,1.166101768612861633e-01,5.701322481036186218e-02,1.582461595535278320e-02,-1.016882061958312988e-01,-8.486104011535644531e-02,1.443601995706558228e-01,-5.884003825485706329e-03,1.291644126176834106e-01,1.909919641911983490e-02,-8.142643421888351440e-02,2.279900163412094116e-01,-2.902862131595611572e-01,2.220079898834228516e-01,-1.007891669869422913e-01,2.027426362037658691e-01,-4.643779993057250977e-02,-4.129617512226104736e-01,-1.789653152227401733e-01,-1.738377660512924194e-01,-9.630754590034484863e-02,-1.188498586416244507e-01,-1.100216060876846313e-01,-5.830824375152587891e-02,-1.508478075265884399e-01,1.101345196366310120e-01,1.360827684402465820e-01
1.380318254232406616e-01,7.974876463413238525e-02,7.036457210779190063e-02,1.751592755317687988e-01,-5.288783577270805836e-04,-1.858741603791713715e-02,-1.804723404347896576e-03,1.824532449245452881e-02,1.464908421039581299e-01,2.079551219940185547e-01,-6.222926452755928040e-02,-2.321998216211795807e-02,7.941093295812606812e-02,1.942695230245590210e-01,4.615389183163642883e-02,1.571060568094253540e-01,2.896887362003326416e-01,2.166923135519027710e-01,-2.681115642189979553e-02,-3.334061428904533386e-02,1.571241617202758789e-01,2.393116205930709839e-01,-2.896224707365036011e-02,6.202190369367599487e-02,4.604262113571166992e-02,-1.137702818959951401e-02,4.093866050243377686e-02,-1.749415844678878784e-01,1.653091609477996826e-01,1.848193258047103882e-02,1.215196251869201660e-01,-3.295723348855972290e-02,2.917204797267913818e-01,8.830419182777404785e-02,-2.206028252840042114e-01,-1.333668269217014313e-02,-8.270192891359329224e-03,8.797920495271682739e-02,1.110367625951766968e-01,3.894997239112854004e-01,-5.976680293679237366e-02,-3.653138875961303711e-02,5.475584790110588074e-02,-4.543212801218032837e-02,1.191480085253715515e-01,-5.538546014577150345e-03,7.331607490777969360e-02,2.046767324209213257e-01,2.859465777873992920e-01,1.039385125041007996e-01,6.290771067142486572e-02,-1.026780623942613602e-02,-2.632977440953254700e-02,1.360827684402465820e-01
1.468045711517333984e-01,8.357707411050796509e-02,1.721559613943099976e-01,3.964535892009735107e-02,-1.462433636188507080e-01,9.758952260017395020e-02,5.568456277251243591e-02,1.096046529710292816e-02,1.342305243015289307e-01,2.283805310726165771e-01,-1.455152779817581177e-01,4.090234264731407166e-02,1.506257951259613037e-01,-1.390977948904037476e-01,-1.986993476748466492e-02,-1.490831226110458374e-01,-4.997539147734642029e-02,7.174743711948394775e-02,1.861594617366790771e-01,3.121595643460750580e-02,5.585332959890365601e-02,-1.222989037632942200e-01,-2.660521492362022400e-02,-8.263555914163589478e-02,2.812561988830566406e-01,-1.027978807687759399e-01,-1.028855666518211365e-01,-2.606283128261566162e-01,-3.647087514400482178e-02,7.808527350425720215e-02,1.428775787353515625e-01,-6.056524068117141724e-02,2.693011239171028137e-02,5.362233892083168030e-02,1.976110041141510010e-01,-4.758058488368988037e-02,3.510482236742973328e-02,2.757933735847473145e-01,-5.391135439276695251e-02,-3.081676065921783447e-01,6.193078681826591492e-02,3.271161019802093506e-02,7.667145133018493652e-02,2.773079574108123779e-01,2.641651928424835205e-01,-2.048443444073200226e-02,2.057727277278900146e-01,-3.756892308592796326e-02,-1.395653486251831055e-01,2.598692849278450012e-02,8.420546352863311768e-02,1.091989651322364807e-01,-2.118932269513607025e-02,1.360827684402465820e-01
1.457464843988418579e-01,6.708393245935440063e-02,1.153614148497581482e-01,1.286341249942779541e-01,-9.048562496900558472e-02,3.822390362620353699e-02,-1.038805097341537476e-01,1.771940141916275024e-01,1.258558332920074463e-01,3.172685205936431885e-01,-2.240803986787796021e-01,1.077907904982566833e-01,-1.558085381984710693e-01,-8.496121317148208618e-02,-1.094464361667633057e-01,-2.295234613120555878e-02,-2.515099346637725830e-01,-2.047031186521053314e-02,-2.764509618282318115e-02,1.997425407171249390e-01,7.785994559526443481e-02,1.160064712166786194e-01,1.083448976278305054e-01,-5.104431882500648499e-02,1.549554616212844849e-01,6.429364532232284546e-02,-2.269826829433441162e-02,3.950276598334312439e-02,-1.508313715457916260e-01,2.060774266719818115e-01,-1.299813240766525269e-01,5.462376400828361511e-02,-3.268613219261169434e-01,-1.179132759571075439e-01,-4.968959093093872070e-02,-1.125202793627977371e-02,4.545662086457014084e-03,1.890381239354610443e-02,-8.259014226496219635e-03,1.252773553133010864e-01,-6.920769810676574707e-02,3.339267894625663757e-02,-1.309497207403182983e-01,-3.349045217037200928e-01,-1.448184996843338013e-01,1.780371516942977905e-01,-5.524554103612899780e-02,4.127807915210723877e-03,1.044676303863525391e-01,-2.289951145648956299e-01,2.936802245676517487e-02,-2.463775500655174255e-02,-5.427222326397895813e-02,1.360827684402465820e-01
1.478622555732727051e-01,6.518744677305221558e-02,1.827983409166336060e-01,-7.719501107931137085e-02,-8.938210457563400269e-02,-5.372370034456253052e-02,-1.083369329571723938e-01,1.227167695760726929e-01,-7.354906201362609863e-02,2.132208347320556641e-01,-1.566435694694519043e-01,1.678912527859210968e-02,-1.378799825906753540e-01,1.471174061298370361e-01,-8.395926654338836670e-02,-1.487908065319061279e-01,-4.062888026237487793e-02,4.747834801673889160e-02,-9.932792931795120239e-02,-1.864665150642395020e-01,7.294965535402297974e-02,-6.770075857639312744e-02,9.584588557481765747e-02,-4.246082529425621033e-02,2.481281757354736328e-02,4.516505077481269836e-02,6.062560155987739563e-02,4.130540490150451660e-01,-9.292372502386569977e-03,-2.058950364589691162e-01,-8.674897253513336182e-03,-3.656993433833122253e-02,1.064809933304786682e-01,-8.318978548049926758e-02,6.532437354326248169e-02,1.988948285579681396e-01,1.190042048692703247e-01,-4.571182280778884888e-02,-2.262583561241626740e-02,6.528332084417343140e-02,-1.029785573482513428e-01,7.638520002365112305e-02,1.771833598613739014e-01,2.868678979575634003e-02,6.300903856754302979e-02,1.171524822711944580e-02,-1.647789627313613892e-01,-1.649376191198825836e-02,-2.584197521209716797e-01,4.463165104389190674e-01,-4.248066246509552002e-02,-7.332891225814819336e-02,7.783415168523788452e-02,1.360827684402465820e-01
1.483654528856277466e-01,1.503080427646636963e-01,8.818335086107254028e-02,2.336633019149303436e-02,-2.319596940651535988e-03,-1.216372847557067871e-01,-1.878318786621093750e-01,7.144633680582046509e-02,-2.800702862441539764e-02,8.339450508356094360e-02,-4.902492091059684753e-02,-2.270049750804901123e-01,-5.094993487000465393e-02,-1.535896807909011841e-01,-1.865611039102077484e-02,-1.021894365549087524e-01,7.487683743238449097e-02,-1.999901831150054932e-01,-2.955167554318904877e-03,-1.254906132817268372e-02,-1.773171499371528625e-02,-9.770407527685165405e-02,1.966905891895294189e-01,6.204922124743461609e-02,-1.405323296785354614e-01,1.524279713630676270e-01,2.162107676267623901e-01,3.528869152069091797e-02,-2.089537382125854492e-01,-2.097837775945663452e-01,-1.720647662878036499e-01,1.106825694441795349e-01,2.320463806390762329e-01,-2.639018185436725616e-02,-1.061617881059646606e-01,-2.396380603313446045e-01,1.304071098566055298e-01,-6.711100786924362183e-02,-6.961998343467712402e-02,-1.260935366153717041e-01,2.615219652652740479e-01,-7.157741487026214600e-02,-5.706777051091194153e-02,3.437323868274688721e-02,6.737656891345977783e-02,-3.265532851219177246e-01,1.226648837327957153e-01,4.789628833532333374e-02,2.079596370458602905e-01,-1.641850620508193970e-01,-4.370063543319702148e-02,-1.176618132740259171e-02,-1.087539643049240112e-01,1.360827684402465820e-01
1.455739438533782959e-01,1.776750385761260986e-01,1.729987561702728271e-01,-1.176326051354408264e-01,-1.275534033775329590e-01,-2.085165679454803467e-02,-1.521046906709671021e-01,-8.802140504121780396e-02,-1.291943490505218506e-01,5.980994924902915955e-02,1.953498274087905884e-02,-7.231735438108444214e-02,4.790515452623367310e-02,-1.280950754880905151e-01,-2.633144147694110870e-02,-9.081897139549255371e-02,-1.524903625249862671e-01,-1.317847240716218948e-02,2.079388499259948730e-01,-8.258606493473052979e-02,2.466589957475662231e-02,1.172941848635673523e-01,-1.033955216407775879e-01,1.071236282587051392e-02,-2.287143170833587646e-01,2.314133495092391968e-01,-1.237440183758735657e-01,-6.710173934698104858e-02,2.528328597545623779e-01,-1.277591288089752197e-01,2.612263858318328857e-01,2.077251821756362915e-01,-1.407916378229856491e-02,1.264487206935882568e-01,9.207353740930557251e-02,-7.162933796644210815e-02,-2.873778939247131348e-01,-2.077599167823791504e-01,1.291917115449905396e-01,1.292541474103927612e-01,2.057242952287197113e-02,-1.647483110427856445e-01,-1.779468208551406860e-01,7.368378341197967529e-02,-1.789720058441162109e-01,1.447202861309051514e-01,8.947365731000900269e-02,-1.138568446040153503e-01,-9.312345087528228760e-02,-2.977833338081836700e-02,1.346363965421915054e-02,4.812071472406387329e-02,1.681343317031860352e-01,1.360827684402465820e-01
1.499056965112686157e-01,2.941538393497467041e-01,-1.455080695450305939e-02,-4.059183225035667419e-02,7.433365285396575928e-02,-1.116000935435295105e-01,-5.990636348724365234e-02,-1.259952038526535034e-01,-1.462848782539367676e-01,-1.584500372409820557e-01,3.902896493673324585e-02,-9.196843951940536499e-02,6.878054141998291016e-02,-4.658173024654388428e-02,-5.881463177502155304e-03,-1.353508979082107544e-01,-8.728685230016708374e-02,-3.701477125287055969e-02,1.577627062797546387e-01,-2.258184254169464111e-01,-1.257393211126327515e-01,2.955801226198673248e-02,9.685185737907886505e-03,-7.516321539878845215e-02,-1.396181136369705200e-01,-9.203034639358520508e-02,3.084573708474636078e-02,-4.242885485291481018e-02,1.198851689696311951e-01,1.975888162851333618e-01,2.263736538589000702e-02,5.980354920029640198e-02,-8.830101042985916138e-02,-8.346286416053771973e-02,-9.572282433509826660e-02,3.968792855739593506e-01,-1.350261270999908447e-01,2.284728586673736572e-01,-1.434338986873626709e-01,-1.779081858694553375e-02,-1.150372624397277832e-01,1.328724175691604614e-01,1.054182052612304688e-01,-9.309560805559158325e-02,2.142036855220794678e-01,-2.755519747734069824e-02,-1.149912327527999878e-01,-4.580136016011238098e-02,1.912445276975631714e-01,-9.991216659545898438e-02,-1.370933055877685547e-01,-1.899638622999191284e-01,-2.628517746925354004e-01,1.360827684402465820e-01
1.475094407796859741e-01,2.345440387725830078e-01,4.547015950083732605e-02,5.939373280853033066e-03,3.090794198215007782e-02,-1.492732018232345581e-01,-4.114767909049987793e-02,-1.348179876804351807e-01,-5.324048921465873718e-02,-1.875883638858795166e-01,1.552276462316513062e-01,-1.499192565679550171e-01,4.424406215548515320e-02,4.264892777428030968e-04,3.539221361279487610e-02,1.006907150149345398e-01,-1.145499050617218018e-01,2.146888375282287598e-01,1.747230738401412964e-01,1.329062730073928833e-01,-1.429792344570159912e-01,4.671299457550048828e-02,1.861166954040527344e-02,2.119850553572177887e-02,6.120861507952213287e-03,4.095669463276863098e-02,8.949586749076843262e-02,1.318108439445495605e-01,5.291936546564102173e-02,6.665641441941261292e-03,-2.151989489793777466e-01,-2.677850723266601562e-01,6.232670694589614868e-02,-6.117284065112471581e-04,2.444761991500854492e-02,-2.265626192092895508e-01,1.520475149154663086e-01,1.347571760416030884e-01,-2.493368834257125854e-01,1.275801286101341248e-02,-1.342019736766815186e-01,1.589499861001968384e-01,1.223719343543052673e-01,5.736273713409900665e-03,-1.605705022811889648e-01,1.925839036703109741e-01,-3.016730956733226776e-02,1.723681688308715820e-01,-5.952556803822517395e-02,-7.453717291355133057e-02,2.022160589694976807e-01,2.448810189962387085e-01,2.482201308012008667e-01,1.360827684402465820e-01
1.604418903589248657e-01,1.829330176115036011e-01,1.892293691635131836e-01,-1.961066573858261108e-01,-2.011523842811584473e-01,-3.512972965836524963e-02,-1.883460208773612976e-03,-1.003285720944404602e-01,1.158939115703105927e-02,-3.036816418170928955e-01,8.287746459245681763e-02,5.937976017594337463e-02,2.380760997766628861e-04,2.490629553794860840e-01,1.031101793050765991e-01,3.821884468197822571e-02,1.230446249246597290e-01,1.488498449325561523e-01,-1.618797779083251953e-01,3.058726489543914795e-01,6.739830225706100464e-02,-1.743437498807907104e-01,-6.548981368541717529e-02,1.167920045554637909e-02,2.121239304542541504e-01,1.692048087716102600e-02,8.250550180673599243e-02,1.895587146282196045e-02,-2.444331645965576172e-01,5.562438815832138062e-02,6.264798343181610107e-02,6.836832314729690552e-02,5.641239136457443237e-02,5.977671593427658081e-02,-4.287091642618179321e-02,-1.006425619125366211e-01,-3.018077909946441650e-01,-1.079229786992073059e-01,1.308410018682479858e-01,-1.238497123122215271e-01,-1.857963949441909790e-01,3.728917241096496582e-02,-1.649042963981628418e-01,-1.267244964838027954e-01,6.978825479745864868e-02,-1.411302238702774048e-01,-9.241998195648193359e-02,-5.147668719291687012e-02,-9.126229584217071533e-02,-3.797829383984208107e-03,-1.386076491326093674e-02,-1.024402529001235962e-01,-1.047225520014762878e-01,1.360827684402465820e-01
1.555489450693130493e-01,3.178716301918029785e-01,-7.450785487890243530e-02,-1.645568199455738068e-02,-1.811933331191539764e-02,-1.419103145599365234e-01,-9.749928116798400879e-02,-1.033202111721038818e-01,-9.415942430496215820e-02,-2.434565275907516479e-01,3.426816314458847046e-02,3.277280926704406738e-01,-1.028598248958587646e-01,8.941122889518737793e-02,-8.892690390348434448e-02,1.186823621392250061e-01,-3.518645092844963074e-02,-1.564659327268600464e-01,-1.724533885717391968e-01,1.801714859902858734e-02,2.730337679386138916e-01,-5.231931339949369431e-03,-2.865761145949363708e-02,1.282967329025268555e-01,-1.730787754058837891e-02,-1.648928523063659668e-01,-2.882252335548400879e-01,-1.485916525125503540e-01,1.740846596658229828e-02,-3.506452217698097229e-02,-1.578270345926284790e-01,-1.476404909044504166e-02,-1.800138503313064575e-01,-4.928564187139272690e-03,3.077192977070808411e-02,2.779277414083480835e-02,3.081229627132415771e-01,-2.817324595525860786e-03,1.330489367246627808e-01,7.775772362947463989e-02,2.625665962696075439e-01,-8.470819145441055298e-02,7.705873996019363403e-02,1.115716919302940369e-01,-2.731926366686820984e-02,3.089001402258872986e-02,1.282007694244384766e-01,-5.395106226205825806e-02,3.952212631702423096e-02,1.109652444720268250e-01,-4.589653387665748596e-02,3.376210108399391174e-02,5.420754197984933853e-03,1.360827684402465820e-01
