-5.595670525382991090e-02,3.744389800851190553e-01,-7.410260177800796766e-02,5.136372481894461127e-03,2.687219068777029762e-01,-1.524826211296166807e-02,-7.874069429655948527e-02,3.194798388659557120e-01,3.900521179834727514e-02,2.003345997485966312e-01,-2.442117726458253590e-01,7.816948474417478865e-02,-2.831119535844482948e-01,1.561238339417943266e-01,3.659256845541992986e-02,1.016862227355918441e-01,3.835011867544881742e-02,1.930887738449001689e-01,-2.323982189819118888e-02,-2.730191847515001796e-02,-3.208719412395904524e-01,9.191313364198316904e-02,2.783749483941201294e-02,2.075970505454174386e-01,9.264184414605070028e-02,-3.094529814860874292e-02,-1.474517467615233390e-01,-6.317387516375515266e-02,1.033671691878831345e-01,3.783089276644536168e-03,-9.259216435406611434e-02,1.381397434783239973e-02,8.776616426470983112e-02,-1.722201911706622984e-02,-1.459898673867218895e-02,-4.934024063157509826e-02,-5.330569039251281324e-03,9.715406972121429230e-02,-4.964883314975359480e-02,7.587979471666687903e-02,1.706789254793139865e-01,3.151604364879586478e-02,1.698541898437204989e-01,-6.233312944137721356e-02,-1.220347700392287182e-01,-1.612452993171912012e-03,-5.674391670026354001e-02,-7.977536486810150873e-02,3.066051461360177685e-02,5.459022116584308359e-02,1.319490588136436153e-02,7.032116570450716586e-02,-2.667349695879556726e-01,1.556713507938250855e-02
-1.095304550178785863e-01,2.076435822987241220e-01,2.510516308753623499e-02,2.333387325068904117e-01,1.252716395702102026e-01,-7.307494851484211407e-02,-8.601414895591313892e-02,3.124026679335764056e-01,-5.061625041059572561e-02,2.100264381243205636e-01,-3.873537748558424781e-02,1.539548124907261506e-01,1.753323354700910552e-01,-1.762464395111068005e-01,-7.639967756312716907e-02,9.141846618507393218e-02,1.725163591019223952e-01,2.500183547734509230e-03,4.783512596229048258e-02,-7.391092115057040779e-02,2.635645994888369814e-01,-4.050101946031752637e-02,-7.571268874017456074e-02,-1.314888950844902149e-01,1.594969634062298192e-01,8.868991205789868160e-02,1.149703940013670211e-01,2.011701893110119377e-01,-2.189769600031345187e-01,-2.230601396263928379e-02,1.010664676767148856e-01,-1.055233621758218214e-02,-1.325238287502266965e-01,-2.666154698476238746e-02,1.970710529825827062e-01,-5.157037936279470353e-02,6.004382700764363673e-02,-1.758639509140574320e-01,1.952428610728816627e-01,4.024085297353560686e-02,-1.195889968631533157e-01,-7.539166454064043232e-02,-1.813713573267805024e-01,1.625504019832406388e-01,1.457873307572930821e-01,-5.344432520247580087e-02,1.590035608459522756e-02,9.641232122709134100e-02,1.094237535185745014e-01,1.777054544640091840e-02,6.819248304500934166e-02,-8.037900617614904264e-02,-2.587599833779868352e-01,1.954960585904686604e-02
-1.207507856185971590e-01,1.819571776303678112e-01,-5.739352937690123113e-03,2.402579074032863138e-01,6.844994739981830056e-02,-5.512663214458946720e-02,6.158632381537299666e-02,7.685760260314312975e-02,4.477377904077756501e-03,9.944409632644644892e-02,-4.963800445592006505e-02,-1.585415806109896353e-01,9.546456057207401702e-02,5.441897625979136288e-02,-1.284408241302475162e-01,-7.965934579031876128e-02,-5.269701176623822758e-02,-3.214286771413923383e-01,9.485817876010060878e-02,5.735082523056457549e-02,3.098579336476540991e-02,-1.374021670703337028e-01,2.117749892453061333e-01,-9.870453882100367962e-03,-3.917034982516993669e-01,-1.216675926957069137e-01,7.574454148668176290e-02,-1.148902886213582775e-01,6.468165422665179964e-02,9.359994982708561007e-02,-1.196336689152736332e-01,6.085976490469038880e-02,1.328988029223074074e-01,-9.494845199283263870e-02,-3.224234360389907073e-01,1.682457160458990242e-02,5.253198111916945745e-02,-4.319819723038845205e-02,-1.753891588322727957e-01,-9.712928317306376846e-02,-1.333990300722196209e-01,-3.052078497839588733e-02,-1.898690187312970235e-01,-1.214278457139682105e-01,6.049523654625513919e-02,-9.436113868338341648e-03,1.970848281309376115e-01,7.419206526990558201e-03,-1.795321402628899665e-01,-1.227931742318013331e-01,-5.911653300078056200e-02,-2.039594559724305922e-02,-2.507849971680239376e-01,2.353207663871155139e-02
-1.639621781507319409e-01,1.372961537017736433e-01,-5.675260496995845200e-02,2.461789412956314205e-01,1.311311485916008199e-02,-3.465727782684145664e-02,-1.372331181906082456e-02,-1.642841711060739063e-01,1.322142073522636352e-01,-1.215094855138739161e-01,-3.354095960502194440e-02,-2.585090317062535559e-01,2.719519638516550430e-01,-7.139437640133551588e-02,-1.391209598356400561e-02,-2.163013778898095207e-01,1.254323259357855748e-02,-3.982466453754386626e-02,-3.721666988292136186e-02,-3.538123589150937720e-02,3.920763082601562421e-02,-8.802963499391343316e-02,-2.068514127448364548e-01,-7.769930934443025627e-02,7.567470717766668076e-02,-1.001015924268780152e-02,-6.875001195600767556e-02,-1.729863409324106649e-01,-7.329590025792553920e-02,-1.188008471374497332e-01,2.216005094414433274e-01,-1.988756734312075065e-03,4.856967883418484427e-02,5.309387969039945643e-02,4.447726631772550010e-02,2.047253360231266195e-01,-1.504601590894444618e-01,1.917614853910011019e-01,5.086862448751431134e-03,1.903471994107942267e-01,3.874122902835389765e-02,6.199034263029629815e-02,2.856962030081670600e-01,-2.261152906050917927e-02,-5.349394101572633314e-02,1.880224806062386067e-01,-2.372741245201355487e-01,5.041042445224013825e-03,9.492550756424854297e-02,-1.026643180323073418e-01,-2.184218619800081529e-01,9.727316838675122146e-02,-2.428100109580560995e-01,2.751454741837694104e-02
-2.029501298328163228e-01,1.171268874275844252e-01,-5.463909510806482656e-02,1.738780156179111358e-01,-6.750129173187452425e-02,-2.079062722586397585e-02,8.298366093028632096e-02,-1.952642441163701392e-01,7.482092335563862717e-02,-1.696234808069064237e-01,6.272441587198247792e-02,-1.847685541958426214e-01,-5.477341948465227345e-02,3.082711521737125510e-02,1.887803698732616053e-01,1.263195582522823879e-01,-1.959834746165581842e-01,-5.985707819478563313e-02,-1.188187435191105368e-01,-1.302624990835030139e-02,-3.626905683925934348e-02,-1.961079450536140287e-02,-6.295905316546846972e-03,3.412783749091392177e-02,2.045713997477114077e-01,2.167869496643974048e-01,-3.818864003941498109e-03,1.896126018587657724e-01,3.481592803721714202e-01,-7.144966318109706449e-02,-8.564288691895982977e-03,-2.795039679115852715e-01,-1.403017100499750480e-01,1.659365628119813529e-01,-1.373304493732901421e-01,-5.749920344195114108e-02,-7.607946309186930378e-02,1.821435242928626935e-02,8.479269671616948556e-02,-2.323100185242767124e-01,4.302244204422340373e-03,6.481006786506278601e-03,-1.406837914355252572e-01,1.000628448193860154e-01,1.198491163355336732e-03,-1.011419287172689863e-01,3.025649159618117728e-02,8.885273242402977334e-02,-7.447538020732731578e-02,2.475213465653953171e-01,1.830223457935488685e-01,4.874146096807190770e-02,-2.348350247480898156e-01,3.149701819804220926e-02
-1.956717292272920905e-01,4.950768375168772967e-02,8.010251015050330603e-02,7.500134051069991259e-02,2.246609518923622494e-03,7.245159744705786942e-02,3.427748785145106909e-03,-1.590955736852328051e-01,-5.179938428404318184e-05,-3.440299280961746087e-01,9.408395410795376834e-03,-1.228298962382427112e-02,-1.034056365392804211e-01,-1.096882122940577020e-01,4.630618865405893014e-02,7.911219862165167968e-03,-1.239244757400152497e-01,9.527293560749527934e-02,-3.122686198352673734e-02,3.166230644355694790e-01,-2.376327128350281745e-02,3.403722253047734014e-01,-6.224000068450599027e-02,1.507882983901129847e-01,-1.625487420645360115e-01,1.841586387441177253e-01,1.051890449851878712e-01,-4.092652905285541071e-02,-3.115040942902818077e-01,-6.847343995780973136e-02,-1.845375352407021274e-01,8.443312269381378354e-02,-7.032322923268082004e-02,-1.492584027345214004e-01,2.431426388429282492e-01,-1.594354450243451182e-01,7.806057055274111256e-02,-1.572994658646477140e-01,-8.129911657891811250e-02,2.621967138986578197e-02,6.842358377137580661e-02,5.300265967781957882e-02,6.012858039754211126e-02,-6.863445899380828108e-02,2.041488693837301832e-02,3.287209089142145019e-02,1.301468267461284856e-01,-7.771002093479972839e-02,-5.093467332697163008e-02,-4.354209645847011145e-02,-2.624700965878205144e-02,-1.982950674289931103e-01,-2.268600385381267237e-01,3.547948897770785565e-02
-1.388636314276433803e-01,9.236543808140616763e-02,-3.447999439240814062e-02,-6.481843152521324369e-02,-2.371245863297432588e-01,1.046983578289969880e-01,-3.019740672925642216e-02,-1.797678526894821299e-02,-2.626116447864597012e-02,-2.640706103577857844e-01,4.505623419454399259e-02,1.509330867053165492e-01,-1.707839553276945810e-01,-1.400904550178929397e-01,-3.008443523676831641e-02,1.983534784257109940e-01,-1.314045054733120610e-01,2.161567086781158720e-01,1.967988295684545974e-01,-6.737046335862020841e-02,8.973627446028527299e-02,-6.569897270496889707e-02,-7.640229349826152538e-02,-1.908718451252522930e-01,3.179373569085148371e-02,-2.302829864366968959e-01,2.653349632632695868e-02,-2.618312906120293104e-02,1.283370824996687143e-01,2.784499959620913567e-01,6.016414688760265278e-03,3.259411199541800697e-01,1.151671746331309476e-01,1.108980693530590700e-01,5.576867919502787735e-02,1.471195628728029781e-01,-1.175040485943634194e-01,1.048135290501948924e-01,-5.225416420635773523e-02,-5.526338528241923204e-02,-1.826705239139315984e-01,-1.866224984531870967e-01,-4.780091940510303172e-02,-6.624192469654116566e-02,-2.749659453497765600e-03,-1.914262574354298752e-01,-4.481884307943359569e-02,-1.581681239112918969e-01,1.226169424532846802e-01,-7.491347367865451579e-02,5.367153438163244777e-02,5.444031371316424700e-02,-2.188850523281629934e-01,3.946195975737244038e-02
-1.132133001419455554e-01,-8.484829517865663528e-02,9.958620356178587985e-02,-7.892434803090322970e-02,1.329109145996600905e-01,2.110375046896394435e-01,-2.047097127520385723e-02,-7.098614376326776998e-02,-1.032756266505321791e-01,-2.329586428931454400e-01,1.032802937135288840e-01,2.805336721741487627e-01,-2.033360504362094201e-01,-5.668208861767968371e-02,1.863354185788794748e-01,-2.627881909047863340e-02,2.184634052452345820e-01,6.094594003162318030e-02,4.486757990973726240e-02,-1.944297553239004162e-01,2.053803573412904537e-02,-1.616300152432451620e-01,1.862970362719844897e-01,1.000487140688549048e-01,-1.553887001197535866e-01,-5.270003692699529868e-02,-1.070599407024966712e-02,-7.585106656418759419e-02,-9.255726050944841632e-02,-7.798630032353876494e-03,2.114019486360229072e-01,-8.411820007702063007e-02,-6.968769147347081416e-02,1.512732969373803693e-01,-2.499818435943234329e-01,8.004658874301071037e-02,2.328189896661361502e-01,-1.508945364939543177e-01,5.439110737372482990e-04,9.685307714859082984e-02,-4.145207882408853683e-02,1.392604829707131953e-01,8.299266478711406214e-02,1.399933427051531787e-01,-3.393354085066528636e-02,1.683113520461010371e-01,-1.263345229703376205e-01,2.486077816511702565e-01,-1.260474273478181528e-01,-3.058859819196234689e-02,6.097344225412452967e-02,1.777675252915861606e-02,-2.109100661181944059e-01,4.344443053703631735e-02
-1.274166525816179674e-02,9.739591381474127507e-02,1.462566657679006954e-01,-1.905411294487587559e-01,-5.240758986989149659e-02,1.194372580789234833e-01,1.314552348649141930e-02,4.585146124294978837e-02,-2.299518491220493566e-01,3.383023617451445114e-02,2.835446885038224729e-01,2.359977163705559988e-01,1.366274981966191515e-01,-1.241681977583649343e-01,-7.114818774631419263e-02,-1.998764792587827133e-01,-4.937458326992199414e-02,-4.811077025030942311e-02,-6.697386172628978437e-03,7.766318954836270994e-02,-1.432798680618203591e-01,-3.890276554285224814e-02,1.571311627210929818e-01,-2.280959845076947767e-01,-3.042896618460251557e-02,-1.679143731227202008e-01,2.155027586990268806e-01,5.634909073346777014e-02,1.733313697153034960e-01,-9.838620114483095924e-02,-6.761252479431026363e-02,-2.525225628850690240e-01,-9.944117937050890588e-02,-6.621537207777555833e-02,8.818698858137231922e-02,-4.681816018804252355e-02,-2.623448007773756738e-02,2.886904951885697623e-01,4.388268884905737605e-02,3.897982289649033760e-02,3.229627721188403910e-01,1.890491528503129848e-02,3.109228191042107473e-02,4.827069380689606032e-02,5.650947938122825170e-02,6.923806802804499672e-02,1.541956533559949993e-01,-1.662427047988686013e-01,6.890081561055408366e-02,6.049153199354882771e-02,-1.251289543613278155e-01,-3.907055328223976200e-03,-2.029350799082294543e-01,4.742690131670147108e-02
-5.894942891341109492e-02,-6.083895414741365137e-02,1.456778594554115902e-01,-1.518083112049480876e-01,-8.748254301595388693e-02,1.238191698462320772e-01,1.628010869448426046e-01,6.223083926278600436e-02,-1.121067749173980527e-01,1.890236590601024336e-02,1.881477896381570092e-01,-2.792872180534148804e-02,2.970153005479991837e-01,2.168143177604164584e-01,-4.495082154783606315e-02,-2.543788039045628488e-02,3.140762414039325878e-01,2.198799588533330851e-01,1.071921829808065822e-02,-1.725549215339717678e-03,9.801515122815200945e-03,1.832194415951336475e-01,-1.393936854505387068e-01,5.349837363740617829e-02,4.621941988441376908e-02,-9.750070265199130282e-02,-1.758136928736818150e-01,-1.636092287423041303e-01,1.624450222888529707e-02,-1.890124646065789171e-01,-2.620959557439910340e-02,1.132527765847185508e-02,2.091891685288687908e-01,-1.677157133928152410e-01,-9.005773017105251146e-03,-1.323500498272009718e-01,-2.378239138932042585e-01,-8.727533215600756858e-03,4.905060690331233819e-02,-1.480161303404159134e-01,-2.098686004851068598e-01,-9.212580723444421804e-02,-9.481464330357042281e-02,-7.529142552241900599e-02,-1.600283478955789040e-01,4.728861730254157320e-02,3.057423170590582023e-02,1.468921744663769235e-01,-1.733274542442439226e-01,1.374524774534990890e-01,1.398135808314333317e-01,2.585602728892683055e-02,-1.949600936982646138e-01,5.140937209636640276e-02
-8.831005226151840415e-02,-1.098103144083311944e-01,1.055758374471310185e-01,-1.422389782825990989e-01,-1.871354318279875584e-01,1.514503984866288622e-01,2.717405951690785582e-01,2.181026858647968150e-02,-6.573090369902799546e-02,-3.270967723166522123e-02,-6.115111945036934282e-02,-1.945663950744956905e-01,4.840593375782836078e-02,2.481775567022555806e-01,-1.601989294060977287e-01,1.479607890525828917e-01,1.650985620489542616e-01,-2.077985082832414232e-01,-1.839480083775953123e-01,-2.402047891246756328e-01,-2.974261950671872046e-02,3.072720319106441930e-02,2.287330672955294186e-01,-2.830742752945382412e-02,1.584913333445941985e-01,2.474336642315345947e-01,-1.289797834233541787e-02,6.041722739505862166e-02,7.534290089967160542e-02,2.512035389637601868e-01,-1.038193861767369441e-01,1.080041623636479875e-01,-4.407094702113782680e-02,-4.433412644030809702e-02,7.534880331313222046e-02,-4.583172823521752121e-02,2.076178546759684385e-01,-8.016279405056972451e-02,8.659451202991223784e-02,8.712435279203976923e-02,6.685665360613275710e-02,-2.269589699887124973e-02,5.286245029554136055e-02,-5.788601964055278826e-02,-6.503101705326022608e-02,1.664764966956198966e-02,-9.494997822346490368e-02,-3.242362753105110934e-02,2.229800201085478106e-01,-1.635368320346604620e-01,-1.870995562976248971e-01,-8.339184431095177097e-02,-1.869851074882991071e-01,5.539184287603204915e-02
-3.410544420669613455e-03,-6.006971771860274319e-03,4.539006795425716556e-02,-1.512705428421096954e-01,-1.985646965053824292e-02,3.654338042170913320e-02,4.949483008274425250e-02,-1.356769590723580221e-01,-4.112825060915793751e-02,1.343192177652476615e-01,-8.995188708773646513e-02,1.509140948134784499e-01,-1.821145874762054515e-02,3.364326594223366884e-01,-3.733882106985416185e-03,-2.198223230291519725e-01,-4.601642653189762927e-02,-4.539736714141302115e-02,-9.038035500955550472e-02,8.659386627824734728e-02,5.743148032402218411e-02,-2.254834744612972675e-01,-2.153453686397804601e-01,-1.451370623945032745e-01,-1.862511531573794454e-01,1.091706127749998145e-01,-3.480617486181543097e-01,2.752035238685128782e-01,-1.636882374518960556e-02,-1.196473860731082223e-02,5.594182940198803161e-02,1.323514707823146841e-01,3.308539104837882831e-03,5.742305496204373749e-02,1.423824653240372273e-01,6.818511905948990148e-02,7.445625726736571949e-03,-1.369401872388321950e-01,-1.422198423031559578e-01,-1.000511015626145972e-02,-6.760769662895651372e-03,1.401708170174015278e-01,1.523141131583922447e-01,5.973130452232715271e-02,3.124498030238940238e-01,-1.419398072496267649e-01,3.555246926140581687e-02,-1.719539172021120610e-01,-1.147127546446110591e-01,1.251434128377338639e-01,6.485306598009436818e-02,4.127830461188689709e-02,-1.790101212783337115e-01,5.937431365569682123e-02
8.511117283170777092e-03,2.585974237289680178e-02,-1.777296848319570577e-01,-1.574702545731910264e-01,-6.170042524904854886e-02,-7.081987582987432639e-02,1.330296557378272404e-01,-2.395752299396352591e-01,1.842250727993731407e-01,2.100981526730200111e-01,2.733753892187460593e-02,8.762532492998109657e-02,-2.272733850161374677e-02,7.109305750953906489e-02,4.326079715477708365e-02,-1.223703599651180807e-01,-1.827861469820083462e-01,1.906214406731304017e-02,-1.424399490017762282e-01,-2.794643880533350527e-02,2.962722845841598771e-02,1.417412426215089727e-01,1.815129095177239055e-02,4.277987363580609825e-02,1.411070539298626319e-03,-2.232889301200406962e-01,-4.625208451369262203e-02,7.367419330444368968e-03,-2.112413799709312312e-01,1.014742518659857290e-01,1.623995729981378422e-01,-1.380664651424422518e-01,-4.295694580533333112e-02,-1.180086124551582155e-01,-1.016904585653800597e-01,-1.117934217637212985e-01,-1.102945008844252034e-01,9.274566093519634458e-03,8.604363643182467991e-02,1.845225905067144345e-01,8.150550818083408811e-02,1.518578515001284268e-01,-2.712562776784515073e-01,7.431483134896188503e-02,-1.713525422779282603e-01,-2.537607601681459157e-01,-3.399363534893553446e-02,4.436390794786718161e-02,1.194873787101425472e-01,-3.650076756581758786e-01,1.966299662585767882e-01,-3.061074765727090849e-02,-1.710351350683677329e-01,6.335678443536102433e-02
-1.101227577269543317e-01,-2.517956014179011381e-01,-1.066871365496724483e-01,-4.430844530020443955e-02,-7.844860772222713233e-03,-1.600145255937853242e-02,1.181308165207694688e-01,-1.462754018284511126e-01,1.498949990394655984e-01,2.475877070933016622e-01,-4.841332904923665442e-02,2.492901022723202631e-02,-1.550913340585356459e-01,5.731336648488195157e-02,-4.304005053088728189e-02,7.408136134980083595e-04,-3.977342123953598457e-02,-6.026065757408503865e-02,-5.347295746742104783e-02,5.217717020499289954e-02,1.555668617899646500e-01,-8.951240200425389371e-02,-7.998063954279298338e-02,1.151679491465169708e-01,2.618820986788467087e-01,-1.497448133233676426e-01,2.067140456027610484e-01,-1.276081312320151706e-01,-2.029768779705007353e-01,1.329438916412162795e-02,2.914824771025191497e-02,1.636245388044919591e-01,-2.347334361062181421e-03,1.437540122882840499e-01,-2.231906377622273202e-02,-5.709275374498697792e-02,1.864593142039962514e-01,1.302698898807540806e-01,3.695840948364711998e-02,1.537915648985112987e-02,8.500467281403328856e-02,-2.242401348200056266e-01,5.284195137700169881e-02,-6.191083252970187162e-02,8.205977937298119043e-03,2.531554838607002478e-01,3.642440235105529611e-01,-1.262267987343158177e-02,-6.071996450515691063e-02,2.527223792193744600e-01,1.991167387844025236e-02,1.964420051709702408e-01,-1.630601488584009773e-01,6.733925521502609479e-02
-4.367710717349412852e-02,-1.870793614308069452e-01,1.199137594445454230e-01,-1.495885805386948375e-01,2.236991038556290778e-01,-6.553663321649225160e-02,-1.007720916842816811e-01,-1.284524947609026746e-01,5.058046833335341774e-02,1.541710542160374675e-01,1.317651905003489055e-01,-1.242062415490489125e-01,-1.243692564991469851e-01,3.394870030235573599e-02,-2.783266308921228949e-01,8.250530813554521337e-02,-1.865637613908110448e-01,2.083364862245558682e-02,1.106413885743607051e-01,1.768208933182872367e-01,8.497323337091482187e-02,-8.793130549799371698e-02,2.781868193497854039e-02,1.105106412817032924e-01,5.463570578864725136e-02,-2.077899904279162935e-01,-1.932352128856405175e-03,1.202812432500249412e-01,5.025405586651439382e-02,-2.079832048207627959e-01,-2.267169774535683358e-01,-1.515019629289351411e-01,-6.580530390996081232e-03,-8.807476320626020372e-02,-9.397554342883404415e-04,1.702366638906419039e-01,9.186424230157479165e-02,-9.082045306099181814e-02,-9.185523368032763591e-02,-3.700704298714024149e-02,-1.509192778968233839e-01,-1.506992851778992670e-01,2.558504611134444079e-02,2.708214037158586732e-02,-1.395808687765754622e-03,3.390622049162986262e-02,-4.129600347459577714e-01,6.577094786924131409e-02,1.963275081182901671e-01,5.849712164214097149e-02,-3.366745723984217870e-02,-1.954155287747115222e-01,-1.550851626484385237e-01,7.132172599469212282e-02
7.515499857772796333e-02,2.824544321585743464e-02,-2.151219606633481551e-01,-2.119662924082187372e-01,-1.683075038048364447e-01,3.073412715786896093e-02,-2.889886566518115041e-01,-1.276642360381522179e-01,-1.006847806598867943e-03,2.123691920084370410e-01,-7.017748677998060514e-02,5.391654922164645231e-02,4.722634138312659102e-02,-5.415313164418775194e-03,-1.016975044632491276e-01,-2.210103342607043844e-02,-9.806844150453687681e-02,9.131808146956063577e-02,1.792689778593126171e-01,-8.356281011129316344e-03,-1.872696876439459146e-01,5.466054615870254846e-02,1.750620476866760755e-01,1.094850332276154081e-01,2.117948154318051793e-02,2.329101630727370142e-01,-2.651073764833422261e-02,-1.008846452300061758e-01,2.498512442362311754e-03,1.819403235475637245e-02,7.805297148824993925e-02,-4.337218713907531331e-02,-1.757137051400637362e-01,1.002202376803236483e-01,1.848473844781249320e-01,2.360906779578477444e-01,-9.195333070240518936e-02,-4.158860615428265628e-02,1.748465554745323725e-01,-2.743712696317953670e-01,-1.936084234521682212e-01,7.391650792734084929e-02,-6.619043961553923439e-02,-8.823191538193025929e-02,5.329255189689936778e-02,1.518485817029132934e-01,1.160249500912626519e-01,1.373178227230705262e-01,-1.663383817291116951e-01,-1.639432288457442211e-01,-2.430923074414864382e-01,-7.956302261994152233e-03,-1.471101764384714905e-01,7.530419677435620796e-02
-3.489162102005141652e-02,-2.878741079005410763e-01,3.267749153683290747e-02,8.950365721816795628e-03,-1.657333043722121479e-02,-2.009797962634084570e-02,-1.104295294204742928e-01,-1.930204974319284228e-02,4.252078614814112922e-02,1.421833977660743598e-01,-1.547058836658638803e-01,1.605761014840965603e-02,1.590415335665676944e-01,-1.922330273734089157e-01,6.638731383362689309e-02,1.120293880915079754e-01,1.553518705225210295e-01,-3.887925637082171714e-03,8.947527034655188005e-02,2.749924631233301442e-01,9.701144845276352124e-02,8.094132804183603799e-03,1.907069278227555842e-01,4.445643793118778109e-03,4.340199537876698183e-02,1.581721132256114215e-02,1.292858765778760188e-01,6.894603429328353961e-02,9.012596216389882897e-02,4.908552592125561137e-02,-7.049715246279750517e-04,1.703341067599241365e-01,1.158736123879224034e-01,1.101867050007268589e-01,1.819444219765264589e-02,-2.880366455071625698e-01,-1.213212160645149862e-01,-3.437984558019326065e-02,-1.590425927825541985e-01,-1.799897528705705074e-01,2.367966715193909888e-01,2.606328805081375433e-01,4.035277979077028093e-02,7.970010314640169069e-02,-5.059685681858393236e-02,-1.506543200906539925e-01,-2.928095120804357632e-01,1.161830340305230677e-02,-1.210984800191812760e-01,-6.002306563999160183e-02,-7.548358136840083166e-02,2.878358373769436818e-01,-1.391351902285073994e-01,7.928666755402261068e-02
-6.042654913703988072e-03,-2.094460702132469043e-01,-1.285227327318620438e-01,-7.561621426535466983e-02,-1.292333738988471203e-01,-2.371633103375500595e-02,-2.435998657356976960e-01,-3.208837394100187007e-02,8.222551801303405739e-02,7.217945218169166677e-02,-1.730376972504399646e-01,3.947974239114284550e-02,1.003977847279878266e-01,-1.831738106733998561e-01,-4.094713924227510321e-02,3.389203681671477258e-02,3.921956644467771563e-02,-3.815508795085015975e-02,4.626268573114340754e-02,-1.752009334971823817e-01,-9.181843450133770831e-03,-2.868555946162331186e-02,-6.516117549086303251e-02,-2.887305161514864410e-02,-3.407633145292827126e-01,3.078190587253115118e-01,-1.721508897247217909e-02,-9.859697442991392780e-02,9.849338639101001824e-02,-5.156734004113076690e-03,4.215461413378538552e-02,-4.543962673277655157e-02,1.042849753986605926e-01,-2.259939488201209712e-01,-2.030379444303487269e-02,8.326355995544168498e-02,9.765575354343896536e-03,4.734759567381097850e-02,-1.398449380676286269e-01,2.718704410066944549e-02,1.577729377410185263e-01,-1.307315041751086482e-01,7.080340188577499694e-02,1.098093886575597922e-01,-2.238079464163115206e-01,-8.864713461409310259e-04,1.176173843998534474e-01,4.868063797612994653e-02,2.974142116473789677e-01,2.268593687034826389e-01,3.073714743929279458e-01,-1.137944648217140420e-01,-1.311602040185404494e-01,8.326913833368637663e-02
-2.170288324186381637e-02,-2.698547722056701681e-01,1.068116079480158492e-01,-5.592295995324439439e-02,1.202723505078028415e-01,-1.183254672815497593e-01,-2.828847319433546725e-01,-1.042330439485070030e-02,1.369788232046877108e-01,-9.164924871092114747e-03,-1.183838972193815287e-02,-9.675118461318223118e-02,3.879301471914904653e-02,-1.046725638503293032e-01,1.250565934426601244e-01,1.930690422259179889e-02,7.904264858588905263e-02,2.178340837677046962e-02,5.714803772447525632e-02,-2.598713867764930185e-01,7.926849959802181877e-02,8.129219872531176505e-02,-1.385837103934563497e-01,1.151661963261162991e-01,4.676398710973925926e-02,-1.037360503086338370e-01,-8.940638465277779556e-02,1.963566125728520833e-03,2.415618740010597731e-01,1.311705719580269491e-01,2.163477231092316225e-02,-1.216217076846933115e-01,-3.295441434154376681e-02,-2.906566853418178498e-02,-7.309879891476026015e-02,-2.283127801118163269e-01,-2.577435316806111695e-02,3.520778836056821098e-02,1.215786265321979615e-01,2.385332921613675383e-01,-7.362696012572814142e-02,-2.431933364103040784e-02,6.403821458537567457e-02,-8.523783634001412535e-02,2.027746057969297411e-01,-9.733048611941755301e-02,1.301905105691137932e-01,-2.783728831631959721e-01,-2.677512046946534663e-01,-6.435132853525488139e-02,-1.669243195583124673e-01,-2.983107604206086672e-01,-1.231852178085772326e-01,8.725160911335154423e-02
9.297369901806314119e-02,-2.388175444960818211e-02,4.628777317464862276e-03,-2.083965253817773866e-01,3.295156576844091717e-02,-8.168910409722368593e-02,-2.425847914873429934e-01,1.110761750106375595e-01,1.764271458859064876e-02,-8.297078175176582360e-02,4.122413585213395570e-02,-2.160177692262035820e-01,-1.901805147848390776e-01,-1.932349029503156734e-01,1.231200651560320214e-01,-1.893867933034570072e-01,6.818833942255633773e-02,-2.037403401911576095e-01,-2.052775435612227695e-01,1.751289241889409862e-02,-1.435558958005859753e-01,1.421734782155930910e-01,-6.707060343600061703e-02,-3.611230674001266738e-01,6.315122205531624108e-04,-4.304455678134186392e-02,-1.057130664763785144e-01,-1.316528920617271725e-01,-7.770645437108503195e-02,9.848844531822383702e-03,-1.036329611583291649e-01,-7.031385303309921342e-02,3.346169761944817102e-03,3.834034324323276188e-03,1.044022928820723291e-02,-3.763849228990868989e-02,1.179173727023048041e-01,-2.395398460337729296e-01,1.124372196334077756e-01,-1.004483123854776026e-02,-8.547573242971967522e-02,-9.170648303010502100e-02,-1.508005631896231213e-01,-2.047007087583046225e-01,5.919417698278670037e-02,1.913631776898193360e-02,-1.077345331472311790e-01,-1.688779475044488096e-02,6.004756776771043997e-02,6.185761184301229176e-02,6.714146559786164647e-02,3.941269428719167411e-01,-1.152102315986096442e-01,9.123407989301721144e-02
1.261249489843375704e-01,-1.394611494858965725e-02,-8.891482706422609850e-02,-1.787349373310281042e-01,-1.784293393643750503e-01,-8.388377367747523738e-02,5.092341710469620863e-03,2.323456922005652792e-01,-1.337115099441542887e-01,-6.081523418455071772e-02,-1.318681179554559157e-01,-1.912965687685421190e-01,-1.672768602416977723e-01,-3.506242629793746013e-02,1.252586670825110993e-01,-9.359195207829312801e-02,8.588191791828578281e-02,-1.495266087180813219e-01,-1.564408773577150025e-01,-7.606486395568071157e-02,1.087881483155176132e-01,2.990654871147569935e-02,-8.075917016908151780e-02,8.568832680599214324e-02,-6.652936667707386176e-02,-1.192318329750298445e-01,1.216336488287300122e-01,-8.830921293155014409e-03,-9.543715262154200962e-02,-2.319800754406338705e-01,-2.022411349345409060e-01,2.373444262429006968e-01,-2.841372534746299319e-02,2.479497595938424948e-01,-4.525650251570431659e-02,9.783369114861149851e-02,-1.771454088549232753e-01,2.544765465130989779e-01,4.830842793362811333e-02,-6.102045152971288106e-02,7.818307681203587323e-02,1.639078877365248987e-01,-5.354932646795815265e-02,1.159948643174961991e-01,1.420875203830663791e-01,-5.948904364358713337e-02,-5.062158996207214573e-02,2.182150417853460922e-01,9.310583288095987051e-03,3.218928441024598852e-02,1.518489370608231380e-02,-3.453665348202697993e-01,-1.072352453886459001e-01,9.521655067268203210e-02
9.514621257571753699e-02,-7.383956356361368045e-02,-4.548541760249099480e-02,-1.786937816102874832e-01,-1.495231579105148548e-02,-1.397372699905755078e-01,6.059843559977372979e-02,2.847614220127801521e-01,-9.919099060388877898e-02,-1.159283618792742721e-01,4.991763337302451697e-02,-1.188059665466193876e-01,-3.290185212625079680e-02,4.681660979410349512e-03,2.722391326141810897e-01,-8.905613109440191355e-02,-1.024459123936640320e-01,1.252132830064909552e-01,7.461315764077175450e-02,2.253888875368638411e-02,1.962204190830725004e-01,-1.203841160510489283e-01,-1.353618223769628010e-02,1.064007535639987234e-01,1.591228983037323019e-01,2.123734432070232547e-01,7.820474849043648757e-02,2.350036820196463039e-01,-1.022861498089219501e-01,-1.380048506750153059e-01,8.385967933702477561e-02,-1.055467866841940938e-01,1.395713146213762024e-01,-2.200161773842174151e-01,-1.100138337478768213e-01,1.775702745132852201e-01,1.280027321169182608e-01,6.355027980900888884e-02,-2.150481133727893679e-01,-3.083897051306098633e-02,-1.424585761447488830e-01,5.026707969992999514e-02,-4.995336178073844086e-02,4.591225572138322303e-02,-2.458990844050489011e-01,-5.167850038848731398e-02,1.574888115955833390e-01,-2.047471074097940158e-01,-4.989674529056296534e-03,-1.332621907233461911e-01,-2.166024782385482517e-01,1.606335979280310022e-01,-9.926025917867953297e-02,9.919902145234631152e-02
2.188643888606545962e-01,-9.628387392419583343e-03,1.156945175590767816e-01,-1.345235331966703474e-01,1.420996406146128599e-01,-1.754825483222766103e-01,1.255226892861932286e-01,1.813134352338056920e-01,9.435295900705838179e-02,-4.761475956505174106e-02,7.672850646101841976e-02,-1.131570748820751732e-02,2.434652524519042571e-01,-1.292351115291575335e-02,4.891452383328891845e-02,8.456335361902271586e-02,-2.629357882352199582e-01,1.132660192433513069e-01,4.615161589128143754e-02,1.436401992301173380e-01,5.129577799516722020e-02,7.504057231092592373e-02,2.515088084600708429e-01,-2.182021265593732107e-01,5.624024069447147028e-02,1.495796665583439822e-01,-1.420881654275698014e-01,-6.452953919347306777e-02,-2.044250735378839723e-01,2.158882701344313482e-01,1.768068166293614712e-02,1.902084459295093691e-02,-1.700586771651210749e-01,1.783408404680159876e-01,-2.647951426306136002e-01,-2.777037526269176063e-02,-1.274785544244808888e-01,4.627746775690083636e-02,-3.016899060555497739e-02,2.889214470222766992e-02,-1.565816144883003594e-02,-1.042641882800162123e-01,3.325927692773556488e-01,-1.107747410140715455e-01,5.255990897401184581e-02,7.439386103321370645e-03,3.776984161799572248e-02,1.305873147024318448e-01,-7.646233087622356962e-04,7.418991293670362808e-02,1.534925323454053303e-01,-1.254433357047049502e-01,-9.128527296871362384e-02,1.031814922320118677e-01
1.637570072276546551e-01,-4.595066983332669885e-02,-5.407993149277257050e-02,-5.297851502341770213e-02,3.166169209856613959e-02,-2.099929251507474948e-01,4.078053491651751905e-01,3.428072647653906263e-02,7.420828774077643797e-02,-6.194900731108436698e-02,-1.078814178971686105e-01,7.223394972052865626e-02,2.456000360892975909e-01,-1.731487583463793833e-01,8.698556268672290315e-02,1.200626867573687251e-01,-7.648388333636235714e-02,1.871090657472459671e-03,5.741109754796910186e-02,-2.080994143438464339e-01,-2.795116934236729911e-01,-6.390797719046630541e-03,-2.130371975298440135e-01,1.349732737418364859e-01,-1.284803963497534729e-01,-2.417133345257705401e-01,7.935498532537170469e-02,-1.237038398110164999e-02,3.968656190544501278e-02,-1.161083447564896162e-02,-7.984140970218826794e-02,-8.425306140845842395e-02,2.662746581949923877e-02,1.471608372473257875e-01,1.022646562140322318e-01,8.993027173490250603e-03,4.718195414491797163e-02,-3.365095165796680443e-01,-1.537803731480746373e-02,-2.196286702213042785e-01,-1.334736874282183364e-02,5.903170492750301618e-02,6.469426914043213683e-02,1.435669792191783811e-01,6.325003853224987760e-02,1.713548404833490635e-01,2.728862504118232876e-02,-1.506144801230479835e-01,1.327550629305661867e-01,-4.050002795640544884e-02,-3.381765739860090325e-02,3.915890097914987572e-02,-8.331028675874749267e-02,1.071639630116767716e-01
1.404041848942729209e-01,-1.033673700017792296e-01,5.453250183030478732e-02,-2.176908179645679897e-02,2.236094699074382686e-01,-1.569524090274411754e-01,2.571029887341276243e-01,5.979909254992904488e-02,-9.749187378755963529e-02,-3.498018255564626366e-02,1.548641931406380401e-01,4.946604281020103300e-02,-1.080440736873126417e-01,-1.263263256815664280e-02,1.279942771386370637e-02,1.530552382480606100e-01,-9.440178237885558932e-02,-2.127007399115278807e-01,6.299195984680429350e-02,3.149460936161485591e-02,-6.846065398818043657e-02,-1.170922841851441965e-01,-1.214342226696658172e-01,1.634374131533977703e-01,-1.812168189675240626e-01,2.078592825469860739e-01,7.663874237052997751e-02,-1.576305794966097185e-01,5.263144131060755460e-02,1.312723180859320105e-01,1.849544398028912517e-01,2.265942777591161209e-02,-3.847103476009682780e-03,-8.944140332053220066e-02,3.480265453701664180e-01,9.145057560839060795e-02,-9.844500450040431783e-02,1.955294345158414548e-01,1.046144272931395086e-01,1.859096921785960144e-01,6.625943725670131734e-02,-1.161418715023372628e-01,-1.854520121356230955e-01,-1.035377595648013377e-01,7.034162747981072966e-03,-1.462852519147189445e-01,-1.939814027984319289e-01,1.423653173648974368e-01,-2.381573895040924316e-01,8.199373345572684435e-02,-1.550437682796845275e-02,1.133878453757831278e-01,-7.533530054878284643e-02,1.111464337913415923e-01
3.044594636958972700e-01,4.270398687617423666e-02,-2.892502432030405468e-01,-4.742197853719496564e-02,3.165417799509236407e-01,8.245545121237829456e-02,-8.911660206077851032e-03,-1.697418116113231790e-01,5.456000121742970999e-02,-2.435618985409924164e-01,-4.612169369413556680e-02,-1.007415472714958127e-01,4.674845912470499548e-02,9.941576495999195073e-02,-5.800441511531941041e-02,1.639574800922769249e-01,1.521237237711513812e-01,-1.229173391553174720e-03,1.601077176911697986e-01,5.440400785112379373e-02,-4.807352763993551215e-02,-1.210374912479339343e-01,6.446327032871408680e-02,-2.425334268850103947e-01,1.453564551216926792e-01,-5.730709825769220167e-02,-1.567924123826047039e-02,5.884922970248209623e-02,9.243012165083991372e-02,-1.858802768080577705e-01,1.277804249208544518e-01,2.753818130800540498e-01,-1.514628859926615001e-01,-1.778279356218514518e-01,-1.513790391416005091e-02,-6.292934960660977184e-02,1.472352026402964573e-02,-1.020299274798717147e-02,-2.879603338022310513e-02,3.310184536471540151e-02,1.100259132812180934e-01,1.560843248550293771e-01,-2.502001928099519823e-01,-7.282458858392504286e-02,-3.311999548676344829e-02,1.916285185984803741e-01,6.708232812778419651e-02,-1.157066231606081602e-01,5.600315713822480099e-03,3.658303273775319331e-02,9.007949220885591579e-02,-1.499308459175897057e-01,-6.736031433881783936e-02,1.151289045710061770e-01
1.628578119189484918e-01,-1.265803494301676324e-01,-3.275518610631852900e-01,2.254567204732995378e-01,5.952744845295423332e-02,1.418949692916756516e-02,1.428190269339495166e-01,-1.329555389535425902e-01,-3.274343685691809280e-02,7.648463590798142142e-02,1.256759489834264609e-01,1.642551868983817831e-01,-8.758188336773244098e-02,-1.502945795403411999e-01,8.400338640157917203e-02,6.506234995607211580e-02,2.376975343804768603e-01,-6.474590155626814073e-03,-2.532248345807775469e-01,2.100346683604601972e-01,-1.448143128843325522e-01,3.737255816290788873e-02,1.393527559390742576e-01,-5.959180530101251122e-02,-4.255087382465137097e-02,7.108888051027223431e-02,-9.355888869574827127e-02,1.433484762450270254e-02,9.773713844743353585e-02,-1.410297549250870419e-01,-1.189324920803356694e-01,3.422136219064170898e-02,7.669163933952717616e-02,-3.774083432819461126e-02,-3.871191200047202630e-02,-3.215632411047340822e-02,7.607514721409177304e-03,1.448884126049780341e-01,7.588648432579388203e-02,8.287290798735391650e-02,-3.648579744570252803e-01,-1.791175015942697846e-01,2.254366604631247439e-01,1.817852094585791223e-01,8.685611120288640186e-02,-1.694047084715002149e-01,8.866872428602198819e-02,1.592498355961772345e-03,1.010336923449305785e-01,-1.187730559855458556e-01,-1.264182714588193146e-01,6.517645479329819622e-03,-5.938532812885226331e-02,1.191113753506702899e-01
1.282319884965361922e-01,-1.318873658585716091e-01,-1.473780604272500183e-01,2.060269214936678306e-01,-5.499248850426294299e-02,-1.519614049975792809e-02,4.224294967003139334e-02,1.491709964327189719e-01,-4.077102673460878540e-02,-6.466851719324762104e-03,9.770361679140376898e-02,1.162105891576473982e-01,-1.562135118714624293e-01,9.699443756321831853e-03,-3.081757871989548869e-01,1.581320837270080160e-01,7.699109350188380885e-02,1.036327814746563492e-01,-1.670802005347704899e-01,4.618327935025423603e-02,2.555314497159689724e-01,2.603693358653336731e-01,-2.831798727291137685e-01,-1.255840709829495472e-01,-1.135139673410805738e-01,1.219155242972986240e-02,-1.294383759496967601e-01,1.100917195939272869e-01,1.190391415132212027e-01,9.171019946556606406e-02,3.690836276857745180e-02,-2.491320424018398094e-01,-3.450060708774069923e-02,1.467364356495310662e-01,-7.615851804240673928e-02,1.032732751763140305e-01,7.345494531053160803e-02,5.993172226176924494e-02,-1.684399506291185677e-01,-1.121240451583898484e-01,1.995739039266920256e-01,9.111224845850719734e-02,-3.956062676202087847e-02,-2.084900855875565784e-01,-3.351900065388206673e-02,2.226325711369823712e-01,7.525709255896136964e-03,6.393920176481453221e-02,-8.443709730924610357e-02,-1.937830804526775585e-01,-3.785373998824568403e-02,4.420963306918546977e-03,-5.141034191888649296e-02,1.230938461303353326e-01
1.260561288136259617e-01,-1.220503656774430123e-01,-4.481099109974492900e-02,1.779633404780351091e-01,-6.690621323652426455e-02,-5.016145434371666045e-02,-8.161926694987506684e-03,6.467718083922366357e-02,-6.930877511253985546e-02,-1.388467307314942001e-01,1.824428696028208494e-02,-7.412214803919074668e-02,-8.636933835404711490e-02,7.089783000820407653e-03,-4.748684520677741161e-01,-1.517330528026278047e-01,-2.160207018656866429e-02,1.466460878579972371e-01,-5.013546965497189811e-02,-1.203371499384842808e-01,-1.091167515802555499e-01,-5.898052037590123531e-02,6.782320136683403500e-02,5.961016743529627682e-02,1.182207203920070671e-01,-4.650309190438251666e-02,2.743948427994371553e-01,-5.458645385526719046e-02,-4.125787525243277548e-02,2.529851856357442225e-02,1.242530135720064897e-02,-4.308296909246931566e-02,-1.344407120428591819e-02,-1.100122330429798290e-01,-5.206034404926265791e-02,9.412064631294232708e-02,-7.194662529334881762e-02,-1.797941675472523593e-01,1.008246021526909009e-01,9.771533539981000493e-02,-9.558237157098831149e-02,3.642039573992024715e-01,2.072000167068615006e-01,-5.622329170955203681e-02,-9.633366255561484062e-04,-3.178134660767988340e-01,9.255849046270589464e-02,-2.016648372262410879e-02,-7.532333679347096023e-02,2.211009583479722207e-01,1.179248070966057715e-01,1.049007096469465050e-01,-4.343535570892144426e-02,1.270763169100023182e-01
2.361916735951365975e-01,3.154964679200606553e-02,-1.138989433020672895e-03,8.791227434726035794e-02,1.354165347870011915e-01,-5.760939210944443500e-02,-1.602282338892674907e-01,-6.303361035266273615e-02,-8.197775916728457235e-02,-2.073221155611241484e-01,1.355345524399846624e-02,-5.936199716792407710e-02,4.556473278874881641e-03,1.603492518907267128e-01,-1.143379504670402474e-01,-4.205354249305785497e-01,1.217199073518347718e-01,1.759504214802160849e-01,-7.531976043836219326e-02,5.357324784518587707e-02,-3.721758787069928904e-04,-9.715282479302429774e-02,2.799287426124216077e-02,2.435172168887619892e-01,1.423030169775539241e-02,6.384442151454437775e-02,7.154560194127500272e-02,4.244441995724018701e-02,4.729193645152292291e-03,3.497900932845601218e-01,-7.015802901892336657e-03,-2.656095858149147559e-02,6.503621123047539920e-02,1.767221889933228707e-01,4.035559441512975160e-02,-1.731773628110468422e-01,-1.287296235661097854e-01,-1.821475995243439922e-02,-8.912966173270261971e-02,-9.914867944674157774e-02,7.480104669494684611e-02,-3.262881050657098769e-01,-1.778573562117614637e-01,2.348826776004720729e-01,2.716673604551626472e-02,9.986135593888414985e-02,-2.018671428248544272e-02,-7.189767653750671122e-04,1.550556736678335989e-01,-4.377139645657899397e-02,-1.605487152590829095e-02,-1.034111565571373906e-03,-3.546036949895556289e-02,1.310587876896646686e-01
1.425298665670524101e-01,4.307287859821036513e-02,-1.537968873677539872e-01,2.220233831214402931e-01,-2.811785432150843977e-01,-1.368892366890435974e-01,-7.822310070845718555e-02,1.968993109891393339e-02,-1.047232972566135012e-01,-6.833569643445538966e-02,5.387305678676168608e-02,3.158108421003413269e-01,1.525065824298025563e-01,4.145365560104970898e-02,1.359466824464662382e-01,-2.024295326151527297e-01,-9.345967522848512565e-02,-2.183249217795364960e-01,1.371079581059791719e-01,-4.283271370199141781e-02,1.157144236158486883e-01,4.895993205191067482e-02,2.412053524486132763e-02,1.945847111193670931e-01,1.890311727242728612e-01,-1.309159931816253619e-01,-2.402795913965199981e-01,-6.006597687413495895e-02,8.776084734362743500e-02,1.242734619819114289e-02,-2.300466758954610169e-01,1.370258794893119692e-01,-2.640165405941157228e-01,-1.453717639080484569e-01,1.072440690552637320e-02,-2.940351357680338548e-02,2.024405647331719293e-01,-6.403262826452375822e-02,-5.341244955205361883e-02,5.894492096067738968e-02,5.184297442818835283e-02,-4.956074970134085461e-02,3.026196511177634690e-02,-1.133228990393304741e-01,-1.714624954635486087e-01,-1.881190719082161122e-02,-1.841532976179026115e-01,4.394015752174294798e-02,-6.875699900019290045e-02,1.438662486496323500e-01,-1.459688338496402740e-02,3.840752722803209007e-03,-2.748538328898945254e-02,1.350412584693305440e-01
2.513762881897693702e-02,-1.801657649943685657e-01,3.109271130660408791e-02,2.307532730494097351e-01,-1.332777231658310024e-01,-1.214536045533567976e-02,-9.457334292726514435e-02,9.755235519290025858e-02,-9.994669739310613199e-02,-9.617710963925034384e-02,-3.370901008390894248e-03,3.639090747053395913e-02,-5.803148029722236118e-02,2.514875396112581929e-01,9.613260449526343787e-02,1.006905264225232133e-01,-4.141079779283038387e-02,-2.057261587407853143e-01,2.649188703769446152e-01,1.150249427376779515e-01,-1.538017824295935879e-02,9.610740638670105251e-02,2.257733667237379893e-01,9.420427489404735455e-02,1.657952539119476182e-02,-4.476393034689498535e-02,-1.233978920141820118e-01,-9.763751480994439791e-03,-1.418520785084763092e-01,-1.240868284605240318e-01,1.593021461198577127e-01,-1.746871499936935579e-01,3.483340501706249648e-01,1.184402266048206198e-01,5.120656762788918653e-02,4.780949130493683530e-02,-6.857631549459150544e-02,3.402341920982147883e-02,2.790685319517222651e-01,-2.174410003861823181e-04,4.665186890273985421e-02,5.567989668689824617e-02,-2.280447336535145267e-02,-7.533723848587581262e-02,1.900462439743115239e-01,1.132989529337104784e-01,2.284612338658800323e-03,-2.471515040689447607e-01,2.306818047922924719e-01,-4.291544928507846912e-02,2.081079191657511374e-01,-3.802116224944227223e-03,-1.951039707902560080e-02,1.390237292489971133e-01
1.012628520085092493e-01,-4.502946775462757234e-03,1.524464969155906457e-01,5.947248117229156361e-02,-1.632526599137447965e-01,-1.038947346507482078e-01,-1.764472136963235460e-01,-8.777572262963816499e-03,2.522500205234723403e-02,-1.002978519415844011e-01,-1.918593260059720806e-01,8.744959954754996656e-02,6.296790616905305338e-02,3.222163867470748122e-01,-5.497053897163634711e-02,2.088223937270597130e-01,-1.439021496308370840e-01,3.194704487555950767e-02,-7.958078401583211503e-03,4.962164210712673162e-02,-1.686503364763728419e-01,1.446498877704355951e-02,-9.369921744985283685e-02,-3.056200985337095832e-01,1.304631510406045573e-02,-4.507093765026172483e-02,9.834172243913454070e-02,-1.678869165721981194e-01,-3.964872237279315481e-02,-1.940654048357808303e-01,3.637932534196434975e-02,-9.373554489590522898e-02,1.085669668227998014e-01,1.816639458931434692e-01,1.476209382204249831e-03,-8.704504537169874268e-02,1.786578317847228592e-01,-5.425207099765749774e-02,-9.663076040715794235e-02,2.088839006890044481e-01,4.037429340968423999e-03,-1.322736144969452465e-01,-1.121662879728689832e-01,2.935598304875000064e-01,-1.544280594808804530e-01,-1.505744575898065596e-01,4.684189323179994285e-02,1.593610864557246376e-01,-1.479099549053001783e-01,6.575691254319112472e-03,-2.558633200406546515e-01,-3.792073399159243824e-02,-1.153541086905880003e-02,1.430062000286589363e-01
8.682881727351630941e-02,5.060056004464021095e-02,2.993478770427661084e-01,6.917766815332571095e-02,-1.405061710396378616e-01,-1.470464583114730883e-01,-1.836405338262334097e-01,-1.399906072018849978e-01,-6.952297730137808884e-02,6.378219964485895566e-02,-5.558520364843656109e-03,1.068624496354698555e-01,3.256941819714764125e-02,7.918012192767763524e-02,1.440350241476446580e-01,1.903209423817868451e-01,8.231845339069371326e-02,8.358656777115221898e-03,-1.410648435821606206e-01,1.113488228098854227e-01,-2.164438213013232803e-01,-2.710183011705006306e-01,-2.753467864360403805e-01,2.750291287449981720e-02,1.129821212819581144e-01,6.466624248470756453e-02,2.225769920756980325e-01,4.486221368558321321e-02,-5.017369475017258162e-02,1.616883111692496156e-01,-1.557356403028327951e-01,2.934200028202589225e-02,-3.239936039018051495e-02,-2.485735918353494944e-01,-1.696772386877240801e-01,1.024072555315863435e-02,-6.569834703299124758e-03,1.515527316378654510e-01,1.760882758103873152e-02,-3.228976663656767110e-02,-1.121356505756396504e-01,1.515259608270326797e-01,4.196875349745337463e-02,-1.294560072757348634e-01,1.141520726994522533e-01,2.142427411754772304e-01,-3.120361261001076622e-02,8.181578719777214681e-02,4.985835073267453482e-02,-2.263583357175442123e-01,2.128860865957032944e-01,1.856434256696721380e-02,-3.560424659094089169e-03,1.469886708083263660e-01
2.145322290907295260e-01,1.876281163407378105e-01,1.185296810521937610e-01,2.396049035984132783e-02,6.919984084475584718e-02,8.597638120719924837e-02,-1.202521942918402809e-01,-2.309810924834453105e-01,-2.454390119124293806e-02,6.732609503479482227e-02,2.694597288214038017e-02,4.060696176244817795e-02,-1.198539438563322665e-02,1.323547185905039059e-01,1.734102777079452873e-01,1.489977860917194585e-01,5.018954803599469383e-02,-1.273522899445448386e-01,-7.961302421423013809e-02,-2.094446209526098501e-01,1.532080545031379859e-01,2.788486903308388110e-01,5.389130436553175862e-02,7.342278301133467466e-02,-1.173666848537361362e-01,-1.102144230198205815e-01,2.654846427914138718e-01,2.600259645240505790e-01,-2.252244501550880462e-02,-8.575552779519271529e-02,1.349663050615400872e-01,6.447664428303447048e-02,9.167307123792094170e-03,-7.010800426297801591e-02,-6.465541911251118656e-02,1.426374057463337952e-01,-2.669855775001464537e-01,-1.943041502303421153e-01,-5.524102601642422172e-02,-2.934407271501307882e-02,9.691359621462720952e-02,-1.990317126584713048e-01,1.811009643613827880e-01,-1.983459778662695627e-01,-3.738600231216320305e-03,-1.041306449757424674e-01,4.989604517582899024e-02,7.792311802821888511e-02,8.126677235130512489e-02,1.062118646131126748e-01,-1.860207305062695493e-01,1.251407916484533200e-01,4.414561550871783958e-03,1.509711415879926855e-01
1.809111926405555237e-01,1.360303606447749725e-01,1.652482799860805762e-01,1.392281458155283924e-01,6.166525548243791816e-02,-1.373192312084815271e-02,7.035160486289627861e-04,-2.186995500245815238e-01,-5.405777861178373556e-02,1.796834315041656305e-01,1.675667268756430434e-02,-1.493786117359638121e-01,2.335850270880278357e-02,-1.080044439593769029e-01,1.490550334137337729e-01,-8.189292871447087160e-03,1.355293347698770245e-02,1.648450120693161214e-01,-1.476013287908274907e-01,-1.712963823258364382e-01,1.758157992410543380e-01,-8.539438898961747293e-02,2.546636124618594788e-01,-1.036758873203935116e-01,-2.130933797027162804e-03,-4.770564055508384055e-02,-2.858512917105124340e-02,-5.975471686160561957e-02,-2.269119569254601787e-03,1.532174769689327413e-02,-1.846870980235425230e-01,-6.529670012039966165e-02,2.030434805568343548e-01,2.021575422855463877e-01,4.007885398617103689e-01,1.138415826580416040e-01,1.892179735205948288e-01,6.120701045862819711e-02,-7.064710356480709275e-02,-4.952729619027918667e-03,-4.521869855837798435e-02,1.103610139072984664e-01,1.957701820130508703e-03,-9.144891738661191372e-02,-2.395871429538536657e-01,1.351354520259024673e-02,4.331080543273543859e-02,-1.054538023411371456e-01,-1.783186711830991866e-01,-2.089533243404854274e-02,2.386501216488212951e-01,-1.172427670424569524e-01,1.238954776083633913e-02,1.549536123676562571e-01
9.893426632930303610e-02,9.773668066776070029e-02,1.275075941666643509e-01,1.021404819498884647e-01,-7.915418048934202977e-02,7.202874256303192814e-03,3.514094618284485660e-02,-7.657678274936990936e-02,-1.195786268901127408e-01,2.348486951261836708e-01,1.943039466551503280e-01,-2.711817403914993374e-01,-8.561093542461088723e-02,-4.026235509500229043e-02,9.595273173490735663e-02,2.894285469990629661e-02,3.539553029130423738e-03,1.266620719447147103e-01,1.295814049974210180e-01,5.591519263648236232e-02,-4.463303537012056760e-02,2.566216983239244520e-01,-7.944585376945972888e-02,-4.831246080244433472e-03,-6.375849989880048863e-02,-6.503775233131373068e-02,-1.007921983421313228e-01,-1.360357796484636395e-01,-4.159555326737927189e-03,2.281100402339412969e-01,2.774764729126243945e-01,1.246879334637705367e-01,-5.060639464342934352e-02,-1.359873593193625940e-01,-9.940417462789495617e-02,1.588873480977938228e-03,3.037498430830298246e-01,1.199248890336661877e-01,-1.638011665149795293e-02,-1.452259268714907736e-01,-1.416669624021180997e-02,2.061490002468109317e-01,-5.655010419853238185e-02,2.579498471555533023e-01,1.349975789730209763e-01,-3.263604603572133056e-02,-3.566714134386565066e-02,-1.080441532496172370e-02,1.625926980959754020e-01,2.740007771742251630e-01,-1.664438908334512079e-01,-4.933994679849064424e-02,2.036453397080299071e-02,1.589360831473219937e-01
1.028964562545632011e-01,8.421611299281202279e-02,1.307608360497857225e-01,5.203139040112385316e-02,-2.560155961852361717e-01,-4.472983167637020405e-03,1.054492008074339460e-01,-1.147598775425018661e-02,-1.211954294746228067e-01,5.703529690072943470e-02,-1.127181011411629574e-01,-2.575420147961345330e-01,-2.176748575243641626e-01,-1.108628503153499811e-01,-1.309817786358015712e-01,6.599808158382169943e-02,-3.144371482627832809e-02,1.686415300851026589e-01,1.678347573852939090e-01,-1.012603920063956248e-01,8.248218076138580379e-02,-1.976781903732570955e-01,6.525483693497180493e-02,5.063671345523828443e-02,-1.934311043053986712e-01,-1.428144342604830037e-02,-1.545867912599478977e-01,2.721905612468923652e-02,-2.443920277757266959e-02,-2.918381797451803927e-01,6.018668352608787242e-02,-1.625598633416972666e-02,-3.225253448496436248e-01,-7.704507435697484363e-02,-9.130961812116780013e-04,-3.320410384734135967e-01,-6.682519126872384085e-02,1.443667033698924941e-02,7.141098854141754437e-02,4.190166405404273375e-02,5.948846465174254666e-02,-2.279431092251461566e-01,1.244654911227849881e-01,3.762604354073911112e-02,3.346429764986849631e-02,5.861052035650411718e-02,1.713854501964264974e-03,-3.597156508613796183e-02,-4.827468377224781310e-02,-2.067597705967514632e-01,8.186761538657208459e-02,2.153453501123397118e-01,2.833952018076816085e-02,1.629185539269840943e-01
1.219522932867312531e-02,-6.233274460347434237e-02,1.640715209457370982e-01,1.255714535334343240e-01,-1.348588376381144038e-01,9.395062819331814752e-02,2.330442693019254552e-01,-6.886589850949795255e-02,-1.318263425474601631e-02,9.058466727567338062e-02,-2.691645654731350534e-01,9.555732516036941071e-02,-1.704818436928489667e-01,-3.327090560539986419e-01,1.662832938602911911e-02,-1.272833533623680680e-01,-1.584197547656027855e-02,7.959186256337180687e-02,-7.895987398021999185e-03,4.710345177031483727e-02,-1.584090824295620592e-01,-8.360670605724335180e-02,7.310030206059937863e-02,-1.010180282536586593e-01,1.989070797459163986e-01,4.781541423057020235e-02,-1.829736381716588201e-01,1.148917587192254952e-01,-8.554006148651298325e-02,5.133230097019100824e-02,1.218518062305775848e-02,-4.579341419374254041e-02,2.013777437946701609e-01,-1.282804724556032006e-01,-1.500025423768791277e-01,1.277945663814006871e-01,-2.486021899760580411e-01,-1.556972264065812350e-01,-3.008304222736730288e-02,1.173734024375348572e-01,1.220205024221982792e-01,-7.982033058570062178e-02,-2.398828532676105241e-01,-1.036586821252910989e-01,2.695670015911932546e-02,1.186478975507369721e-01,-3.302499793099279018e-02,5.752112617417035056e-02,-9.025928983923443838e-02,1.791417170824433358e-01,-2.079965718063875868e-01,-2.153321700701337216e-01,3.631450639073328240e-02,1.669010247066513575e-01
5.887397056481055713e-02,-6.787362636133220661e-02,3.942784982354685108e-01,4.046893711891968309e-02,2.354306838628145160e-01,2.050494447381205620e-01,8.486154405950123436e-02,4.382914070849214423e-03,6.895800513287282663e-02,-4.137981836850177474e-03,-2.674554177440192082e-01,1.541754992233614341e-01,-2.542011818344258513e-03,-9.259809670852488239e-02,-1.240974279086297927e-01,-2.756323562621081358e-01,-9.644585217546555733e-02,-1.737177253197920712e-01,8.724893442897757589e-02,1.408492966746646702e-02,-1.903229019518182241e-02,2.614380860563407238e-01,-1.324316285321059106e-01,2.570895830285415892e-02,8.861806315751524776e-02,1.115195112196712274e-01,1.988173512391505637e-02,2.163405469398668561e-03,2.054132641145428595e-01,-1.609267908760920462e-01,8.663291331991397615e-02,1.755970844318305857e-01,-1.131104881317269578e-01,1.270191744870084738e-01,-7.922888871857122761e-02,7.050023469840921431e-02,1.106501960755154335e-01,1.669487275348849609e-01,8.389903393573577839e-02,-1.230570468182098781e-01,-1.753991499111375585e-01,9.909882596174585459e-03,-3.043256486262461633e-02,5.745336674539713341e-03,-1.545035234105389399e-01,-9.279663469040634605e-02,7.388691762816362862e-02,-4.071075171322181829e-02,8.590657808781509974e-02,-1.904892279450011994e-01,1.369357485632683447e-01,4.523716062566682239e-02,4.428949260069925398e-02,1.708834954863147904e-01
1.915895427702298259e-01,1.953432970679868097e-01,-1.471026893118283496e-01,-1.536634513920573097e-01,4.793169671891751860e-02,5.426866998667191355e-01,-2.017721181596003610e-02,-1.194538908721033341e-02,-1.890976862988629284e-02,-5.840827337004025899e-02,-1.361287791588219054e-01,-8.505147856596163847e-02,9.568789694297562265e-02,-1.137644645617441330e-01,-4.419408011585679308e-02,1.393959896646645158e-01,-6.270566959491834236e-02,-2.147212043769481105e-01,1.462585987690458722e-01,9.446314732650867851e-02,1.665375069197454205e-01,-1.074820608379556119e-01,-2.170188114556938497e-01,1.061910095244874008e-01,7.948389649659048928e-02,-3.676778679338271738e-02,-7.101297136987731740e-02,-4.099664927905032757e-02,-1.269825809626182744e-01,1.943317836567922952e-01,-1.990798167520618778e-01,-2.952612548476283849e-01,1.554132143100747931e-01,-2.957145200884465225e-02,-2.121843933113100669e-02,-9.396637954011362315e-02,3.437281169273291581e-02,5.070747111542275865e-02,7.186887313938573885e-02,3.539487952071276172e-02,-2.691274900681139837e-02,5.479204717800286589e-02,1.236210226201481105e-01,1.045194165005630255e-01,3.114212774399626252e-02,-9.360373062166503499e-02,3.718169524304375945e-02,9.791836474467890961e-02,-5.417863597003942655e-02,3.337988668652826924e-02,-1.908889613991166315e-02,6.680680301755856365e-02,5.226447881066399737e-02,1.748659662659812764e-01
-6.606687726400510552e-02,-1.612081857475847757e-01,-1.356437421354943496e-01,1.479430422176199744e-01,1.541680818466019572e-02,3.650083205309428425e-01,4.060010003416576058e-02,1.858957537325049147e-01,-3.685552936368163834e-02,2.070994300744411487e-01,5.857299014957195737e-02,-9.631013224675448459e-02,8.016769243491443653e-02,1.588686057371303528e-01,3.028709073173651012e-01,-1.003307941152040972e-01,-6.686935755473646936e-02,2.472570663735842444e-01,-1.612275804026200299e-02,1.461367360475822053e-01,-1.705345503593537135e-02,-1.643798676223177657e-01,-1.346099125597945700e-01,-5.269629165570953455e-02,-8.841467283424563062e-02,5.337244940638104229e-02,2.335173669249900885e-01,-2.307125772991806822e-01,1.199222214843039674e-01,-4.055521943059912232e-02,-2.455189676977373101e-02,6.858434791047125431e-03,-1.971275000509603026e-01,1.009111505759895805e-01,-5.668687874838852087e-02,9.303315568641702671e-02,5.332126385686157891e-03,-2.487609142232713177e-01,8.276136731627786736e-02,4.394999113876710967e-02,1.186355258656579398e-01,-9.390819451319067090e-02,-4.614346840295128344e-02,-2.033852794510501993e-01,-5.713307924525430105e-03,-1.356019466316808753e-01,-9.152102526642243163e-02,-9.834209156194674561e-02,9.183769718386657066e-02,-7.178083147538391606e-02,1.352177093163889517e-02,-1.263404939256666804e-01,6.023946502062961506e-02,1.788484370456465133e-01
-9.483639447014641233e-02,-1.644226351450094048e-01,-9.601795345499590517e-02,1.198841479926589931e-01,1.434831156384511891e-02,2.605403370015640374e-01,-3.318443552859902390e-02,1.539096109520895206e-01,1.129756278501642536e-01,4.427890662225699575e-02,2.926102359362702313e-02,-1.935239060325653904e-02,7.501494308305198255e-02,8.724354767925149301e-02,4.176981046113339285e-02,-4.575974318771830127e-03,-2.311012029179798921e-01,4.154837209269038323e-02,-3.963297420992967224e-02,-2.828077332827208523e-01,-1.394096512007167998e-01,1.962603899744509439e-01,1.165667299792384481e-01,-4.675140048920681940e-02,-7.020122233590479766e-02,-4.680287363468877380e-03,8.695215193122600439e-02,1.864269036967146631e-01,-1.042476536409783494e-01,3.193749430339413997e-02,-1.349981762276254993e-01,4.450234161148299700e-02,-1.020220110319489809e-01,-5.704950073789175069e-02,9.557317641473442316e-02,-5.350910849719676954e-02,-1.384741322234471217e-01,1.961300437587201739e-01,-2.904678596511827138e-01,1.999328399723277472e-01,-2.385435084942084116e-01,6.442645655061388088e-02,-1.404188863337952065e-01,1.556599837251737561e-01,1.608976761292364166e-01,2.728859980031208554e-01,-1.500021978059834504e-01,-2.055235439268865080e-02,-8.947293914615424282e-02,8.039488344041223478e-02,8.137653465493867311e-02,1.814461334535207027e-01,6.821445123059372007e-02,1.828309078253085307e-01
-9.218511076084258404e-02,-6.562691689668882777e-02,-5.929763374666525977e-02,9.209534376770570074e-02,3.605322072883117290e-02,1.025621820811203205e-01,-1.188773340380295113e-01,1.741022988450824094e-01,1.624825855538278574e-01,-4.608269159878095045e-02,1.929349325984075214e-01,-1.788090588952629539e-02,-4.146066875488032405e-02,-1.492425568212451398e-02,-2.867737687415241807e-02,-4.629327237306465892e-02,-1.771329894931083504e-01,-1.050668528101924570e-01,-1.668845961726009852e-01,-1.005764937160714689e-01,-1.967450627839809896e-01,-1.567973400199008660e-01,-2.805102961173907075e-02,-8.500136085624851456e-02,-3.216937278758061347e-02,-1.225638377739451529e-01,-5.669649812824825025e-02,2.282446353081205581e-01,-1.540038474644677413e-01,2.644913657928324793e-02,1.886958915999172870e-01,1.561387893139267735e-01,1.472467469789933148e-01,-1.548762936013285685e-01,7.239714138224673246e-02,-1.416806008596026289e-01,8.503153934218067589e-02,3.131695473561985077e-02,2.126801629009384964e-01,-4.127324506943005344e-01,1.139326826023037836e-01,-1.162379295038298982e-01,1.953053809968096632e-01,2.978538917304550393e-02,-2.224685433208157814e-01,-1.468169944097412125e-02,-5.978022572462840523e-02,6.581105049745025748e-02,-1.981085459840407903e-01,-7.173289320532169611e-02,-2.753141919460632900e-02,-1.953684673822827511e-01,7.618943744056069778e-02,1.868133786049761269e-01
-4.787032511008706276e-02,3.216592830515095647e-02,1.525958195118362337e-01,-4.989383141433554117e-03,5.335966534677434592e-02,2.558896496367814993e-02,-1.416289629662214333e-01,4.386832335198560806e-02,1.955126801593531360e-01,-5.764248313873319984e-02,2.544510341833660649e-01,5.441298344327138298e-02,1.663143448732829210e-01,-9.788730922860494621e-02,-1.069233058417129179e-01,1.707321616165383971e-01,-9.226086724168157394e-02,1.146991278730045971e-01,-2.076736172225524812e-01,-3.737162594943792184e-03,4.089607367571079788e-02,-1.785804076321678979e-01,2.819114927727885481e-02,2.472687106006337399e-01,-1.434102086065180970e-01,4.988818700553200591e-02,-2.858943442241387300e-01,2.726956777757511344e-02,-1.435151276206272572e-02,-1.196349017386419966e-01,-1.679886142201486576e-01,2.181136837439999476e-01,2.345964894056336986e-02,1.645289453300916582e-01,-8.675814016668204065e-02,3.791762013963361627e-02,-2.156671183489114810e-02,-1.015244649818388030e-02,1.784121593814695372e-01,1.386758299955304918e-01,1.021399524041961132e-01,1.760142427526099895e-01,-2.452583861566778045e-01,-4.318600670975909772e-02,-3.860911867805310455e-02,-3.472228086792542717e-02,1.952913914981381782e-01,1.868441925871464418e-02,2.240757646418983784e-01,7.214877535025623900e-02,-2.017501101121612350e-01,1.839284716719963853e-01,8.416442365052621832e-02,1.907958493846407255e-01
-4.131758857548618186e-02,1.368197792935202661e-01,3.160373486979151797e-02,-1.211894966413406688e-01,-2.009011370005476249e-01,3.891189462663360854e-02,-1.956775724658172191e-02,1.432737319021948896e-01,2.799384104973051679e-01,-4.198183307056937985e-02,1.268086817095195051e-01,-1.222205080850045228e-01,1.019963830472913058e-01,-1.096518913885129870e-01,-5.737679432798044321e-02,2.025614990502856705e-02,1.863138574159890759e-01,-6.652592847596901227e-02,-5.774764960705444650e-02,2.039423987441651986e-01,-1.247922401593040270e-01,6.118763697257355305e-02,1.025302819309052565e-01,2.010242503953896809e-01,1.696145507261040686e-01,-9.406712104737975644e-02,-2.438722074313452465e-03,3.803558813217352425e-02,1.567224053512962789e-01,-5.234546157755412543e-02,2.089775876897893292e-01,2.778916858830823150e-02,1.123665150923049139e-02,-1.286768239155757637e-02,9.932864058759105497e-02,2.750217761822090212e-01,1.413120957191204285e-01,-1.156713250786566144e-01,-2.650716241579718080e-01,1.523029000990760440e-01,1.330913614030923009e-01,-1.664242037211535741e-01,3.051158082043406092e-02,8.820673502206974326e-02,2.410974537065559420e-01,-6.563544076357913371e-02,8.274674208221911853e-02,6.970958438408017543e-02,-1.558818435858581042e-01,-1.527345585600364541e-01,2.556438939316764136e-01,-1.569749885927040553e-02,9.213940986049067028e-02,1.947783201643049078e-01
-4.530880812206657116e-02,1.034006605679358148e-01,1.011392407239583568e-01,-5.491205721352647451e-02,-1.259786144529456697e-01,-4.319828305452341061e-02,6.005657329016773210e-02,1.406406804114982700e-01,4.091595165857798699e-01,-4.629806534255068162e-02,-4.190432919812469431e-02,1.040829790540189481e-01,-2.003755207619180301e-01,1.042587220477389914e-01,4.785988537605782162e-02,-1.641875568589109061e-02,2.099624740933489220e-01,-1.426834324536145893e-01,-3.615664048448181261e-02,1.922180449174214767e-01,1.514402480077235436e-01,-1.260263501218558402e-01,7.896083726433837657e-02,-3.913933655396002742e-02,-1.138988550412148859e-01,-8.304726562059056016e-02,5.937201272005065283e-02,-1.059937812641543048e-01,6.435370526637289312e-02,1.014676179916388365e-01,1.103743697547852898e-01,-1.845945520923700511e-01,-2.166890140703543466e-01,-9.359150893720228140e-03,1.861210972244540240e-01,-1.181823984714151787e-01,-2.102458280633117127e-01,-4.629865641612094553e-03,-6.500315375306801868e-02,-5.790975329622891077e-02,-2.780528638448223067e-01,1.650250971572427283e-01,3.580960526277535139e-02,-1.837529278081120182e-02,-2.195342790667635380e-01,1.072591727168405312e-01,1.134705140725244220e-02,-1.001553398530461575e-01,1.387736474771291695e-01,1.880574922970791873e-01,-1.242477709045614193e-01,-1.072834142313622979e-01,1.001143960704566904e-01,1.987607909439703113e-01
-3.932225505541379201e-02,1.477517422274640946e-01,-5.578255747415995086e-02,-6.716831055294641972e-02,3.683166268358482442e-03,-7.918300009444893817e-02,1.108773768113032188e-01,-9.462682392141824606e-02,3.204267327874948390e-01,-8.056124197916532392e-02,-2.370662824403669752e-02,1.997250982731354485e-01,1.698845872388947409e-02,5.816905965021760411e-02,-6.034190947086672668e-02,-6.199089007956530561e-02,1.304261030138398891e-01,1.556823049870328379e-01,4.186221560529499591e-02,-2.263575381707504108e-01,1.169168715376206341e-01,1.024311504202980554e-02,6.506012783042505743e-02,-5.412311197247837019e-02,1.182802232981434434e-03,2.161412105791016558e-01,1.166521962767832349e-01,-1.987875608463368637e-01,-1.574570352658664629e-01,-1.582273754097799356e-01,-1.286137970239716322e-01,-1.012095546350261499e-01,1.007383054650340531e-01,-9.844323527724567480e-02,-1.312691645683198571e-01,-1.752960792463895134e-02,1.758641177736486871e-01,1.936904899964535243e-01,1.949959227420960603e-02,-2.537909529426625732e-01,1.174225958908855783e-01,-7.812015195007188106e-02,-7.965154941570251612e-02,-1.058421916459528350e-01,3.315286614635343798e-01,-1.703958151773515839e-01,-2.544100296138780415e-01,-1.406304299741083230e-01,-4.641901147304652864e-02,3.058510246136173644e-02,-5.849226368973715895e-02,2.237703558311817525e-02,1.080893822804217530e-01,2.027432617236366863e-01
-1.366098374044383834e-01,3.978646858808142228e-02,-3.046905392058175260e-02,-1.812975050859434029e-02,1.009735048543588115e-01,-1.460372923030200387e-01,7.118409137134039388e-02,-2.883390944521567294e-03,8.482750567308522394e-02,4.093212918935228151e-02,1.825948198800771971e-01,9.849139198610967760e-03,-2.045189142986366393e-01,9.078508116582338638e-02,7.621436127017787443e-02,-1.468071077275782121e-01,-9.287256585128034203e-02,1.156464241893050658e-02,2.684653928789357824e-01,-7.873916763366402283e-02,1.770672034812956763e-01,5.980178922314334511e-02,-3.160757832555861901e-02,-1.972262197001153627e-01,8.775708858124856016e-02,1.078193629375766294e-01,3.195172934262410780e-02,-8.588881417170983468e-02,2.745094642623229775e-01,2.543343857721228757e-02,-2.246272433580380201e-01,1.122136218216403802e-01,2.170005097738687549e-01,-1.398475512140199550e-01,8.489657230235472807e-02,-3.600928015115050645e-02,-1.267997298558561359e-01,-2.007220310688068721e-01,1.072550961964238297e-01,8.138619630740177857e-02,1.211987550622108667e-01,1.266424375526029322e-01,1.503075546499753612e-01,2.048624006923073504e-01,7.645439599175705980e-02,1.519685622657953039e-01,1.666394422928949848e-01,3.165866986256232751e-01,4.290627884913147255e-02,-1.827639458746103951e-01,-7.807264058609121420e-03,5.092625375302986535e-02,1.160643684903878148e-01,2.067257325032989534e-01
-1.501102985907494247e-01,1.502317747182962127e-01,-1.291571407728395737e-01,-1.203824760123611420e-01,-7.269940941166312676e-02,-1.412223104674859564e-01,4.880330063604886026e-02,-9.069019360461194612e-02,-1.979013875872458889e-02,8.421236213760524558e-02,8.961443530228083154e-02,-6.221416772491603769e-02,3.923922126155877932e-02,-5.622544024685481243e-03,-8.365425747673908841e-02,-4.871012376405586819e-02,2.148839047016131154e-01,-1.237270310503429775e-02,2.534337258069254695e-01,1.179079431440278325e-01,-1.234492016969238742e-01,1.232685787435233299e-01,-1.101227507421430052e-01,-3.455983743564214339e-02,-1.745516979149122072e-01,1.154800997683617103e-01,1.408476704194013274e-01,3.389860240234789934e-01,-7.395975043304421626e-02,8.445587898634246415e-02,-1.247556991523095654e-01,5.990507940084840999e-02,1.619096345501689141e-02,2.477085530313178630e-01,-1.947485222142982808e-01,6.496486859148652149e-02,5.992230464325842831e-02,8.330352264594768907e-03,2.564374439430765484e-01,2.316989880617274233e-01,-2.866066232968924460e-02,-4.688721744882093367e-02,1.456976811991617625e-02,2.840873825512423012e-02,-2.750044790896936653e-01,7.532142686914343466e-02,-1.402604177507402183e-01,-2.032521092445020716e-01,-1.860199603083112774e-01,9.606354005485857883e-02,6.874583356161857728e-02,-1.302066029054976641e-02,1.240393547003534602e-01,2.107082032829669660e-01
-2.561692146103802248e-01,-6.500621367686518215e-02,-7.613691708209624487e-02,8.314125275711332572e-03,1.084238390189476431e-01,-9.032673168646737638e-02,1.491704423379850916e-02,-7.332029922966191993e-02,-1.477622951737838364e-01,-1.589920741274911467e-02,2.733428983743233995e-02,-5.957137251320498289e-02,2.474283296656691958e-02,-1.000942524701827277e-02,3.131113875739495456e-02,-5.239597401521544490e-02,1.552432360568319625e-01,-2.574873506453050076e-02,2.538322198254704953e-01,-1.002586000890598183e-01,-2.327033271075746035e-01,-7.318437903526735233e-02,-5.580107394755107891e-02,-2.586879022143146259e-02,6.602282727906771953e-02,-6.413039336733852847e-02,-8.649765303205052269e-02,1.389129830572120028e-01,-1.377078115378447265e-01,-9.228204062007772449e-03,2.600586688836524843e-02,-1.257704514179696365e-01,-5.296902023862493786e-02,1.803792446161067708e-01,1.261465243224459964e-01,-1.677409654758274804e-01,6.244944771770347125e-02,1.277015951618881151e-01,-3.173413034296880819e-01,-2.829649284395935327e-02,-3.721875284214146845e-02,4.233633756654824054e-02,-3.112049574845648925e-03,-3.527299884363405136e-01,1.740765591654940339e-02,-2.482697645786405560e-01,1.767826228878547068e-01,2.995930212875290155e-01,2.395311296710188886e-01,-2.146320311497077263e-02,-5.507052132270571360e-02,-3.839900098178923582e-02,1.320143409103190502e-01,2.146906740626326471e-01
-2.168689633783806858e-01,2.414020570457708903e-02,-1.037800110272117313e-02,-3.112325256324375775e-02,1.455470295085787569e-01,-5.253537956174832851e-02,-7.715858316081390667e-02,-5.923340761433198293e-02,-3.028484890383605910e-01,7.968764640321948645e-02,1.539893246469548338e-01,4.532255352294848466e-02,-6.343928985028669809e-02,-3.844402717178570933e-02,-9.677502709897792266e-02,1.604679617266834002e-01,3.326822376446637863e-02,-2.452902623109088631e-01,-1.020683072135234321e-01,-1.040042306695093399e-01,1.479492628196612571e-03,-5.022798046938192242e-03,-3.939900803408219465e-02,-8.866808168906128995e-03,1.949207750764195557e-01,9.727867307731885571e-02,-1.049683954661321389e-01,-3.207661977801241071e-01,-1.731920392298817724e-01,-2.019574970451411960e-02,-1.534209869159395070e-02,1.399806728875467934e-02,-1.457327278900491241e-01,5.349672829158694937e-02,-1.002746519668043651e-01,8.568144321675059960e-02,-2.818188746699918923e-01,-1.254535849234739431e-01,-2.298668998016096809e-01,-1.303911653390794623e-01,5.888622251792260953e-02,-2.261948448713371404e-02,4.935571961455624893e-03,2.436962271295454729e-01,-9.344462108328335792e-02,-3.509384430314634040e-02,1.837033957727206290e-02,-3.414756776500592617e-01,-7.510427935003834155e-02,-8.206841832909239631e-02,4.070983075770302079e-02,-4.444919643807836857e-02,1.399893271202838629e-01,2.186731448422941371e-01
-1.398035126595249533e-01,1.833633815976428438e-01,-1.668111423030446960e-01,-2.062836008055616011e-01,-1.279141532596346671e-02,-8.447685663483558982e-02,-9.669386150945927932e-03,-4.194808165096063080e-03,-2.997339042123473019e-01,1.389370734059298387e-03,-1.217002974269756482e-01,9.124676785349128405e-02,9.765017274402884584e-02,-8.806532300656086387e-02,-8.650664951955379378e-02,-9.151138831114591712e-03,-2.582357999095113987e-01,2.301786587013968446e-02,-2.789869056216661702e-01,5.897614885349453800e-02,1.382606503173572365e-01,1.031448812440840038e-02,4.402996943049337225e-02,8.909097632205707773e-02,-4.237986683836685205e-03,4.656108547380095886e-02,1.173452891485994021e-01,-5.545282263927060751e-02,2.236050971013638644e-01,-8.177433427461354432e-02,3.017982693377562198e-01,6.440359355316635503e-02,2.270629931924667000e-01,3.099320323984933179e-02,-3.456816329520093212e-02,-2.993808589019818500e-01,1.069023080524600100e-01,-7.615793087424443941e-02,-1.387119383173501981e-02,1.033859089476692611e-01,-1.948846267894003836e-01,4.080975851743492977e-02,2.210088269636313260e-02,-1.781891826678555502e-01,9.217260882195442429e-02,1.717191451493410015e-01,-1.285551786675818431e-01,1.454510760349303836e-02,5.629855954935289453e-02,6.848176757375101786e-02,2.257255272277656349e-02,-9.009091572477831433e-02,1.479643133302499247e-01,2.226556156219609284e-01
-2.872088599865771363e-01,-1.085531593771988101e-01,-3.759604984636020358e-02,-3.833067617794808785e-02,1.625353101703595760e-01,-1.350334147754379543e-01,5.946091797125833793e-03,-1.431526668029945576e-02,-1.792371099588332406e-01,-1.724456672033390092e-01,-4.017775019636699030e-01,-4.625025280973443093e-02,1.406685111010462230e-01,9.146441101558991371e-02,6.553912794548719112e-02,5.477731345827277498e-02,5.118149479193352669e-02,1.546853787104580102e-01,-1.453687691333558629e-01,1.221957198469693223e-01,1.116180804308509744e-01,5.919751790949421416e-02,1.357211175074915233e-01,-4.012111977953088104e-02,-1.071650521370221265e-01,-2.636380332167392315e-01,-9.521798964891750594e-02,3.734362804624115351e-02,2.960276005146764491e-02,1.514530219671209599e-01,-6.352558059119049749e-02,-8.418568102902843076e-02,-1.813425108401164887e-01,-2.309102876395200399e-01,6.406621426090657045e-02,2.874761954836488886e-01,3.158645644261886404e-02,1.106130363769185776e-01,2.349365941643485334e-01,-7.848476255312887562e-02,7.231769654064436337e-02,-5.832108478431954207e-02,3.786746245549987692e-04,1.059587703751560112e-01,2.682552684358385786e-02,-2.755339029917334981e-02,7.452326305427153796e-02,6.952505501261919962e-02,-5.295403254589360620e-02,2.354482402259326299e-02,-6.132953233754002281e-03,1.317941962534932010e-01,1.559392995402139603e-01,2.266380864016241947e-01
