2.724055945873260498e-01,-1.611256003379821777e-01,-2.817763090133666992e-01,-1.773631125688552856e-01,-4.085819050669670105e-02,2.898468375205993652e-01,-2.214548438787460327e-01,-4.680384323000907898e-02,-1.007554936222732067e-03,2.231417745351791382e-01,1.580594182014465332e-01,-2.917108824476599693e-03,6.026533618569374084e-02,2.537767589092254639e-01,-1.154908351600170135e-02,-2.958593368530273438e-01,1.523220539093017578e-01,6.835339963436126709e-02,2.848279774188995361e-01,5.171066895127296448e-02,4.039929807186126709e-02,-9.028568863868713379e-02,1.996062546968460083e-01,-1.276716142892837524e-01,3.876807540655136108e-02,9.272140264511108398e-02,2.194840461015701294e-01,-1.149520799517631531e-01,3.986879810690879822e-02,-1.105412840843200684e-01,1.270780414342880249e-01,1.082602664828300476e-01,1.785885915160179138e-02,8.724045939743518829e-03,-4.224784672260284424e-02,9.539026021957397461e-02,1.825911365449428558e-02,-5.760258063673973083e-02,2.738582668825984001e-03,1.158731281757354736e-01,6.659472733736038208e-02,8.067756891250610352e-02,2.030625194311141968e-01,-7.710015028715133667e-02,-1.721529662609100342e-02,3.626539185643196106e-02,1.011415198445320129e-01,-2.248576842248439789e-03,1.009236127138137817e-01,5.541114509105682373e-02,-1.378066744655370712e-02,3.510020440444350243e-03,-2.241298742592334747e-02,-1.360827684402465820e-01
2.598165571689605713e-01,-2.470549941062927246e-02,-1.381293684244155884e-01,-1.896773427724838257e-01,8.669695258140563965e-02,3.605156540870666504e-01,-1.029468253254890442e-01,-2.557691372931003571e-02,-1.235965862870216370e-01,1.366797089576721191e-01,9.829374030232429504e-03,-8.940805494785308838e-02,-5.074761062860488892e-02,-1.712140999734401703e-02,-6.591782718896865845e-02,1.014648601412773132e-01,2.450098842382431030e-01,1.783051639795303345e-01,-1.539618968963623047e-01,-6.112532317638397217e-02,-1.275865733623504639e-01,6.284743547439575195e-02,-6.859426200389862061e-02,5.119033530354499817e-02,4.060366004705429077e-02,-3.847829252481460571e-02,-2.387364208698272705e-01,1.321384608745574951e-01,-2.203480601310729980e-01,1.101839542388916016e-01,-9.975766390562057495e-02,-1.680769771337509155e-01,1.326071918010711670e-01,5.510436021722853184e-04,-1.076040789484977722e-01,5.549825355410575867e-02,-1.623759865760803223e-01,5.431354511529207230e-03,-1.214311574585735798e-03,-2.132645994424819946e-01,-9.895551949739456177e-02,-5.500293895602226257e-02,-3.509036898612976074e-01,3.889640420675277710e-02,-2.391203492879867554e-02,5.550695583224296570e-02,-1.662523299455642700e-01,9.797618538141250610e-02,-1.906342804431915283e-01,-2.676886506378650665e-03,8.165829628705978394e-02,2.722151018679141998e-02,2.189944870769977570e-02,-1.360827684402465820e-01
2.518318593502044678e-01,2.374500408768653870e-02,-1.266982704401016235e-01,-1.575369834899902344e-01,1.794595122337341309e-01,1.215236261487007141e-01,-3.852427005767822266e-02,4.314144700765609741e-02,-5.688808113336563110e-02,4.593303799629211426e-02,4.448477923870086670e-02,5.205405503511428833e-02,2.072433196008205414e-02,-5.768487975001335144e-02,-2.767675518989562988e-01,2.216110937297344208e-02,-3.154790997505187988e-01,-1.524535417556762695e-01,-5.193652585148811340e-02,1.042731106281280518e-01,-1.060418188571929932e-01,-3.986579831689596176e-03,-1.516011357307434082e-01,1.694525480270385742e-01,-1.632004231214523315e-01,-1.188173294067382812e-01,-1.747714579105377197e-01,1.929798275232315063e-01,2.251110523939132690e-01,-1.170204058289527893e-01,9.460677951574325562e-02,2.458025515079498291e-01,-1.934085190296173096e-01,-1.646691560745239258e-01,2.206574976444244385e-01,-1.252545863389968872e-01,1.221193298697471619e-01,-2.086960896849632263e-02,7.404169440269470215e-02,-1.702744700014591217e-02,-8.832363784313201904e-02,2.916692942380905151e-02,-2.551035769283771515e-02,1.353259533643722534e-01,1.805021166801452637e-01,-7.622297108173370361e-02,6.446754932403564453e-02,-9.696839004755020142e-02,9.875611960887908936e-02,-1.217344850301742554e-01,-3.809729125350713730e-03,-1.977302730083465576e-01,2.410385385155677795e-02,-1.360827684402465820e-01
2.498863786458969116e-01,7.422330230474472046e-02,-7.792574167251586914e-02,-2.064207494258880615e-01,1.794409006834030151e-01,5.354653578251600266e-03,1.766685582697391510e-02,2.638220973312854767e-02,5.053056031465530396e-02,6.504885852336883545e-02,7.915390282869338989e-02,1.436527911573648453e-02,3.952676430344581604e-02,-1.570849865674972534e-01,1.376188248395919800e-01,1.853652149438858032e-01,-2.548947930335998535e-01,-2.226520478725433350e-01,1.268005697056651115e-03,-1.055515855550765991e-01,2.913321852684020996e-01,3.458958491683006287e-02,-3.137340247631072998e-01,-1.600126326084136963e-01,1.937531679868698120e-01,1.719563826918601990e-02,8.762138336896896362e-02,6.753639876842498779e-02,-3.428323660045862198e-03,1.874445974826812744e-01,-4.041224252432584763e-03,-1.738608628511428833e-01,2.001233100891113281e-01,3.651814162731170654e-02,-6.222862005233764648e-02,-6.575731933116912842e-02,-9.375061839818954468e-02,8.375981450080871582e-02,-5.068925768136978149e-02,1.342266052961349487e-01,3.006312623620033264e-02,-1.589991599321365356e-01,1.997947096824645996e-01,-6.738422065973281860e-02,-1.274132877588272095e-01,-1.851386725902557373e-01,1.434327065944671631e-01,-7.196572143584489822e-03,-7.837549783289432526e-03,7.962844334542751312e-03,-1.458076983690261841e-01,1.941518634557723999e-01,-2.704751491546630859e-02,-1.360827684402465820e-01
2.509337365627288818e-01,9.920280426740646362e-02,-1.269156038761138916e-01,-1.486524194478988647e-01,1.621082276105880737e-01,-1.993797868490219116e-01,1.142797395586967468e-01,5.241815745830535889e-02,1.415023952722549438e-01,-8.995025604963302612e-02,-1.167300902307033539e-02,-8.599860221147537231e-02,1.476841568946838379e-01,-1.462101787328720093e-01,7.232587039470672607e-02,-1.217505931854248047e-01,-6.549858301877975464e-02,-7.107330113649368286e-02,-2.670646607875823975e-01,1.005940735340118408e-01,-1.437096893787384033e-01,-1.577702313661575317e-01,1.200849786400794983e-01,-3.338004462420940399e-03,-3.480512648820877075e-02,-7.462808489799499512e-02,-1.370418965816497803e-01,-2.875081896781921387e-01,-1.266851425170898438e-01,-7.567824423313140869e-02,-7.721981406211853027e-02,-9.831406176090240479e-02,-2.749220132827758789e-01,1.494200229644775391e-01,4.367288574576377869e-02,4.551493003964424133e-02,1.717657297849655151e-01,-5.968731269240379333e-02,-1.537666767835617065e-01,-3.622409701347351074e-02,1.214032694697380066e-01,1.980306580662727356e-02,4.814966768026351929e-02,-5.122365802526473999e-02,-1.663234829902648926e-01,2.502175271511077881e-01,-9.996037185192108154e-02,2.190985679626464844e-01,1.456248164176940918e-01,1.598892211914062500e-01,1.634179055690765381e-02,1.343223303556442261e-01,4.620779771357774734e-03,-1.360827684402465820e-01
2.471256405115127563e-01,1.142619475722312927e-01,-6.017049401998519897e-02,-1.359453331679105759e-02,1.287300139665603638e-01,-1.263412684202194214e-01,8.158247917890548706e-03,1.512463483959436417e-02,2.200890481472015381e-01,-3.587620705366134644e-02,-1.546181440353393555e-01,1.805454608984291553e-03,4.271261021494865417e-02,-1.143782585859298706e-01,2.809557616710662842e-01,8.280099928379058838e-02,9.951972961425781250e-02,-3.595837950706481934e-02,4.942110180854797363e-02,-2.349143102765083313e-02,1.532710641622543335e-01,1.597219109535217285e-01,3.489722907543182373e-01,2.760672196745872498e-02,-5.656467005610466003e-02,1.929644495248794556e-01,4.258413985371589661e-02,-5.544079840183258057e-02,1.248224526643753052e-01,2.525105476379394531e-01,3.317274153232574463e-02,6.479901075363159180e-02,-1.265662163496017456e-01,1.015882417559623718e-01,-1.398825347423553467e-01,6.653042882680892944e-02,9.442177414894104004e-02,-6.914348900318145752e-02,1.051672846078872681e-01,6.929975748062133789e-02,2.159179560840129852e-02,7.956548035144805908e-02,-2.088715136051177979e-01,3.306390345096588135e-02,1.313401758670806885e-01,-9.947158396244049072e-02,-1.075982302427291870e-01,-3.152620494365692139e-01,-1.857138574123382568e-01,-1.830705106258392334e-01,1.926866732537746429e-02,-2.051202058792114258e-01,2.668431960046291351e-02,-1.360827684402465820e-01
2.074873596429824829e-01,-2.976178564131259918e-02,-1.480184644460678101e-01,9.083411656320095062e-03,-2.090724743902683258e-02,-1.911090463399887085e-01,1.448188126087188721e-01,-6.067005172371864319e-02,8.729869127273559570e-02,-1.030034571886062622e-01,-2.186049073934555054e-01,-5.533210001885890961e-03,6.876828148961067200e-03,-1.394347101449966431e-02,1.186090558767318726e-01,4.732043016701936722e-03,3.097923472523689270e-02,2.112295627593994141e-01,-1.371058225631713867e-01,-1.081768199801445007e-01,-1.502104848623275757e-01,1.020004972815513611e-01,6.684754043817520142e-02,8.992421627044677734e-02,1.941347727552056313e-03,7.637559622526168823e-02,2.579571306705474854e-01,1.761873215436935425e-01,-8.420211076736450195e-02,-1.847107708454132080e-01,-4.530069231986999512e-02,2.606779336929321289e-02,2.794066071510314941e-01,-4.104144498705863953e-02,1.823785156011581421e-01,-1.874357014894485474e-01,-9.561756253242492676e-02,1.887048333883285522e-01,3.170498013496398926e-01,-1.114414781332015991e-01,-9.888305515050888062e-02,1.662852764129638672e-01,2.858258783817291260e-01,7.486675679683685303e-02,8.510710299015045166e-02,-3.358640149235725403e-02,-9.292848408222198486e-02,1.867057830095291138e-01,9.164458140730857849e-03,7.604965567588806152e-02,-4.410481080412864685e-02,-7.330922037363052368e-02,-9.473922848701477051e-02,-1.360827684402465820e-01
1.917609423398971558e-01,9.841472655534744263e-02,-3.299723565578460693e-02,1.463793814182281494e-01,-2.858188375830650330e-02,-1.100020036101341248e-01,-8.126069605350494385e-02,-1.546295732259750366e-01,8.640100061893463135e-02,-1.416992694139480591e-01,-3.931680917739868164e-01,-1.741703972220420837e-02,-1.335058659315109253e-01,-1.059248596429824829e-01,-1.325228717178106308e-02,-2.035959064960479736e-02,1.581597030162811279e-01,7.645753771066665649e-02,7.174336165189743042e-02,1.060759555548429489e-02,-1.051123533397912979e-02,-1.139912605285644531e-01,-1.189197506755590439e-02,-9.622400999069213867e-02,2.917804941534996033e-02,-1.316410899162292480e-01,-2.818028815090656281e-02,1.696610301733016968e-01,1.281120181083679199e-01,-1.115555539727210999e-01,-6.211042776703834534e-02,1.950339376926422119e-01,6.788783520460128784e-02,-2.592404782772064209e-01,-6.184624880552291870e-02,7.568161934614181519e-03,-1.981562077999114990e-01,5.575577914714813232e-02,-3.491786122322082520e-01,1.484574526548385620e-01,1.120916903018951416e-01,-7.749864459037780762e-02,-1.838473379611968994e-01,-8.387679606676101685e-02,2.259357273578643799e-02,2.126056002452969551e-03,2.210711389780044556e-01,-7.930842041969299316e-02,1.576317250728607178e-01,1.738952547311782837e-01,1.327832341194152832e-01,1.281032860279083252e-01,1.167397350072860718e-01,-1.360827684402465820e-01
1.586484462022781372e-01,-8.826854079961776733e-02,-8.152755349874496460e-02,1.332364231348037720e-01,-1.334770470857620239e-01,5.064207687973976135e-02,4.618124291300773621e-02,-1.721550822257995605e-01,-2.089896947145462036e-01,-1.462755054235458374e-01,-1.736075729131698608e-01,2.419341504573822021e-01,-1.757533401250839233e-01,1.727085709571838379e-01,1.846683956682682037e-02,1.690919846296310425e-01,1.818300370359793305e-04,2.347437143325805664e-01,-3.998108580708503723e-02,-1.269233375787734985e-01,8.911380916833877563e-02,4.191333055496215820e-02,-3.866121172904968262e-02,-7.209841161966323853e-02,-7.381920516490936279e-02,-2.158625721931457520e-01,-4.729600250720977783e-02,-1.325390189886093140e-01,8.870778232812881470e-02,-1.526693115010857582e-03,-1.418606936931610107e-01,-1.149075105786323547e-01,-1.135299131274223328e-01,1.469286531209945679e-01,2.257817834615707397e-01,1.252781003713607788e-01,2.412339448928833008e-01,-1.577209383249282837e-01,-9.809701144695281982e-02,8.571606874465942383e-02,-1.795648634433746338e-01,-1.233896315097808838e-01,1.768224388360977173e-01,-1.431611478328704834e-01,-3.398922458291053772e-02,4.989417269825935364e-02,7.679757475852966309e-02,1.007359009236097336e-02,-1.668037325143814087e-01,-2.756767868995666504e-01,-1.078712344169616699e-01,2.665171772241592407e-02,-9.621215984225273132e-03,-1.360827684402465820e-01
1.518920660018920898e-01,7.309622317552566528e-02,-3.801170503720641136e-03,1.538216173648834229e-01,1.962881721556186676e-02,-1.343863606452941895e-01,-9.093425422906875610e-02,-8.730157464742660522e-02,-2.622780203819274902e-01,-1.122466996312141418e-01,-5.261708423495292664e-02,6.299772858619689941e-02,5.793190747499465942e-02,2.139210142195224762e-02,-2.419875860214233398e-01,2.553416490554809570e-01,-3.737884759902954102e-02,7.841677963733673096e-02,2.553015947341918945e-01,8.527290821075439453e-02,1.633157581090927124e-01,-2.658884972333908081e-02,-2.321561425924301147e-01,-2.761070989072322845e-02,-2.888348326086997986e-02,1.325231492519378662e-01,2.283028066158294678e-01,-1.679948270320892334e-01,-1.264880597591400146e-01,-1.909381449222564697e-01,1.178916543722152710e-02,-9.463026374578475952e-02,-2.154287099838256836e-01,-1.586455292999744415e-02,-2.660222053527832031e-01,5.197712779045104980e-02,2.573585696518421173e-02,4.446412995457649231e-02,8.073989301919937134e-02,-2.056141197681427002e-01,1.243953630328178406e-01,1.435159891843795776e-02,-1.513298321515321732e-02,2.903263866901397705e-01,-4.163020104169845581e-02,-1.004918199032545090e-02,-2.347505092620849609e-01,-9.407600760459899902e-02,6.667980551719665527e-02,1.140737310051918030e-01,4.399017989635467529e-02,8.633546531200408936e-03,-2.639130223542451859e-03,-1.360827684402465820e-01
1.399119496345520020e-01,8.098069578409194946e-02,5.089420825242996216e-02,2.005337774753570557e-01,5.157902464270591736e-02,-3.413496911525726318e-01,-9.888880699872970581e-02,-2.198284491896629333e-03,-4.104875773191452026e-02,1.690066233277320862e-02,1.313216537237167358e-01,3.239502012729644775e-02,2.250564098358154297e-01,2.152799665927886963e-01,-3.171821832656860352e-01,2.040754817426204681e-02,-1.396688818931579590e-02,3.748571872711181641e-02,1.438445001840591431e-01,-2.041966915130615234e-01,-2.286965847015380859e-01,-4.995736107230186462e-02,1.025530919432640076e-01,1.580725461244583130e-01,1.063682883977890015e-02,-3.467443585395812988e-02,-2.885030210018157959e-01,-1.254841387271881104e-01,5.443387478590011597e-02,1.454551815986633301e-01,7.310035079717636108e-02,7.379604130983352661e-02,1.824517548084259033e-01,2.345420569181442261e-01,-1.265762299299240112e-01,-5.504745990037918091e-02,-1.253332048654556274e-01,8.085419982671737671e-02,1.619884967803955078e-01,1.644934862852096558e-01,-2.881706319749355316e-02,-3.191294521093368530e-02,-6.277890503406524658e-02,-9.004466980695724487e-02,-1.178488731384277344e-01,-1.355137676000595093e-01,1.503891050815582275e-01,8.502996712923049927e-02,-1.922053843736648560e-02,-5.041455850005149841e-02,1.935391314327716827e-02,7.905829697847366333e-02,-8.587817102670669556e-02,-1.360827684402465820e-01
1.254913806915283203e-01,-4.985152184963226318e-02,-8.701314218342304230e-03,2.835851311683654785e-01,-5.731620267033576965e-02,6.970126181840896606e-02,-4.955381527543067932e-02,1.099583599716424942e-02,-2.427524328231811523e-02,-2.703986763954162598e-01,1.618883311748504639e-01,3.298842310905456543e-01,-1.979954242706298828e-01,-6.211848556995391846e-02,-2.758481726050376892e-02,-1.847076117992401123e-01,-2.909774892032146454e-02,-2.328258901834487915e-01,-1.901578754186630249e-01,-1.679519750177860260e-02,-2.110795527696609497e-01,-7.334187626838684082e-02,-1.360011249780654907e-01,2.657672576606273651e-02,2.352246642112731934e-01,2.444514036178588867e-01,1.404985487461090088e-01,-4.436118528246879578e-02,-9.692484885454177856e-02,1.970909684896469116e-01,2.601884305477142334e-01,1.209958107210695744e-03,1.156337186694145203e-01,4.531353339552879333e-02,-4.499560222029685974e-02,-2.469392679631710052e-02,-3.698567301034927368e-02,-6.398093700408935547e-02,-1.333186626434326172e-01,-2.963408641517162323e-02,-1.187198162078857422e-01,1.012475192546844482e-01,-3.340737521648406982e-02,-5.936520174145698547e-02,1.223681569099426270e-01,1.752058267593383789e-01,-8.567563444375991821e-02,-3.839537128806114197e-02,7.943146675825119019e-02,-6.768045574426651001e-02,-3.668359015136957169e-03,-6.736075878143310547e-02,1.758009344339370728e-01,-1.360827684402465820e-01
1.161137670278549194e-01,-4.603049159049987793e-02,-1.887355931103229523e-02,5.743251368403434753e-02,-1.108373478055000305e-01,-2.374479174613952637e-01,-2.108175493776798248e-02,1.425704210996627808e-01,-5.760215222835540771e-02,-3.836075961589813232e-02,2.202255129814147949e-01,9.017170965671539307e-02,-1.476248502731323242e-01,1.432027816772460938e-01,2.272270917892456055e-01,-1.599496603012084961e-01,-1.646304279565811157e-01,-1.284111142158508301e-01,1.470526158809661865e-01,8.686934411525726318e-02,6.345697492361068726e-02,4.832383710891008377e-03,2.736160345375537872e-02,1.191104277968406677e-01,-8.608718216419219971e-02,4.208515211939811707e-02,-6.112679839134216309e-02,8.079197257757186890e-03,9.589289873838424683e-02,-1.187956482172012329e-01,-1.034159138798713684e-01,-1.782046258449554443e-01,2.958516590297222137e-02,-2.586746513843536377e-01,5.490886420011520386e-02,-2.174867130815982819e-02,-1.197906881570816040e-01,-2.408598959445953369e-01,-6.621307134628295898e-02,-2.063325047492980957e-01,7.475142925977706909e-02,-1.557216197252273560e-01,-9.538360685110092163e-02,-1.017231792211532593e-01,4.798157513141632080e-02,-8.558358252048492432e-02,3.885969147086143494e-02,1.503278017044067383e-01,-3.628677427768707275e-01,2.250580042600631714e-01,1.274486035108566284e-01,-1.257762759923934937e-01,-1.826422810554504395e-01,-1.360827684402465820e-01
1.177528053522109985e-01,1.775616407394409180e-01,1.671869903802871704e-01,2.911801263689994812e-02,-1.065088286995887756e-01,-1.537814885377883911e-01,-3.646344318985939026e-02,6.802637130022048950e-02,7.751613110303878784e-02,5.489943549036979675e-02,2.303708195686340332e-01,-7.619735598564147949e-02,-1.388645470142364502e-01,4.201305285096168518e-02,2.907067537307739258e-02,-3.001679293811321259e-02,2.212865799665451050e-01,-1.219390183687210083e-01,1.128781437873840332e-01,6.527914851903915405e-02,-1.756781898438930511e-02,1.310925334692001343e-01,-1.108061596751213074e-01,-5.401490628719329834e-02,-4.225962236523628235e-02,-2.382168918848037720e-01,3.377822414040565491e-02,1.605222523212432861e-01,-9.890157729387283325e-02,-4.426697269082069397e-02,-1.461011022329330444e-01,-1.818900108337402344e-01,-8.383224159479141235e-02,-4.259062930941581726e-02,1.923723816871643066e-01,1.102442368865013123e-01,-1.818415671586990356e-01,-9.805124998092651367e-02,3.346834182739257812e-01,9.834914654493331909e-02,1.887974441051483154e-01,9.040407091379165649e-02,-1.029639225453138351e-02,-4.042819142341613770e-02,-7.558444142341613770e-02,1.888850182294845581e-01,8.454898372292518616e-03,-7.258342951536178589e-02,1.702652573585510254e-01,-2.076694369316101074e-01,-1.133844777941703796e-01,-3.784495219588279724e-02,3.308184444904327393e-01,-1.360827684402465820e-01
1.080715432763099670e-01,1.018916219472885132e-01,1.012681201100349426e-01,1.686871945858001709e-01,-1.780577749013900757e-01,3.992316499352455139e-02,5.604475736618041992e-02,4.126646742224693298e-02,2.936293184757232666e-01,5.512573197484016418e-02,7.768678665161132812e-02,-4.522387683391571045e-02,-2.259513139724731445e-01,1.035699620842933655e-01,-1.621135324239730835e-01,-1.213306188583374023e-01,3.231902047991752625e-02,-1.065036803483963013e-01,-1.044956687837839127e-02,1.076309829950332642e-01,1.288224160671234131e-01,2.654198706150054932e-01,2.269261702895164490e-02,-1.163284108042716980e-01,-1.622594296932220459e-01,-1.124546229839324951e-01,-3.812427073717117310e-02,1.268476098775863647e-01,-6.050852686166763306e-02,6.778550893068313599e-02,1.427394598722457886e-01,-6.776833534240722656e-02,-3.335755690932273865e-02,-1.694592996500432491e-03,-3.454014658927917480e-02,1.233329623937606812e-01,1.783269196748733521e-01,3.336587250232696533e-01,-2.004142105579376221e-01,-2.831521909683942795e-03,-1.435119658708572388e-01,1.570060849189758301e-01,-3.058099001646041870e-02,1.711332648992538452e-01,-1.064254269003868103e-01,-5.074932053685188293e-02,-5.562590435147285461e-02,1.003389358520507812e-01,2.314984425902366638e-02,-2.837725915014743805e-03,-3.992054238915443420e-02,7.797127217054367065e-02,-3.949213027954101562e-01,-1.360827684402465820e-01
7.576276361942291260e-02,-1.600011289119720459e-01,-3.170329332351684570e-02,1.258708070963621140e-02,-2.262888252735137939e-01,-8.777782320976257324e-03,3.190354704856872559e-01,-7.921193726360797882e-03,-7.521068304777145386e-02,4.794930107891559601e-03,3.337511718273162842e-01,-1.349447201937437057e-02,3.907745704054832458e-02,1.849965564906597137e-02,1.155200302600860596e-01,2.741033583879470825e-02,7.347386330366134644e-02,-4.554406274110078812e-03,-4.153734073042869568e-02,6.356014311313629150e-02,3.377166762948036194e-02,-2.444507479667663574e-01,6.070125848054885864e-02,-1.975971832871437073e-02,-1.934400349855422974e-01,-1.323576420545578003e-01,5.888821929693222046e-02,-5.002280324697494507e-02,-5.150646716356277466e-02,8.842573314905166626e-02,-1.533072590827941895e-01,1.994399726390838623e-01,1.240583509206771851e-01,1.146197170019149780e-01,3.437643498182296753e-02,-1.912834793329238892e-01,7.639572024345397949e-02,3.458224534988403320e-01,-4.816478118300437927e-02,-1.496261358261108398e-01,9.955418109893798828e-02,-2.515519559383392334e-01,-4.590809717774391174e-02,9.045386314392089844e-02,1.244458481669425964e-01,-7.190644275397062302e-03,-6.889141164720058441e-03,-2.948428690433502197e-01,1.718468777835369110e-02,-4.036546498537063599e-02,1.298958808183670044e-01,1.346731334924697876e-01,1.115659475326538086e-01,-1.360827684402465820e-01
7.298786193132400513e-02,1.786955446004867554e-01,2.362300008535385132e-01,3.184368461370468140e-02,-7.960371673107147217e-02,1.363940238952636719e-01,1.039916723966598511e-01,-8.158597350120544434e-02,-1.208210960030555725e-01,-3.627907484769821167e-02,2.042146027088165283e-01,-1.423639655113220215e-01,6.511252373456954956e-02,-1.029532104730606079e-01,-1.319501549005508423e-02,2.563479840755462646e-01,1.978642642498016357e-01,9.716138243675231934e-02,-2.898599207401275635e-02,1.168412864208221436e-01,-4.876310750842094421e-02,4.152760654687881470e-02,6.393311172723770142e-02,1.812690198421478271e-01,5.069671198725700378e-02,8.321868628263473511e-02,7.407408952713012695e-02,-8.406532555818557739e-02,-1.049275845289230347e-01,1.525488644838333130e-01,-6.446035206317901611e-02,1.094507351517677307e-01,7.120011746883392334e-02,-1.090432778000831604e-01,1.567133367061614990e-01,-1.088057085871696472e-01,1.636840701103210449e-01,-3.175131976604461670e-01,-1.510292440652847290e-01,-5.961936339735984802e-02,-2.101013436913490295e-02,2.388925105333328247e-01,4.462942481040954590e-02,-5.073319375514984131e-02,-1.221938952803611755e-01,-2.239461243152618408e-01,2.328612655401229858e-01,-6.608021259307861328e-02,1.175319701433181763e-01,2.455504238605499268e-01,-1.629234105348587036e-01,-7.617615163326263428e-02,-1.012371629476547241e-01,-1.360827684402465820e-01
6.076011061668395996e-02,4.792419448494911194e-02,1.609012484550476074e-01,1.043660491704940796e-01,-1.437890976667404175e-01,1.219289451837539673e-01,1.948007345199584961e-01,-1.018189452588558197e-02,4.226250201463699341e-02,1.410503238439559937e-01,8.602012693881988525e-02,-7.774507999420166016e-02,-1.138693764805793762e-01,-1.493947058916091919e-01,3.043431974947452545e-02,1.458939760923385620e-01,-3.682428225874900818e-02,-6.821117829531431198e-03,-1.215419769287109375e-01,2.010261639952659607e-02,4.269713163375854492e-02,-2.181796580553054810e-01,1.005539670586585999e-02,-6.556189805269241333e-02,3.236567135900259018e-03,5.746066570281982422e-02,-5.334729328751564026e-02,2.786617726087570190e-02,1.362937688827514648e-01,-2.218018919229507446e-01,1.141262203454971313e-01,2.212144136428833008e-01,1.466737128794193268e-02,-1.596847325563430786e-01,-2.821195423603057861e-01,1.038286015391349792e-01,8.899278193712234497e-02,-9.363178908824920654e-02,2.466979920864105225e-01,1.928388178348541260e-01,-1.651225686073303223e-01,-3.992657363414764404e-02,9.812737256288528442e-02,-2.253673821687698364e-01,-2.486868649721145630e-01,-8.220802992582321167e-02,-2.666721642017364502e-01,1.723964363336563110e-01,-9.446267783641815186e-02,-4.980710521340370178e-02,2.301463037729263306e-01,1.957968343049287796e-03,1.073044538497924805e-01,-1.360827684402465820e-01
5.980290845036506653e-02,1.410417854785919189e-01,1.874803751707077026e-01,1.125482320785522461e-01,-8.814227581024169922e-02,8.653488755226135254e-02,1.902113258838653564e-01,-6.744001060724258423e-03,5.159707367420196533e-02,1.661175787448883057e-01,5.091111175715923309e-03,-2.461985647678375244e-01,9.267035126686096191e-02,-2.968161366879940033e-02,5.888569727540016174e-02,-7.083509117364883423e-02,-6.408471614122390747e-02,1.114184111356735229e-01,-8.143379352986812592e-03,-1.161091029644012451e-01,6.856045126914978027e-02,-3.510205447673797607e-02,-7.188273966312408447e-02,1.190077215433120728e-01,1.882372796535491943e-01,-6.564332544803619385e-02,4.009356722235679626e-02,-5.998161807656288147e-02,-1.293663829565048218e-01,-1.713463962078094482e-01,9.774770587682723999e-02,-1.007326785475015640e-02,-1.123306825757026672e-01,1.220173165202140808e-01,-1.756386011838912964e-01,-2.251458354294300079e-02,-1.312239319086074829e-01,-1.561707407236099243e-01,-1.115850955247879028e-01,9.716517478227615356e-02,1.506260130554437637e-02,-1.360825449228286743e-01,4.034912213683128357e-02,1.742587238550186157e-01,5.350320339202880859e-01,1.337592601776123047e-01,1.814694404602050781e-01,1.682765781879425049e-01,-4.037106409668922424e-02,-1.866214573383331299e-01,-4.803173616528511047e-02,-4.979384317994117737e-02,-1.186853423714637756e-01,-1.360827684402465820e-01
2.839796245098114014e-02,-8.808027952909469604e-02,4.702399298548698425e-02,8.688464760780334473e-02,-1.895724833011627197e-01,2.399594895541667938e-02,1.766666471958160400e-01,-3.223494626581668854e-03,-1.270152777433395386e-01,2.212677150964736938e-01,-1.747660487890243530e-01,-2.237488776445388794e-01,1.815003901720046997e-02,4.435762390494346619e-02,9.924236685037612915e-02,-1.220827251672744751e-01,-2.142752557992935181e-01,1.290430687367916107e-02,5.234438553452491760e-02,-6.681492086499929428e-04,-1.616390421986579895e-02,6.659917999058961868e-03,-7.386790215969085693e-02,1.439053863286972046e-01,1.514951884746551514e-01,9.315710514783859253e-02,-1.131243705749511719e-01,-2.266072668135166168e-02,3.573402762413024902e-01,4.536312073469161987e-02,6.155541166663169861e-03,-1.382523309439420700e-02,-7.048191130161285400e-02,1.557594239711761475e-01,7.234206050634384155e-02,1.684131324291229248e-01,-2.113563120365142822e-01,1.132243275642395020e-01,-2.303093485534191132e-02,-1.674676835536956787e-01,-1.581438779830932617e-01,1.618943065404891968e-01,-2.635028772056102753e-02,1.521756872534751892e-02,-1.671390086412429810e-01,1.648842543363571167e-01,-6.950753182172775269e-02,-2.303939461708068848e-01,-2.469852752983570099e-02,2.276224046945571899e-01,-2.946505844593048096e-01,5.047770589590072632e-02,1.288448721170425415e-01,-1.360827684402465820e-01
2.479962818324565887e-02,-1.548779457807540894e-01,9.610424190759658813e-02,6.055669113993644714e-02,-1.096510216593742371e-01,-3.059447335544973612e-04,3.050022013485431671e-02,5.688784644007682800e-02,-1.980582624673843384e-01,1.347410231828689575e-01,-1.477976888418197632e-01,-1.161622032523155212e-01,1.981353312730789185e-01,3.751188516616821289e-02,7.674306631088256836e-02,-4.237361997365951538e-02,5.669619888067245483e-02,-1.648699641227722168e-01,3.705947473645210266e-02,-8.327023684978485107e-02,-2.617727592587471008e-02,3.117478787899017334e-01,-5.142107233405113220e-02,-1.447283774614334106e-01,1.542621850967407227e-01,2.831821441650390625e-01,-9.357997775077819824e-02,-7.195560634136199951e-02,-3.179670497775077820e-02,-4.512088000774383545e-02,-4.332986101508140564e-02,-8.279781788587570190e-02,-7.937033474445343018e-02,-5.081310123205184937e-02,3.111536800861358643e-01,-2.140103578567504883e-01,3.805043548345565796e-02,-1.120485737919807434e-02,-5.944140255451202393e-02,1.257027834653854370e-01,-3.480011597275733948e-02,-8.406258374452590942e-02,-6.961583346128463745e-02,-3.699319669976830482e-03,-7.595688849687576294e-02,-3.134958073496818542e-02,-9.237650781869888306e-02,-2.272688038647174835e-02,2.400769144296646118e-01,-1.467908024787902832e-01,4.534593224525451660e-01,3.092065267264842987e-02,-9.866210818290710449e-02,-1.360827684402465820e-01
8.213644847273826599e-03,-5.957150831818580627e-02,1.030493304133415222e-01,1.149387434124946594e-01,-1.350358873605728149e-01,9.704153984785079956e-02,-9.514030814170837402e-02,7.034190744161605835e-02,-2.362096458673477173e-01,-3.191137313842773438e-02,-2.308361828327178955e-01,-6.593242287635803223e-02,1.277790963649749756e-01,-1.240649372339248657e-01,-1.155228689312934875e-01,-2.428997308015823364e-01,1.250205785036087036e-01,-2.548629641532897949e-01,-1.406779885292053223e-01,-1.035148054361343384e-01,2.452363260090351105e-03,2.066296897828578949e-02,2.450880780816078186e-02,-1.840851157903671265e-01,-1.157632097601890564e-01,5.388804897665977478e-02,-1.541395932435989380e-01,9.808815270662307739e-02,-1.569406837224960327e-01,-1.022636331617832184e-02,-3.259956836700439453e-02,1.786274276673793793e-02,-4.863604530692100525e-02,4.617547616362571716e-02,-5.625007674098014832e-02,5.056135728955268860e-02,1.935267448425292969e-01,1.121017113327980042e-01,1.086491644382476807e-01,-4.205669276416301727e-03,2.869685292243957520e-01,-1.021136566996574402e-01,1.322654038667678833e-01,-1.153097227215766907e-01,1.361646354198455811e-01,-2.612507343292236328e-01,9.489614516496658325e-03,5.869903415441513062e-02,-1.879694312810897827e-01,1.738230437040328979e-01,-2.899385094642639160e-01,-1.405081301927566528e-01,1.294136792421340942e-01,-1.360827684402465820e-01
-1.509955618530511856e-02,-1.570012569427490234e-01,1.022352427244186401e-01,8.739487826824188232e-02,-1.252468377351760864e-01,1.320841610431671143e-01,-1.992581635713577271e-01,5.926066637039184570e-02,-9.229096025228500366e-02,6.023907568305730820e-03,-8.972600847482681274e-02,-4.256453365087509155e-02,3.899683430790901184e-02,-1.638296097517013550e-01,-3.265633434057235718e-02,7.584039121866226196e-02,-1.857498884201049805e-01,3.853899613022804260e-02,-3.811010718345642090e-02,-1.588250100612640381e-01,1.399636566638946533e-01,-1.762198358774185181e-01,2.178959101438522339e-01,1.650662720203399658e-01,-3.229278326034545898e-01,5.214302241802215576e-02,1.141606345772743225e-01,1.180263757705688477e-01,8.807478100061416626e-02,3.875927031040191650e-01,-1.189591549336910248e-02,-1.139177307486534119e-01,-7.309545576572418213e-02,-1.846846044063568115e-01,-4.662454500794410706e-02,-8.986855298280715942e-02,-1.107879951596260071e-01,-2.222454734146595001e-02,5.587473884224891663e-02,-4.867988452315330505e-02,2.007418125867843628e-01,9.640613198280334473e-02,9.001033753156661987e-02,3.282944858074188232e-02,-6.772070378065109253e-02,2.689609229564666748e-01,7.082510739564895630e-02,2.013627141714096069e-01,1.159012764692306519e-01,-1.504074335098266602e-01,6.103526428341865540e-02,1.324886679649353027e-01,-9.440106153488159180e-02,-1.360827684402465820e-01
-1.049274299293756485e-02,-1.023362353444099426e-01,1.990751922130584717e-01,5.483577027916908264e-02,4.612009227275848389e-02,-6.609578430652618408e-02,-3.617703914642333984e-01,1.975514739751815796e-01,-8.520951867103576660e-02,8.371701091527938843e-02,1.005473509430885315e-01,4.277167469263076782e-02,6.651039421558380127e-02,-8.509285748004913330e-02,1.395174860954284668e-01,1.534190028905868530e-01,-2.682324349880218506e-01,1.959601789712905884e-01,-6.986644119024276733e-02,5.475326254963874817e-02,5.463318526744842529e-02,9.504885226488113403e-02,2.382739633321762085e-01,-1.446329206228256226e-01,2.302400171756744385e-01,-1.572814583778381348e-01,1.757520623505115509e-02,-1.147058531641960144e-01,-1.086555793881416321e-01,-2.639808952808380127e-01,9.285944700241088867e-02,1.150674670934677124e-01,1.624172925949096680e-01,-1.223895773291587830e-01,8.563319593667984009e-02,-6.535916030406951904e-02,1.356879770755767822e-01,2.161459326744079590e-01,-8.864812552928924561e-02,-2.123969420790672302e-02,3.770254179835319519e-02,8.997251838445663452e-02,-2.295308858156204224e-01,-5.755637958645820618e-02,-2.337540872395038605e-02,1.096234992146492004e-01,-1.669266074895858765e-02,2.325746696442365646e-03,-6.560678780078887939e-02,-1.012638285756111145e-01,-2.051424384117126465e-01,-3.744564717635512352e-03,8.399023860692977905e-02,-1.360827684402465820e-01
-1.547702401876449585e-02,-4.596130549907684326e-02,1.704069077968597412e-01,2.726332657039165497e-02,-2.486107312142848969e-02,5.621933843940496445e-03,-3.121891319751739502e-01,1.642101854085922241e-01,1.212327703833580017e-01,-4.729628562927246094e-02,-1.788070052862167358e-01,-8.560784906148910522e-02,-3.559895232319831848e-02,4.208965599536895752e-02,-6.641892343759536743e-02,-1.138203069567680359e-01,-8.897848427295684814e-02,6.507936120033264160e-02,-1.823786646127700806e-01,3.753861188888549805e-01,9.547045826911926270e-02,-1.390082389116287231e-01,3.191786259412765503e-02,-6.588504463434219360e-02,-5.490579642355442047e-03,-5.925580114126205444e-02,-2.249995619058609009e-02,2.999769523739814758e-02,-1.703342795372009277e-02,3.630753979086875916e-02,-1.437747180461883545e-01,-1.112846955657005310e-01,2.393889427185058594e-01,2.433561235666275024e-01,-4.952084645628929138e-02,-1.358755305409431458e-02,4.174784570932388306e-02,-2.588405013084411621e-01,1.973601281642913818e-01,-8.363554254174232483e-03,-2.578529119491577148e-01,-2.076831459999084473e-01,1.078488752245903015e-01,1.622644811868667603e-01,3.371464088559150696e-02,-1.725069060921669006e-02,4.673378542065620422e-02,-2.280194610357284546e-01,1.403232663869857788e-01,1.243619322776794434e-01,1.392764449119567871e-01,-5.389197729527950287e-03,-5.646177381277084351e-02,-1.360827684402465820e-01
-5.505785718560218811e-02,-2.903209626674652100e-01,6.916849315166473389e-02,-1.810223758220672607e-01,-2.602782547473907471e-01,-7.970471680164337158e-02,-1.372790336608886719e-01,-5.501075088977813721e-02,2.292688935995101929e-01,-9.348805248737335205e-02,1.452416628599166870e-01,3.815511590801179409e-04,1.790550202131271362e-01,-2.321130037307739258e-01,-7.762419432401657104e-02,-6.203547818586230278e-04,-1.366524547338485718e-01,2.255739718675613403e-01,2.591946907341480255e-02,-1.372174471616744995e-01,-1.851973682641983032e-01,5.676492303609848022e-02,-1.799099445343017578e-01,-6.431123614311218262e-02,-6.161333248019218445e-02,-1.466628015041351318e-01,2.062865793704986572e-01,1.515448242425918579e-01,-4.114752262830734253e-02,3.425635397434234619e-02,1.956671476364135742e-02,-6.617457605898380280e-03,-2.161385118961334229e-01,2.325231283903121948e-01,4.103208333253860474e-02,7.793895900249481201e-02,-1.378957480192184448e-01,-8.693154901266098022e-02,-1.626192629337310791e-01,1.457690596580505371e-01,1.163419801741838455e-02,8.939604461193084717e-02,-4.770169779658317566e-02,-8.696769177913665771e-02,-1.777859404683113098e-02,-2.007790356874465942e-01,-1.422503590583801270e-01,-6.540250033140182495e-02,-1.202914491295814514e-01,1.210174933075904846e-01,1.324007809162139893e-01,-1.284885704517364502e-01,-3.007437800988554955e-03,-1.360827684402465820e-01
-4.374962300062179565e-02,-4.237652570009231567e-02,2.132335156202316284e-01,-3.804557621479034424e-01,-1.214309781789779663e-01,-9.970851242542266846e-02,-1.149883568286895752e-01,7.444798201322555542e-02,5.828478373587131500e-03,-1.383623182773590088e-01,-2.953221276402473450e-02,-1.406053919345140457e-02,-2.299222946166992188e-01,1.877546496689319611e-02,1.218961924314498901e-01,2.239048331975936890e-01,1.156541779637336731e-01,-7.678090129047632217e-03,2.097885161638259888e-01,1.338528543710708618e-01,-2.849789559841156006e-01,-7.734828442335128784e-02,-3.646824043244123459e-03,-2.176419049501419067e-01,8.703436702489852905e-03,2.466886043548583984e-01,-1.582664549350738525e-01,-9.092652052640914917e-02,9.820872545242309570e-02,1.152687892317771912e-01,4.649545624852180481e-02,6.304831057786941528e-02,-1.990433931350708008e-01,-1.815296709537506104e-02,-2.442374452948570251e-02,5.495197139680385590e-03,-3.753994777798652649e-02,1.626387685537338257e-01,5.457443743944168091e-02,-8.708462864160537720e-02,-1.781724542379379272e-01,-4.564105719327926636e-02,1.025152355432510376e-01,7.209775596857070923e-02,2.144070118665695190e-01,-4.055806994438171387e-02,1.189875379204750061e-01,2.232342660427093506e-01,1.196065265685319901e-02,-2.998499572277069092e-02,-9.374689310789108276e-02,1.427676826715469360e-01,4.515456780791282654e-02,-1.360827684402465820e-01
-4.422401636838912964e-02,-1.226323284208774567e-02,2.409225553274154663e-01,-2.582141458988189697e-01,-1.071430277079343796e-02,8.168684318661689758e-03,2.133557759225368500e-02,7.289356738328933716e-02,1.906212121248245239e-01,1.203292831778526306e-01,-1.007825881242752075e-01,1.792142838239669800e-01,-1.177900657057762146e-01,7.651162147521972656e-02,-1.367795765399932861e-01,1.001910120248794556e-01,2.152640372514724731e-01,3.352942317724227905e-02,-2.092221826314926147e-01,-1.588798910379409790e-01,-3.962308913469314575e-02,-7.619495689868927002e-02,-9.973017126321792603e-02,1.884768158197402954e-01,-5.747774988412857056e-02,1.739249080419540405e-01,5.956409871578216553e-02,-1.201431155204772949e-01,1.997506022453308105e-01,-2.250017672777175903e-01,2.347219735383987427e-01,-1.689267754554748535e-01,1.259769499301910400e-01,3.969848155975341797e-02,5.961513891816139221e-02,-8.784330449998378754e-03,3.930465131998062134e-02,6.796299666166305542e-02,-5.857442319393157959e-02,-3.634963557124137878e-02,3.234649300575256348e-01,-2.058181464672088623e-01,-8.902243338525295258e-03,-6.252786144614219666e-03,-1.599641293287277222e-01,1.171741336584091187e-01,7.739017158746719360e-02,-1.835935413837432861e-01,-1.209819316864013672e-02,-2.231141366064548492e-02,-3.520274907350540161e-02,-1.886743754148483276e-01,-1.285521686077117920e-01,-1.360827684402465820e-01
-4.813820496201515198e-02,-2.171272039413452148e-02,2.057491987943649292e-01,-1.258765459060668945e-01,7.846464216709136963e-02,-1.008974239230155945e-01,7.780294399708509445e-03,4.951440915465354919e-02,1.733014136552810669e-01,1.862289458513259888e-01,-1.229366958141326904e-01,2.056059539318084717e-01,1.481985449790954590e-01,2.770319879055023193e-01,-1.138842776417732239e-01,8.588913828134536743e-03,8.159343153238296509e-02,-7.473871856927871704e-02,1.009583920240402222e-01,-7.982502877712249756e-02,1.070222184062004089e-01,4.486822336912155151e-02,-8.009483665227890015e-02,1.659373044967651367e-01,1.092750132083892822e-01,-4.649572074413299561e-02,4.487575590610504150e-02,2.259344011545181274e-01,-7.042018324136734009e-02,1.061002314090728760e-01,-1.114658191800117493e-01,1.497900485992431641e-01,-2.239630185067653656e-02,-6.525209546089172363e-02,-5.283458530902862549e-02,-1.449646055698394775e-01,2.865875065326690674e-01,-1.234287768602371216e-01,-8.500733971595764160e-02,-7.997210323810577393e-02,-4.942696914076805115e-02,1.166062057018280029e-01,9.493302553892135620e-02,-1.367673426866531372e-01,1.709957122802734375e-01,1.912017315626144409e-01,-1.992017626762390137e-01,-1.234752312302589417e-02,-1.706541478633880615e-01,1.443784236907958984e-01,4.806017130613327026e-02,3.211176395416259766e-01,1.703144013881683350e-01,-1.360827684402465820e-01
-6.346471607685089111e-02,-1.803758591413497925e-01,8.108995854854583740e-02,-7.913517951965332031e-02,8.123604580760002136e-03,1.432354911230504513e-03,4.837328940629959106e-02,1.945814117789268494e-02,8.030880987644195557e-02,6.669246405363082886e-02,-1.837410777807235718e-01,2.071746736764907837e-01,9.588796645402908325e-02,2.011673338711261749e-02,5.417139455676078796e-02,-1.268390268087387085e-01,6.468061357736587524e-02,-2.001932561397552490e-01,4.200535267591476440e-02,5.052075162529945374e-02,7.247345149517059326e-02,-1.369725912809371948e-01,-1.653961092233657837e-01,1.427844166755676270e-01,4.061053320765495300e-02,-5.844541639089584351e-02,1.595750600099563599e-01,-2.163866609334945679e-01,-1.581330299377441406e-01,6.640172749757766724e-02,-3.622460067272186279e-01,3.168786764144897461e-01,6.439722143113613129e-03,-7.288584858179092407e-02,-2.041401527822017670e-02,1.318349391222000122e-01,-1.241306886076927185e-01,3.030405379831790924e-02,2.638256736099720001e-02,2.628258801996707916e-02,-1.304652690887451172e-01,-1.520330365747213364e-02,-2.146424204111099243e-01,1.328062266111373901e-01,-2.115900665521621704e-01,-7.671179622411727905e-02,3.895541653037071228e-02,2.220974713563919067e-01,5.464485287666320801e-02,-1.931765377521514893e-01,-1.679105460643768311e-01,-2.190407365560531616e-01,-1.206389367580413818e-01,-1.360827684402465820e-01
-6.069203093647956848e-02,-1.133482456207275391e-01,9.579937160015106201e-02,-2.758491039276123047e-01,5.621256679296493530e-02,2.505641803145408630e-02,2.675711810588836670e-01,1.708114147186279297e-01,-3.344629406929016113e-01,-2.522128820419311523e-01,-2.611971274018287659e-02,2.119453549385070801e-01,-1.821348629891872406e-02,-1.931159570813179016e-02,1.738096922636032104e-01,-8.513703942298889160e-02,-2.187535725533962250e-02,2.157422900199890137e-02,9.660447388887405396e-02,-6.600373238325119019e-02,1.246933937072753906e-01,2.361593544483184814e-01,5.298298224806785583e-02,8.405727148056030273e-02,-1.886138170957565308e-01,-1.497933864593505859e-01,-1.347253024578094482e-01,9.908717125654220581e-02,-1.005034148693084717e-01,-1.114528104662895203e-01,1.924657970666885376e-01,3.674911707639694214e-02,1.312978267669677734e-01,1.165635734796524048e-01,-2.504744529724121094e-01,9.889076650142669678e-02,-2.595702931284904480e-02,-7.827301323413848877e-02,5.941485241055488586e-02,1.788850724697113037e-01,-4.828959703445434570e-02,1.295447051525115967e-01,-7.869810611009597778e-02,1.101450342684984207e-02,-2.518532564863562584e-03,1.088657751679420471e-01,7.637827843427658081e-02,-3.533869609236717224e-02,2.314226478338241577e-01,1.587622463703155518e-01,4.161558672785758972e-02,1.878512464463710785e-02,-4.759779945015907288e-02,-1.360827684402465820e-01
-5.607543140649795532e-02,1.230456680059432983e-01,1.790299266576766968e-01,-1.053462624549865723e-01,1.179288625717163086e-01,7.271842658519744873e-02,1.652743220329284668e-01,-1.681634597480297089e-02,-5.688731744885444641e-02,-1.322347968816757202e-01,-1.228300556540489197e-01,4.495255649089813232e-02,2.680366933345794678e-01,-3.484774008393287659e-02,-9.578161686658859253e-02,-2.373693734407424927e-01,8.710274100303649902e-02,7.543788105249404907e-02,6.257071346044540405e-02,2.331207245588302612e-01,3.513335436582565308e-02,-1.154786944389343262e-01,2.900642575696110725e-03,-1.249916180968284607e-01,1.780389808118343353e-02,-2.601936459541320801e-01,-3.876171074807643890e-03,-2.218562513589859009e-01,8.592785894870758057e-02,1.057978123426437378e-01,2.239442914724349976e-01,-2.245506495237350464e-01,7.791478186845779419e-02,-2.201888263225555420e-01,6.382247805595397949e-02,-8.461675047874450684e-02,-1.943571567535400391e-01,8.534032851457595825e-02,-6.453886628150939941e-02,-1.102788448333740234e-01,-4.879418760538101196e-02,2.111118435859680176e-01,1.624362915754318237e-01,-1.331871747970581055e-02,-2.227529883384704590e-02,-1.304851323366165161e-01,-5.608265846967697144e-02,-5.544570833444595337e-02,-2.485388070344924927e-01,-2.096138447523117065e-01,1.425719559192657471e-01,-2.421102859079837799e-02,8.750002086162567139e-02,-1.360827684402465820e-01
-6.775642931461334229e-02,-8.186794072389602661e-02,9.103608876466751099e-02,1.504305154085159302e-01,2.036013007164001465e-01,1.886923760175704956e-01,2.200596928596496582e-01,-1.805375888943672180e-02,1.745984852313995361e-01,-3.011330775916576385e-02,1.385901123285293579e-01,2.756070494651794434e-01,1.587352752685546875e-01,-6.975622475147247314e-02,-1.610734462738037109e-01,1.920705661177635193e-02,1.411934383213520050e-02,5.900509282946586609e-02,-1.198113081045448780e-03,-9.085661172866821289e-02,6.705981492996215820e-02,1.553877070546150208e-02,2.033465653657913208e-01,-2.412820011377334595e-01,1.073886230587959290e-01,4.570334777235984802e-02,7.699202746152877808e-02,6.608402729034423828e-02,2.957590520381927490e-01,-8.540733158588409424e-02,-1.869775801897048950e-01,-2.151261866092681885e-01,-9.346515685319900513e-02,2.757484838366508484e-02,4.886862263083457947e-02,1.166658848524093628e-01,-1.898841932415962219e-02,8.478448726236820221e-03,1.700572818517684937e-01,-2.005281001329421997e-01,-5.433337390422821045e-02,-6.027508154511451721e-02,-2.232755273580551147e-01,-8.984350413084030151e-02,1.652608662843704224e-01,-1.131450086832046509e-01,1.083159446716308594e-01,1.484575122594833374e-01,2.333325296640396118e-01,1.424147039651870728e-01,-3.428741544485092163e-02,6.903597712516784668e-02,1.549135148525238037e-02,-1.360827684402465820e-01
-6.810719519853591919e-02,-9.157766401767730713e-02,4.523880407214164734e-02,1.483242213726043701e-01,2.902788221836090088e-01,1.095333322882652283e-01,1.870088726282119751e-01,9.069159626960754395e-02,7.340026088058948517e-03,-9.837871044874191284e-02,5.616723001003265381e-02,5.308413878083229065e-02,5.072618275880813599e-02,1.117161810398101807e-01,-3.755262121558189392e-02,5.660290643572807312e-02,-6.693445891141891479e-02,1.872569471597671509e-01,6.983301788568496704e-02,3.133713901042938232e-01,-1.255537867546081543e-01,3.603988885879516602e-02,1.432193815708160400e-01,5.947491526603698730e-02,9.154858440160751343e-02,2.457833141088485718e-01,-4.431323707103729248e-02,3.198975324630737305e-01,-1.725774109363555908e-01,4.545279964804649353e-02,-7.408193498849868774e-02,2.904431894421577454e-02,-1.537428200244903564e-01,-2.311791852116584778e-02,6.108561903238296509e-02,8.605802804231643677e-02,-1.284749507904052734e-01,1.068124771118164062e-01,-1.222854480147361755e-01,2.810622453689575195e-01,1.301850080490112305e-01,-2.293940037488937378e-01,1.942360997200012207e-01,1.202348619699478149e-01,-1.926287859678268433e-01,1.064834743738174438e-01,1.109807752072811127e-02,-2.955941297113895416e-02,-1.905077844858169556e-01,-9.807763621211051941e-03,-5.589200928807258606e-02,-7.678610831499099731e-02,2.824703790247440338e-02,-1.360827684402465820e-01
-8.629187196493148804e-02,-2.648959755897521973e-01,-7.705493271350860596e-02,8.054611831903457642e-02,8.178882300853729248e-02,1.114735007286071777e-01,1.168519109487533569e-01,-6.559970974922180176e-02,2.164880484342575073e-01,-1.691033989191055298e-01,-3.763799369335174561e-02,-2.284458875656127930e-01,-1.210117340087890625e-01,-7.050755620002746582e-02,1.092326827347278595e-02,-1.025842726230621338e-01,-8.544423431158065796e-02,6.810571998357772827e-02,2.862423360347747803e-01,3.193856030702590942e-02,-2.336633652448654175e-01,1.362072527408599854e-01,-1.488382816314697266e-01,-1.569837704300880432e-02,1.135714538395404816e-02,-4.063667356967926025e-02,-1.088981330394744873e-01,-1.042541339993476868e-01,1.480847001075744629e-01,-4.349885042756795883e-03,-7.143997400999069214e-02,-5.378277972340583801e-02,2.534950971603393555e-01,-5.806488916277885437e-02,-1.765817701816558838e-01,-2.132294178009033203e-01,2.694052159786224365e-01,-2.139874547719955444e-01,2.603270485997200012e-02,-2.059918828308582306e-02,2.674402594566345215e-01,-6.827929057180881500e-03,-6.664502620697021484e-02,9.810978174209594727e-02,-6.307175755500793457e-02,-2.566087245941162109e-02,-1.379780620336532593e-01,3.249505907297134399e-02,3.895043954253196716e-02,-1.738211661577224731e-01,-1.852706223726272583e-01,9.915485233068466187e-02,1.174122747033834457e-02,-1.360827684402465820e-01
-8.991656452417373657e-02,-1.686589568853378296e-01,3.203279152512550354e-02,5.065928399562835693e-02,2.356166690587997437e-01,1.327195614576339722e-01,-3.365926817059516907e-02,-6.976719945669174194e-02,9.515158087015151978e-02,-2.118862420320510864e-01,-4.801916424185037613e-03,-2.684631347656250000e-01,-2.114554345607757568e-01,3.274203091859817505e-02,-4.130678251385688782e-02,1.060788407921791077e-01,-6.417192053049802780e-03,-1.228018850088119507e-01,1.326762437820434570e-01,-1.672255098819732666e-01,9.133109450340270996e-02,-9.471157193183898926e-02,-3.880411386489868164e-02,8.087456971406936646e-02,1.914824843406677246e-01,-1.885110139846801758e-01,-5.611490458250045776e-02,-1.849851459264755249e-01,-1.601623296737670898e-01,8.257486671209335327e-02,-1.153018977493047714e-02,2.462645247578620911e-02,-1.180211678147315979e-01,-7.046940922737121582e-02,1.039031073451042175e-01,3.746413439512252808e-02,1.127463486045598984e-02,2.199048548936843872e-01,2.285261899232864380e-01,2.301016449928283691e-02,-2.111151814460754395e-02,3.603403270244598389e-02,6.468585133552551270e-02,-2.783999443054199219e-01,1.053569689393043518e-01,1.768378317356109619e-01,3.112196177244186401e-02,-1.643200069665908813e-01,-4.197891801595687866e-02,2.252069115638732910e-01,1.696171760559082031e-01,-1.936499029397964478e-01,-2.091675549745559692e-01,-1.360827684402465820e-01
-1.000953614711761475e-01,-8.986784517765045166e-02,2.400222234427928925e-03,-5.856510251760482788e-02,1.747836321592330933e-01,-3.920955955982208252e-02,-9.967392310500144958e-03,4.915359895676374435e-03,-5.630937963724136353e-02,-1.018677055835723877e-01,-1.054697320796549320e-03,-2.764685451984405518e-01,-1.438512504100799561e-01,1.948317438364028931e-01,-8.809863030910491943e-02,4.547667875885963440e-02,-7.969289273023605347e-02,-1.032715365290641785e-01,-1.152905300259590149e-01,3.685750812292098999e-02,1.046863794326782227e-01,-1.122866049408912659e-01,6.670121103525161743e-02,2.429036349058151245e-01,-1.545715779066085815e-01,1.797598302364349365e-01,1.353682577610015869e-01,-2.990148030221462250e-02,-4.696719720959663391e-02,-1.548384875059127808e-01,-3.239840269088745117e-02,-8.931917697191238403e-02,1.441098898649215698e-01,8.525928109884262085e-02,1.695185303688049316e-01,3.186250925064086914e-01,-5.814154818654060364e-02,2.058705501258373260e-02,-1.657470017671585083e-01,9.280214458703994751e-02,4.462650790810585022e-02,1.694027185440063477e-01,-1.040473356842994690e-01,-1.073088198900222778e-01,1.879263967275619507e-01,-3.361553549766540527e-01,-1.270473003387451172e-01,5.841297656297683716e-02,5.482759699225425720e-02,-1.729940623044967651e-01,2.776414714753627777e-02,2.515883743762969971e-01,1.545062810182571411e-01,-1.360827684402465820e-01
-1.054444387555122375e-01,-1.300332993268966675e-01,-2.372099459171295166e-02,8.713796734809875488e-03,2.059840112924575806e-01,-1.265275925397872925e-01,1.527719292789697647e-02,1.866655307821929455e-03,-4.336041398346424103e-03,-6.895561516284942627e-02,9.979048371315002441e-02,-2.858707606792449951e-01,1.864058896899223328e-02,9.925014525651931763e-02,-9.849691390991210938e-02,2.489184215664863586e-02,8.426583558320999146e-02,-1.851403415203094482e-01,-1.339551806449890137e-01,-3.114123940467834473e-01,-6.829387042671442032e-03,8.800943195819854736e-02,7.589911669492721558e-02,-2.624925076961517334e-01,-1.585528403520584106e-01,7.650583982467651367e-03,1.705217510461807251e-01,3.128472343087196350e-02,2.770854160189628601e-02,-1.027958244085311890e-01,3.474268689751625061e-02,7.149866968393325806e-02,-2.760631032288074493e-03,-4.703295603394508362e-02,-1.035592332482337952e-01,-4.038337990641593933e-02,-5.752467084676027298e-03,-1.432733982801437378e-01,-1.270516961812973022e-01,-1.412828713655471802e-01,-2.748052775859832764e-01,-2.915699267759919167e-03,4.210554435849189758e-02,2.671351432800292969e-01,-2.093405425548553467e-01,1.484203338623046875e-01,2.817863225936889648e-01,-1.467193011194467545e-02,-2.001633942127227783e-01,-6.721531040966510773e-03,3.424235805869102478e-02,-8.354818075895309448e-02,2.277528196573257446e-01,-1.360827684402465820e-01
-1.026501581072807312e-01,7.353230565786361694e-02,8.854901045560836792e-02,6.091710180044174194e-02,2.490445673465728760e-01,-7.078674435615539551e-02,-1.283047199249267578e-01,-1.137817129492759705e-01,-1.638124883174896240e-01,1.085901353508234024e-02,4.686821252107620239e-02,-6.678564846515655518e-02,2.895278669893741608e-02,2.244333624839782715e-01,3.429645895957946777e-01,-1.106107458472251892e-01,9.591960161924362183e-02,3.704408928751945496e-02,-1.218490228056907654e-01,-1.136488690972328186e-01,-1.666932255029678345e-01,-1.426808834075927734e-01,-3.872357308864593506e-02,-5.224881693720817566e-02,3.313399851322174072e-02,-1.822903454303741455e-01,1.000310480594635010e-01,2.514781355857849121e-01,6.424266844987869263e-02,6.374865770339965820e-02,1.738094240427017212e-01,6.289509683847427368e-02,-2.019987553358078003e-01,-4.148524999618530273e-02,-8.159141987562179565e-02,-1.753582246601581573e-02,-1.468452066183090210e-02,-6.756859272718429565e-02,-2.584704756736755371e-02,-1.840902268886566162e-01,-3.340736962854862213e-03,-1.771741658449172974e-01,2.011602185666561127e-02,-7.637352496385574341e-02,-7.857700437307357788e-02,-1.829098314046859741e-01,-2.376944869756698608e-01,-9.437710791826248169e-02,2.394128292798995972e-01,-1.103455871343612671e-01,-1.504335254430770874e-01,4.161986336112022400e-02,-2.772435247898101807e-01,-1.360827684402465820e-01
-1.085587218403816223e-01,3.712314739823341370e-02,9.120592474937438965e-02,1.895083934068679810e-01,2.614808380603790283e-01,8.503269404172897339e-02,-1.672926843166351318e-01,-2.664750516414642334e-01,4.298780113458633423e-02,1.922024935483932495e-01,8.669006079435348511e-02,1.144142001867294312e-01,-4.682816565036773682e-02,7.945916801691055298e-02,3.079284727573394775e-01,-3.600657358765602112e-02,6.495384965091943741e-03,1.489589661359786987e-01,-1.345522105693817139e-01,9.571422636508941650e-02,7.607606053352355957e-02,1.285478025674819946e-01,-3.066148161888122559e-01,-4.157591983675956726e-02,-3.010797500610351562e-01,6.583061814308166504e-02,-1.240631118416786194e-01,-1.668550223112106323e-01,1.092613711953163147e-01,5.555459111928939819e-02,-1.761221513152122498e-02,9.952245652675628662e-02,9.642045013606548309e-03,1.726617813110351562e-01,2.195191197097301483e-02,-9.436680376529693604e-02,-3.257446363568305969e-02,1.140614375472068787e-01,2.081405930221080780e-02,8.043906092643737793e-02,1.246216148138046265e-01,1.796060800552368164e-01,3.917711600661277771e-02,7.651638984680175781e-02,6.852354854345321655e-02,6.568558164872229099e-04,7.833831012248992920e-02,1.826629787683486938e-01,-3.234838694334030151e-02,1.819056719541549683e-01,1.594651937484741211e-01,-8.201812207698822021e-02,1.689057946205139160e-01,-1.360827684402465820e-01
-1.484792232513427734e-01,-2.720322906970977783e-01,-1.868583410978317261e-01,-5.790897458791732788e-02,-1.628413945436477661e-01,-2.273571044206619263e-01,-3.726191818714141846e-02,-4.761556088924407959e-01,9.470197558403015137e-02,-2.920744754374027252e-02,8.054397255182266235e-02,-2.137847011908888817e-03,1.858522742986679077e-01,-4.321948066353797913e-02,-1.846626517362892628e-03,-1.558743650093674660e-03,9.147778153419494629e-02,2.013455377891659737e-03,-1.777481436729431152e-01,2.319462001323699951e-01,2.435986101627349854e-01,7.253042608499526978e-02,-1.491234451532363892e-02,1.587736457586288452e-01,1.265061795711517334e-01,8.622775226831436157e-02,-2.143443077802658081e-01,8.854416012763977051e-02,-1.068124324083328247e-01,-1.922795735299587250e-02,2.482878118753433228e-01,-8.213836699724197388e-02,-6.898776441812515259e-02,-1.930584162473678589e-01,-5.622998997569084167e-02,7.515057921409606934e-02,5.951325222849845886e-02,-7.794402074068784714e-03,1.493591368198394775e-01,-5.716356262564659119e-02,-4.954292997717857361e-02,-7.249443233013153076e-02,-4.809745401144027710e-02,-2.486950904130935669e-02,-3.117245854809880257e-03,2.754135057330131531e-02,1.852725893259048462e-01,-8.222562260925769806e-03,3.964729979634284973e-02,-7.655877619981765747e-02,-8.591558039188385010e-02,7.446484267711639404e-02,2.720523066818714142e-02,-1.360827684402465820e-01
-1.445403993129730225e-01,1.873299628496170044e-01,4.199933260679244995e-02,-2.143626362085342407e-01,-2.447023242712020874e-02,-6.997406017035245895e-03,-1.114319562911987305e-01,-3.764763176441192627e-01,-2.260811179876327515e-01,-9.376192092895507812e-02,1.192545071244239807e-01,1.961179776117205620e-03,-1.645294874906539917e-01,-1.264196336269378662e-01,-1.531355530023574829e-01,-9.705407172441482544e-02,1.946040615439414978e-02,-1.921391636133193970e-01,-3.226495161652565002e-02,8.458442986011505127e-02,8.476841449737548828e-02,8.253104239702224731e-02,2.383901327848434448e-01,4.826755449175834656e-02,2.089060693979263306e-01,-2.436627075076103210e-02,6.270769238471984863e-02,1.048744022846221924e-01,2.454859912395477295e-01,-1.068882122635841370e-01,-2.868137061595916748e-01,2.681662328541278839e-02,2.181907743215560913e-02,2.552417516708374023e-01,-8.951363712549209595e-02,-2.471515536308288574e-01,-6.670314073562622070e-02,6.646856665611267090e-02,-8.293083310127258301e-02,8.853316307067871094e-02,5.996697023510932922e-02,4.856674745678901672e-02,3.217772021889686584e-02,2.066407352685928345e-02,-2.964402548968791962e-02,1.150361448526382446e-01,-1.487292945384979248e-01,8.102694898843765259e-02,-9.889402240514755249e-02,-5.998907610774040222e-02,1.824083365499973297e-02,-6.806811690330505371e-02,-1.165460348129272461e-01,-1.360827684402465820e-01
-1.353591680526733398e-01,2.004036158323287964e-01,2.083260752260684967e-02,-1.215557977557182312e-01,-3.935856372117996216e-02,-3.312319517135620117e-02,3.233264014124870300e-02,-2.839855849742889404e-01,3.087508305907249451e-02,1.124216690659523010e-01,5.131767317652702332e-02,9.230170398950576782e-02,-2.670027501881122589e-02,1.090873777866363525e-02,-5.926386639475822449e-02,-7.269665598869323730e-02,-2.018336504697799683e-01,4.295504838228225708e-02,4.055217280983924866e-02,-2.566509544849395752e-01,-5.737380683422088623e-02,-7.627481967210769653e-02,1.443873047828674316e-01,-1.706597954034805298e-01,-1.386027783155441284e-01,7.230632752180099487e-02,-1.119126975536346436e-01,-1.594427078962326050e-01,-1.618832200765609741e-01,1.124549657106399536e-01,-2.951667085289955139e-02,-5.750079080462455750e-02,1.691992282867431641e-01,-3.109183311462402344e-01,1.767631471157073975e-01,1.204875856637954712e-01,-2.957062236964702606e-02,-9.219820797443389893e-02,-1.108913915231823921e-03,2.524374425411224365e-01,-9.339937567710876465e-02,-1.524856388568878174e-01,-1.399285439401865005e-02,2.394368350505828857e-01,1.157985925674438477e-01,5.767150595784187317e-02,-2.916869521141052246e-01,-1.296717226505279541e-01,7.193236052989959717e-02,1.876038163900375366e-01,-1.436558514833450317e-01,-3.242256119847297668e-02,1.136249862611293793e-02,-1.360827684402465820e-01
-1.381840258836746216e-01,1.627030074596405029e-01,-5.289772152900695801e-02,-8.126334846019744873e-02,-4.839833453297615051e-02,-2.573802322149276733e-02,1.087656766176223755e-01,-1.348555386066436768e-01,-5.367612093687057495e-02,2.374754399061203003e-01,-1.261343657970428467e-01,9.917969256639480591e-02,-1.418861299753189087e-01,5.388062819838523865e-02,3.913965821266174316e-02,-5.854574218392372131e-02,-3.327618241310119629e-01,1.387406699359416962e-02,-8.327573537826538086e-03,-8.127672597765922546e-03,-3.051346242427825928e-01,-6.926464289426803589e-02,3.411654010415077209e-02,-1.018462777137756348e-01,9.908915311098098755e-02,3.819608688354492188e-02,5.789937824010848999e-02,1.057784035801887512e-01,-2.268878221511840820e-01,1.527847908437252045e-02,-1.344848275184631348e-01,-1.006938368082046509e-01,-7.626955397427082062e-03,7.315663620829582214e-03,-1.767341643571853638e-01,1.628702729940414429e-01,1.902066618204116821e-01,3.880594670772552490e-02,7.955489307641983032e-02,-1.694769114255905151e-01,1.507101505994796753e-01,2.246607542037963867e-01,-2.637970820069313049e-02,-5.738408118486404419e-02,-6.679197400808334351e-02,-7.681131362915039062e-02,3.554999828338623047e-01,-1.634537428617477417e-01,-2.291039004921913147e-02,-1.305304616689682007e-01,2.536753714084625244e-01,-2.329782769083976746e-02,-2.280035801231861115e-02,-1.360827684402465820e-01
-1.416323930025100708e-01,2.943428047001361847e-02,-1.080170795321464539e-01,6.405632942914962769e-02,3.199679777026176453e-02,8.419063687324523926e-02,5.323205515742301941e-02,-1.555912569165229797e-02,9.202978014945983887e-02,2.067597657442092896e-01,-1.456277370452880859e-01,1.039520874619483948e-01,-2.135183960199356079e-01,-1.160216853022575378e-01,-1.228067651391029358e-01,5.403722450137138367e-02,-7.815731316804885864e-02,-9.165238589048385620e-02,5.479791015386581421e-02,1.105674207210540771e-01,-3.999467194080352783e-02,2.492884844541549683e-01,1.733763515949249268e-01,2.663734368979930878e-02,-2.042940855026245117e-01,-5.331747978925704956e-02,9.248284250497817993e-02,-1.926948130130767822e-01,-2.515645325183868408e-01,-7.112822681665420532e-02,1.739978790283203125e-01,1.236566454172134399e-01,-1.470851749181747437e-01,1.229399219155311584e-01,2.403858304023742676e-02,-2.825860977172851562e-01,-3.348333835601806641e-01,-1.340605616569519043e-01,3.311536461114883423e-02,-1.601812690496444702e-01,-5.533397197723388672e-02,-1.899835467338562012e-01,1.411886699497699738e-02,-2.490004003047943115e-01,-5.450781807303428650e-02,-9.451670199632644653e-02,-9.052318520843982697e-03,-6.547050178050994873e-02,-5.014845170080661774e-03,6.505340337753295898e-03,-1.126271635293960571e-01,1.979249268770217896e-01,3.621380403637886047e-02,-1.360827684402465820e-01
-1.468758881092071533e-01,-5.231114849448204041e-02,-1.962326020002365112e-01,4.642369970679283142e-02,4.208245873451232910e-02,-1.999715119600296021e-01,9.085742384195327759e-02,4.434217885136604309e-02,-9.814091026782989502e-02,2.885558009147644043e-01,-8.563075214624404907e-02,-4.557044804096221924e-02,-1.685080787865445018e-04,-8.914925158023834229e-02,-5.701067298650741577e-02,2.611351907253265381e-01,8.150954544544219971e-02,-9.826686978340148926e-02,1.903654932975769043e-01,1.752173155546188354e-01,-1.971980743110179901e-02,-4.012112319469451904e-02,5.560709908604621887e-02,-6.213298812508583069e-02,8.626253344118595123e-03,-1.710435748100280762e-01,5.368256568908691406e-02,1.017180755734443665e-01,5.860351771116256714e-02,1.978947669267654419e-01,1.736385524272918701e-01,-6.607174128293991089e-02,2.353527694940567017e-01,1.349277198314666748e-01,5.096428096294403076e-02,1.501257568597793579e-01,1.041169464588165283e-01,-2.495460957288742065e-02,-2.011991441249847412e-01,-8.850385993719100952e-02,1.071619708091020584e-02,-9.246018528938293457e-02,6.311947852373123169e-02,-8.007103949785232544e-02,1.074985861778259277e-01,8.603562414646148682e-02,-1.225079372525215149e-01,2.463560402393341064e-01,1.612619012594223022e-01,4.508978500962257385e-02,5.984445288777351379e-02,-3.994952440261840820e-01,8.677585422992706299e-02,-1.360827684402465820e-01
-1.494681537151336670e-01,2.869740501046180725e-02,-1.501670926809310913e-01,9.823204576969146729e-02,1.205710843205451965e-01,-8.366236090660095215e-02,-2.822605194523930550e-03,9.847205132246017456e-02,-1.623035818338394165e-01,1.496899873018264771e-01,-4.930898081511259079e-03,2.968848869204521179e-02,-2.652827464044094086e-02,-3.399196565151214600e-01,2.693029679358005524e-02,-7.758518308401107788e-02,2.246528565883636475e-01,-2.583355829119682312e-02,1.136721819639205933e-01,5.795421451330184937e-02,-8.538681268692016602e-02,-2.476230859756469727e-01,-1.399237662553787231e-01,-1.571677438914775848e-02,-5.653277039527893066e-02,3.230398520827293396e-02,1.685781180858612061e-01,7.395958155393600464e-02,3.792095184326171875e-02,-5.832691863179206848e-02,1.189873367547988892e-01,-7.599470019340515137e-02,-1.676295511424541473e-02,7.493475079536437988e-02,2.242718189954757690e-01,-2.522390335798263550e-02,1.632054448127746582e-01,-3.057342208921909332e-02,1.695538163185119629e-01,2.529972791671752930e-01,-1.081332787871360779e-01,7.730888575315475464e-02,-2.407752722501754761e-01,9.181161969900131226e-02,1.819197274744510651e-02,1.045457348227500916e-01,9.843098372220993042e-02,-4.477205872535705566e-02,-2.681234180927276611e-01,5.557664483785629272e-02,-5.609448626637458801e-02,2.947570383548736572e-01,-2.329926639795303345e-01,-1.360827684402465820e-01
-1.489213109016418457e-01,-1.974639482796192169e-02,-1.462583094835281372e-01,8.360193669795989990e-02,7.676067203283309937e-02,-1.013569608330726624e-01,-9.207262098789215088e-02,2.143394351005554199e-01,6.977418065071105957e-02,9.333404153585433960e-02,1.374743729829788208e-01,1.230349987745285034e-01,-9.274657815694808960e-02,-3.067139983177185059e-01,-6.122335791587829590e-03,-7.856848835945129395e-02,1.736427545547485352e-01,1.362075507640838623e-01,9.688325226306915283e-02,-2.052753567695617676e-01,1.682040244340896606e-01,-1.133209392428398132e-01,-2.032434754073619843e-02,4.268533363938331604e-02,2.525574713945388794e-02,1.313405632972717285e-01,-3.881203532218933105e-01,3.236642479896545410e-02,-6.916335225105285645e-02,-1.594641506671905518e-01,-1.995456218719482422e-01,3.254973143339157104e-02,-7.791785988956689835e-03,-5.534424912184476852e-03,-3.687314316630363464e-02,3.257250413298606873e-02,-8.734017610549926758e-02,-1.757755875587463379e-02,-1.865327507257461548e-01,-1.777399480342864990e-01,-7.339628040790557861e-02,1.872646510601043701e-01,3.395912945270538330e-01,2.158355526626110077e-02,1.225630380213260651e-02,-8.116860687732696533e-02,-5.516664311289787292e-02,-1.750620007514953613e-01,1.123251020908355713e-01,-1.693137884140014648e-01,2.082051942124962807e-03,-3.201751783490180969e-02,-5.800550058484077454e-02,-1.360827684402465820e-01
-1.426790058612823486e-01,1.660063713788986206e-01,-1.347466856241226196e-01,-4.869352281093597412e-02,-3.823106735944747925e-02,-7.048677187412977219e-03,-6.039807945489883423e-02,1.969920396804809570e-01,-4.317867755889892578e-02,-7.415933534502983093e-03,2.780897170305252075e-02,-3.412003815174102783e-02,-1.929450035095214844e-01,-6.641826033592224121e-02,-1.228258106857538223e-02,-2.398419827222824097e-01,2.690245583653450012e-02,2.411494851112365723e-01,-1.605037716217339039e-03,-1.364102810621261597e-01,7.292246073484420776e-02,1.383640617132186890e-01,3.457989916205406189e-02,3.380517959594726562e-01,2.077102363109588623e-01,-1.029953509569168091e-01,1.487825065851211548e-01,-9.816194325685501099e-02,6.737671047449111938e-02,1.660374850034713745e-01,4.459391161799430847e-02,-7.299449294805526733e-02,-1.713006943464279175e-01,-9.466435760259628296e-02,-1.485322974622249603e-02,-4.121935740113258362e-02,2.090548574924468994e-01,1.622304320335388184e-01,4.760221019387245178e-02,5.204403772950172424e-02,-7.943038642406463623e-02,-2.452871054410934448e-01,-4.041398409754037857e-03,1.524625122547149658e-01,-1.087363362312316895e-01,-2.263770103454589844e-01,5.899246782064437866e-02,1.420478224754333496e-01,7.402660697698593140e-02,1.026040837168693542e-01,1.102455556392669678e-01,-2.792268525809049606e-03,3.219844102859497070e-01,-1.360827684402465820e-01
-1.493891179561614990e-01,3.354410454630851746e-02,-2.575762569904327393e-01,-3.054555319249629974e-02,-5.406865850090980530e-02,-1.186400651931762695e-01,5.243991315364837646e-02,2.555935084819793701e-01,-9.496120363473892212e-02,4.681098461151123047e-02,6.084401160478591919e-02,-7.681655138731002808e-02,4.883867502212524414e-02,1.520056873559951782e-01,-1.479123681783676147e-01,4.626157879829406738e-02,4.698932915925979614e-02,1.408221274614334106e-01,-3.194466531276702881e-01,1.369762569665908813e-01,-6.479428708553314209e-02,1.636845469474792480e-01,-1.616164743900299072e-01,-1.289067119359970093e-01,-7.548912614583969116e-02,6.209044530987739563e-02,1.138784214854240417e-01,-1.465150564908981323e-01,1.485944539308547974e-01,1.023674979805946350e-01,-2.273269891738891602e-01,-4.326694458723068237e-02,-5.591655895113945007e-02,-2.500298321247100830e-01,-2.815258502960205078e-01,-8.954104781150817871e-02,-7.074407488107681274e-02,5.403529107570648193e-02,-1.215417683124542236e-02,2.216330468654632568e-01,-3.409660235047340393e-02,8.240108191967010498e-02,-2.158613502979278564e-02,-2.703307867050170898e-01,1.810372769832611084e-01,9.950689226388931274e-02,-1.997656188905239105e-02,-1.146728843450546265e-01,4.699277132749557495e-02,-4.292956087738275528e-03,-1.309244334697723389e-01,-6.337432563304901123e-02,-1.321886926889419556e-01,-1.360827684402465820e-01
-1.430734843015670776e-01,2.829888463020324707e-01,-1.261063814163208008e-01,-6.791732460260391235e-02,-7.754898071289062500e-02,2.144089527428150177e-02,3.013271605595946312e-03,1.041770800948143005e-01,9.893101640045642853e-03,-2.188915312290191650e-01,3.018160909414291382e-02,-7.541228085756301880e-02,7.836672663688659668e-02,-2.079406287521123886e-03,-9.550276398658752441e-02,-6.623184680938720703e-02,-5.648817867040634155e-02,1.448369026184082031e-01,-4.117823392152786255e-02,-1.516969688236713409e-02,1.505823284387588501e-01,1.485131084918975830e-01,-1.370262205600738525e-01,-1.732891499996185303e-01,7.604267448186874390e-02,9.958987683057785034e-02,-4.395466297864913940e-03,1.965484814718365669e-03,6.331238150596618652e-02,1.241981089115142822e-01,8.802668005228042603e-02,4.582023620605468750e-01,1.263163387775421143e-01,8.290193229913711548e-02,2.281767427921295166e-01,2.872113585472106934e-01,-4.271671175956726074e-02,-1.280390024185180664e-01,1.135975420475006104e-01,-2.487321794033050537e-01,2.350909262895584106e-01,-1.051696836948394775e-01,-2.780286408960819244e-02,-3.218292444944381714e-02,-2.583529613912105560e-02,1.437294483184814453e-01,-1.024542935192584991e-02,7.762668281793594360e-02,-8.366647362709045410e-02,-6.720343232154846191e-02,1.038577035069465637e-01,1.158113703131675720e-01,-1.210196614265441895e-01,-1.360827684402465820e-01
-1.438575536012649536e-01,1.954750120639801025e-01,-1.860614567995071411e-01,-3.559752926230430603e-02,-1.671228259801864624e-01,9.495878964662551880e-02,5.850331857800483704e-02,9.419763833284378052e-02,1.268402636051177979e-01,-1.598192900419235229e-01,-7.619433850049972534e-02,-4.186782240867614746e-02,2.467835694551467896e-02,2.881400287151336670e-01,4.024926200509071350e-02,4.726931080222129822e-02,-8.028788119554519653e-02,7.092578709125518799e-02,8.512463420629501343e-02,-5.364498496055603027e-02,2.473182529211044312e-01,-3.429441750049591064e-01,-3.788491338491439819e-02,-1.361505240201950073e-01,-1.195670943707227707e-02,1.286415606737136841e-01,-1.253703832626342773e-01,1.608789712190628052e-01,-1.301336437463760376e-01,-5.181772261857986450e-02,9.367425739765167236e-02,-9.438734501600265503e-02,-8.678156882524490356e-02,1.560080498456954956e-01,7.543863356113433838e-02,-4.046579003334045410e-01,1.075664721429347992e-02,-1.646031625568866730e-02,-8.502301760017871857e-03,5.210162699222564697e-02,-3.145919367671012878e-02,1.466031074523925781e-01,-2.560549378395080566e-01,-6.079055368900299072e-02,-1.177525445818901062e-01,-3.041873499751091003e-02,-5.663724616169929504e-03,9.911016374826431274e-02,5.046517029404640198e-02,-4.629353861673735082e-05,-1.080407425761222839e-01,-2.009849697351455688e-01,9.664639830589294434e-02,-1.360827684402465820e-01
-1.595054566860198975e-01,-3.850600123405456543e-02,-2.440315932035446167e-01,9.426730871200561523e-02,-1.723559945821762085e-01,1.636880338191986084e-01,-4.826865345239639282e-02,1.341454237699508667e-01,7.310306280851364136e-02,-2.646972239017486572e-02,-4.105366393923759460e-02,1.483168452978134155e-01,5.611198022961616516e-02,1.649218946695327759e-01,1.287447959184646606e-01,3.259939551353454590e-01,7.186072319746017456e-02,-2.675060629844665527e-01,-1.749279946088790894e-01,-2.672876417636871338e-02,-1.152754724025726318e-01,-1.546800951473414898e-03,1.251844912767410278e-01,2.815334871411323547e-02,2.180993109941482544e-01,-2.703697383403778076e-01,-9.818346053361892700e-02,-7.315949350595474243e-02,9.969452768564224243e-02,-4.489799588918685913e-02,4.082479700446128845e-02,8.923567831516265869e-03,-5.055959150195121765e-02,-1.863096840679645538e-02,2.103997394442558289e-03,5.145602673292160034e-02,-1.444220095872879028e-01,-9.851940721273422241e-02,4.903611913323402405e-02,1.075772196054458618e-01,2.104999274015426636e-01,1.607473343610763550e-01,1.103400811553001404e-01,3.743765950202941895e-01,2.446496300399303436e-02,-1.385669857263565063e-01,-4.323286563158035278e-02,-1.469951774924993515e-02,-6.857983767986297607e-02,1.151315867900848389e-01,7.207842916250228882e-02,1.443861275911331177e-01,-2.743894234299659729e-02,-1.360827684402465820e-01
-1.465977579355239868e-01,3.061449825763702393e-01,-9.317580610513687134e-02,6.477699428796768188e-02,-1.129275858402252197e-01,2.494924515485763550e-01,-1.978183388710021973e-01,-2.350757084786891937e-02,1.194796636700630188e-01,-1.813351362943649292e-01,1.181259285658597946e-02,-6.661380175501108170e-03,3.787149190902709961e-01,-5.316651612520217896e-02,1.992548704147338867e-01,9.731931984424591064e-02,-8.787059225142002106e-03,-1.831779479980468750e-01,1.897297799587249756e-01,2.217612927779555321e-04,-1.964035779237747192e-01,1.005394682288169861e-01,-5.203198641538619995e-02,2.326365113258361816e-01,-2.155277580022811890e-01,3.702868521213531494e-02,5.681123584508895874e-02,1.362771354615688324e-02,2.547984011471271515e-02,-2.009883522987365723e-01,-8.672632277011871338e-02,-1.212843507528305054e-01,1.064890995621681213e-01,-1.418736483901739120e-02,-6.983894109725952148e-02,1.226434111595153809e-01,8.867271244525909424e-02,1.735879927873611450e-01,-7.372175157070159912e-02,-4.414139315485954285e-02,-2.214382737874984741e-01,-1.598518490791320801e-01,6.432287395000457764e-02,-1.600517481565475464e-01,-1.142305508255958557e-02,1.347400099039077759e-01,3.488439694046974182e-02,-4.695561155676841736e-02,6.108285859227180481e-03,-4.616570845246315002e-02,2.616572426632046700e-03,6.764867430320009589e-05,3.496013581752777100e-02,-1.360827684402465820e-01
