2.712009233512113413e-02,3.703204817246594227e-01,1.339297787097889769e-01,-3.610606937872673505e-02,2.528348274210814317e-01,-1.095743685608646933e-01,5.122353638288598687e-02,3.405843910631580207e-01,-7.463476190623551804e-03,7.380055231384562153e-02,1.922099938268753846e-04,1.409510090906548330e-01,-7.516173519295364647e-02,-2.970236119048633716e-01,-1.395746560657896707e-01,-1.074839390482166396e-01,3.793396880240347546e-02,2.593347532249383192e-01,-1.581906442538021651e-01,-3.138752301909611409e-01,-5.544047787809938677e-02,1.170334984944246398e-01,1.512714618611292472e-01,-1.469659881497601371e-02,1.635256482821727808e-01,8.666523593959055138e-02,7.882239144600175496e-02,-1.724252151941725597e-02,-5.512846389579382361e-02,-1.164630044495957167e-01,2.560408820117260689e-02,-3.723246572908268243e-02,8.228982898846411154e-02,1.076303079416816993e-01,6.801820787288410941e-02,-1.004148587190385605e-01,-2.954785525556897011e-02,8.387434194873363835e-02,-1.037658552663911771e-01,-7.653467292375254472e-02,4.862999639093240623e-02,9.820660545964733645e-02,2.427521698865692940e-02,1.566472134281883533e-01,-1.335079953756566906e-02,1.037703281993594961e-01,-1.991725395308122440e-02,1.038264632247995062e-01,9.448767201871020871e-02,-3.333252640195660116e-02,-5.490617652238240914e-02,-6.767340452224070158e-02,2.626429975133652839e-01,-6.807977491914472823e-02
8.869307595497062657e-02,2.072373217524399736e-01,2.027108517698680834e-02,-2.515556971008032217e-01,1.339110406519627428e-01,-1.116167722019588554e-01,1.316245951855069263e-01,3.356560339813424720e-01,-6.146426689832839262e-03,1.124856493571942673e-01,2.073513525001690044e-03,-7.526438138823524082e-02,3.561880696339667779e-02,-3.975244934773904289e-03,2.447892889141004280e-01,-2.194317318987823173e-01,-6.534566517390814899e-02,-1.907957620185206926e-01,1.284552379774429043e-01,9.612092315300506395e-02,1.730832975054197587e-01,-1.367425642137216554e-02,-2.452674755454725131e-01,-1.241410409605249870e-01,-6.171297571830123424e-02,-1.981963198178491037e-01,2.980629240987953815e-03,1.592532028350203133e-01,7.227512314860981557e-02,-1.567266229784274739e-02,1.333883150761756287e-01,5.908580516107207053e-02,-3.335085507468381338e-02,-3.681634619952626596e-03,-1.964320536783299154e-01,1.197271724100381490e-01,6.688827302947331077e-02,-2.278987457839374287e-01,1.402492623554827678e-01,-1.271048145645010431e-02,-7.621507914455950827e-02,-1.285679278095639699e-01,-5.499123331891288963e-02,-2.199777193033341793e-01,-7.652307764712766580e-02,7.611717501634132632e-02,5.447241194424617267e-02,-1.162563843766501459e-01,-8.600302579342385470e-03,-1.691429487531513967e-02,6.596402981746191108e-02,1.583797562838724637e-01,2.543651288889692275e-01,-7.045264916066412697e-02
1.163709534407653123e-01,1.735603027604410153e-01,3.431280229422262879e-02,-2.334645784737497398e-01,4.996430807218023989e-02,-5.790132992147764557e-02,-5.196632134298998645e-02,8.288126003940851638e-02,-2.077066930043245177e-02,1.635900739967972167e-02,2.637956280177321255e-02,-1.013240736430130878e-01,-1.742546579871538381e-01,-3.697722739425091110e-03,-1.117644975452187078e-01,1.286085523981952417e-01,1.339855236789753157e-01,-1.781856353724460551e-01,-1.137562666633141484e-01,1.803091757675619466e-01,-1.794944039943015546e-01,-1.663221206652771289e-01,4.985979260183436013e-02,2.575476003525788427e-01,-1.271793825040551662e-01,2.094684359862666601e-01,1.170645737267279329e-01,-2.704890904632472615e-01,-6.561653787965715523e-02,1.305909947121082770e-01,-9.227745368422253514e-02,-2.062276412745832899e-01,1.722604077203751180e-02,-2.267926006549983442e-01,-2.281704606005826794e-02,-2.927477328601563004e-03,-9.411803369306102895e-02,1.039364068173380673e-01,1.532632477636739488e-01,4.103441860408642283e-02,-1.102205212419253982e-01,9.069450897071555662e-03,-7.092055596515901839e-02,-7.913939051044105444e-02,2.428679917281586012e-02,-3.351401272105392626e-01,-4.391129532738242275e-02,-1.232118814994593026e-01,-2.130750647666399544e-01,4.664017665263688744e-02,3.871068653704701212e-02,-8.363560115007208362e-02,2.460872602645702567e-01,-7.282552340218126363e-02
1.503928902880312390e-01,1.154364887768790093e-01,8.362795774667643178e-02,-2.564075429757524116e-01,-2.933895260452410933e-02,-1.024590122004673601e-02,-1.109892201024116794e-02,-1.551045657807731959e-01,-2.203485621596406596e-01,5.129659432809935415e-02,1.378994750103415268e-01,-9.184475133755498621e-02,-7.152627767842714701e-02,2.051552039461527477e-01,5.352057327468508902e-02,2.738916431963047127e-01,-1.169204121258651946e-01,-1.119229072010732712e-01,1.348446904584896522e-01,8.386268094990845592e-03,8.004563149672103139e-02,-1.540752629574892174e-01,6.779477938621941702e-02,1.627791939908802277e-01,1.206108426016600649e-01,-1.812999912515191325e-01,-1.163761230334365432e-02,-3.600088123568659371e-02,1.098452316127074974e-01,-1.624039105170485900e-03,-2.293520354332724900e-02,8.158448665116924126e-02,-1.912888614322242054e-01,-4.895072781168492010e-02,1.058797490709658673e-01,-4.567486943082883083e-02,5.640967756140406741e-02,-1.192375061982900025e-01,-2.975063174161201029e-01,1.939857436146934233e-01,1.319109269340216495e-01,7.871642547876293861e-02,8.697860613912369865e-02,1.983568778117831277e-01,2.103974432779887396e-02,2.309336508333084959e-01,2.898859453607492698e-02,1.670694181442073656e-01,1.345280316762485773e-01,3.369388040883665447e-02,9.954144943661015488e-02,-2.237015851040452252e-01,2.378093916401701480e-01,-7.519839764369995461e-02
1.893830384500010400e-01,1.343409018518750553e-01,4.573174261589692952e-02,-1.768006260207027058e-01,-7.400164187272248451e-02,3.000993588762803851e-02,-8.992590798117029716e-02,-2.453315662082153625e-01,-6.796799052842479594e-02,-8.114949871633245215e-02,-3.575423463025328985e-02,1.068105848778329314e-01,-8.251621093836818133e-02,1.290285250221635815e-01,-1.357056575167678580e-01,7.158254250627420212e-02,1.526358223432754679e-01,-2.114896453873925386e-02,-3.906802596617804657e-02,1.232551174046190023e-01,1.861531866356505582e-01,2.799592269732807392e-01,-1.796138315609775715e-02,-1.057328371150083185e-01,-1.452347757654283422e-01,1.191878880742280877e-01,-1.533664104007965712e-01,2.503135168635522434e-01,8.310494014761320158e-02,-1.870035421450532975e-01,-2.837544633069066236e-01,1.280755835442150825e-01,-1.884628746317681264e-02,1.749312739253025550e-01,1.316449102275040750e-01,-4.799045118890282735e-02,-9.243945610286728731e-02,1.588903685439558011e-01,4.306975402533225888e-02,-9.581408340216857056e-02,1.089767472481510541e-01,-5.890258104143504536e-02,-4.008917472941100207e-03,-1.448093530400179074e-01,-2.777117413648644631e-02,3.356326886551880273e-02,-1.476370539423434158e-01,-1.081870977442623075e-02,-1.035339331899488152e-01,4.303316103901386040e-04,-2.883705932537169447e-01,1.880944858550920029e-01,2.295315230157732311e-01,-7.757127188521865946e-02
1.966992817822914019e-01,7.136108710713194581e-02,-4.889118332430703734e-02,-6.747915406750699951e-02,5.292067924072759583e-02,5.382193265862174336e-02,-3.839258387682192158e-02,-2.501811993931837286e-01,-9.015215090518904906e-03,-2.368764238206943207e-01,8.380061148828810147e-02,1.796966437201636679e-01,1.279267831680660772e-01,1.569643361227283929e-02,5.985177013426863646e-02,6.086392273206341769e-02,-5.667607764809688697e-02,1.596956401901194755e-01,4.375722253653149124e-02,-1.563368173889474050e-02,-3.948179680398641311e-01,2.367693191437506284e-01,4.724180918143296160e-02,-1.704232102328936960e-01,-1.835860440739900054e-02,-1.492320258785214716e-02,-1.707104078178048601e-01,3.800530870636138758e-02,1.821005266575909387e-01,2.307365863740806489e-01,2.924369463953573889e-01,1.734950402541895337e-02,-1.270627437845240617e-03,-5.166174670130593838e-02,-2.508912847600544005e-01,9.964115298840990620e-02,6.705274477116132670e-02,1.088347385540729267e-01,2.542844897608666221e-02,-1.118291024619287033e-01,-1.339253813994471277e-02,3.645229556555372452e-02,8.056247238147540290e-02,3.184216147653500667e-02,1.059664821642636173e-01,-1.570973996316159249e-01,1.703763839638090249e-01,-6.756135888988720750e-02,1.347298029009268427e-01,5.435474488229111861e-02,1.546647572011486116e-01,1.768372122627472759e-02,2.212536543913753706e-01,-7.994414612673662879e-02
1.139650911337182215e-01,1.186657547371824245e-01,2.672862671179956559e-02,7.062085091464838371e-02,-1.638321688069142301e-01,1.731626836818247195e-01,3.392586859196349003e-02,-1.020280486335133768e-01,3.700581026590144679e-02,-2.504319412792168076e-01,2.289733178567725930e-02,1.313809313211655172e-01,1.394366195378970719e-01,5.927753954910360001e-02,1.461365892047932769e-01,-9.609833511303832176e-02,1.334647941559765072e-01,1.626782468053084019e-01,2.226533595243236074e-01,1.608496549838582881e-02,1.414158396539547391e-01,-7.592903600006777054e-02,-8.134946037550365439e-02,-3.632518380151174286e-02,6.289610984229683510e-02,-1.365844202561447736e-02,2.755246061796620335e-02,-3.174096302596426250e-02,-4.603673634328057096e-01,-5.711457004606005326e-03,6.236840069258577091e-02,4.055369950064387219e-02,2.382069599872268795e-01,-8.806476378391087101e-02,2.434166827203486927e-01,3.164595278946007173e-02,1.483382500485937727e-01,-4.778444790602343062e-02,-3.270360431118331940e-02,1.846749273437185423e-01,-2.528441334038485921e-01,7.893096509782540626e-02,-2.445610533517346974e-01,6.868602038357199402e-02,-1.134887811966801968e-01,-1.004835240135638491e-01,1.947056390921491492e-02,1.331702285206446887e-02,1.229722927720702927e-03,-1.147810904189539155e-01,-5.739231402712985375e-02,-5.232565712417987930e-02,2.129757857669752619e-01,-8.231702036825307156e-02
1.372677316495509448e-01,-4.957917910836256992e-02,-6.198192564009743361e-02,1.423289815770442668e-01,1.646289733105509856e-01,1.628430912331982894e-01,-1.663985905343501326e-02,-1.127387576836306887e-01,1.062311142797740943e-01,-1.601021448240224354e-01,-5.864946500940085294e-02,2.056997695538363147e-01,2.905956910441925278e-01,8.802835777280136609e-02,-1.049562367531600704e-02,-2.417325366945154153e-01,-1.381564688025946064e-01,8.447730902787745078e-02,-2.721239926848172466e-02,5.617857593036756393e-03,1.279568909978827211e-02,-1.811011137300222729e-01,9.161535886422801644e-02,1.721965902307309448e-01,-1.152419850574646215e-01,-1.150789371610659723e-01,2.022117996688917452e-01,-1.385727393027574306e-01,1.709693374255612797e-01,-7.022802788060290846e-02,-1.249747409845410467e-01,-2.279143363501472397e-01,4.099236318680780922e-02,-3.706589579101027265e-02,8.039492293676946122e-02,-1.117678166559362002e-01,-4.240451526286627415e-02,-1.244919555293406005e-01,1.913328417940964310e-01,-2.148187981287545331e-02,6.116390287215310584e-02,-5.498803830033412859e-02,2.032990039702501917e-01,-1.027343746402247099e-01,1.767212081965484349e-01,2.866895660322585360e-01,-1.507261786129837078e-01,7.362312474754645342e-02,-1.697359430508603995e-01,-1.606588454291056275e-02,1.061185035773722918e-01,6.178734340366178607e-02,2.046979171425768740e-01,-8.468989460977378869e-02
-1.831865932214115505e-02,1.116724303545297142e-01,-1.473227657590726603e-01,1.668748456698166682e-01,1.447066284821945867e-02,9.984536882100183974e-02,6.304461285979798268e-02,8.865512700848608707e-02,2.839935708285442062e-01,4.813864954724697900e-03,-7.122877936348048777e-02,-2.185914848656438092e-01,3.286065227289012292e-01,3.648967051996400424e-02,1.405006521056117452e-01,3.161804584737334944e-02,1.273458699924456261e-01,-8.620644134056504315e-02,-3.839598518500718372e-02,6.261591839333194298e-02,-3.669160558917945042e-02,-1.824124715233508554e-01,8.879103260958143284e-02,-5.651915068382743629e-02,-6.150351880749983791e-02,1.276642505807541461e-01,-4.779538871422789673e-03,-8.810542411823293549e-03,-1.791473065550158450e-01,2.372788400967924816e-01,-1.323846490353963734e-01,1.996095463139318238e-01,-2.052018682743695088e-01,2.304997247803542149e-01,5.491816525283357148e-02,-5.599822413648274794e-02,-2.197826021167240129e-01,-3.513951545928743758e-02,-1.320321254986623893e-01,-1.648457965607427744e-01,3.035612609453856026e-01,-5.620544117165610781e-02,6.534719878818535943e-02,2.411915637270266310e-02,-7.638976544145632819e-02,-9.563013770250934631e-02,1.717091161002903821e-01,-5.082028444245464960e-02,1.125881693711489190e-01,8.210849868237789229e-02,-4.189417995805459760e-02,-5.319965360594829107e-02,1.964200485181792910e-01,-8.706276885129048126e-02
7.009054135050053758e-02,-3.796061373854570098e-02,-1.859136703793625167e-01,1.383248558905835757e-01,-1.392164287169354170e-02,1.766895335220388386e-01,-1.739214506067603139e-01,6.020443967467321855e-02,1.716835099956003363e-01,-4.008566548666864932e-02,-1.835818495269500236e-03,-3.391911775993561307e-01,-1.572628310162095255e-01,1.983858213651702729e-01,5.389961784411641255e-02,-9.489233633086223418e-02,-3.025668464872584562e-01,-4.194310555395176082e-02,-4.274648438383384097e-03,-3.132258833573594026e-01,-2.673987220334706968e-02,5.269609213241408657e-02,4.526360043789130067e-02,-9.985183972558987764e-02,2.665149882885509691e-01,-1.486578465570360073e-02,-3.652947888249204189e-02,-7.397368216601267477e-02,6.030814829390565568e-02,-9.627652224479718579e-02,-8.089663212478304111e-02,1.084920472277454973e-01,-1.647782424662841694e-01,-1.544473677732949475e-02,-1.905519877940754780e-01,-3.477523014900353593e-02,-8.064768538867134184e-02,1.155899169960464129e-01,6.899949253558225470e-02,1.497255686468570712e-01,-2.052237600267086959e-01,7.695341624552766435e-02,-1.665942907224852443e-01,1.073025556063926939e-01,9.343197497036948018e-02,-6.201466953607464444e-02,-1.818641185577893060e-01,-3.325996045338608376e-02,-1.056599945371025084e-01,5.420596526858844494e-02,-1.512747922021090152e-01,1.069399957257401723e-01,1.881421798937800427e-01,-8.943564309280908897e-02
9.400110519461181424e-02,-1.037405960325418763e-01,-1.296310446947912531e-01,1.280361511613458125e-01,-1.582547601671225046e-01,1.943442389081769528e-01,-2.621743446457550086e-01,7.644400932779477770e-03,7.821056102159525125e-02,-6.778912932859769425e-02,4.692109778995009334e-02,-1.450418266466447503e-01,-3.141969193821280704e-01,-1.621912189767818757e-01,-1.106314608535659966e-01,-9.038118002710361643e-02,6.833210856281900225e-02,-3.841497154953450038e-02,-2.150270199718413988e-01,-5.426104648735938923e-02,8.018486742615228702e-02,-1.331943138912219937e-01,-2.538688817085416605e-01,2.646474578822106266e-02,-3.425669822750350146e-01,2.258172514690270360e-01,4.903024250568115833e-02,1.804989323372991061e-01,9.098054091917665009e-02,-7.574092712586057152e-02,1.264686889035190887e-01,3.183692117787759873e-02,1.036504123639319930e-01,-2.572622016523358826e-02,8.279641569980200969e-03,3.795723407190280008e-05,1.469720868719923967e-01,-1.473069623859242505e-01,-8.791964302430628486e-02,-1.343364909310606758e-01,-9.442753840365145437e-03,-6.759956239292966643e-03,-1.569666802764865463e-02,1.153912629247273586e-01,4.475354366926012108e-03,1.080353999546315724e-01,1.121427651617536332e-02,3.354559964430828267e-02,2.196969811379752002e-01,2.316573812404299632e-02,2.367384540185339670e-01,-7.683068530507312921e-02,1.798643112693822654e-01,-9.180851733432733586e-02
-1.594190031783346891e-03,5.330595873406698999e-03,-8.441709988865211955e-02,1.822782157228560185e-01,1.448912247252012730e-02,2.505499003528970439e-02,-8.983529401937280848e-03,-8.263089512824361993e-02,1.090083724461699821e-01,2.549538879841619088e-01,1.249044745781763416e-01,-2.073666624204159037e-01,1.577132919177863524e-01,-1.684372018710503516e-01,-2.664118855579317158e-01,9.621261275016936010e-02,-1.465239756600655863e-01,9.457676138180527714e-02,1.329303945151295019e-01,2.025219634747002506e-01,2.525532848953042087e-01,1.313149046763445113e-02,-6.828481646235118330e-03,2.172065222365739123e-01,1.180777840779465154e-01,3.325148770968497369e-02,-1.781608948346645460e-01,-1.364738394866419902e-01,7.544599434533957871e-02,-1.376184892383784109e-01,1.486942304692487338e-01,-2.714930020247147135e-02,2.020731926849041737e-01,9.869164496530620501e-02,-1.059004012708523040e-01,1.641147380346399953e-01,1.501411663851276723e-01,1.223763093545680997e-01,-1.133976518962545588e-01,-1.207577419020586067e-03,-3.488735420510852975e-02,1.938109966681315632e-01,2.214443622391343569e-01,-2.493398688535363450e-01,-5.761827180453809455e-02,-7.418182467413275694e-02,1.383020765782550787e-01,-6.748647754900625496e-03,-4.740468887624977451e-02,-7.219341567538031801e-02,-8.619101182603394751e-02,3.047529905213555365e-02,1.715864426449833502e-01,-9.418139157584581866e-02
-9.081403277685879544e-03,2.034960949954544782e-02,1.098226131347261880e-01,1.438737390637904734e-01,-1.388831250577761689e-01,-3.998823648716887807e-02,-1.395920101561652082e-01,-1.789064348525474524e-01,-7.532529490214170953e-02,2.423761684271234784e-01,-9.992825255717459332e-02,-2.300696407933880763e-02,8.186485879737144533e-02,-7.720811412961124665e-02,-1.060395392503170886e-01,1.962478429631225874e-01,-1.991538209197726839e-02,6.504851802232103353e-02,-1.405257428161787725e-01,-8.236931198765208573e-02,-8.466558191433766478e-02,-2.322922751864326882e-02,-1.562363561471980244e-01,-2.869210898656410907e-02,8.701551788159886391e-02,-1.311561702973493004e-01,-2.287818408595502367e-02,-1.439809438332215023e-02,-1.304037129313146692e-01,-1.514817374990672441e-02,-4.181265293917998255e-02,-1.839058675144500110e-01,-3.092742596496212901e-02,3.366198003168173122e-03,-1.494035729180011873e-01,-4.528358305995820038e-02,-6.000852915097366902e-02,1.590252820954744795e-02,2.782108522789495941e-01,1.884646207057409928e-01,1.089287884080203939e-01,-4.235389085504794870e-01,-4.328785725369795750e-02,2.033622822413600761e-01,-2.869070732665669476e-01,7.925658392567198895e-02,1.691795937528547678e-01,6.062685620938180813e-04,2.156726621746920050e-02,-2.289750738980853850e-01,7.621680674213238138e-02,1.659274601678415451e-01,1.633085740205846847e-01,-9.655426581736341329e-02
1.335713834667542066e-01,-2.482718431532918157e-01,6.843147989027108247e-02,7.533955057260784127e-02,-4.012597076024655707e-02,-1.609982370837407389e-02,-1.135606102898760045e-01,-8.023234241350328533e-02,-1.566181070563751887e-01,2.172744048684886464e-01,-1.137321484052991050e-01,4.133722073698110899e-02,-3.818719321421920609e-02,-1.848326778324834163e-01,1.336117684500916745e-02,-9.225906013285522719e-03,-9.571384755618550511e-02,-4.109428323927735716e-02,-9.175772136828101722e-02,1.013062091716705887e-01,9.159253948090059771e-02,6.024782725920856119e-02,-6.623066418078349393e-02,-1.482997463008937089e-01,1.788556165072150705e-01,-2.131615359641917673e-01,1.792643202208047681e-01,6.957433691268721798e-02,-1.514439912334916150e-01,9.326527132222796335e-02,2.635616869287145669e-01,3.496079031246762669e-02,6.912917053113257215e-02,-1.811188868148638220e-01,1.125279787756497674e-01,-1.875545115123638251e-01,-1.459701701064960999e-01,-9.923066581383149787e-02,-3.677307749798607722e-02,-1.810865980583243606e-01,2.162519578440119938e-01,4.814163299226154047e-02,-5.374421660787982030e-02,-1.346144836964533950e-02,2.835394067276634789e-01,-9.083435802322856190e-02,-1.583686295008443490e-02,-2.077758633622761864e-01,-1.430864264307142308e-01,1.351589222338287211e-01,-2.317677452944316707e-01,-1.490878851528544546e-01,1.550307053961883785e-01,-9.892714005888332551e-02
6.371483659829796364e-02,-1.661518762528098603e-01,-8.478099863944678349e-02,1.723139865030935691e-01,1.730038343662875233e-01,-1.135502469299794759e-01,7.747291430637781584e-02,-1.362654352157001425e-01,-7.597644405771669662e-02,-1.630144893836497477e-03,-2.475532044861659675e-01,-7.727920925838401012e-02,-1.060060792511026279e-01,-1.840083820860469732e-01,-2.928528619034075423e-02,5.964541133216814950e-02,1.826158945768227571e-01,-1.111339415865906927e-01,-2.761112592960217674e-02,2.433642942342395254e-01,-1.489200175140062074e-02,7.490587735730121210e-02,1.558240650360782908e-01,-1.697450814958211263e-01,2.440111336476399606e-01,-4.487057110717088126e-02,8.671619625329246572e-02,1.209187402363599145e-02,8.624038838956953057e-03,1.789255750932263189e-01,-1.422065668330296240e-01,-1.904314558610264718e-01,-1.487301209049469164e-01,1.429423249975687038e-01,6.346832910670344163e-02,1.396062318020782345e-01,2.400662314824561147e-02,-3.125236151413719743e-02,-7.235738397150466572e-02,-5.048315205389675153e-02,-2.897074827860598445e-01,1.000057093639226402e-01,-2.056833140777728774e-01,-1.545523535542970839e-01,-5.384324523836252901e-02,1.513009510420402493e-01,-1.378954605071247008e-01,1.539455419403018832e-01,1.843818561122872179e-01,1.305549335855172265e-02,2.124080431193983154e-01,7.317883484368066516e-02,1.467528367717875759e-01,-1.013000143004007120e-01
-9.593007124916579087e-02,3.815416959334550634e-02,1.755668330538267818e-01,1.872710137627522087e-01,-1.901803170851991132e-01,4.075081344000907463e-02,2.812755257338817039e-01,-5.635561983031687344e-02,8.082570653161142218e-03,2.626567156083420285e-01,-4.997673238518716282e-03,-5.380555287155683319e-02,-2.717812406767358691e-02,-1.373065712461055965e-01,3.343363652571638978e-02,1.327975327351439000e-02,1.078947063641088056e-01,4.121474632865609888e-02,6.259362068088508702e-02,-1.026273209974689488e-01,-1.975265918579017788e-01,-2.892335536017515488e-02,1.885464427426912781e-01,-1.127772155675263455e-01,-1.893618780096976428e-01,-1.752387832929658273e-01,-3.401781742401395470e-02,1.084198492261065211e-01,1.145497002008166454e-01,-1.484136354884433018e-01,-1.925209846471315767e-01,1.721992215092719158e-01,6.569619626102719823e-02,5.166746116543632916e-02,1.017795630561906944e-01,1.659656748765314382e-01,1.458878935654413789e-01,-1.242979567021105652e-01,-1.612368541240253444e-02,1.456690249449184016e-01,-1.323397403870406330e-01,-1.684439220627197975e-01,1.574776066146232889e-01,5.070002097321600620e-02,2.308074000855354357e-01,-2.423417684493777147e-01,-1.723643792427547450e-01,-7.213294613642218245e-02,-1.214032726852810606e-01,1.548439880684895076e-01,1.287674664318357864e-01,-7.772358746304758315e-02,1.384749681473899652e-01,-1.036728885419187368e-01
5.873812758008357948e-02,-2.761382075554235649e-01,-4.832329676118649053e-02,9.814923195982995160e-03,-9.643667363642419860e-03,-3.204075476808057599e-02,1.505423245362464690e-01,1.013304205757311199e-01,-3.430016234310717671e-02,1.996179099813883695e-01,5.933536467781978102e-02,4.035693419514060215e-02,-9.016261337507962270e-02,1.078548440943310621e-01,2.511445423610288441e-01,-2.004151208805175777e-01,-7.411648529321607226e-02,2.888360716358008475e-03,-4.539944711775827785e-02,1.876469709973742628e-01,-1.071953259048421953e-01,-6.914074348060459015e-03,1.376005400542339996e-01,-1.140985544420957259e-01,-1.402903296197891836e-01,1.455999195413670844e-01,-7.916918488716902236e-02,-1.899046129494796550e-02,-8.789951320125123646e-02,-3.581233818576205763e-02,1.386635610820916298e-01,8.246693833770667170e-02,3.928038683837682676e-02,-1.482878928136522334e-01,-4.360223268370579108e-02,1.875946872149301210e-03,-2.418595842463699269e-02,3.937626325959676099e-01,-1.091661839732300243e-01,-1.613986592400338399e-02,3.062805986499263222e-02,-2.000137154544229245e-01,6.196218685724490943e-02,-9.279370031813286707e-03,-1.312429729201194106e-01,9.565441617954309472e-02,-8.833565012030862584e-02,4.018163803262411182e-01,-1.239740783238197225e-01,-2.072846545306070709e-01,-3.555077320061426904e-02,-1.598555763162609611e-01,1.301970995229905503e-01,-1.060457627834363731e-01
1.264691587938745684e-02,-1.992842848400955824e-01,8.063231746854110371e-02,9.882097966731226424e-02,-1.239280155149260348e-01,-4.213820915681919937e-02,2.674696429659368380e-01,-1.584701283134152747e-02,-9.406946682694067308e-02,1.108276658144054932e-01,3.009712831148536258e-02,6.677914343532231900e-02,-3.611058054685484936e-02,-1.180083696275666116e-02,1.699571398477077999e-01,1.004547180272534306e-02,3.221882472537312969e-02,4.697671467093000874e-02,1.895897940798590142e-01,-1.165601876726335973e-01,-9.381442401105830053e-02,9.302609563443130225e-02,-2.777823534981047407e-02,2.010540749947371530e-01,-2.298074549504499631e-01,1.202689373323918565e-01,3.765637322054408986e-02,-2.451194138526274491e-01,7.019384872169387446e-02,-6.156308331083144153e-02,-9.627884665325936453e-02,-8.977021811119714756e-02,5.896235479712786526e-02,-9.162461003440536267e-02,-1.485876374128011490e-01,1.753429465380473562e-01,-1.761629046693497791e-01,-4.603875640497097355e-02,-9.584053319799021309e-02,-8.220809735608948510e-02,1.409123976434285275e-01,2.167541641351524717e-01,-2.556299099073228720e-01,1.163507559918835754e-01,-7.815133423477460539e-02,2.193205033533878467e-01,-1.053617905609692887e-02,-2.412798371743075099e-01,1.877707537846266261e-01,7.323869861947326920e-02,-1.954001519306250989e-01,2.355992980796859648e-01,1.219192308985938139e-01,-1.084186370249559522e-01
5.067242183654187965e-02,-2.277981955312240736e-01,-1.005411435077712967e-01,7.239004567750190189e-02,3.768285952959619326e-03,-1.337039542748620913e-01,2.419293047918362471e-01,-1.970783043680037708e-03,-2.072780477839838709e-01,-1.024330825579766908e-02,-6.815012405291345776e-02,1.142829756094050631e-01,-1.246159059386345719e-01,1.425885547219063743e-01,3.081189188891048439e-03,4.694741792382904622e-02,-3.099521282509701617e-02,-1.172085440852285304e-01,8.777959988806485758e-02,-2.140960238978172614e-01,6.141019663429501951e-02,2.752866416868017876e-02,-4.068959401340377369e-02,-6.259748800083353437e-02,-1.980909892029861924e-02,1.450740365326827763e-01,1.169426251904555764e-01,-1.162363892137975065e-02,-8.304131738028472376e-02,-1.518317670964549615e-01,-9.067586594662014818e-03,4.815186495932120142e-02,-7.588792408227969244e-02,1.795200356947888320e-01,1.254458743127495092e-02,-3.352010774307371821e-01,6.657943520637693569e-02,-7.363060205666828451e-02,2.665233851296665568e-01,1.926273629879299591e-03,-2.142508313445383450e-02,2.989101895369017936e-01,2.550734253161250353e-01,-4.450417351558216827e-02,-1.549484949223709218e-01,-2.431352362762472241e-01,2.768111608488768027e-01,7.501842959639477837e-02,-3.963715470912666794e-02,2.763012218118688842e-02,1.673605953731711615e-01,3.135557033587119818e-02,1.136413622741940244e-01,-1.107915112664725615e-01
-1.032637336767315145e-01,-5.572270866892889765e-03,-1.547723692797042631e-02,1.989538117686228680e-01,-5.985179641322857513e-02,-9.691054805075698109e-02,1.994752345802763005e-01,1.148814674905337396e-01,-1.114433386542077326e-01,-1.736009243615498077e-01,-1.112074772077093487e-01,2.234447292724383582e-01,-5.615635896892589608e-03,6.515331452354881925e-02,-7.607949015951477600e-02,2.028297207944456670e-01,-1.601724059872757511e-01,-8.190105792554791542e-02,-8.792197832414366809e-02,-1.237125709503919951e-01,-7.951130522005868395e-02,-1.987548954052361372e-01,-1.704387891726402982e-01,2.321204467315885756e-01,1.287411443941055000e-01,1.207123980026158228e-01,-2.719956637098202012e-01,1.437872632085552826e-01,1.165832304421599366e-02,1.558942984866948656e-01,6.857230824363055866e-02,5.345313026879407181e-02,-1.350758729066530439e-01,4.349178002981941155e-02,-7.468425771851400392e-03,6.272668596281785747e-02,1.627596391200309411e-01,-7.922781069536433129e-02,5.231641189029172245e-02,-1.725330376608940341e-01,-5.793880716751999976e-02,-1.029291404793130776e-01,-7.260990395345294848e-03,-1.297760126776238421e-01,1.489975318259765223e-02,3.419521619423815384e-02,-2.918849297754654293e-01,-1.239316233643222298e-01,7.428321181137385355e-03,-2.206500275564851343e-01,-2.107811032347144398e-01,-2.175823669894993151e-01,1.053634936497971214e-01,-1.131643855079922795e-01
-1.416179226842048666e-01,-9.979185002529001106e-03,4.736020262014392634e-02,1.472395147339710109e-01,-1.960965924191263587e-01,-5.739707704698181201e-02,-2.790358330140576409e-02,2.429156847934388630e-01,8.591725549700388043e-02,-1.271219082530706812e-01,6.044473550893566388e-02,2.813077704141992985e-01,-8.436032217347223805e-02,9.748727407883664778e-03,-8.093245375950272602e-02,9.895395141969505481e-02,-1.561309382981071470e-01,-5.885137556721996288e-02,-8.588030645195221524e-02,4.593777546000875345e-02,4.952927402290835390e-02,7.595148072965716979e-02,-9.574143231878030902e-02,-5.671438060651183555e-02,1.504205939664736980e-01,1.013119192637872285e-01,7.693420996313929394e-02,-9.003610365110922831e-02,1.822325087281517764e-01,2.553740904553424285e-01,-4.792882554607984236e-02,1.600669450323196907e-01,1.102552767696246550e-01,-1.859745895771651725e-01,1.890304033897914904e-01,4.224141306952409330e-02,-6.277228251642982815e-02,-1.079426156600033632e-02,-1.695924485390500613e-01,2.681607231507081024e-01,7.963379662510795820e-02,-1.168286313396306730e-01,3.327378680671832373e-02,-1.659813776891333470e-01,-4.389574641170134600e-02,-1.312379537474085006e-02,1.261361466949971755e-01,1.715538805068851924e-01,-4.393923392316005649e-02,2.739471719811326644e-01,6.518659909839549793e-02,3.244569265957213400e-01,9.708562502539888617e-02,-1.155372597495109149e-01
-9.246253588191283290e-02,-7.429096327805123634e-02,2.791190063209466471e-02,1.607560808021347709e-01,-7.244465408925061800e-02,-1.322235050988999350e-01,-5.797698078995675020e-02,2.820429286060273100e-01,7.068668314462812907e-02,-1.249069419304514872e-01,8.419454245472013376e-02,1.510060245902517528e-01,2.797745202952339402e-02,2.015510430301208633e-01,-2.237620196793048688e-01,-6.452773067119665917e-03,-2.504285716798151581e-02,4.555090360103679348e-02,1.632763060955069179e-01,2.009231785291214489e-01,1.998235213823772449e-01,1.042776064638646222e-01,-5.350999601559489234e-03,-1.048904228830255525e-01,-1.242374919908677960e-01,-1.823439592904776141e-01,9.720568338508361883e-02,6.268944098335120507e-02,1.178451618991561284e-01,-1.028607297923202074e-01,-1.796239164121583853e-01,-2.690199607475964316e-01,-1.791941183536385762e-01,-1.670038883281016809e-02,-1.017254705494905903e-01,5.494781799667708411e-02,-6.624733488310029228e-02,1.024607420029193111e-01,-6.687685046073661710e-02,-1.173402204564704399e-01,-1.440268694457753074e-01,-9.346889094069867066e-02,-7.487494460078156222e-02,2.487187075799649760e-01,1.231201324563621496e-01,-1.456527489281674026e-01,2.439303593911607837e-01,-3.144186930386705381e-02,8.909637277999697680e-02,-3.970973080108813197e-02,-7.204212513490140801e-02,-2.840844125900447992e-01,8.880775640099972112e-02,-1.179101339910275659e-01
-2.154586522102735768e-01,-2.857260067440942075e-02,-1.140593485749125946e-01,9.932148142134740454e-02,9.915871660924160946e-02,-1.911164924405276688e-01,-8.325590640476311644e-02,1.725301265172045628e-01,-1.197220267669512755e-01,-4.418669579608495990e-02,6.976685820744026045e-02,-2.201860760299359510e-01,1.824895927855364058e-02,2.242132697288809484e-01,-1.672093596035197430e-02,7.498582254552126070e-02,2.049234599879918850e-01,2.588028127826078051e-01,8.904805827212360081e-02,1.363607643836724503e-01,-1.424929116093705816e-01,-2.144307310621857976e-01,6.791193731634653091e-03,-7.860943660938544963e-02,-4.759099744319469916e-03,-8.654655689943772934e-02,-1.609989391956945792e-01,3.497571040724767877e-01,4.014358089955270131e-02,3.002710036769407412e-02,9.163781562561382210e-02,-1.413908543625277403e-01,1.774059834016798176e-01,-1.043029170898330388e-01,1.043856028794352964e-01,-1.392115720298666426e-01,-3.164054077336968251e-02,1.281702702663435889e-01,9.413712165624663064e-02,1.277994157744838377e-01,1.400900936360478521e-01,2.321223661451103648e-01,3.649957207186771413e-02,7.858145003017152908e-02,-5.921523645941963176e-02,1.093353738491612409e-01,-1.670444037414407779e-01,-1.407192040689902168e-01,-6.192438320509493360e-02,1.235301637328582586e-01,6.645964208910896953e-02,1.516957635140257776e-01,8.052988777660283204e-02,-1.202830082325472422e-01
-1.601940137271521125e-01,-7.374172369854431475e-02,-6.347861453846282385e-03,2.731693827998566554e-02,-1.385367588876003017e-02,-1.878947152594354075e-01,-3.862714044321327034e-01,5.219406238685057875e-02,-1.147934460866385925e-01,4.129899386233265579e-02,1.958710957000722730e-01,-2.550272785434523973e-02,6.606142046395976908e-02,1.955594114070529077e-01,2.138126752951745313e-01,6.720734986317644655e-02,2.258833604244320781e-01,-9.149860586133674867e-02,-7.157592999435506698e-02,-3.038105110262675490e-01,6.930552991178523525e-02,1.849917279855444741e-01,-1.348549982786307298e-03,-2.734388935802213941e-02,-2.420069991580954018e-03,-3.686053724982580465e-02,5.471846424338671494e-02,-2.551058222738070702e-01,-1.438588955147583059e-01,2.363454210114114204e-02,-4.527772258518698856e-03,1.238729970935833688e-02,4.397990736801363904e-02,1.132005743794399499e-01,1.588306352302593927e-01,3.066191648122701952e-01,1.023308765256993186e-01,1.191030980839287434e-01,1.145234221123023755e-01,-1.124882736438306136e-01,8.059881099663391765e-03,-4.916516765876641909e-02,1.333366269389365255e-01,-2.132948582559758832e-01,1.495469523690182989e-01,1.462712133779663082e-01,2.710832986531379850e-03,-9.542332721996001077e-02,2.082775552295888094e-02,-1.539872026418450009e-02,9.618699968967858727e-02,-1.186077902998697170e-01,7.225201915220248738e-02,-1.226558824740673903e-01
-1.185740402778830693e-01,-1.179915069130245964e-01,-6.092336704704202910e-02,3.694730028132836575e-02,1.812533368388754840e-01,-2.297998027277247390e-01,-2.580195439971821880e-01,-1.004474679612179719e-02,1.147763528845858888e-01,-1.274571035891645665e-01,-1.497079121973305949e-01,6.237391051655449131e-02,8.270696267734167773e-02,-3.118657219493384258e-02,-7.052297753440633921e-02,-7.094174843766118399e-02,1.764036045902541705e-01,-2.022521639822261186e-01,2.085416017535611857e-02,3.092819926493098684e-02,-1.740175247236595557e-01,2.112167063396534483e-01,5.277531920158734513e-02,2.329475447456046400e-01,-1.368088517980337315e-01,-1.757373233505070131e-01,-5.737412228891800720e-02,-4.699636314063530135e-02,2.008100507908934865e-02,-1.403916832250685087e-01,1.618280177287879928e-01,1.700728595259286269e-01,2.821154928077830928e-02,6.970662518433810850e-02,-1.107854559921056109e-01,2.700486313435313326e-02,3.514082633821009882e-02,-3.298189060800585382e-01,-9.882757535624604739e-02,1.639911102484706840e-01,1.159554190427920378e-01,5.764488651509645789e-02,-1.119538144484752695e-01,1.345968060903167673e-01,-1.649265539513754819e-01,-1.591268051147379237e-01,-1.018297431060110197e-01,2.487108898457570105e-01,-1.595709348048758580e-01,-2.593420497822948936e-02,-1.483809309541295196e-01,-2.702493076629056135e-02,6.397415052780404399e-02,-1.250287567155812796e-01
-3.143372840086097741e-01,1.466286303296133672e-02,3.292505859774679799e-01,1.127515596540601545e-01,2.429837369292690008e-01,-1.506895974665483804e-03,-5.872019393110893687e-02,-2.248851191702848640e-01,-1.347716961272085179e-01,-8.252491502438702442e-02,1.559028684623506023e-01,-2.956637519658989605e-02,-1.442450146001925670e-01,6.523259051191974967e-02,2.765542766506674452e-02,-2.385573206143689062e-01,1.230869416501006314e-01,-6.800270279555974476e-03,1.261157862500787881e-02,6.464798683319222805e-02,4.877872625734394618e-02,-2.200338721623046334e-01,6.210402719408941036e-02,1.135296153264233193e-01,9.991960965126747696e-02,-2.091460311742771201e-03,-1.950341223035165564e-02,-5.001347986028501641e-02,1.462978113539508199e-02,-3.476430246677721103e-02,-5.755750583446328505e-02,2.286688550044121693e-01,1.229774668080673566e-02,-7.666563676956833495e-02,-1.768049271155489321e-01,-2.609839760302271050e-01,2.854325824567185369e-03,3.349502742160656577e-02,-5.656708893558635987e-02,-1.046132712061526443e-01,-5.216762299785555196e-02,-1.423572047989175582e-01,-6.603173335096286511e-02,-1.247226537208424996e-01,1.989513780084390115e-01,-1.268823745482358378e-01,1.296919742711955259e-01,1.948760645731098876e-02,2.550825713187813149e-01,-1.284118248912986260e-01,-4.127630466252182190e-02,1.962753598873863969e-01,5.569628190340469853e-02,-1.274016309571013306e-01
-1.352422593514194249e-01,-1.717327039664684196e-01,3.560997399250444562e-01,-1.638150189299602821e-01,2.894424196574638466e-02,-1.063170261810043524e-02,-1.561873903756054172e-01,-8.790167216753030921e-02,1.341818454025476004e-01,1.439890484675121207e-01,-1.424808532914036141e-01,7.000290447684032191e-02,1.731136091417145584e-01,5.250368814207865414e-02,2.101325720087361959e-01,-1.288052548538760611e-01,-1.116698371034931941e-01,1.201581960320026732e-01,-2.640708345781945798e-01,5.523290634169509411e-02,6.868706444192607119e-02,3.461831240337567145e-02,3.672924100177987067e-02,1.546065036107652779e-01,6.252503574194388791e-02,2.116516110804004813e-01,-8.915061350749171887e-02,1.920674864972980178e-01,1.354487643736412006e-01,6.510496573472329684e-02,-5.371668850582016902e-02,3.921489987952737899e-02,-6.648479021119495236e-02,2.754585259949629550e-02,6.360220961335347201e-02,1.443821639724938641e-02,-4.066886998350518340e-02,-3.073372919691655381e-02,-1.292646259382038837e-02,3.797460975733103067e-02,-3.245136362061011859e-01,1.610745184445697697e-01,3.215272664610716730e-02,1.182478333977985546e-01,-2.248265507332897484e-01,6.383439521826771157e-02,1.433622911442323511e-01,-2.048615404787015315e-01,-1.239232338768301994e-01,1.410125574293001893e-01,5.610157551361329153e-02,-1.506652394616985469e-01,4.741841327900740005e-02,-1.297745051986185227e-01
-1.025190703457510427e-01,-1.736234403681343463e-01,1.573962526349217128e-01,-2.052794167407675785e-01,-3.231484410040096761e-02,-2.933196262710732402e-02,1.534056233406729279e-03,4.578728623063521574e-02,9.644832292112755223e-02,-2.292862397817560516e-01,-1.487341631485129267e-01,-1.556055971684997263e-01,-1.381712621220804876e-02,-2.811730368561271010e-01,2.176544024838477365e-01,-4.354484818837128096e-02,-1.181470293075007061e-01,5.214168612369533828e-02,2.391942372790390459e-01,5.778200415037120646e-02,-3.953104524757901882e-03,1.193409085485170329e-01,-3.380747675756949899e-01,8.340861850034080038e-02,1.217443973114490652e-01,8.480672614396107811e-02,-1.228110383459307953e-01,-8.042539584069841041e-02,4.528271428402942667e-02,-4.639009318506539387e-02,-1.168013728014850872e-01,-1.693838016781135936e-01,2.506964371182772086e-02,2.181714673879344979e-01,1.186549131483248948e-01,-7.076334323575858565e-02,-2.865126200059032319e-02,1.651003760191777636e-01,-3.850948824255685712e-03,1.007719493209984912e-01,2.560963250065846353e-01,-5.174540548453108318e-02,2.504383802861046004e-02,6.587960300188135110e-02,2.160985340323800241e-01,-1.626005584344006882e-01,-1.405347005262759241e-01,3.273531685211707870e-02,3.167993566299478342e-02,-1.090721421835113003e-01,2.068893218385499388e-01,-4.320460388074143926e-02,3.914054465460833215e-02,-1.321473794401375190e-01
-1.071700168941311787e-01,-1.525006148399108141e-01,5.494885431248715951e-02,-1.924990081436423472e-01,-3.546665936194203644e-02,2.048200821485852887e-03,-3.791196586715506883e-02,1.678524805670019229e-03,3.218920090293000275e-02,-3.050948509060783520e-01,-1.103318879639702405e-02,-1.101077362149821687e-01,-7.810646078518707069e-02,-3.463680320308256122e-01,6.417135851460359364e-02,1.405810467697224675e-01,-6.202368781581920482e-02,1.154773527971804728e-02,7.504364062216738185e-03,-1.022978950981240920e-01,5.848298117147502501e-02,-1.555843109406958580e-01,1.757068384503411851e-01,-7.974837000103136841e-02,-2.225159588616607842e-01,-2.001996745264491284e-01,2.213656200699372634e-01,6.923756332629915633e-02,-9.748057979390568895e-02,1.867144417926515920e-01,-3.894867210488438952e-02,-4.143292808811996353e-02,-8.837748556850587300e-02,-9.772031089920564517e-03,-1.129119761143153461e-01,3.600030089830422164e-02,1.802825221949994616e-01,1.383512508366492311e-01,-1.441574173743363427e-02,6.084728535551013617e-02,-1.030133549955009609e-01,3.051630160905977746e-02,3.192897701231596774e-01,4.136120079999007493e-03,-1.231828526886969560e-01,8.085803022691986919e-02,3.833305691394200271e-02,-1.428165710613467712e-02,-1.021623287999778688e-02,-2.135738571906195191e-02,-3.796854130969971597e-01,1.341913389632978237e-01,3.086267603021096428e-02,-1.345202536816563765e-01
-2.303088526576740069e-01,1.156911051735646026e-02,2.949330020834123496e-03,-9.689471233235777414e-02,8.630062713834367460e-02,-9.849155460696767950e-02,9.226348629792149869e-02,-1.199572556453996491e-01,-3.197685528045687842e-02,-1.895757698837287619e-01,5.743069712235558677e-02,-1.224254252784262170e-01,3.299992181890631232e-02,-7.273001285991274878e-02,-1.230679417734003023e-01,1.374478438304349293e-01,-4.291250265752447612e-01,1.119350522337932662e-02,-3.668220829521483262e-02,-6.546185401458562425e-02,1.577993966558754735e-01,5.822235267716594810e-03,3.609484436232471838e-01,-1.431989554451495172e-01,-2.028917205718939742e-01,8.692413801212771352e-02,-5.856842938493608819e-02,4.768353063342620907e-02,-1.232005971481369005e-01,-1.011872579642650316e-01,4.891951883532751066e-02,4.322859168701757848e-02,1.187293584525447587e-01,-3.163537014936152608e-02,5.002497637399654778e-02,9.594481002670326997e-02,-1.009958588093303467e-01,-9.397711219682287898e-02,1.359870820989071971e-01,-4.454162960306144031e-02,1.594428562504275892e-01,-5.492914002630334275e-02,-3.850051050115189666e-01,-1.232445371365614717e-01,-2.030015468570178783e-02,4.162531503804291905e-02,5.942741854645960248e-02,-1.003698910602815637e-02,-7.394257337126843022e-02,2.307603235155862922e-02,2.206580011714774081e-01,-1.197759133727109709e-01,2.258480740581177842e-02,-1.368931279231720977e-01
-1.422064126055397337e-01,2.566601651219727834e-03,1.560839361027600847e-01,-2.284610972174706545e-01,-3.034590303265701228e-01,-6.700275917984276075e-02,9.007983505638907096e-02,-3.121330008814936219e-02,2.150732589117151095e-01,7.449022006458781708e-02,1.370107168876094905e-01,-6.042192531618988810e-02,3.086238267823484538e-01,1.117548856908347349e-01,-1.540527539185046757e-01,1.086658356371427159e-01,3.434763709811781973e-02,-2.414921056438054103e-01,-6.639650595719868986e-02,-6.115873741022273026e-03,-1.709227077700746777e-01,-5.052098185301521355e-02,-1.029197539423331864e-01,-2.309303585276633874e-01,9.660262943055047957e-02,6.089338828343101445e-02,1.853843878871176687e-01,-4.928924760944469047e-02,5.414390477670461693e-02,-3.479278003780803680e-02,3.883223800613165577e-02,-7.214658023510620022e-02,2.492607338187160515e-01,1.054394446131931146e-01,-1.509462423673449960e-01,-2.427421948658796680e-01,1.237632844532326470e-01,-2.414710484901394158e-02,-1.077359672072358138e-02,-2.050440638885577538e-01,-1.127199415992862913e-01,1.264366180177156906e-01,-1.072126892282366378e-01,3.004268744940966074e-02,7.411862520469797433e-02,1.186881463501852224e-01,-1.601270446884157650e-01,1.910263580817284368e-01,3.404769581470543094e-02,-3.457403458302890382e-03,-5.222996459820605786e-02,2.342090025468306427e-02,1.430693878141352411e-02,-1.392660021646915658e-01
6.466677597811934172e-03,-2.027348935043691291e-01,-1.703529419773287812e-02,-2.211947225858234833e-01,-9.139336307446442598e-02,4.618640150248581877e-02,1.185502057572392076e-01,1.156652264430596370e-02,1.661698554922255988e-01,-1.099684419933061874e-01,1.659931735551390675e-01,-4.343178834528250813e-03,-3.377302459291207232e-02,-8.899873482735635305e-03,-2.565257229282622564e-01,-2.090210014421654550e-01,1.179584755896358611e-01,-9.132002644386207069e-02,-8.180630040826497584e-02,3.529162087173819129e-02,-1.776841730227396998e-01,-5.503938599703599166e-02,9.847203698891657253e-02,-1.175616734865285729e-01,2.658428915347793020e-01,1.480862808920128601e-02,-5.857066764024494721e-02,-4.890546307297400155e-03,-3.178190295975416579e-02,-2.834832361137787360e-01,9.981289658732644954e-02,3.199995353900552276e-03,-1.862471498784401547e-01,-1.852120061191413758e-01,2.443641685903359395e-01,2.371111011271400393e-01,-1.913899377961932324e-01,-1.509439853749480198e-01,4.926089785996566606e-02,6.615048156309602523e-02,7.543322652564406205e-02,1.512524666513499760e-02,1.967648915760736306e-01,-3.796796548395768578e-02,-7.850118663600190450e-02,2.659823920452747837e-03,3.839490388012325311e-02,-2.059197624230910129e-01,1.663817296898438269e-01,-2.356639487334714900e-01,-8.432372024023807727e-03,4.847414995696282952e-02,6.029070157015724296e-03,-1.416388764062108396e-01
-1.059411364456181032e-01,-1.154887318416828075e-02,-1.759854202571979609e-01,-8.073180232443960547e-02,-9.343636022606802150e-02,-3.331728672749807718e-02,2.149575861800942234e-01,-1.388467143858385100e-01,2.520949593549422219e-02,-1.708222297080135704e-02,3.135553181343430085e-01,-1.456349116706910640e-01,-5.867888803318167118e-02,-1.086110320892888226e-01,-8.339078279604138222e-02,-1.831333104388414290e-01,1.611779156575714467e-01,1.915098939572031089e-01,6.461968893839999117e-02,-6.604802356527349205e-02,-3.185914220309081502e-02,1.504941814603293626e-01,-1.159431528411520029e-01,2.537749395692761034e-01,1.020530575069143742e-01,-2.340875850995124963e-02,-2.828993157687001436e-02,3.740098851893591814e-02,-3.841687025196279665e-02,1.091184376756124258e-01,7.294386835568859861e-02,-7.748712056522417957e-02,-2.960763786864288871e-01,1.603819190061378172e-02,1.000497940821790943e-01,-9.748659089285081902e-02,1.173041770007723084e-01,-3.454628422139243565e-02,8.507192455327587666e-02,-1.622901342573969397e-01,-4.473649828719943738e-02,-2.066763486237337688e-01,-1.424097968209214748e-01,-1.189917184735866549e-03,-1.424310368182039356e-02,1.398675199108694034e-01,1.446114049724439576e-01,1.468320943671718726e-01,-2.786733689452762230e-01,3.210450674141061000e-01,-5.994988352571996998e-02,-2.699841723221501483e-02,-2.248798467383340566e-03,-1.440117506477287534e-01
-8.991495577969785269e-02,4.486358583472161571e-02,-3.106208420485963018e-01,-1.095463695046468705e-01,-1.257502439869072897e-01,-8.997115787137255349e-02,1.783720522706189471e-01,-1.093622024630777068e-01,1.248175371599495320e-01,9.743790921371228708e-02,3.186698316597030151e-02,7.518610987279772395e-02,-1.267294558722520045e-02,2.723369623087616362e-02,-1.774429496297977304e-02,-1.153348205431083268e-01,9.248355037568789516e-02,-6.233162318501801052e-02,-1.494313800976991291e-01,-1.216124749317517156e-01,2.703338954159353880e-01,2.591966675519959962e-01,1.131056626731661713e-01,2.142579482456536122e-01,-2.583728211496081825e-02,-8.260511880180505806e-02,3.232917487594724748e-02,1.920640916757856420e-01,-8.522627198768931156e-02,3.064643918170526504e-01,-6.104127286571831013e-02,-2.476993165331119184e-02,1.398387101045265313e-01,-7.784466209857945906e-02,-2.009683146472958093e-01,-1.449951151596074739e-01,-1.558762697164306765e-01,3.207132639785478107e-02,-1.046600264507970834e-01,2.255076158722933988e-01,-1.136900142057881320e-02,3.979525858513027065e-02,8.638674397516846182e-02,2.889409030225042335e-02,1.545145246154973340e-01,-2.148744455560043162e-02,-1.169865092742346929e-01,-1.347584039512602361e-01,9.789633915976969636e-02,-2.594863664878891973e-01,1.691879866180025782e-01,-1.920140260823845202e-02,-1.052666709178216170e-02,-1.463846248892466673e-01
-2.282954205253452384e-01,1.679263420112649674e-01,-1.037613242631368060e-01,-2.548570241538807360e-02,1.314826405678891919e-01,5.402391397552282898e-02,1.411247288599281335e-01,-2.348929910704602164e-01,4.467264627129120119e-02,5.838807848343462864e-02,-1.021987970887771602e-01,1.370641731946007080e-01,-8.602462259290553914e-02,3.047527887619990231e-02,-5.983924031211153294e-02,-1.906145045944348804e-01,2.857414698830035293e-02,1.048759780060414502e-03,-2.318549015276389902e-01,1.396950218117314069e-02,1.290314602245359044e-01,-1.221307801982149804e-01,-2.808768447458951378e-01,-3.036582875455716701e-01,-9.120785513902054942e-02,-1.742517206119821860e-01,-8.525906654831484632e-02,-3.278100936535603416e-01,1.138962962669558682e-01,3.794656322554432887e-02,-2.958003515470909728e-02,-1.378041295176606063e-02,-9.848650494140860634e-02,-4.348714090630466378e-02,-8.015519946142433960e-03,6.888747921023943843e-02,1.694230801065569059e-01,1.740031613499226637e-01,3.311913565384495134e-02,1.315115849265971193e-01,1.932568916855744168e-01,1.953589979793281806e-01,-5.284603800004716162e-02,3.769607330677028634e-02,-1.655942740683785386e-01,-4.611648130991970185e-02,-9.326174795683657426e-02,-6.361702463808512065e-02,3.497534672996982508e-02,1.387279030136771563e-01,-5.909614828459665986e-02,-2.029890051388029415e-01,-1.880453571618006386e-02,-1.487574991307668848e-01
-1.899481991269220960e-01,1.017516737251205894e-01,-1.931072757037229082e-01,-1.702511933737998195e-01,1.279567536124465443e-01,-5.242067480173175087e-02,2.705864575611121366e-03,-1.254180402324747978e-01,-1.190591569069419410e-02,2.077582893000151087e-01,-2.109536582278667971e-01,4.447635502874570240e-02,-8.006567956579899170e-02,2.275556677162950403e-01,-9.873617179399128696e-03,3.869827197325399759e-02,-1.686307588274878477e-01,1.689639725846590612e-01,1.562143994753418044e-02,6.548942204619286056e-02,-1.745417753844816927e-02,-9.012126493342495492e-02,-8.691153497523537719e-02,-1.490322268992153899e-02,-7.345649586415062271e-02,2.113255717092857033e-01,2.033699929658923655e-01,2.824535361986919499e-02,-1.045923960560499605e-01,2.211457627166254006e-02,1.856901991368198612e-01,-8.038156180172227605e-02,-6.978084106490738125e-02,1.456915335767574871e-01,1.654408418854588780e-01,2.717226330021703107e-01,2.144098482216761845e-02,-1.219175989750872630e-01,-8.345646580371685053e-02,-5.631962425872794747e-02,-8.501146873111740943e-02,-5.385342709018176022e-02,6.970649853418750541e-02,2.325143189656727893e-01,2.922191885411837831e-01,-1.065403726560144176e-01,3.859200603847487421e-02,1.162739766026358312e-01,-1.165184659232197835e-02,-9.379582022909804806e-02,-1.205458905052882862e-01,3.154461207917884646e-01,-2.708240434057760174e-02,-1.511303733722847709e-01
-1.083262181344471081e-01,6.710423946393923034e-02,-1.252980054936482512e-01,-1.301889214908060755e-01,-5.322834031711683178e-02,1.079299395097965408e-01,-7.692572318238999340e-02,1.948042576100665743e-03,1.349508053616966519e-01,6.411984477049541276e-02,-2.885322615158810722e-01,7.326589944295308632e-02,-2.198870542795448302e-01,9.034995212908847328e-02,6.258495174124578675e-02,4.768079942121934700e-02,-6.283033541747069795e-02,4.324813111477636418e-03,1.029083923163848641e-01,-8.263822453903756082e-02,-1.659220977496437821e-01,-7.062063176405897202e-03,2.286268302320080756e-02,2.598629913934844687e-02,-2.465204905230017340e-02,-1.836951849921426849e-01,-3.258071476848794501e-01,-5.633709620369059534e-02,-1.918331393520284756e-01,-1.402094095360361115e-01,-6.135409608840743101e-02,-2.437723341253550113e-01,2.031005447110297013e-01,-4.971283118515198302e-02,-1.119842628199204347e-02,-1.642119248231971029e-01,-1.852544269471788352e-01,-1.089890085097422884e-01,-1.426797222883300353e-01,-1.299253166838972295e-01,-1.533585273353110512e-01,-1.239243565624383869e-01,1.455055720883928205e-01,-2.646536321858092844e-01,-4.950271685434052410e-02,7.113783890624243711e-02,1.259626454426776565e-01,5.543927866195198090e-02,1.741456360751067189e-01,2.524295780148067547e-01,-6.506327324044858251e-02,-9.544261756964161902e-02,-3.536027296497678413e-02,-1.535032476138019353e-01
-1.130873792712236287e-01,7.296558920142158511e-02,-1.208132259508889611e-01,-9.177964947782764338e-02,-1.744319664750004772e-01,1.058500796764394597e-01,-1.423676711572536557e-01,4.966322941088494036e-02,8.993425147486235061e-02,4.538258556223920964e-02,-1.169042848321979189e-01,1.787940572904350711e-01,-2.495124216182464938e-01,-5.890786175360851473e-02,-1.474405073971312742e-02,9.602001357738591814e-02,8.983974484945045358e-02,2.082743834578074382e-01,3.094386764147924462e-01,1.450446493816205384e-01,-1.634002626423526269e-02,-9.279442893515213453e-02,1.052213326978843760e-01,-6.246814961028853124e-04,1.161152160825813934e-01,-8.217214011927910511e-02,1.815897762995168363e-01,-1.636611912652924661e-01,1.625000756413058633e-01,4.627906821385589092e-02,2.534180561263870216e-02,3.771247187148386026e-01,1.670254809445795990e-02,1.232958974013547843e-01,-8.826039231330409796e-02,-4.670418994860289080e-02,-1.002085389320512693e-01,1.587210102173413143e-02,1.100720593323797902e-01,-2.227184057114392213e-01,-9.984402564718818443e-03,1.894748974420193063e-02,-2.776889799423845270e-02,3.819913165792061804e-02,-1.535289680631028719e-01,1.406333648407695203e-01,-5.217141343888699601e-02,-1.552440985519212002e-01,-2.151040474263354041e-01,-1.946374850344388674e-01,1.943764614658957390e-01,-6.909897893686456349e-02,-4.363814158937599774e-02,-1.558761218553205152e-01
3.750340963259355537e-03,-9.481688578356610442e-02,-1.471328031048819152e-01,-1.433036509786178581e-01,-5.044214203616816106e-02,1.674374800873663360e-01,-1.799804536763197627e-01,8.619588499255480263e-02,5.239496631850463181e-03,1.822349385034387481e-01,8.749450480298816279e-02,3.213806698773028492e-01,1.502782273720899009e-01,-1.356779569293455612e-01,1.393663415145513507e-01,1.305007104536091422e-01,1.132079704617093285e-01,1.356158019794923286e-01,1.604431375142511759e-02,-2.993240776846251006e-02,8.107269567274204281e-02,-1.980968425173876002e-01,1.139369592754690408e-01,5.646660339323366501e-02,1.236563539942217016e-01,1.225687524430341402e-01,6.446117083681147941e-02,2.055298993574338207e-01,-4.461163156782944894e-02,-2.052073130537921675e-01,-6.739113528699219868e-02,-7.124296259612038218e-02,-2.199784673827246406e-01,-5.572462929293688777e-02,-2.593339938728181360e-01,7.288566964916017021e-02,1.205048157130158420e-01,1.638828361162311675e-02,1.061085717901081166e-01,1.336401402058687571e-01,1.734802878055462239e-01,5.415165020920971461e-02,-1.816269467229122692e-01,-1.890288409756442078e-01,7.792871731567863058e-02,-1.790175102885157576e-01,-1.054788192006989034e-01,1.507549692856703094e-01,1.707348921112644136e-01,1.801062673484286336e-01,5.948639111985240232e-04,-1.136055829013408319e-02,-5.191601021377385827e-02,-1.582489960968382903e-01
-4.523546550229873980e-02,-5.488895302551769634e-02,-3.581609227966359721e-01,-5.375340959596402318e-02,2.973769111763504558e-01,1.154736714019088117e-01,-4.367460968002464389e-02,4.071106070691377782e-02,-1.381150147099142744e-01,8.995280530899343874e-02,1.815355900382713827e-01,9.633630246969326905e-02,2.264313886142713395e-01,-2.653363090698814264e-01,1.184954749280420910e-01,1.875106031231463244e-01,9.159100411629975211e-04,-2.233797115262293742e-01,4.766240355218583080e-02,-4.055098225973972209e-02,-1.449541241323154539e-02,8.829423815757631022e-03,-6.117092282301889172e-02,-9.908862259102758918e-02,-3.060573436135012593e-02,5.335565512681172962e-02,-1.551737478648467228e-01,-6.552477752096531882e-02,1.962089783789499609e-01,-8.175132110585041356e-02,-1.551313555547024492e-01,5.757895752301495085e-02,9.102914442310457155e-02,-1.614365019300142146e-01,2.548796282903813548e-01,-2.046447498625705852e-01,3.286453686955789072e-02,2.241398834490749420e-02,-8.554514794790181453e-02,-6.174182747248765230e-02,-2.259016715705779166e-01,-1.217617661117614686e-01,-6.591291915563685100e-02,2.089980601130724536e-01,-1.079930189776409644e-02,-1.206888437022443986e-02,7.512603994814001651e-02,-1.377504426785441383e-01,-3.767966985373425587e-02,-1.168460328886622157e-01,-4.268817335166820437e-02,7.607004602055635056e-02,-6.019387883817144819e-02,-1.606218703383560653e-01
-2.103551253209535732e-01,1.794814678905888305e-01,1.909384051050064257e-01,2.035532454841764427e-01,2.037125658545962947e-01,4.636851031897792352e-01,5.355696689545853123e-02,-3.958161127437489352e-02,-3.581189149149933970e-02,-2.395374494773687066e-02,1.469591374697695740e-01,6.086850765782410300e-02,-1.131829278601781397e-01,6.534249957326777533e-03,4.655226576351137457e-02,9.136660893660952798e-02,3.701065441557063740e-02,-3.522943208098459067e-01,1.687650831124265505e-01,4.705869559170719474e-02,-1.424207622305454814e-02,1.985781989036010109e-01,-4.513167226437918289e-02,-1.186101868950970029e-02,6.474685273935666674e-02,1.330093443490113492e-01,1.426314299009898701e-01,2.028281560968281660e-01,-1.109384550983685686e-01,-2.223710163691716268e-03,1.515453641418324782e-01,-1.884671553953298495e-01,2.877503793266391816e-03,3.200401990770503080e-02,-1.095436393936654040e-01,1.194880175376953207e-01,-1.586578491997266138e-01,1.881900746543438765e-02,3.385719010962411762e-02,5.056910002612270694e-02,6.167488525017366524e-02,4.621547966266600915e-02,1.552828060298230006e-01,8.010129071055484273e-02,-8.259290253503014101e-02,1.000837145450227533e-01,-7.477663389058558652e-02,9.637661829824548110e-03,-1.509312612512688501e-01,5.827347234943041493e-02,2.194568678800726605e-02,-8.616857285148317447e-02,-6.847174746257048139e-02,-1.629947445798751449e-01
8.359087755354109583e-02,-1.682500405661291609e-01,1.626112368484426418e-01,-9.686597320505978270e-02,1.875798381358855516e-01,3.267649987189274463e-01,-6.680010929002039473e-03,2.222149044497282455e-01,6.907641942277933933e-02,1.919433097292192747e-01,-3.461984221981128512e-02,-6.921082330940561689e-02,-6.407724329410518886e-03,2.007674547974666879e-01,-2.423028738173558516e-01,7.692019438145604460e-03,-1.221607496800837245e-01,7.332443956799411522e-02,4.709889827316146582e-02,2.161003085998640383e-02,-1.003815417916387454e-01,2.593334391383810278e-01,4.189065335745974922e-02,1.115056729545652880e-01,-1.080205136144503780e-01,-1.541973098458088165e-01,-3.782665739436520853e-03,-4.546153428571430774e-03,-1.431332707697894058e-01,2.480428667742947679e-01,-1.526906486873693958e-01,8.592958948594675572e-02,-2.404258402446997692e-02,-7.983540211800846387e-02,1.613242537309494129e-01,-7.386957463467277996e-02,3.855835672739222342e-01,-8.312134680280421073e-03,9.377911870719300713e-02,-9.583675409251207755e-02,1.330330324736379299e-01,3.360015405902019164e-02,-8.128887590172584332e-02,-3.074504346777055114e-02,-8.352707059860617345e-02,-5.719570320960997573e-02,-6.877863059753024089e-02,-2.296997664030679329e-02,1.701641603684211357e-01,-7.315800051731961851e-02,5.948827396376818455e-02,9.295847364386820855e-02,-7.674961608696877213e-02,-1.653676188213931142e-01
1.190572406177824588e-01,-1.636115426045388899e-01,1.202107594031401328e-01,-7.424979522061735115e-02,9.725111271599246043e-02,2.410369761968416957e-01,8.526831584921547302e-02,1.372649046064335632e-01,-1.059487270009726867e-01,8.210551173195187319e-03,-2.080754793589673080e-02,-8.459121817210518701e-02,2.859066687193925413e-02,4.598837944960185858e-02,-1.364590747901563150e-01,1.192114936415899912e-01,2.444181426796792345e-01,1.831873913836893908e-01,-6.578549933672027394e-02,-1.558827477129159089e-01,2.503980823577246773e-02,-9.086496451506248517e-02,-9.440274951706170703e-02,-1.227020573060920439e-01,-1.505178147459886595e-01,8.004993853209526700e-05,-1.035994763455366924e-01,-8.183953259260513813e-02,1.830478635590117586e-01,1.619105811378992732e-01,1.455402084394223083e-01,7.242946548617213397e-03,2.309904450278309554e-02,2.351145933525341236e-01,-2.916106650689931357e-02,-1.535261958835472569e-02,-2.708449504628731019e-01,-1.010639913605922147e-01,-1.573535243977415565e-02,3.050188955787974665e-01,-1.025501005482851308e-01,1.896446686806542783e-02,-1.597866142017960733e-01,-2.097868359381579451e-01,1.956531564007217283e-01,7.356813096430840637e-02,1.867558112414430260e-01,1.159565981629548242e-01,-1.185432522429673285e-01,-1.667750668026717620e-01,-1.240668483444712783e-01,-1.211565991856331237e-01,-8.502748471136627184e-02,-1.677404930629112501e-01
1.145042538730989962e-01,-6.814498269122333529e-02,9.817162498965953388e-02,-5.512779893842589124e-02,8.275317379278095825e-03,9.236536658580697667e-02,1.409290706066979870e-01,1.258568829946864198e-01,-1.358820282617369535e-01,-1.740167938980706763e-01,-1.175436729732670382e-01,-5.294082034890518207e-02,1.411978233101803815e-01,2.678493011225417664e-02,-5.306542416465460238e-02,1.477331192747243782e-01,1.430828027041206874e-01,5.024736988646236191e-02,-2.177934305131831727e-01,-8.945212125186603400e-03,3.071166955275176358e-01,-3.141631587836624107e-02,-3.857817979528257307e-02,6.820796202276720177e-02,4.782023791120164347e-02,-1.452278754482194956e-01,-1.970528835447400706e-01,-1.501573149603748492e-01,-1.487336896154812793e-01,-1.070588437327558845e-01,7.840204347245123551e-02,1.357609755595257650e-01,-9.069819471915459633e-04,-1.363611044503832415e-01,-1.727434291224769214e-01,1.390616310720079463e-01,-1.542769553859524023e-01,5.421534642859431735e-02,-8.992558073924572515e-03,-2.756999472492983605e-01,-8.949892794837929766e-02,-2.324137163058099739e-02,1.405466274678537630e-01,2.641435360238642560e-01,2.043015779938602353e-02,-7.381428341316904895e-02,-1.695748927509350412e-01,1.356911890859734959e-01,-7.680885160164641068e-02,1.946850626344092672e-01,2.250548875024425965e-01,2.104561422345501698e-01,-9.330535333576692181e-02,-1.701133673044312733e-01
3.840413632540727595e-02,5.359682892884783112e-02,-1.174190172842420193e-01,1.122324394152221169e-02,4.307778494312859002e-02,9.528369617776992831e-03,1.345757624251162354e-01,1.923098674563620061e-02,-1.461483707519862230e-01,-1.687440609429944616e-01,-2.160154846554131480e-01,-2.762495226479566024e-01,6.142157460918901135e-02,1.231651626103791586e-01,1.076140097914260602e-01,6.492361354673165108e-02,9.263980066352615894e-02,1.846254598559096127e-01,-8.932029897477344882e-02,1.251549262151124831e-01,2.300928456463367106e-02,2.132154916399117417e-01,3.412301287219574736e-02,-1.950207131087666138e-03,1.870158727719949399e-01,2.312683651656780304e-01,2.940398434536594108e-01,-5.060434917973347796e-02,1.869145638631423967e-01,-1.344231090569120990e-01,-4.876906134626099454e-02,6.671493201632713865e-02,2.223533177614968326e-01,-1.672129933732613150e-01,-1.136440648941089843e-01,-4.018711394425775359e-03,1.689677452527482970e-01,-1.436478411836958069e-01,6.220206397157541922e-02,8.835549554494805113e-02,6.846281189319303184e-02,-2.568463154382036873e-01,1.043772934898255234e-01,-2.819753727044990374e-02,-7.199718131927601572e-02,1.736094866564976552e-02,3.004785642872235055e-02,-7.384093162730773208e-02,1.540479301548142166e-01,7.778718184782940082e-02,-1.747894188866015719e-01,-2.353728450428534680e-01,-1.015832219601640191e-01,-1.724862415459471054e-01
2.008856767101329863e-02,1.573767835191925146e-01,-2.208900802755631859e-02,7.177409495196032663e-02,-2.629052663056192229e-01,1.438054415557032950e-01,-1.512124828821882760e-02,1.171050028504674601e-01,-2.199879708596969019e-01,-1.077787541022649231e-01,-2.889849686851861735e-02,-2.741804941358370537e-02,-3.702973485644245333e-02,4.467921237396103168e-02,2.014142157846506298e-01,-9.732079311089505969e-02,-2.508088011550923396e-02,-4.982580024219317866e-02,-3.111484800232982573e-01,9.628948892600816545e-02,-9.646049477277923723e-02,1.703653591951065360e-02,1.869667877817591528e-01,2.383281111839119504e-02,4.791330932901596840e-02,-1.167566651249877657e-01,-4.590426838837289442e-02,-2.601761215121289189e-02,4.478581787306603473e-02,-1.330208651675933995e-01,2.366411904330560970e-04,-2.453085713772174548e-01,-6.818625156888075134e-02,1.603838720988092770e-01,-1.184835111571268598e-02,-6.162876538404988419e-02,2.438649136665283490e-01,-3.009826460590777145e-02,-3.141023857722782808e-01,-6.479303004360732754e-02,1.462072001176064895e-01,1.009312208706942687e-01,-1.207397122995265693e-01,-6.996647707274970818e-02,-1.642201184947989249e-03,-6.242716726103376274e-02,1.803491224983361507e-01,-1.297756409064302618e-01,-2.680855899339684711e-01,-2.048585293981722288e-01,7.122139131436182324e-02,1.793610408868432926e-01,-1.098610905845627400e-01,-1.748591157874653523e-01
4.022463514588068417e-02,1.087537352490604986e-01,-1.170997694259025695e-01,2.887806332704838863e-04,-1.662786091394950760e-01,2.504855743703593429e-02,-5.382972613183605731e-02,8.461558278450141690e-02,-3.476805049646915502e-01,-2.141015548445374117e-02,1.826942118859228165e-02,7.382691880838453645e-03,1.179345632492666690e-01,-1.062696972481040336e-01,-1.066670405701223845e-01,-2.354064290637579715e-01,-2.053696596807377539e-01,-1.436040513964649545e-01,-8.518035104344838515e-02,2.248786795503034674e-01,-2.103314709799034288e-01,-2.028931141030096072e-02,-2.821349075980565668e-02,2.046089501832527024e-01,-5.105497564915734837e-02,-1.247528464972819801e-01,5.083606208527158971e-02,2.569793098250427663e-02,-9.254759801010596643e-02,-1.210137863998722758e-02,-1.060677709170361818e-02,2.184482061124382868e-01,8.342544958828139456e-02,2.860948713207653871e-01,6.097387489977443287e-02,6.712193993832796246e-02,-1.606193562751984938e-01,2.101471746142820618e-01,2.396731334900990551e-01,1.450070127189821145e-01,-1.288296435767664061e-01,6.895425025895743354e-02,-1.720470258168516758e-02,6.482952305419246997e-02,6.936593462785009545e-02,8.665998103579242162e-02,4.059833349508950445e-02,2.073535248439046380e-02,2.539612854028173161e-01,1.731260307472442528e-01,-6.541023991244868108e-02,-5.404861793380433266e-02,-1.181389592089607948e-01,-1.772319900289838490e-01
2.927209957736420787e-02,1.400113855535498886e-01,3.602085021482082788e-02,3.906884927987371026e-02,-9.583850956916074859e-02,-5.878547081368232924e-02,-1.536099124595274035e-01,-8.957473665640187932e-02,-2.732896875082128640e-01,4.898275659159125051e-02,5.356733551267888610e-02,-1.461534218506284066e-01,1.711650981280693207e-01,-3.953196880943004449e-02,-5.182790334371761842e-02,-1.749874659026950663e-01,-1.239652306669669357e-01,1.450828595767682805e-01,1.485204928757349607e-01,-2.104732571878584202e-01,-4.979945445320957398e-02,-2.604498023284151746e-03,-1.635859845349131036e-01,-6.312746800243253242e-02,-7.043259538651436280e-02,-8.302359166515383554e-03,1.501149432875382161e-01,9.298661525177619180e-02,1.089745178667954478e-01,1.247570475354463082e-01,-1.440193826772487307e-01,-6.077781527140699303e-02,-8.631434255973254033e-02,-1.969796003562429010e-01,5.015471099126608129e-02,7.401810442638734333e-02,-2.574626302942648048e-01,-1.016148165134806158e-01,-1.848698814862191064e-01,-1.816021508605434043e-01,-3.926478980399163848e-02,9.221040684906499363e-02,7.281413336682705795e-02,-1.932441912382641402e-01,-2.853781920528480343e-01,-2.635159731042775455e-01,-1.863009375472517992e-01,1.847092186090803501e-01,-5.271043065421495040e-03,-1.342230968877103081e-01,3.980528098321965691e-02,-4.780400957434078474e-02,-1.264168278333592799e-01,-1.796048642705015408e-01
1.427307511769876358e-01,4.541800231922305670e-02,5.286936592969913168e-02,3.029483029473802047e-02,1.963836931037629685e-02,-1.812925782920640494e-01,-1.104803841022062028e-01,-8.553841140063884714e-04,-7.252943837993293397e-02,8.039540536364459325e-03,-1.993574230540752501e-01,1.930590881307658185e-02,1.231493832337149236e-01,-5.491910148672175807e-02,-2.757938131428336881e-01,-1.571222005479675776e-01,1.962988304733295428e-02,-8.201664006794294470e-02,2.432314769365790108e-01,-3.492326439148946138e-02,-6.990462741503650212e-02,-3.430858525998134456e-02,-4.481692600945485355e-02,-1.581601511048161823e-01,-6.156588080383399580e-02,2.942354630453460351e-01,-9.007860453302382608e-02,-3.273424607351944210e-02,-2.664327881551535326e-01,-1.572332031837605365e-02,-9.494200679590876490e-02,9.799506014291743672e-02,-1.743410716288623930e-01,-1.447142378707860777e-01,-2.185944478253707135e-01,-5.812934819908683465e-02,1.694797661988647897e-01,4.829288628277565720e-02,-2.244834600682527603e-01,1.671706548039409712e-01,6.124075855210886141e-03,-2.969715747939934147e-02,7.099874090998226084e-02,-1.888725087680802675e-02,1.745624638479968127e-01,2.807669532281569791e-01,5.183255188668830366e-02,-1.875672312392352159e-01,-1.875936951842808453e-01,7.339528022985207512e-02,1.196613935507768595e-01,-1.648115542926380413e-03,-1.346946964577573902e-01,-1.819777385120197044e-01
1.223919295903604376e-01,1.768808799135293541e-01,9.503770305885486658e-02,8.875776777959355768e-02,-1.874262499778756585e-01,-7.464632625677432298e-02,-9.489366252382831768e-02,1.450581292860158786e-02,4.405049476627893867e-02,7.319743710777654178e-02,-8.795742502339894131e-02,-4.534912496530130177e-02,-7.215540542348826414e-02,-7.977216263106610972e-02,1.013972740209950762e-01,-1.460842067398175348e-01,7.280098815370372733e-02,-1.512470303970818719e-01,1.527747267621609728e-01,-1.049911695301690776e-02,1.925056017209021142e-01,-4.051931425983482105e-02,2.752011859279669959e-01,-7.125438529859579040e-02,3.801436010673172466e-02,1.397934978965769126e-01,-3.192140872644310678e-01,-5.651685124892782963e-02,1.861772194753709420e-01,2.319032908052464925e-01,3.140466604276701684e-02,-1.234707166259776251e-01,3.511103088992548887e-02,-1.432650864220283426e-01,1.055305478386453361e-01,2.268515613874348344e-02,7.567099704110331893e-02,-1.467359812975829458e-01,3.808929116391595593e-01,-6.141637246654180898e-02,8.927997266774349849e-02,1.120492548428751733e-01,4.122830543395956948e-02,1.932363116289876614e-01,1.084349680803639859e-01,1.248141018416350917e-02,8.074327953275524383e-02,2.150363627221262286e-01,6.435004488035285519e-02,-5.893333956793710832e-02,-1.614582677721135562e-01,1.344050163168991792e-02,-1.429725650821564997e-01,-1.843506127535389783e-01
2.613727576559243260e-01,-3.908220967778517491e-02,7.737385495385351586e-02,1.837932057377085482e-02,5.061328548781941078e-02,-1.173050841283024975e-01,-6.696881383298711361e-03,-4.964539006327241266e-02,8.715475229600989915e-02,1.588872283231460361e-02,3.537038318369767342e-02,5.856523398363917832e-02,-1.490154474295184335e-02,1.010046672809884610e-01,-5.435494233417965254e-02,-7.403268951977769186e-02,1.088892169258852925e-02,-1.101173220620950410e-01,1.391880315568556348e-01,-1.502696540949079174e-01,1.509512233132161985e-01,-1.427297991304181113e-01,1.810409347682508940e-01,3.855637923218861035e-02,-1.809859775807219628e-02,1.578509222855433228e-02,9.030571542436152677e-02,-3.998357221539473871e-02,1.476865120794662034e-01,1.861957202619004409e-02,3.557159302808961532e-01,-1.449670837972649451e-01,3.711861050313755572e-02,2.821149288125534560e-01,1.277699152367954560e-01,-1.075778791282030744e-01,2.557992293950316076e-02,1.781164969734793935e-01,-1.470390289629608105e-01,5.064741195115146644e-02,-1.166702146818861946e-02,-3.193143642613621713e-01,-6.470924345779129061e-02,1.520299902064081894e-02,-2.241773760579920116e-01,-1.584898330686475842e-01,-2.072619294222821651e-01,-2.353591473297774739e-01,1.254684028641295523e-01,1.883105461969883931e-01,2.425161877437133698e-02,6.222988050953510986e-02,-1.512504337065548876e-01,-1.867234869950584464e-01
2.110959250089986805e-01,6.692075340787240201e-02,3.944061185615047038e-02,7.168012223220869561e-02,1.230953458143608931e-01,-1.325829815997586481e-01,1.075805575475845127e-01,-1.075266217059000495e-01,2.718339506030437169e-01,-2.164562083943401272e-02,-1.743223790361664860e-01,-2.747561060052563023e-02,-4.429767811389087595e-02,2.642588823355783781e-02,4.648187671858572401e-02,9.806707698506884896e-02,5.704628419994914323e-02,-1.456694169552940066e-01,-1.349275610024587048e-02,-1.980614646588055860e-01,-9.913029339801938955e-02,-1.391244356112680269e-01,-1.426088394919581559e-01,1.802737147562809283e-01,7.169500212372703629e-02,-1.820982799508417405e-01,1.637683268890987309e-01,2.825240030489523102e-01,9.058926887446444587e-02,-1.167924020018304004e-01,-7.960369718509431591e-02,1.092049361786992939e-01,1.312116268541471398e-01,-1.688326378130998728e-01,1.017657252860543482e-01,1.973859761749100217e-01,1.265867416568070523e-02,3.273233013108294287e-01,1.671613893222355721e-02,-9.462791035385204053e-02,7.615838724758548783e-02,9.793131571474476826e-02,-1.536897081360920625e-01,-5.872703692642088774e-02,7.408038137861200356e-02,3.310332416011207979e-02,3.030267202097572388e-01,9.034223338990333974e-02,-8.447505537774034623e-02,-6.493020330512025429e-02,3.108411657616832677e-02,-1.745809399648932600e-02,-1.595283023309533865e-01,-1.890963612365755275e-01
8.906862667401049816e-02,2.122894662149536482e-01,1.069270130829460541e-01,2.083049386551339421e-01,-1.699208140948261364e-02,-1.634698832351742792e-01,9.083680302958157052e-03,-4.226321861664683946e-03,2.477867272873854609e-01,1.126425392853886050e-02,1.155275962875883800e-01,-3.727791893325144157e-02,-1.989559831644768795e-02,-5.770900249790795328e-02,1.968627491794894824e-01,2.653048286419851243e-01,-7.268477905041485776e-02,1.474872337851007853e-01,-1.157714167562729768e-01,1.945932258338628484e-01,-2.410174006326597576e-02,1.866673181526598280e-01,-8.412594407537987706e-02,5.262814619837849657e-03,-2.241072287001646401e-01,-3.070701625856089856e-02,4.117542482094706247e-02,-1.089524184769178894e-01,-7.349148430120995557e-02,-1.804755908504175888e-01,1.964891335898805713e-01,6.586495435844273716e-02,-3.411032423304558026e-01,-1.150919198471171273e-01,1.186828049007827152e-01,-2.520667002785868527e-01,-7.384315201914154470e-02,-2.943133926475838616e-02,8.129489979844295444e-02,9.816431376464648806e-02,-1.461748278956745140e-01,1.064608301641826876e-01,3.667247576446777679e-02,-1.376528034764606112e-01,7.794785278851477928e-02,7.281865265638415297e-02,-1.358462651515033870e-01,-1.228755550959495686e-02,1.385674374353858262e-01,-8.638245663257301810e-02,1.888956208385315222e-02,3.969513929522265616e-02,-1.678061709553511083e-01,-1.914692354780935246e-01
2.940367119364983850e-01,-7.056026560869969877e-02,6.476386681537938707e-03,4.634189034582102823e-02,1.850283284053153565e-01,-1.847490318776668083e-01,-1.180293681457855043e-02,-4.834020308715065301e-02,1.209019136063936017e-01,-1.237830516272095394e-02,4.178428406662351158e-01,8.512008659329785287e-02,-2.198545135692953900e-01,1.838778180959980621e-02,9.376418886590495716e-02,1.669650647182895423e-02,-1.327831591147352885e-01,1.226778104942652659e-01,-1.156346432461842350e-01,1.354615011453741413e-01,-6.041915606658960353e-02,-1.126663122663413147e-01,-9.523412879388373775e-02,-1.063679068426958280e-01,1.079229964583405532e-01,-1.123518827241010718e-03,-6.408754317854696569e-02,-5.778412460276387448e-03,-1.713165113186057853e-01,9.726191371613591985e-02,-3.207545704945548026e-01,-6.093185507746336389e-03,2.362936590330845243e-01,2.216387792211385044e-01,-1.661973839805753472e-01,1.037266009476729700e-01,-1.807287992842414315e-02,-2.652014351261313685e-01,-1.310856452646997662e-02,-1.455860978425133762e-02,5.507237853919796922e-02,-2.833860898579067603e-04,7.914026046645407375e-02,9.808817377243292390e-02,-3.407453043488951200e-02,-2.167221552018567393e-02,-3.927390033465420066e-02,-1.803893597569853832e-02,-9.539098061429367170e-02,2.524985129810975587e-02,-4.489035944365082909e-02,-4.386682215199443763e-02,-1.760840395797506619e-01,-1.938421097196117715e-01
