-2.647670805454254150e-01,2.827448025345802307e-02,-5.399309098720550537e-02,2.872714400291442871e-01,1.631259173154830933e-01,1.305015236139297485e-01,2.045292854309082031e-01,-2.949157655239105225e-01,2.374294102191925049e-01,2.775630950927734375e-01,8.405168540775775909e-03,9.927191585302352905e-02,-1.600908041000366211e-01,9.471172094345092773e-02,1.545706987380981445e-01,-1.585728526115417480e-01,1.013541072607040405e-01,-4.101921617984771729e-02,1.213173419237136841e-01,-1.540775597095489502e-01,1.333782076835632324e-01,-1.283903717994689941e-01,-3.111811876296997070e-01,-3.375549986958503723e-02,-1.007162109017372131e-01,5.449261516332626343e-02,-8.870267868041992188e-02,2.703209966421127319e-02,2.939147688448429108e-02,6.545323412865400314e-04,5.170326679944992065e-02,1.136548742651939392e-01,-5.079611018300056458e-02,1.738267689943313599e-01,8.287225849926471710e-03,-8.059266954660415649e-02,-7.163023203611373901e-02,-6.990896165370941162e-02,-1.128925103694200516e-02,-9.985645115375518799e-02,-1.285535395145416260e-01,1.122494414448738098e-01,-1.703099012374877930e-01,1.446870416402816772e-01,-1.726439297199249268e-01,-1.892474666237831116e-02,1.108403280377388000e-01,1.253114044666290283e-01,-2.808805927634239197e-02,-5.809600651264190674e-02,-2.573914080858230591e-02,-4.453787207603454590e-02,-3.719254210591316223e-02,1.360827684402465820e-01
-2.554278969764709473e-01,3.316404297947883606e-02,-9.951548278331756592e-02,2.827862501144409180e-01,3.737425059080123901e-02,3.538853302597999573e-02,-4.558584839105606079e-02,-6.275049597024917603e-02,2.966262102127075195e-01,7.746509276330471039e-03,-2.069901376962661743e-01,9.588577598333358765e-02,3.315070867538452148e-01,2.138416916131973267e-01,6.312688440084457397e-02,7.698372006416320801e-02,3.865673393011093140e-02,-9.435595571994781494e-02,7.633771747350692749e-02,1.024329289793968201e-01,1.802707165479660034e-01,2.555484473705291748e-01,1.845961958169937134e-01,1.126034706830978394e-01,-3.834062442183494568e-02,-1.714421212673187256e-01,9.300425648689270020e-02,1.366532295942306519e-01,-3.652962297201156616e-02,1.648471951484680176e-01,2.133412472903728485e-02,1.439796993508934975e-03,1.936145722866058350e-01,-1.132269725203514099e-01,-6.991218030452728271e-02,-3.290356695652008057e-02,4.526710137724876404e-02,1.751503199338912964e-01,6.045546755194664001e-02,2.564191818237304688e-02,1.145915687084197998e-01,-1.548109352588653564e-01,2.796554267406463623e-01,2.480670437216758728e-02,5.597144737839698792e-02,2.948710508644580841e-02,-1.371228843927383423e-01,-1.190017014741897583e-01,2.688931301236152649e-02,-5.507509410381317139e-02,1.883537881076335907e-02,-3.633189573884010315e-02,3.028752095997333527e-02,1.360827684402465820e-01
-2.672956883907318115e-01,-2.298354171216487885e-02,-6.507962197065353394e-02,2.707272768020629883e-01,4.778426885604858398e-02,7.348911464214324951e-02,-1.141989231109619141e-01,-5.816999822854995728e-03,6.408893316984176636e-02,7.571816444396972656e-02,4.281109943985939026e-02,3.003674745559692383e-02,3.395491838455200195e-02,4.399749264121055603e-02,9.208827465772628784e-02,-1.097495704889297485e-01,2.177999354898929596e-02,1.425703912973403931e-01,-1.833404302597045898e-01,1.478645298629999161e-02,-1.903453469276428223e-01,-2.268107533454895020e-01,1.428902596235275269e-01,-8.371558785438537598e-02,4.172234237194061279e-02,-1.606833562254905701e-02,1.175727769732475281e-01,-1.277347058057785034e-01,9.928649663925170898e-02,-2.855002284049987793e-01,-2.214547097682952881e-01,-2.915210127830505371e-01,-3.867658972740173340e-02,-1.377632766962051392e-01,1.436765789985656738e-01,1.887879217974841595e-03,-7.124687545001506805e-03,-8.180170506238937378e-02,-6.117864325642585754e-02,1.320227384567260742e-01,-1.181790828704833984e-01,-1.388190835714340210e-01,-1.484176665544509888e-01,-3.110220134258270264e-01,2.402178496122360229e-01,-1.019239611923694611e-02,9.939574450254440308e-02,-1.548535823822021484e-01,3.835616633296012878e-02,1.490289270877838135e-01,-7.972447574138641357e-02,4.671405255794525146e-02,5.328867584466934204e-02,1.360827684402465820e-01
-2.587753534317016602e-01,-9.108245372772216797e-03,-1.729204207658767700e-01,2.576633095741271973e-01,2.532827295362949371e-02,2.366456575691699982e-02,-2.048142999410629272e-01,1.364699155092239380e-01,-1.154869794845581055e-01,-3.209862709045410156e-01,9.465462528169155121e-03,1.712554693222045898e-01,7.235733419656753540e-02,2.729005925357341766e-02,-2.270386219024658203e-01,3.759884461760520935e-02,-1.536274254322052002e-01,3.871118649840354919e-02,6.851664185523986816e-02,2.016228884458541870e-01,-3.295538574457168579e-02,2.135279588401317596e-02,5.238860473036766052e-02,4.167598113417625427e-02,8.773881196975708008e-02,1.161769777536392212e-01,-4.761049151420593262e-02,7.176873832941055298e-02,-8.428460359573364258e-02,-1.785757392644882202e-01,8.456809818744659424e-02,1.321706026792526245e-01,-2.262490689754486084e-01,1.114823520183563232e-01,-1.220104470849037170e-01,2.287156581878662109e-01,-4.213201347738504410e-03,-2.512853443622589111e-01,-5.437869578599929810e-02,-8.969723433256149292e-02,1.626216173171997070e-01,2.698128819465637207e-01,-7.868545502424240112e-02,1.282543241977691650e-01,1.052701286971569061e-02,-4.002171009778976440e-02,1.109032258391380310e-01,5.377493053674697876e-02,4.177172854542732239e-02,-1.127473413944244385e-01,1.521893590688705444e-01,3.644547984004020691e-02,-1.510361582040786743e-02,1.360827684402465820e-01
-2.570276856422424316e-01,-1.044261753559112549e-01,-1.130789592862129211e-01,1.082043200731277466e-01,-1.820114068686962128e-02,3.424254478886723518e-03,-1.367238610982894897e-01,-2.135475911200046539e-02,-5.860068276524543762e-02,-2.783883176743984222e-02,1.415293663740158081e-01,-4.571351408958435059e-02,-1.125430762767791748e-01,-1.227679997682571411e-01,-5.372506007552146912e-02,2.773078680038452148e-01,-2.135586887598037720e-01,1.124845445156097412e-01,-5.983494967222213745e-02,-8.729230612516403198e-02,-1.049251034855842590e-01,-1.278189569711685181e-01,-7.095139008015394211e-03,-9.630842506885528564e-02,6.208189949393272400e-02,2.634773962199687958e-02,1.403051018714904785e-01,-3.059614300727844238e-01,-1.922805421054363251e-02,2.013209313154220581e-01,1.252091228961944580e-01,6.017788313329219818e-03,3.983669728040695190e-02,1.727029494941234589e-02,1.025080867111682892e-02,-1.832644082605838776e-02,2.183461487293243408e-01,2.341866642236709595e-01,-4.204850271344184875e-02,1.759840250015258789e-01,-2.892187237739562988e-02,-6.389196962118148804e-02,1.477227662689983845e-03,7.056424766778945923e-02,-3.380751609802246094e-01,3.075820766389369965e-02,-3.250126540660858154e-01,1.883038878440856934e-01,-6.462547183036804199e-02,1.471064835786819458e-01,2.291878871619701385e-02,-8.891551196575164795e-02,-8.953469246625900269e-02,1.360827684402465820e-01
-2.201070189476013184e-01,1.169485747814178467e-01,-1.637945771217346191e-01,1.085695531219244003e-02,3.664370253682136536e-02,-4.077032580971717834e-02,-1.084090024232864380e-01,4.741116613149642944e-02,-9.394857287406921387e-02,-9.301599860191345215e-02,1.296267807483673096e-01,-3.346483409404754639e-02,-3.279801011085510254e-01,-2.155546694993972778e-01,2.981803752481937408e-02,1.767108142375946045e-01,-9.415321052074432373e-02,-1.250943839550018311e-01,-3.443778306245803833e-02,-9.686566889286041260e-02,-1.977227069437503815e-02,-6.822287291288375854e-02,-2.826408483088016510e-02,-1.321364566683769226e-02,-6.042045075446367264e-03,-7.042928785085678101e-02,-4.010158181190490723e-01,2.355412840843200684e-01,-7.487427443265914917e-02,2.427695691585540771e-01,6.308348476886749268e-02,-6.343393027782440186e-02,2.522340044379234314e-02,-3.939626365900039673e-02,-7.339123636484146118e-02,-5.616864189505577087e-02,-2.098967134952545166e-01,4.313261434435844421e-02,3.024171888828277588e-01,-1.860677078366279602e-02,-5.268479138612747192e-02,-9.329719841480255127e-02,1.327878981828689575e-01,-6.450455635786056519e-02,2.262900024652481079e-01,-1.911898888647556305e-02,1.180063039064407349e-01,-1.487877964973449707e-01,-1.052739545702934265e-01,1.553001068532466888e-02,-1.768467128276824951e-01,7.708626240491867065e-02,-3.188277035951614380e-02,1.360827684402465820e-01
-2.161169052124023438e-01,-1.227919310331344604e-01,-6.895912438631057739e-02,-2.056550234556198120e-02,-8.597094565629959106e-02,-1.179592758417129517e-01,1.178183853626251221e-01,-2.187436260282993317e-02,-1.308727413415908813e-01,4.735650867223739624e-02,9.757461957633495331e-03,-2.197993248701095581e-01,-2.237629592418670654e-01,-3.975601866841316223e-02,-5.308634787797927856e-02,2.384123802185058594e-01,2.668358683586120605e-01,-1.587353460490703583e-02,1.685013324022293091e-01,8.342678099870681763e-02,-2.072099596261978149e-01,3.009269535541534424e-01,-1.264937669038772583e-01,5.221432074904441833e-02,5.245997756719589233e-02,7.199266552925109863e-02,2.524849176406860352e-01,3.333989530801773071e-02,-9.575612843036651611e-03,-5.036199931055307388e-03,-2.432094514369964600e-01,1.297706812620162964e-01,1.837681382894515991e-01,-2.994590625166893005e-02,1.328354924917221069e-01,-6.369960308074951172e-02,1.252556890249252319e-01,-1.149629801511764526e-02,-9.084980003535747528e-03,1.719791628420352936e-02,-4.222436621785163879e-02,6.683129072189331055e-02,4.430415481328964233e-02,-6.247933208942413330e-02,7.918934524059295654e-02,1.598081439733505249e-01,2.372586280107498169e-01,1.205778941512107849e-01,-2.133336476981639862e-02,-1.647185534238815308e-01,1.027294620871543884e-01,1.162820383906364441e-01,2.298907041549682617e-01,1.360827684402465820e-01
-1.572142839431762695e-01,1.981419175863265991e-01,-9.683841466903686523e-02,-7.426668703556060791e-02,1.654635965824127197e-01,-1.416870057582855225e-01,1.187078058719635010e-01,-1.469933195039629936e-03,-5.868409201502799988e-02,1.144679561257362366e-01,-4.283687472343444824e-02,-3.414637148380279541e-01,-1.082243546843528748e-01,-2.012359946966171265e-01,-2.985208295285701752e-02,-1.005068048834800720e-01,1.924077123403549194e-01,-8.008791506290435791e-02,-4.361991956830024719e-02,1.729183481074869633e-03,2.082994952797889709e-02,-2.229171339422464371e-03,2.293771356344223022e-01,9.720148891210556030e-02,-1.863470114767551422e-02,8.673789352178573608e-02,-1.347909867763519287e-01,9.220749139785766602e-02,-9.117309004068374634e-02,-2.924337387084960938e-01,-2.499708533287048340e-02,1.270367056131362915e-01,-9.970188885927200317e-02,7.051404565572738647e-02,-5.908211693167686462e-02,-1.233862265944480896e-01,8.778445422649383545e-02,8.311764150857925415e-02,-2.360133677721023560e-01,-1.384259611368179321e-01,1.493509858846664429e-01,2.651418559253215790e-02,1.238273009657859802e-01,-4.670071229338645935e-02,3.653312800452113152e-03,-1.529476940631866455e-01,-2.685159444808959961e-01,-5.377163365483283997e-02,2.002990841865539551e-01,1.803484112024307251e-01,5.610211193561553955e-02,-2.232657521963119507e-01,-4.732964932918548584e-02,1.360827684402465820e-01
-1.700758785009384155e-01,-1.484032534062862396e-02,-3.921707347035408020e-02,-7.046500593423843384e-02,-1.418666094541549683e-01,-4.125421494245529175e-02,2.587324678897857666e-01,-1.156177558004856110e-02,-3.077902458608150482e-02,-1.608453691005706787e-01,-1.507772207260131836e-01,-2.809746265411376953e-01,6.990451365709304810e-02,-8.026964217424392700e-02,4.402444232255220413e-03,-5.222781747579574585e-02,2.641357183456420898e-01,-3.315866226330399513e-03,-1.515567302703857422e-01,-1.072675511240959167e-01,6.679188460111618042e-03,4.289834946393966675e-02,1.104827038943767548e-02,-1.156637538224458694e-02,4.024157300591468811e-03,-1.563935130834579468e-01,4.678775742650032043e-02,-1.834595948457717896e-02,1.150990277528762817e-01,1.085187122225761414e-01,8.940514177083969116e-02,-2.873249948024749756e-01,-1.642728298902511597e-01,-1.743647307157516479e-01,1.034659445285797119e-01,3.646219670772552490e-01,-1.489815413951873779e-01,-1.526155322790145874e-01,-5.300625786185264587e-02,1.531253475695848465e-02,1.195816993713378906e-01,-8.459627628326416016e-02,-8.543140441179275513e-02,2.891026735305786133e-01,-1.846937686204910278e-01,-4.180746152997016907e-03,-1.441296841949224472e-02,-4.107962176203727722e-02,-6.704722344875335693e-02,-9.838125854730606079e-02,-1.503423601388931274e-01,1.014592498540878296e-01,-1.427515894174575806e-01,1.360827684402465820e-01
-1.539644151926040649e-01,1.324682310223579407e-02,-7.867780327796936035e-02,-1.124779433012008667e-01,-2.290131300687789917e-01,-3.793272003531455994e-02,4.703403636813163757e-02,1.668659746646881104e-01,-3.619791567325592041e-02,-2.002847492694854736e-01,-1.994643509387969971e-01,-6.082754954695701599e-02,2.285635173320770264e-01,-1.330000311136245728e-01,8.376019448041915894e-02,-1.625173687934875488e-01,-4.945874214172363281e-02,1.698494851589202881e-01,-6.608023494482040405e-02,-2.048884332180023193e-01,2.139700055122375488e-01,1.401555836200714111e-01,-1.364934146404266357e-01,-7.926230132579803467e-02,-8.929494768381118774e-02,5.121208727359771729e-02,-5.744116380810737610e-02,4.140600934624671936e-02,6.129753310233354568e-03,-2.136208862066268921e-02,3.002470135688781738e-01,-1.923558413982391357e-01,1.294773221015930176e-01,2.029889225959777832e-01,4.450114816427230835e-02,-1.773938685655593872e-01,3.983578830957412720e-02,1.906872391700744629e-01,-4.989834874868392944e-02,4.172805324196815491e-02,-1.585406810045242310e-01,2.504245042800903320e-01,-1.044690832495689392e-01,-2.787423431873321533e-01,4.829442128539085388e-02,1.520359143614768982e-02,1.100106909871101379e-01,5.838075280189514160e-02,4.508981946855783463e-03,1.371302269399166107e-02,1.405372023582458496e-01,-1.782189123332500458e-02,8.311557024717330933e-02,1.360827684402465820e-01
-1.432387232780456543e-01,1.982443779706954956e-02,-3.408580645918846130e-02,-1.359501928091049194e-01,-2.368641197681427002e-01,-4.891587421298027039e-02,1.666083484888076782e-01,2.445395886898040771e-01,-4.745017364621162415e-02,7.356390357017517090e-03,-5.534691363573074341e-02,-9.518737345933914185e-02,6.752801686525344849e-02,8.631543070077896118e-02,1.850379109382629395e-01,-2.222104370594024658e-02,-4.326415657997131348e-01,-7.012728601694107056e-02,3.443248569965362549e-01,-1.034857556223869324e-01,7.589419931173324585e-02,-6.945946812629699707e-02,-9.393484331667423248e-03,5.643851310014724731e-02,-8.027017116546630859e-02,-4.659237712621688843e-02,-3.775819391012191772e-02,-1.206131279468536377e-01,2.148577272891998291e-01,-7.017488777637481689e-02,-3.375795185565948486e-01,1.547341793775558472e-01,-3.898397460579872131e-02,-3.470689058303833008e-02,-5.092801153659820557e-02,-2.364308945834636688e-02,-1.086924299597740173e-01,-2.094844430685043335e-01,3.260369226336479187e-02,-3.295055031776428223e-02,-1.881133466958999634e-01,-4.201704263687133789e-02,3.283730149269104004e-02,9.217341244220733643e-02,-6.919757463037967682e-03,7.539422810077667236e-02,-2.183115035295486450e-01,-1.172844693064689636e-01,5.241446942090988159e-02,2.938964217901229858e-02,4.200271889567375183e-02,2.937434427440166473e-02,3.257725387811660767e-02,1.360827684402465820e-01
-1.200407370924949646e-01,5.981142818927764893e-02,-2.404932118952274323e-02,-1.388626843690872192e-01,-2.362845698371529579e-03,-2.191662555560469627e-03,9.980434924364089966e-02,1.159487292170524597e-01,-1.349103450775146484e-01,1.203889474272727966e-01,5.014893040060997009e-02,-9.970556013286113739e-03,2.336824089288711548e-01,-5.667980760335922241e-02,9.737814962863922119e-02,-4.811944067478179932e-02,-1.306390017271041870e-01,8.553097397089004517e-02,-2.075137645006179810e-01,1.953790783882141113e-01,1.563687473535537720e-01,-1.872308552265167236e-01,-9.429579228162765503e-02,1.827189922332763672e-01,-3.040045499801635742e-02,1.136144157499074936e-03,5.502393841743469238e-02,-1.184945106506347656e-01,-5.386721342802047729e-02,1.116736382246017456e-01,-5.799913406372070312e-02,3.312692642211914062e-01,8.759557455778121948e-02,-1.339943259954452515e-01,9.373571723699569702e-02,-8.933820575475692749e-02,1.361261904239654541e-01,5.333334952592849731e-02,8.136367052793502808e-02,-1.276069879531860352e-01,3.445717096328735352e-01,-1.219228282570838928e-01,-1.741809844970703125e-01,-1.081523597240447998e-01,1.757866702973842621e-02,-1.737255603075027466e-01,2.562191784381866455e-01,1.112556383013725281e-01,-6.474829465150833130e-02,-1.209156960248947144e-01,-2.366821318864822388e-01,1.503751054406166077e-02,-1.246675625443458557e-01,1.360827684402465820e-01
-1.355308443307876587e-01,-1.890648603439331055e-01,9.496555477380752563e-02,-9.622743725776672363e-02,5.075887963175773621e-02,3.217239631339907646e-03,2.665976062417030334e-02,9.597395360469818115e-02,-2.596455812454223633e-01,9.105638414621353149e-02,1.146579682826995850e-01,1.350356787443161011e-01,-2.274585142731666565e-02,1.721155792474746704e-01,7.551414519548416138e-02,-1.861771047115325928e-01,5.520407110452651978e-02,3.709996119141578674e-02,-2.722756564617156982e-01,2.305951118469238281e-01,-1.460772100836038589e-02,-8.196239173412322998e-02,-1.850181221961975098e-01,-4.782417044043540955e-02,3.148685023188591003e-02,8.648943901062011719e-02,8.126322180032730103e-02,4.258356243371963501e-02,4.990636371076107025e-03,4.418538510799407959e-02,8.492822200059890747e-02,-3.479019552469253540e-02,1.023856773972511292e-01,-1.100657787173986435e-02,-1.988687179982662201e-02,3.446247428655624390e-02,-4.998439252376556396e-01,6.212432682514190674e-02,-1.192468870431184769e-02,-1.075422540307044983e-01,3.655441105365753174e-02,-3.859559819102287292e-02,2.543016076087951660e-01,1.849860325455665588e-02,7.918259361758828163e-04,1.215787082910537720e-01,-2.232672125101089478e-01,1.473393887281417847e-01,1.663509458303451538e-01,1.838157698512077332e-02,1.287222057580947876e-01,-4.083826392889022827e-02,1.961971670389175415e-01,1.360827684402465820e-01
-1.287267059087753296e-01,-1.723095178604125977e-01,2.501202933490276337e-02,-2.073376327753067017e-01,7.687260955572128296e-02,-3.547179698944091797e-02,-1.208708137273788452e-01,2.143316715955734253e-01,-6.631220877170562744e-02,2.359614521265029907e-01,-2.261297032237052917e-02,-1.484300196170806885e-02,4.023892804980278015e-02,2.283079624176025391e-01,-1.615163832902908325e-01,-1.642016917467117310e-01,5.200988054275512695e-02,-7.544992119073867798e-02,-1.104746982455253601e-01,1.155371740460395813e-01,-1.247885264456272125e-02,1.585259437561035156e-01,-3.464625775814056396e-02,-2.349250465631484985e-01,-1.544235460460186005e-02,1.299352198839187622e-01,-3.556438162922859192e-02,-3.100836649537086487e-02,-1.044640988111495972e-01,2.299554413184523582e-03,-4.216780886054039001e-02,1.794332265853881836e-02,5.942132696509361267e-02,1.569598764181137085e-01,-2.906988933682441711e-02,3.885343298316001892e-02,2.058224827051162720e-01,5.207423120737075806e-02,5.883763730525970459e-02,5.741244554519653320e-02,-2.306092977523803711e-01,1.743017695844173431e-02,4.904794320464134216e-02,2.793356180191040039e-01,-2.387639135122299194e-02,-2.933722920715808868e-03,1.813408434391021729e-01,-3.584265410900115967e-01,-1.187083721160888672e-01,1.621150374412536621e-01,-7.102411240339279175e-02,-3.697561472654342651e-02,-2.886278033256530762e-01,1.360827684402465820e-01
-7.878194004297256470e-02,2.372128814458847046e-01,-4.826936498284339905e-02,-2.606289684772491455e-01,1.009388640522956848e-01,-9.095090627670288086e-02,-5.529325082898139954e-02,-1.012307405471801758e-01,-1.311163306236267090e-01,6.118228193372488022e-03,7.956870645284652710e-02,7.469134032726287842e-02,1.000406593084335327e-01,1.867464482784271240e-01,1.094243377447128296e-01,-2.366649657487869263e-01,4.114266112446784973e-02,-1.464469283819198608e-01,1.580509990453720093e-01,1.365234851837158203e-01,-1.920783817768096924e-01,2.512396685779094696e-02,1.379367858171463013e-01,-8.706086874008178711e-02,-8.048070967197418213e-02,-8.082035928964614868e-02,-6.595525145530700684e-02,-3.773529455065727234e-02,-2.152257114648818970e-01,1.199556216597557068e-01,2.840577438473701477e-02,-2.073386758565902710e-01,-2.039867788553237915e-01,-4.640234261751174927e-02,-7.082530856132507324e-02,-8.602694422006607056e-02,1.826734840869903564e-01,-1.705352365970611572e-01,8.189319074153900146e-02,1.504028737545013428e-01,-1.313656866550445557e-01,-3.538880497217178345e-02,1.358536817133426666e-02,-1.202591285109519958e-01,-1.218813657760620117e-01,-1.232923865318298340e-01,-7.062734663486480713e-02,2.638227045536041260e-01,-1.756295114755630493e-01,-2.345370054244995117e-01,-2.205773442983627319e-02,-8.359763026237487793e-02,2.042174339294433594e-01,1.360827684402465820e-01
-8.945385366678237915e-02,-1.673609614372253418e-01,1.476839929819107056e-01,-1.199999898672103882e-01,3.147622570395469666e-02,-1.240884214639663696e-01,1.284238994121551514e-01,-2.041769921779632568e-01,-9.773582965135574341e-02,7.025588303804397583e-03,1.391852349042892456e-01,2.189907580614089966e-01,4.393542557954788208e-02,2.674222923815250397e-02,-1.355334883555769920e-03,-1.889457702636718750e-01,1.779456064105033875e-02,-1.353303641080856323e-01,1.041159108281135559e-01,-2.588191926479339600e-01,-1.014708578586578369e-01,-7.406821101903915405e-02,1.654308736324310303e-01,4.642033949494361877e-02,1.322526633739471436e-01,-9.091597795486450195e-02,-6.711789965629577637e-02,2.485898882150650024e-02,2.756891772150993347e-02,2.808026671409606934e-01,5.974425747990608215e-02,1.684238612651824951e-01,-9.402628988027572632e-03,-8.254282176494598389e-02,6.479020416736602783e-02,2.911969833076000214e-02,7.561148703098297119e-02,6.453266739845275879e-02,-1.123999878764152527e-01,2.684159278869628906e-01,2.480335384607315063e-01,2.190682590007781982e-01,-1.785792410373687744e-01,2.919252961874008179e-02,2.195518165826797485e-01,6.253789365291595459e-02,-1.002492103725671768e-02,-1.724955588579177856e-01,1.388459801673889160e-01,1.666405797004699707e-01,1.901050359010696411e-01,1.414852291345596313e-01,3.582561761140823364e-02,1.360827684402465820e-01
-8.203595131635665894e-02,-1.050818860530853271e-01,5.379384383559226990e-02,-2.416838407516479492e-01,-1.112842001020908356e-02,-4.896761476993560791e-02,-7.965876162052154541e-02,4.617206379771232605e-02,2.076268345117568970e-01,1.716311872005462646e-01,2.273682691156864166e-02,1.858195066452026367e-01,-3.396436944603919983e-02,-1.432133764028549194e-01,-1.968768797814846039e-02,1.172174811363220215e-01,4.009138420224189758e-02,-4.965387284755706787e-02,7.448143512010574341e-02,-7.667371630668640137e-02,-5.788611620664596558e-02,2.036587335169315338e-02,3.166370391845703125e-01,-1.128895431756973267e-01,-2.006638050079345703e-01,1.104265674948692322e-01,2.315781861543655396e-01,4.348969459533691406e-02,2.480463236570358276e-01,-9.770841896533966064e-02,1.984256356954574585e-01,3.857186809182167053e-02,-5.389275774359703064e-02,-1.652860641479492188e-02,-1.534762531518936157e-01,3.385762125253677368e-02,-1.160208359360694885e-01,9.851744771003723145e-02,-1.704877940937876701e-03,-2.678983509540557861e-01,-7.055277377367019653e-02,-1.077522560954093933e-01,-7.891225069761276245e-02,2.411631494760513306e-02,1.527547240257263184e-01,-2.388549596071243286e-01,-4.767882637679576874e-03,2.095468491315841675e-01,-1.570280641317367554e-01,-3.931449353694915771e-02,1.037165969610214233e-01,2.823443412780761719e-01,-9.278009831905364990e-02,1.360827684402465820e-01
-7.655304670333862305e-02,-1.717231422662734985e-01,8.319979906082153320e-02,-2.233089208602905273e-01,2.347997948527336121e-02,-1.139343231916427612e-01,-1.450129151344299316e-01,-7.880494743585586548e-02,6.179351732134819031e-02,8.011061698198318481e-02,1.027870252728462219e-01,2.024277746677398682e-01,2.455581724643707275e-02,7.822412997484207153e-03,-1.935715079307556152e-01,5.526546016335487366e-02,4.908632952719926834e-03,5.088132992386817932e-02,6.653425842523574829e-02,-1.784141659736633301e-01,5.130000412464141846e-02,3.814870491623878479e-02,1.501490175724029541e-02,2.641644775867462158e-01,1.965746581554412842e-01,-1.428733300417661667e-02,-8.368162810802459717e-02,1.538735926151275635e-01,2.180712521076202393e-01,-1.127134039998054504e-01,-3.987065330147743225e-02,-1.025909185409545898e-01,7.142330706119537354e-02,3.320585936307907104e-02,1.135073080658912659e-01,1.550455540418624878e-01,3.981615230441093445e-02,-5.555095151066780090e-02,5.863864440470933914e-03,-1.231772676110267639e-01,-3.719620034098625183e-02,3.805699571967124939e-02,-1.918867928907275200e-03,-2.348586171865463257e-01,-9.544032812118530273e-02,2.106626033782958984e-01,-7.738282531499862671e-02,2.288025431334972382e-02,3.906862810254096985e-03,-2.415367364883422852e-01,-2.482981085777282715e-01,-4.073382914066314697e-01,-1.543010175228118896e-01,1.360827684402465820e-01
-3.362383320927619934e-02,1.291327774524688721e-01,-1.285811304114758968e-03,-2.667872607707977295e-01,5.737769976258277893e-02,-1.056979373097419739e-01,-9.569813311100006104e-02,-2.259839773178100586e-01,1.412246525287628174e-01,7.393643260002136230e-02,3.673658147454261780e-02,1.425268948078155518e-01,6.751023977994918823e-02,-1.074645295739173889e-01,-1.689869463443756104e-01,1.750262230634689331e-01,-3.521300479769706726e-02,1.611258834600448608e-01,5.675448477268218994e-02,8.567214757204055786e-02,1.466926634311676025e-01,6.001843512058258057e-02,-1.646048277616500854e-01,1.108609884977340698e-01,-9.998173266649246216e-02,-2.525687217712402344e-03,-7.537525892257690430e-02,-2.407875955104827881e-01,4.193895310163497925e-02,-7.779578864574432373e-02,-6.624321639537811279e-02,-3.114567399024963379e-01,6.359298527240753174e-02,9.582155197858810425e-02,-3.513132035732269287e-02,-1.397902965545654297e-01,-2.150124870240688324e-02,-2.202319800853729248e-01,2.547258278355002403e-03,4.633668437600135803e-02,2.297058105468750000e-01,4.685004800558090210e-02,1.752374470233917236e-01,1.524376571178436279e-01,-8.051589131355285645e-02,-3.067375347018241882e-02,1.278759390115737915e-01,-2.997429668903350830e-02,1.661203950643539429e-01,2.903064489364624023e-01,-6.944403797388076782e-02,2.094296216964721680e-01,1.761943548917770386e-01,1.360827684402465820e-01
-3.058945573866367340e-02,9.247779846191406250e-02,6.855134665966033936e-02,-1.335753500461578369e-01,-3.422040864825248718e-02,6.578736007213592529e-02,2.374819852411746979e-02,-2.346683591604232788e-01,1.194244716316461563e-02,-1.814866513013839722e-01,-3.942997381091117859e-02,1.557482630014419556e-01,-1.466099917888641357e-01,-1.404439806938171387e-01,-1.234474554657936096e-01,-9.037523716688156128e-02,-2.076133899390697479e-02,1.679687798023223877e-01,-1.592175513505935669e-01,1.653409600257873535e-01,1.502890884876251221e-01,1.630436778068542480e-01,-1.921869069337844849e-02,-1.712088882923126221e-01,8.273558318614959717e-02,-2.448179274797439575e-01,-9.584688395261764526e-02,2.549017407000064850e-02,4.963404685258865356e-02,-1.173739135265350342e-01,-1.069155037403106689e-01,2.218751758337020874e-01,-1.238718852400779724e-01,-4.392369464039802551e-02,-1.284192055463790894e-01,-1.769082546234130859e-01,-3.499782830476760864e-02,4.115625843405723572e-02,-1.328430920839309692e-01,9.945064038038253784e-02,-9.281537681818008423e-02,-3.784058988094329834e-01,-1.140559911727905273e-01,-5.311431363224983215e-02,-1.266398727893829346e-01,2.193067669868469238e-01,3.089425340294837952e-02,-1.034995093941688538e-01,-3.357313945889472961e-02,-1.475356817245483398e-01,2.645163834095001221e-01,6.025632098317146301e-02,-1.251126378774642944e-01,1.360827684402465820e-01
-2.889467775821685791e-02,5.751695483922958374e-03,1.324226409196853638e-01,-1.373076736927032471e-01,-9.549692273139953613e-02,7.626479119062423706e-02,1.600868999958038330e-01,-1.868627071380615234e-01,1.544216573238372803e-01,-3.027530908584594727e-01,-7.968892157077789307e-02,-2.824747189879417419e-02,-2.057010680437088013e-01,1.707114875316619873e-01,-1.779031306505203247e-01,-7.546301186084747314e-02,-1.636786311864852905e-01,-5.322722718119621277e-02,-7.796251215040683746e-03,-1.803966984152793884e-02,5.248627439141273499e-02,-3.284903988242149353e-02,-1.103818789124488831e-01,-4.638624843209981918e-03,-4.096996039152145386e-03,4.785305634140968323e-02,2.413458228111267090e-01,3.687621653079986572e-02,-2.655541300773620605e-01,-3.386209905147552490e-02,-3.286813944578170776e-02,6.684099935228005052e-05,7.227262947708368301e-03,-5.766160786151885986e-03,-1.939235478639602661e-01,2.180253118276596069e-01,9.199573844671249390e-02,1.381888687610626221e-01,5.138575285673141479e-02,-2.002311348915100098e-01,-1.895271358080208302e-03,-9.686441719532012939e-02,-1.541375666856765747e-01,-1.345814112573862076e-02,1.999245882034301758e-01,-2.367974817752838135e-02,-3.781487420201301575e-02,4.279878921806812286e-03,-8.903723955154418945e-02,2.676528096199035645e-01,-2.127740532159805298e-01,-1.770569533109664917e-01,2.637577950954437256e-01,1.360827684402465820e-01
9.022810496389865875e-03,1.128453388810157776e-01,9.013035893440246582e-02,-1.610036045312881470e-01,6.508538872003555298e-02,1.587978899478912354e-01,1.344861239194869995e-01,-1.206879839301109314e-01,1.823585033416748047e-01,-6.890026479959487915e-02,-7.101809233427047729e-02,-2.225354872643947601e-02,-5.630774796009063721e-02,-3.304433077573776245e-02,-8.423735201358795166e-02,1.082221120595932007e-01,-1.303206831216812134e-01,-1.713573187589645386e-01,-8.615278452634811401e-02,1.872946619987487793e-01,-2.567500621080398560e-02,-1.235016584396362305e-01,1.006895378232002258e-01,1.550876945257186890e-01,2.640850096940994263e-02,-6.721438467502593994e-02,1.012665107846260071e-01,-1.130718067288398743e-01,-2.613944709300994873e-01,-1.534986644983291626e-01,7.837891578674316406e-02,4.596318304538726807e-02,1.178686395287513733e-01,-1.181667223572731018e-01,3.249501287937164307e-01,2.707468718290328979e-02,-1.767294406890869141e-01,5.128075182437896729e-02,1.504529267549514771e-01,1.144934594631195068e-01,-2.758937180042266846e-01,3.624065816402435303e-01,8.009828627109527588e-02,-6.277900934219360352e-02,-5.831497907638549805e-02,-6.802959740161895752e-02,-4.962111264467239380e-02,-6.443660706281661987e-02,9.563942998647689819e-02,-1.333556920289993286e-01,7.691320031881332397e-02,1.325040608644485474e-01,-2.278246134519577026e-01,1.360827684402465820e-01
4.573305486701428890e-04,6.034281104803085327e-02,1.791368722915649414e-01,-4.397427663207054138e-02,-1.151312813162803650e-01,3.214406669139862061e-01,1.772025376558303833e-01,1.554116457700729370e-01,4.969510436058044434e-02,8.685886859893798828e-02,-1.527024656534194946e-01,2.519530355930328369e-01,1.217786222696304321e-01,-1.915034949779510498e-01,6.324391812086105347e-02,2.560935020446777344e-01,2.181150615215301514e-01,1.163257881999015808e-01,-5.474875494837760925e-02,-6.438366323709487915e-02,1.296729687601327896e-02,-3.043905086815357208e-02,6.863659620285034180e-02,-9.395972639322280884e-02,2.227177172899246216e-01,1.288705766201019287e-01,-1.125333681702613831e-01,-1.051733121275901794e-01,-6.015002354979515076e-02,5.356654524803161621e-02,-9.262507408857345581e-02,1.420450657606124878e-01,-2.915844023227691650e-01,1.174521371722221375e-01,1.080785691738128662e-01,1.990847289562225342e-02,-1.099270023405551910e-02,-2.678748406469821930e-02,7.730150246061384678e-04,1.321044117212295532e-01,-3.049854934215545654e-02,3.238493949174880981e-02,2.148773372173309326e-01,8.231647312641143799e-02,1.497729420661926270e-01,-6.146260723471641541e-02,-1.439867448061704636e-02,2.844962058588862419e-03,-1.977366805076599121e-01,1.841356046497821808e-02,-5.032143741846084595e-02,-2.128975242376327515e-01,2.188341617584228516e-01,1.360827684402465820e-01
-5.677945446223020554e-04,-2.058403007686138153e-02,1.896744519472122192e-01,-5.323774367570877075e-02,2.693475596606731415e-02,2.475459724664688110e-01,1.090595126152038574e-01,2.385544627904891968e-01,3.479877486824989319e-02,-2.126098051667213440e-02,-7.286884635686874390e-02,-4.921184480190277100e-02,-1.980414427816867828e-02,1.959972381591796875e-01,-2.033501118421554565e-01,1.600579917430877686e-01,3.466501086950302124e-02,1.054707169532775879e-02,1.416153460741043091e-01,-8.860503882169723511e-02,-1.980961859226226807e-01,-3.993580937385559082e-01,-1.173747032880783081e-01,-1.147530749440193176e-01,-1.829106509685516357e-01,-1.132498458027839661e-01,-3.422825783491134644e-02,1.714045703411102295e-01,-5.765942856669425964e-03,-6.476879585534334183e-03,8.681801706552505493e-02,-1.611048281192779541e-01,-9.500143676996231079e-02,-5.276170745491981506e-02,-7.566865533590316772e-02,-1.773040443658828735e-01,2.133750617504119873e-01,9.964399039745330811e-02,-9.154440462589263916e-02,-1.179080009460449219e-01,1.837859153747558594e-01,-5.593116208910942078e-02,1.396517306566238403e-01,-6.674492359161376953e-02,-1.062629297375679016e-01,1.313733756542205811e-01,1.038743034005165100e-01,-9.724231809377670288e-02,2.149906754493713379e-01,-1.871441155672073364e-01,8.086991310119628906e-02,7.850706577301025391e-02,-2.562145888805389404e-02,1.360827684402465820e-01
4.437891021370887756e-02,2.812048196792602539e-01,6.689681857824325562e-02,-6.267054378986358643e-02,1.728621274232864380e-01,2.233357876539230347e-01,1.846117153763771057e-02,2.651853859424591064e-01,4.402611404657363892e-02,-9.735683351755142212e-02,-1.172830089926719666e-01,2.342743799090385437e-02,-6.352659314870834351e-02,3.882662579417228699e-02,7.995960861444473267e-02,-1.156741008162498474e-02,1.415255367755889893e-01,-1.406679898500442505e-01,1.389443427324295044e-01,7.610737532377243042e-02,-1.097003668546676636e-01,1.714147254824638367e-02,2.790341898798942566e-02,2.824080549180507660e-02,2.488855868577957153e-01,1.249591168016195297e-02,-3.782400488853454590e-02,4.420657828450202942e-02,1.857997626066207886e-01,1.398525480180978775e-02,-4.909185320138931274e-02,-4.966509342193603516e-02,3.853383958339691162e-01,1.578962653875350952e-01,-1.099667772650718689e-01,1.157324388623237610e-01,-7.377330213785171509e-02,-5.974623560905456543e-02,1.211899966001510620e-01,1.530843526124954224e-01,1.304602921009063721e-01,-1.052958965301513672e-01,-2.365854233503341675e-01,-7.350034266710281372e-02,-1.295495182275772095e-01,3.102698735892772675e-02,4.895699769258499146e-02,2.239023745059967041e-01,2.860349370166659355e-03,2.741986811161041260e-01,1.189508810639381409e-01,-3.440319001674652100e-02,-1.536206007003784180e-01,1.360827684402465820e-01
4.729471728205680847e-02,3.200908377766609192e-02,2.850755751132965088e-01,1.283950656652450562e-01,3.533449470996856689e-01,9.247668087482452393e-02,1.086654439568519592e-01,5.460049584507942200e-02,-2.329243868589401245e-01,-3.053446672856807709e-02,1.143728196620941162e-01,8.778392523527145386e-02,1.217076480388641357e-01,-3.076623380184173584e-01,1.648576855659484863e-01,6.702188402414321899e-02,-6.609953939914703369e-02,1.412936747074127197e-01,1.424864381551742554e-01,3.502734377980232239e-02,-8.023039996623992920e-02,2.326833903789520264e-01,-9.565738588571548462e-02,-1.589802093803882599e-02,-1.868018507957458496e-01,-9.458405524492263794e-02,1.497229337692260742e-01,6.007148325443267822e-02,-1.436254233121871948e-01,8.748877793550491333e-03,3.865935280919075012e-02,-4.434441775083541870e-02,1.062763780355453491e-01,1.132834851741790771e-01,-1.308404952287673950e-01,8.288484811782836914e-02,2.663797512650489807e-02,-5.690623074769973755e-02,-1.839277595281600952e-01,3.116521693300455809e-04,-1.238034144043922424e-01,1.258989982306957245e-02,-1.005026027560234070e-01,2.560550346970558167e-03,9.074799716472625732e-02,2.880676649510860443e-02,-1.857148855924606323e-01,-1.398579776287078857e-01,9.065017104148864746e-02,-9.563286602497100830e-02,-3.096436262130737305e-01,1.115355119109153748e-01,-7.070429623126983643e-02,1.360827684402465820e-01
3.923842310905456543e-02,-5.898004770278930664e-02,2.683289945125579834e-01,6.833454966545104980e-02,2.798820137977600098e-01,6.878497451543807983e-02,-2.141572833061218262e-01,1.507893651723861694e-01,-7.529883296228945255e-04,2.259178273379802704e-02,-1.078445762395858765e-01,-1.259309798479080200e-01,-1.766155809164047241e-01,1.631122827529907227e-02,-2.614297531545162201e-02,-1.253381818532943726e-01,-1.764528304338455200e-01,1.725725680589675903e-01,-1.374550908803939819e-01,-2.569689154624938965e-01,-6.253074388951063156e-04,1.463979184627532959e-01,1.327119320631027222e-01,1.585792899131774902e-01,-1.500038057565689087e-01,-1.908732354640960693e-01,-8.570880442857742310e-02,-6.145962979644536972e-03,2.062102220952510834e-02,-1.681557390838861465e-03,2.160469070076942444e-02,9.838555008172988892e-02,1.020553708076477051e-01,-1.487238258123397827e-01,2.156707644462585449e-01,5.989881232380867004e-02,6.737081799656152725e-03,-9.501948207616806030e-02,1.727991923689842224e-02,-7.227163761854171753e-02,3.300280775874853134e-03,-1.162553671747446060e-02,3.031981177628040314e-02,1.029335111379623413e-01,-1.983077079057693481e-01,-1.730922162532806396e-01,1.381585299968719482e-01,-2.331539429724216461e-02,-1.608366370201110840e-01,1.631936058402061462e-02,1.902592778205871582e-01,-7.620918005704879761e-02,3.455352187156677246e-01,1.360827684402465820e-01
4.470571130514144897e-02,-5.492580588907003403e-03,1.840746402740478516e-01,9.054433321580290794e-04,7.474672049283981323e-02,-2.994347922503948212e-02,-2.168250083923339844e-01,1.148637942969799042e-02,2.218709141016006470e-02,-9.168406017124652863e-03,-1.969114989042282104e-01,-1.082778722047805786e-01,-1.077653542160987854e-01,1.237868368625640869e-01,2.058749943971633911e-01,-4.854609817266464233e-02,-1.424794644117355347e-02,1.422512829303741455e-01,-8.265318721532821655e-02,-2.015953697264194489e-02,4.518367350101470947e-03,1.521143764257431030e-01,-2.017921060323715210e-01,1.769870966672897339e-01,2.697000205516815186e-01,1.971298828721046448e-02,3.048845380544662476e-02,7.654195278882980347e-02,1.099459975957870483e-01,-4.374909680336713791e-03,-2.413951791822910309e-02,-4.692618921399116516e-02,-3.795630633831024170e-01,-8.583553135395050049e-02,-1.986118964850902557e-02,-1.344443559646606445e-01,2.020231783390045166e-01,1.101874783635139465e-01,2.750041484832763672e-01,2.193015301600098610e-03,-4.481615126132965088e-02,6.485211849212646484e-02,-1.169416494667530060e-02,1.213223487138748169e-01,1.943572461605072021e-01,-2.213323116302490234e-02,-1.476500779390335083e-01,2.142458111047744751e-01,2.386408001184463501e-01,1.695431396365165710e-02,-4.955312609672546387e-02,2.000416219234466553e-01,-1.620567142963409424e-01,1.360827684402465820e-01
4.952936992049217224e-02,6.976284086704254150e-02,1.737692505121231079e-01,-7.824609056115150452e-03,-8.171622757799923420e-04,-1.899499073624610901e-02,-1.262115687131881714e-01,-1.392437517642974854e-01,2.950150147080421448e-02,-9.736485034227371216e-02,-8.006693422794342041e-02,-1.917700618505477905e-01,-9.829691797494888306e-02,1.679107546806335449e-01,1.382013410329818726e-01,8.695059269666671753e-02,-8.820517361164093018e-02,7.731820642948150635e-02,7.813340425491333008e-02,6.908698379993438721e-02,7.797182071954011917e-03,1.294650789350271225e-02,4.157816246151924133e-02,6.678582727909088135e-02,-7.349304109811782837e-02,4.898818731307983398e-01,1.770698875188827515e-01,8.575515449047088623e-02,8.234013617038726807e-02,1.705580949783325195e-01,1.639844477176666260e-01,1.957620866596698761e-02,-9.573954343795776367e-02,-7.236089557409286499e-02,-1.063230913132429123e-02,-2.233269512653350830e-01,-2.226945161819458008e-01,-1.905009895563125610e-01,-2.150996476411819458e-01,1.942372322082519531e-01,1.417137235403060913e-01,2.404841128736734390e-03,2.185618691146373749e-02,-1.247453019022941589e-01,-3.892765939235687256e-02,4.947937279939651489e-02,6.052210927009582520e-02,-2.120172232389450073e-01,-2.221286445856094360e-01,-4.298719111829996109e-03,-3.878403827548027039e-02,-1.217781677842140198e-01,-1.523554325103759766e-01,1.360827684402465820e-01
6.064101681113243103e-02,1.321086436510086060e-01,2.000825107097625732e-01,7.252884656190872192e-02,7.608181238174438477e-02,1.366152707487344742e-02,-2.464703097939491272e-02,-3.088627159595489502e-01,-2.277917563915252686e-01,-9.659683704376220703e-02,1.036747694015502930e-01,-1.457381695508956909e-01,1.717489063739776611e-01,4.035821184515953064e-03,1.054433435201644897e-01,1.210108473896980286e-01,-2.303111739456653595e-02,-1.721890829503536224e-02,-6.288417428731918335e-02,1.427772920578718185e-02,2.843810319900512695e-01,-1.690535843372344971e-01,2.217495888471603394e-01,-2.379187345504760742e-01,2.244865708053112030e-02,2.805074453353881836e-01,-1.178803667426109314e-01,4.953808337450027466e-02,1.509231925010681152e-01,7.952725142240524292e-02,-2.394855022430419922e-01,-1.233631595969200134e-01,1.351327598094940186e-01,-1.370417140424251556e-02,1.029963232576847076e-02,1.913824081420898438e-01,1.763613224029541016e-01,1.071226373314857483e-01,9.550531953573226929e-02,-2.260472774505615234e-01,-1.220353841781616211e-01,7.215556502342224121e-02,5.077449604868888855e-02,8.266760408878326416e-02,-1.753000915050506592e-02,7.855588942766189575e-02,9.839530289173126221e-02,4.902300238609313965e-02,6.396713107824325562e-02,-7.880964130163192749e-02,1.675692796707153320e-01,3.913940116763114929e-02,3.464519977569580078e-02,1.360827684402465820e-01
3.501072898507118225e-02,-1.589063555002212524e-01,2.045022398233413696e-01,1.010926738381385803e-01,-8.246388286352157593e-02,-2.915011160075664520e-02,-1.638427674770355225e-01,-1.202726215124130249e-01,-1.269003301858901978e-01,-2.288317829370498657e-01,1.797803118824958801e-02,-1.105699688196182251e-01,2.004169374704360962e-01,2.154519259929656982e-01,-7.114637643098831177e-02,1.637313067913055420e-01,3.069791793823242188e-01,-1.656338870525360107e-01,-7.554420828819274902e-02,-1.329266726970672607e-01,-3.485874086618423462e-02,-8.786448277533054352e-03,-7.758969068527221680e-02,-1.436457224190235138e-02,-2.947168946266174316e-01,-1.857650876045227051e-01,-2.088363766670227051e-01,-2.003729045391082764e-01,2.439351938664913177e-02,-1.931881904602050781e-01,-6.333047151565551758e-02,2.476961314678192139e-01,3.139019384980201721e-02,4.190643504261970520e-02,-9.710889309644699097e-02,-1.187115758657455444e-01,-1.207279190421104431e-01,-6.720255315303802490e-02,7.084440439939498901e-02,4.540085420012474060e-02,-1.183811388909816742e-02,7.420394569635391235e-02,9.799916297197341919e-03,-1.199299693107604980e-01,5.127853527665138245e-02,-1.306889951229095459e-02,-9.934561699628829956e-02,1.683416217565536499e-01,-1.563694030046463013e-01,1.461215019226074219e-01,-1.291830241680145264e-01,3.504408150911331177e-02,-1.275382786989212036e-01,1.360827684402465820e-01
5.485093221068382263e-02,-1.931002177298069000e-02,1.054532229900360107e-01,5.990272853523492813e-03,-1.525301188230514526e-01,-9.185030125081539154e-03,-3.099482357501983643e-01,-3.193403407931327820e-02,8.690220862627029419e-02,1.922660041600465775e-03,1.869423314929008484e-02,-1.235740855336189270e-01,2.477822080254554749e-02,-1.262900531291961670e-01,2.144309729337692261e-01,-2.895426191389560699e-02,-9.608057141304016113e-02,-3.476174175739288330e-01,-1.497714407742023468e-02,-1.198358982801437378e-01,-8.928785473108291626e-02,2.936705481261014938e-03,6.977378576993942261e-02,-1.180250793695449829e-01,1.870669424533843994e-01,-9.851585328578948975e-02,1.159929931163787842e-01,-2.098884433507919312e-01,-1.336986720561981201e-01,-1.224309131503105164e-01,1.153141725808382034e-02,-4.612840339541435242e-02,3.314637765288352966e-02,2.576934099197387695e-01,-4.722530394792556763e-02,-1.287029087543487549e-01,-1.846246123313903809e-01,1.230333223938941956e-01,-6.244711205363273621e-02,-1.193392463028430939e-02,1.628199517726898193e-01,-8.296067267656326294e-02,-8.399720489978790283e-02,2.310863882303237915e-01,5.371213890612125397e-03,3.458666801452636719e-02,2.058437764644622803e-01,-5.469460785388946533e-02,2.142277061939239502e-01,-2.853661775588989258e-01,-9.721297025680541992e-02,-1.522006690502166748e-01,1.060065478086471558e-01,1.360827684402465820e-01
6.371761858463287354e-02,6.886699050664901733e-02,7.186172157526016235e-02,4.696712642908096313e-02,-3.045039176940917969e-01,5.430205166339874268e-02,-1.611931473016738892e-01,-1.010395213961601257e-01,-3.213180974125862122e-02,7.238730788230895996e-02,9.853898733854293823e-02,7.445552200078964233e-02,1.223805770277976990e-01,-1.095434054732322693e-01,1.977359503507614136e-01,5.754727870225906372e-03,5.687085445970296860e-03,-2.323356270790100098e-01,4.478256404399871826e-02,9.204448014497756958e-02,-1.660338342189788818e-01,5.960565805435180664e-02,-2.820078730583190918e-01,1.102161221206188202e-02,2.066114842891693115e-01,-4.585710540413856506e-02,-3.566746041178703308e-02,1.908566802740097046e-01,3.673197329044342041e-02,-7.371992617845535278e-02,1.562750935554504395e-01,7.974023371934890747e-02,-2.525793574750423431e-02,-2.049508988857269287e-01,5.905370414257049561e-02,1.330328136682510376e-01,1.363854259252548218e-01,-1.870185881853103638e-02,-1.752483099699020386e-01,-2.273761630058288574e-01,-9.271711111068725586e-02,-1.585435681045055389e-02,1.228865236043930054e-01,-1.654615849256515503e-01,-2.872569859027862549e-01,-1.764254570007324219e-01,3.494815528392791748e-02,-1.737793534994125366e-01,-5.281215533614158630e-02,2.579483389854431152e-01,2.487983368337154388e-02,1.239619180560112000e-01,6.003382802009582520e-02,1.360827684402465820e-01
7.923492789268493652e-02,1.808977425098419189e-01,1.463393773883581161e-02,3.987064212560653687e-02,-2.157052755355834961e-01,4.430094361305236816e-02,-1.232580468058586121e-01,8.070686832070350647e-03,1.092737689614295959e-01,1.572507768869400024e-01,1.454512327909469604e-01,-9.772072732448577881e-02,1.409610062837600708e-01,-1.090216934680938721e-01,-1.894899904727935791e-01,-4.446966201066970825e-02,2.122711017727851868e-02,8.838294446468353271e-02,4.101182147860527039e-02,2.358858659863471985e-02,-7.939452677965164185e-02,-2.716781944036483765e-02,-1.465911716222763062e-01,-2.862581051886081696e-02,-1.576419323682785034e-01,1.708995103836059570e-01,-1.463753730058670044e-01,1.215064525604248047e-01,-4.752391576766967773e-02,-1.118101775646209717e-01,2.084399610757827759e-01,7.261245697736740112e-02,2.092777937650680542e-01,-3.273612558841705322e-01,8.100467175245285034e-02,3.415528312325477600e-02,5.590296909213066101e-02,-1.047169566154479980e-01,3.839135169982910156e-02,2.034141570329666138e-01,-7.987684011459350586e-02,-1.398169100284576416e-01,-1.720224618911743164e-01,3.158186376094818115e-01,2.774138152599334717e-01,1.083092913031578064e-01,-1.289190202951431274e-01,1.318786889314651489e-01,1.156320124864578247e-01,-6.569755077362060547e-02,6.655374169349670410e-02,-1.679856032133102417e-01,4.902212321758270264e-02,1.360827684402465820e-01
8.086721599102020264e-02,6.095325574278831482e-02,1.441854238510131836e-01,1.767956763505935669e-01,-1.621296107769012451e-01,-3.094626776874065399e-02,7.122997939586639404e-02,1.785102114081382751e-02,1.305686682462692261e-01,1.653987020254135132e-01,2.059195488691329956e-01,-1.118675097823143005e-01,4.767173156142234802e-02,-1.710285246372222900e-01,-1.963513344526290894e-01,-1.987293809652328491e-01,-1.734525524079799652e-02,6.744519341737031937e-03,-1.295408457517623901e-01,-1.831188797950744629e-01,-3.623880818486213684e-02,7.251068949699401855e-02,-1.115166246891021729e-01,4.584480822086334229e-02,-5.002962052822113037e-02,8.198835700750350952e-02,1.855273991823196411e-01,-4.955971240997314453e-02,-1.038179844617843628e-01,1.133570224046707153e-01,-1.505994796752929688e-01,-3.039862215518951416e-02,-6.204252690076828003e-02,1.803279519081115723e-01,-2.466063350439071655e-01,1.535736769437789917e-01,4.178854636847972870e-03,-1.567014157772064209e-01,3.412108421325683594e-01,8.100119233131408691e-02,1.348318159580230713e-01,-2.073074690997600555e-02,1.701191812753677368e-01,-2.719870507717132568e-01,-4.649585857987403870e-02,-1.002217456698417664e-01,-6.246352568268775940e-02,-8.218697458505630493e-02,-7.763016037642955780e-03,-1.141794919967651367e-01,2.617383301258087158e-01,2.363410778343677521e-02,-1.329335868358612061e-01,1.360827684402465820e-01
9.794890880584716797e-02,1.105467155575752258e-01,1.036381199955940247e-01,1.972623914480209351e-01,-5.493976548314094543e-02,-3.389754146337509155e-02,2.874038182199001312e-02,1.151338890194892883e-01,5.777550861239433289e-02,5.771386902779340744e-03,1.771616935729980469e-01,-6.636809557676315308e-02,9.733992815017700195e-02,-7.437516003847122192e-02,-2.927019596099853516e-01,-1.141816377639770508e-01,-5.469617620110511780e-02,-1.368242800235748291e-01,7.339154183864593506e-02,2.164829820394515991e-01,-2.415219880640506744e-02,9.263645857572555542e-02,1.092895716428756714e-01,1.133377626538276672e-01,-9.449164569377899170e-02,-1.045307517051696777e-01,2.774066664278507233e-02,8.950654417276382446e-03,8.375910669565200806e-02,3.063118755817413330e-01,-6.918476521968841553e-02,-9.171038120985031128e-02,-2.783201336860656738e-01,1.694349795579910278e-01,3.433307409286499023e-01,-1.694566309452056885e-01,-1.200989782810211182e-01,1.177943944931030273e-01,-9.969223290681838989e-02,-2.096368372440338135e-01,-1.180620416998863220e-01,-3.431400284171104431e-02,-8.356086164712905884e-02,1.667604222893714905e-02,3.853404521942138672e-02,2.032145410776138306e-01,8.928540349006652832e-02,1.625614166259765625e-01,-2.027800120413303375e-02,2.381316274404525757e-01,-3.011245653033256531e-02,-4.571752995252609253e-02,-4.003198444843292236e-02,1.360827684402465820e-01
1.016553193330764771e-01,1.407203823328018188e-01,-1.721224281936883926e-03,1.211275979876518250e-01,-1.580161750316619873e-01,3.843412268906831741e-03,-3.397559374570846558e-02,1.059803888201713562e-01,5.456694588065147400e-02,-1.797940582036972046e-01,1.406013667583465576e-01,9.572545439004898071e-02,-2.443592995405197144e-01,-3.613812848925590515e-03,-1.302294582128524780e-01,-3.335965275764465332e-01,1.455632299184799194e-01,8.490423113107681274e-02,8.366835117340087891e-02,1.064547002315521240e-01,8.430980890989303589e-02,-4.536564275622367859e-02,7.730850577354431152e-02,-1.170097365975379944e-01,-9.609032422304153442e-03,4.052814096212387085e-02,4.073208570480346680e-02,-2.891291677951812744e-02,3.416572213172912598e-01,-3.937792405486106873e-02,-5.553141608834266663e-02,1.057195141911506653e-01,1.308470070362091064e-01,-1.450725086033344269e-02,1.753466948866844177e-02,-6.561747193336486816e-02,6.078267097473144531e-02,2.043612897396087646e-01,1.224574260413646698e-02,1.525099128484725952e-01,5.683196708559989929e-02,2.116920500993728638e-01,1.629039198160171509e-01,6.182134151458740234e-02,-1.137519404292106628e-01,-1.672792434692382812e-01,-1.087838560342788696e-01,-8.821857720613479614e-02,-1.236502453684806824e-02,-1.677782684564590454e-01,-3.707569539546966553e-01,1.393361389636993408e-01,1.408129185438156128e-01,1.360827684402465820e-01
9.060213714838027954e-02,-6.996011734008789062e-02,9.127888828516006470e-02,8.750459551811218262e-02,-2.727503776550292969e-01,-1.002321466803550720e-01,5.571305379271507263e-02,3.283447027206420898e-02,-2.443252503871917725e-02,-1.650445722043514252e-02,1.932309567928314209e-01,5.372625589370727539e-02,-1.786669045686721802e-01,1.293527781963348389e-01,2.250977456569671631e-01,1.693215593695640564e-02,1.527162045240402222e-01,3.354119062423706055e-01,1.812877058982849121e-01,1.521000862121582031e-01,2.864084206521511078e-02,-1.094399318099021912e-01,9.327669441699981689e-02,2.938697636127471924e-01,6.057725474238395691e-02,-1.687412708997726440e-01,-1.180769354104995728e-01,-1.052896454930305481e-01,-2.164808064699172974e-01,-2.731612697243690491e-02,-1.007399056106805801e-02,-2.282763421535491943e-01,1.420642584562301636e-01,7.225922495126724243e-02,-8.257540315389633179e-02,-2.765608765184879303e-02,1.885563880205154419e-02,9.149532020092010498e-02,-1.001763045787811279e-01,-1.341266036033630371e-01,-1.042103767395019531e-02,9.554304182529449463e-03,-2.035856433212757111e-02,1.621489971876144409e-01,1.092925369739532471e-01,-1.524144113063812256e-01,1.617700234055519104e-02,-5.353360995650291443e-02,-1.954752653837203979e-01,-3.323420137166976929e-02,2.175380587577819824e-01,-8.320058137178421021e-02,-1.946333348751068115e-01,1.360827684402465820e-01
9.758451581001281738e-02,-6.648990511894226074e-02,7.871355861425399780e-02,4.630382731556892395e-02,-1.249502822756767273e-01,-1.678418964147567749e-01,1.481084525585174561e-02,1.955409049987792969e-01,2.000196874141693115e-01,2.339462637901306152e-01,7.721489667892456055e-02,-9.504430741071701050e-02,-1.833346486091613770e-01,1.851133555173873901e-01,1.071495562791824341e-01,1.940304338932037354e-01,2.128854580223560333e-02,5.393967404961585999e-02,-5.699413269758224487e-02,1.328249573707580566e-01,2.948090732097625732e-01,6.957031041383743286e-02,2.097763717174530029e-01,-2.059515714645385742e-01,1.935936138033866882e-02,-5.225374549627304077e-02,-1.693655997514724731e-01,6.722775287926197052e-04,-1.957234740257263184e-01,3.979605436325073242e-02,1.590734571218490601e-01,9.776543080806732178e-02,-6.398791819810867310e-02,4.511300846934318542e-02,-3.894972847774624825e-03,2.034991979598999023e-01,3.531549125909805298e-02,-1.618721187114715576e-01,-4.150519520044326782e-02,7.056447118520736694e-02,2.889214456081390381e-02,2.944288402795791626e-02,-1.808431446552276611e-01,-2.499617487192153931e-01,-1.146362572908401489e-01,1.721070706844329834e-01,-4.660234227776527405e-02,5.023838952183723450e-02,2.048383504152297974e-01,2.405697107315063477e-02,-1.469189077615737915e-01,1.744462102651596069e-01,1.436574906110763550e-01,1.360827684402465820e-01
1.503805220127105713e-01,3.913809955120086670e-01,-1.464350074529647827e-01,1.688909687800332904e-04,1.844044625759124756e-01,-3.493698835372924805e-01,8.923036605119705200e-02,1.845213323831558228e-01,8.041154593229293823e-02,-8.455024659633636475e-02,2.345867902040481567e-01,1.110756173729896545e-01,5.906398966908454895e-02,2.687971293926239014e-01,-9.323453530669212341e-03,2.698462307453155518e-01,2.192066796123981476e-02,-4.005632176995277405e-02,-2.641333639621734619e-01,-2.453683167695999146e-01,3.567318990826606750e-02,-1.908642123453319073e-03,-2.005551457405090332e-01,-5.027190968394279480e-02,1.032294407486915588e-01,-1.017630621790885925e-01,1.902025192975997925e-01,2.681120671331882477e-02,7.667113095521926880e-02,5.835379939526319504e-03,-4.422464594244956970e-02,4.185748845338821411e-02,-3.252144530415534973e-02,-3.320450708270072937e-02,-1.239107362926006317e-02,-1.062848232686519623e-02,-4.443183168768882751e-02,3.100302629172801971e-02,-2.017349898815155029e-01,8.987529203295707703e-03,-1.200175657868385315e-01,5.169650539755821228e-02,-2.316926792263984680e-02,7.388638705015182495e-02,8.452389389276504517e-02,-1.156823337078094482e-01,2.897991240024566650e-02,-6.418521702289581299e-02,-2.710010856389999390e-02,-6.569081544876098633e-02,9.354490041732788086e-02,-6.497851014137268066e-02,1.448698248714208603e-02,1.360827684402465820e-01
1.430153250694274902e-01,-1.478597670793533325e-01,9.927891194820404053e-02,2.146096378564834595e-01,1.428547650575637817e-01,-3.977848887443542480e-01,3.746249079704284668e-01,5.345487222075462341e-02,2.133009955286979675e-02,-6.656578928232192993e-02,-6.278928369283676147e-02,1.442102640867233276e-01,2.127419784665107727e-02,-8.341179788112640381e-02,5.591004714369773865e-02,-1.832359656691551208e-02,-1.735021770000457764e-01,-9.766191989183425903e-02,9.811431914567947388e-02,5.073289945721626282e-02,-1.084102317690849304e-01,8.857873082160949707e-02,-1.770412176847457886e-02,-1.624749600887298584e-01,5.840244889259338379e-02,1.437205523252487183e-01,-1.308870762586593628e-01,-9.735040366649627686e-02,7.905556703917682171e-04,-3.302863538265228271e-01,1.477530896663665771e-01,-9.713961929082870483e-02,-3.250519558787345886e-02,-1.810158938169479370e-01,7.375770062208175659e-02,-7.086598128080368042e-02,2.005869150161743164e-02,1.218729317188262939e-01,2.398492544889450073e-01,2.759334817528724670e-02,1.668775677680969238e-01,-9.021722525358200073e-02,1.028970256447792053e-01,2.058634720742702484e-02,-8.105001598596572876e-02,1.171304807066917419e-01,1.063820347189903259e-01,5.132818967103958130e-02,-1.540137678384780884e-01,4.528555274009704590e-02,-1.612191321328282356e-03,-7.480350881814956665e-02,-3.594179823994636536e-02,1.360827684402465820e-01
1.292057037353515625e-01,-1.674408316612243652e-01,-4.783758521080017090e-02,4.765895754098892212e-02,1.114291325211524963e-01,-2.647213041782379150e-01,-1.015723496675491333e-01,7.060860097408294678e-02,4.164354503154754639e-02,-1.738113164901733398e-01,-2.177002578973770142e-01,6.134489551186561584e-02,-2.753541618585586548e-02,-2.080425322055816650e-01,1.939524896442890167e-02,-1.321193575859069824e-01,1.626901179552078247e-01,-1.406111717224121094e-01,2.118346467614173889e-02,1.351419743150472641e-02,1.809151023626327515e-01,-4.161269068717956543e-01,-4.392216354608535767e-02,1.929082572460174561e-01,1.768824271857738495e-02,4.035549610853195190e-02,1.414246112108230591e-01,9.137437678873538971e-03,-6.463950127363204956e-02,9.312730282545089722e-02,9.596170485019683838e-02,1.033741384744644165e-01,7.487822324037551880e-02,1.534858942031860352e-01,4.855493828654289246e-02,4.901623725891113281e-02,1.820835471153259277e-01,-2.429913133382797241e-01,-8.875451982021331787e-02,9.003321826457977295e-02,-2.473164349794387817e-01,-2.650263011455535889e-01,2.049424350261688232e-01,2.845273911952972412e-02,6.144456192851066589e-02,7.989475131034851074e-02,3.385990485548973083e-02,5.109791457653045654e-02,1.907694339752197266e-02,9.541380219161510468e-03,1.924570463597774506e-02,1.018778160214424133e-01,3.607682138681411743e-02,1.360827684402465820e-01
1.368573009967803955e-01,-1.227250918745994568e-01,-7.449769228696823120e-02,1.213489798828959465e-03,6.651749461889266968e-02,-1.766840517520904541e-01,-1.525869220495223999e-01,4.928050935268402100e-02,1.096440181136131287e-01,5.511100590229034424e-02,-2.673763632774353027e-01,4.242009297013282776e-02,2.544318884611129761e-02,-2.254482358694076538e-01,-2.329443115741014481e-03,1.904723793268203735e-02,1.076178550720214844e-01,7.756780087947845459e-02,1.119454130530357361e-01,1.474865376949310303e-01,-3.837083652615547180e-02,-1.001029685139656067e-01,-8.961567282676696777e-02,-1.265857219696044922e-01,-1.275298446416854858e-01,-7.293193042278289795e-02,2.662240294739603996e-03,-2.707907743752002716e-02,-3.191679343581199646e-02,2.304294854402542114e-01,-2.794744372367858887e-01,-1.206883694976568222e-03,-7.327241450548171997e-02,-3.429362475872039795e-01,-2.831027805805206299e-01,7.472629100084304810e-02,-1.800659149885177612e-01,1.521848142147064209e-01,-2.595626562833786011e-02,1.864583790302276611e-02,-8.104459196329116821e-02,2.753124833106994629e-01,-1.344932317733764648e-01,-6.485299021005630493e-02,-1.059809923171997070e-01,-7.946971803903579712e-02,1.188131496310234070e-01,7.923802477307617664e-04,1.348675638437271118e-01,5.279649421572685242e-02,3.840104117989540100e-02,-2.724668979644775391e-01,-1.710785180330276489e-02,1.360827684402465820e-01
1.391890645027160645e-01,-4.815364256501197815e-02,-7.973557710647583008e-02,2.772687561810016632e-02,6.022776290774345398e-02,-8.191383630037307739e-02,-7.718510925769805908e-02,-1.107226088643074036e-01,2.296776697039604187e-02,1.236812099814414978e-01,-3.171291351318359375e-01,-8.774524927139282227e-02,2.914329990744590759e-03,4.022812470793724060e-02,-1.853798180818557739e-01,-7.198109291493892670e-03,-1.394903957843780518e-01,2.496163733303546906e-02,7.741993665695190430e-02,6.405197083950042725e-02,-7.634098827838897705e-02,-3.081015683710575104e-02,-1.999431103467941284e-01,-2.904764711856842041e-01,1.724236160516738892e-01,-4.454702511429786682e-02,-1.653780490159988403e-01,-1.626918464899063110e-02,-2.460495941340923309e-02,1.068857386708259583e-01,-1.180230975151062012e-01,-6.305138021707534790e-02,1.525624841451644897e-01,1.710285842418670654e-01,2.587490975856781006e-01,3.242094814777374268e-02,-4.446015506982803345e-02,-4.651298001408576965e-02,-1.693181991577148438e-01,-1.351809948682785034e-01,1.927034407854080200e-01,-1.281356252729892731e-02,-7.123079895973205566e-02,-9.453886747360229492e-02,2.087822556495666504e-01,-2.019799053668975830e-01,-3.238715231418609619e-01,-5.411266814917325974e-03,-2.187623977661132812e-01,-1.713596135377883911e-01,4.538720473647117615e-02,1.443310379981994629e-01,-3.248927742242813110e-02,1.360827684402465820e-01
1.509268134832382202e-01,1.989714652299880981e-01,-2.002670615911483765e-01,1.868696883320808411e-02,-6.336299329996109009e-02,-1.057659536600112915e-01,-5.592163652181625366e-02,-9.019880741834640503e-02,-1.423623412847518921e-01,8.403620868921279907e-02,-2.072403430938720703e-01,1.002663448452949524e-01,1.473732441663742065e-01,9.216684848070144653e-02,-5.219123512506484985e-02,-1.366109400987625122e-02,1.106045991182327271e-01,2.760730981826782227e-01,2.772068791091442108e-02,-1.972871720790863037e-01,-2.811407744884490967e-01,-8.050723373889923096e-02,1.608722805976867676e-01,1.629286110401153564e-01,3.926313482224941254e-03,1.617899090051651001e-01,8.881815709173679352e-03,3.952798247337341309e-02,-1.944483071565628052e-01,-2.675978280603885651e-02,-1.029896456748247147e-02,1.487433314323425293e-01,-1.962671289220452309e-03,1.250336468219757080e-01,1.481928955763578415e-02,-2.779288624878972769e-04,-1.683628708124160767e-01,1.691795438528060913e-01,2.104033529758453369e-01,-1.453677117824554443e-01,-5.815757066011428833e-02,-8.680047839879989624e-02,-1.558134555816650391e-01,3.955681622028350830e-02,-2.408641427755355835e-01,2.188982814550399780e-01,-5.479884147644042969e-02,-1.712126880884170532e-01,1.415961328893899918e-02,2.386429719626903534e-02,-1.035736352205276489e-01,2.174302935600280762e-01,1.097849309444427490e-01,1.360827684402465820e-01
1.492126584053039551e-01,1.309126382693648338e-04,-1.099118217825889587e-01,3.912755474448204041e-02,-1.731476783752441406e-01,-3.332856670022010803e-02,1.166860386729240417e-01,-2.193669080734252930e-01,-2.205381095409393311e-01,5.230392515659332275e-02,-1.740467995405197144e-01,9.616550058126449585e-02,-1.249335035681724548e-01,1.031353920698165894e-01,7.269468158483505249e-02,1.311794072389602661e-01,-1.388213038444519043e-01,8.254405856132507324e-02,-7.473546266555786133e-02,1.130966022610664368e-01,-1.652041971683502197e-01,4.216299206018447876e-02,7.531158626079559326e-02,-6.236469373106956482e-02,-2.630022168159484863e-01,-1.743235439062118530e-01,8.197175711393356323e-02,1.455024480819702148e-01,2.349181026220321655e-01,2.201006561517715454e-02,1.182682290673255920e-01,6.793665885925292969e-02,-1.774082519114017487e-02,2.763977646827697754e-01,1.350881755352020264e-01,1.386232823133468628e-01,6.083152815699577332e-02,-5.925177410244941711e-02,1.151250675320625305e-01,1.528697758913040161e-01,-1.198588870465755463e-02,-8.809546381235122681e-02,8.185592293739318848e-02,-2.665582345798611641e-03,5.543011426925659180e-02,-2.543040812015533447e-01,1.381399780511856079e-01,2.301232703030109406e-02,2.979811429977416992e-01,6.031459197402000427e-02,-4.577747546136379242e-03,-2.650131285190582275e-01,-7.516895234584808350e-02,1.360827684402465820e-01
1.479448527097702026e-01,3.835223242640495300e-02,-1.272789090871810913e-01,7.008703052997589111e-02,-1.669508814811706543e-01,1.054871082305908203e-01,1.437233760952949524e-02,9.114015847444534302e-03,-1.153688356280326843e-01,1.617740392684936523e-01,-1.660366058349609375e-01,1.946863979101181030e-01,-1.681157648563385010e-01,-8.553662151098251343e-02,8.131162077188491821e-02,-2.118945866823196411e-02,-1.044610664248466492e-01,-1.916074156761169434e-01,-3.602500855922698975e-01,-4.975091665983200073e-02,9.805856272578239441e-03,6.680626422166824341e-03,1.261569559574127197e-01,2.939970605075359344e-02,-1.148956269025802612e-01,-8.678339421749114990e-02,1.198755949735641479e-01,1.504762470722198486e-01,-2.900053188204765320e-02,-3.570517897605895996e-02,-1.162058040499687195e-01,-1.420879364013671875e-01,1.118138581514358521e-01,-8.443484455347061157e-02,-1.356963366270065308e-01,-1.920288205146789551e-01,1.735492795705795288e-01,-2.071899026632308960e-01,-7.611013203859329224e-02,-8.100771903991699219e-02,1.306792497634887695e-01,2.893376052379608154e-01,-1.733756624162197113e-03,1.193829625844955444e-01,1.968938857316970825e-02,3.225308656692504883e-01,-1.025759503245353699e-01,1.059700548648834229e-01,-2.232591211795806885e-01,4.763954877853393555e-02,-4.290971159934997559e-02,1.576224714517593384e-02,-6.351039558649063110e-02,1.360827684402465820e-01
1.402465999126434326e-01,-1.196478381752967834e-01,-7.728043943643569946e-02,8.900280296802520752e-02,1.244409009814262390e-02,1.325554400682449341e-01,7.016468048095703125e-02,-1.271286141127347946e-02,-2.507781684398651123e-01,2.416111975908279419e-01,-5.189696699380874634e-02,-6.340859830379486084e-02,2.224744297564029694e-02,6.323140859603881836e-02,-2.180991917848587036e-01,8.857019245624542236e-02,-1.237461492419242859e-01,-2.210757583379745483e-01,1.366621442139148712e-02,3.508734516799449921e-03,2.143449187278747559e-01,7.325193844735622406e-03,-3.502007573843002319e-02,3.329395353794097900e-01,3.838128224015235901e-02,8.104776591062545776e-02,-9.376151114702224731e-02,6.386635452508926392e-02,4.038789495825767517e-02,-1.387716531753540039e-01,-3.623247146606445312e-02,-1.646841615438461304e-01,-1.083999425172805786e-01,-6.914127734489738941e-04,-2.056964486837387085e-01,9.243372827768325806e-02,-8.829990774393081665e-02,2.937071621417999268e-01,-1.823018640279769897e-01,3.521274626255035400e-01,-8.666567504405975342e-02,-1.056503504514694214e-01,-9.578786790370941162e-02,-1.971925608813762665e-02,-3.641653805971145630e-02,-1.521860361099243164e-01,7.362544536590576172e-02,6.199869140982627869e-02,-9.693702310323715210e-02,-8.140856772661209106e-02,-1.617730595171451569e-02,1.452743262052536011e-01,1.301566958427429199e-01,1.360827684402465820e-01
1.539162397384643555e-01,7.516631484031677246e-02,-2.264211475849151611e-01,2.677716314792633057e-02,7.130304723978042603e-02,2.173244357109069824e-01,-1.444042194634675980e-02,2.619764395058155060e-02,-1.548029929399490356e-01,8.790247957222163677e-04,-5.549076572060585022e-02,1.084189563989639282e-01,-1.799144893884658813e-01,6.125243008136749268e-02,-9.748649783432483673e-03,-4.336223751306533813e-02,1.271222233772277832e-01,-1.491467952728271484e-01,7.165213674306869507e-02,-5.731533095240592957e-02,8.250303566455841064e-02,1.889808773994445801e-01,-5.015010014176368713e-02,7.490062713623046875e-02,-8.349799364805221558e-02,1.155495718121528625e-01,-5.428770929574966431e-02,-5.799136757850646973e-01,1.011679768562316895e-01,1.055129244923591614e-01,2.162568271160125732e-01,-2.122654207050800323e-02,-4.360548406839370728e-02,-1.771432459354400635e-01,7.130123209208250046e-03,9.525502473115921021e-02,8.634605258703231812e-02,-2.138276956975460052e-02,5.541138350963592529e-03,-2.488977164030075073e-01,-2.801808062940835953e-03,-6.884714215993881226e-02,1.279585645534098148e-03,-1.520054936408996582e-01,1.581588238477706909e-01,1.004115790128707886e-01,-1.916355453431606293e-02,-1.684758365154266357e-01,1.396361440420150757e-01,-8.531557768583297729e-02,8.672295510768890381e-02,-6.968928128480911255e-02,-3.565613180398941040e-02,1.360827684402465820e-01
1.343061625957489014e-01,-1.911699622869491577e-01,-1.574653536081314087e-01,5.745564401149749756e-02,-3.106056153774261475e-02,1.627037525177001953e-01,6.629087030887603760e-02,5.133330821990966797e-03,-1.618282347917556763e-01,-7.078649848699569702e-02,9.734376519918441772e-02,5.402480810880661011e-02,2.361323870718479156e-02,5.004167556762695312e-02,-1.544681340456008911e-01,-3.326289355754852295e-02,3.021501749753952026e-02,6.759379804134368896e-02,1.538786888122558594e-01,-2.718102335929870605e-01,2.016763389110565186e-01,1.070327013731002808e-01,1.422503739595413208e-01,-1.964238882064819336e-01,2.310038655996322632e-01,3.707038238644599915e-02,1.408370584249496460e-01,1.237186118960380554e-01,-2.471137791872024536e-01,2.319264784455299377e-02,-6.474403291940689087e-02,-4.114769026637077332e-02,7.209557294845581055e-02,-2.079862058162689209e-01,7.808207720518112183e-02,-2.996724843978881836e-01,-1.162173822522163391e-01,-2.249295860528945923e-01,1.612884365022182465e-02,-6.550682336091995239e-02,-5.689335241913795471e-02,-1.091238334774971008e-01,4.220800846815109253e-02,9.929290041327476501e-03,-9.265080839395523071e-02,-2.697629034519195557e-01,6.174645572900772095e-02,1.493880450725555420e-01,2.085630595684051514e-01,1.041545048356056213e-01,-9.571298956871032715e-02,-1.182426884770393372e-02,-1.509980410337448120e-01,1.360827684402465820e-01
1.472823917865753174e-01,-1.444555670022964478e-01,-2.041744291782379150e-01,-7.109853625297546387e-02,1.678789108991622925e-01,1.229221820831298828e-01,-3.848658874630928040e-02,-3.762910515069961548e-02,-6.795617192983627319e-02,5.370946601033210754e-02,1.741561591625213623e-01,-2.132399976253509521e-01,1.077401638031005859e-01,-6.627424061298370361e-02,3.098432160913944244e-02,8.260279893875122070e-02,1.070441380143165588e-01,2.807077579200267792e-02,1.392516195774078369e-01,1.624483019113540649e-01,1.973810046911239624e-01,-1.400436609983444214e-01,-3.350728377699851990e-02,-6.914921104907989502e-02,9.434863924980163574e-02,-2.496671378612518311e-01,2.480298280715942383e-01,1.076134070754051208e-01,1.560491025447845459e-01,-1.183506399393081665e-01,1.938797235488891602e-01,1.012900192290544510e-02,-1.161590069532394409e-01,5.991117656230926514e-02,1.115260366350412369e-02,-1.167836859822273254e-01,1.552002620883285999e-03,-5.102154240012168884e-02,3.515922427177429199e-01,-3.077995264902710915e-03,7.259400933980941772e-02,1.077932268381118774e-01,-1.696817278861999512e-01,2.805979549884796143e-02,2.076864242553710938e-02,7.675483077764511108e-02,-1.260962188243865967e-01,-2.544462978839874268e-01,-2.062780112028121948e-01,6.104079261422157288e-02,1.059993430972099304e-01,-1.122512742877006531e-01,1.881209462881088257e-01,1.360827684402465820e-01
1.586357504129409790e-01,2.247002907097339630e-02,-2.287659049034118652e-01,-8.363758772611618042e-02,1.162988469004631042e-01,1.422158479690551758e-01,-7.691495586186647415e-03,-1.031500101089477539e-01,9.803285449743270874e-02,6.989486515522003174e-02,1.011269167065620422e-01,-2.434682846069335938e-01,8.576010167598724365e-02,3.462873771786689758e-02,7.608095556497573853e-02,-1.651265472173690796e-01,-1.561198979616165161e-01,2.325196862220764160e-01,1.068621799349784851e-01,-9.319379925727844238e-02,-1.061266288161277771e-01,-1.178177259862422943e-02,3.897232934832572937e-02,-8.143926411867141724e-02,1.039260774850845337e-01,-1.637938320636749268e-01,-7.658644113689661026e-03,-4.743343591690063477e-02,-2.018152503296732903e-03,-5.329765006899833679e-02,7.782284170389175415e-02,1.468859463930130005e-01,-2.100061066448688507e-02,-8.262180723249912262e-03,-1.260020732879638672e-01,2.306823730468750000e-01,-5.612825974822044373e-02,7.712098211050033569e-02,-1.902583390474319458e-01,4.899015650153160095e-02,1.005287002772092819e-02,8.958527445793151855e-02,4.022656679153442383e-01,-3.503068536520004272e-02,1.473634243011474609e-01,2.499046176671981812e-01,2.439935356378555298e-01,2.376997321844100952e-01,-1.204370707273483276e-01,8.261543512344360352e-02,-9.167729318141937256e-02,5.941352248191833496e-02,-1.264053881168365479e-01,1.360827684402465820e-01
1.435169875621795654e-01,-3.099033236503601074e-01,-1.544731259346008301e-01,-2.668630890548229218e-02,7.141299545764923096e-02,1.038357242941856384e-01,2.318982034921646118e-01,-4.330774396657943726e-02,2.865807712078094482e-01,-1.641092300415039062e-01,1.235883384943008423e-01,-1.342886686325073242e-01,1.402291506528854370e-01,6.808038800954818726e-03,2.507183700799942017e-02,2.453259937465190887e-02,-6.358766555786132812e-02,1.923445425927639008e-02,-2.850647866725921631e-01,1.279959082603454590e-01,-3.119930624961853027e-01,6.973130255937576294e-02,8.726891130208969116e-02,1.408589929342269897e-01,1.102372258901596069e-01,1.345389485359191895e-01,-2.563746273517608643e-01,-2.261251583695411682e-02,1.632742732763290405e-01,1.573937237262725830e-01,8.914971724152565002e-03,1.460182014852762222e-02,1.000652089715003967e-01,7.095521688461303711e-02,-2.182922810316085815e-01,-1.840726286172866821e-01,8.243490010499954224e-02,-1.380898058414459229e-01,-3.905305638909339905e-02,-9.684441983699798584e-02,-1.623868942260742188e-01,9.516179561614990234e-03,-8.904431760311126709e-02,3.958797827363014221e-02,-3.988983109593391418e-02,-1.038903519511222839e-01,-3.400924429297447205e-02,-5.092259868979454041e-02,9.665676951408386230e-02,-8.316904306411743164e-02,-4.179006069898605347e-02,2.217224799096584320e-02,1.468175500631332397e-01,1.360827684402465820e-01
1.474327594041824341e-01,-1.799477636814117432e-01,-2.603145837783813477e-01,-1.535249203443527222e-01,6.325099617242813110e-02,1.523102521896362305e-01,-1.055808514356613159e-01,7.313802093267440796e-02,1.828709244728088379e-01,-2.122191786766052246e-01,2.044921815395355225e-01,1.095953136682510376e-01,-2.742255479097366333e-02,-2.049654535949230194e-02,2.767951488494873047e-01,-1.473768334835767746e-02,4.863665252923965454e-02,-6.268246471881866455e-02,-4.669200163334608078e-03,-5.462281033396720886e-02,3.772784024477005005e-02,9.829100966453552246e-02,-1.088127866387367249e-01,1.407246012240648270e-02,-3.354306519031524658e-01,1.879303604364395142e-01,-5.608755722641944885e-02,1.684753894805908203e-01,-1.477464586496353149e-01,-7.768299430608749390e-02,-2.941061556339263916e-01,-4.273316636681556702e-02,-1.198796853423118591e-01,6.936650723218917847e-02,3.093104064464569092e-01,1.488377600908279419e-01,3.856402635574340820e-02,1.662461906671524048e-01,-2.000623941421508789e-02,1.027090176939964294e-01,1.983298361301422119e-01,-9.270023554563522339e-02,-2.618041262030601501e-02,5.250980611890554428e-03,-6.910180300474166870e-02,2.222650870680809021e-02,-9.317164868116378784e-02,1.331405807286500931e-02,5.793226417154073715e-03,5.688274279236793518e-03,9.650136530399322510e-02,4.177294671535491943e-02,-5.546137690544128418e-02,1.360827684402465820e-01
