-6.312183072598942513e-02,1.288067888244796566e-01,2.895336522892859588e-01,-1.610590631051093957e-01,-2.095309805392701341e-01,1.120555110221900935e-01,3.801549268067873633e-01,-1.342679253177161136e-01,-7.616764368062693864e-03,2.406921331257406982e-01,-7.679036544439715728e-02,1.308327781390920298e-02,1.147486760107194930e-03,5.556642706553035355e-02,-2.331911763791371522e-02,-3.916487615503617126e-01,9.817245524774761978e-02,-9.798436228396346925e-02,1.148612593190044551e-01,-3.028046337932101262e-02,-4.352051205014127039e-02,2.921812029307369607e-01,1.603673210342300426e-02,-1.087691139372864296e-02,-1.043851328930466005e-01,-3.503446128382946279e-02,-6.613764771633701134e-02,-8.107190807415978751e-02,-1.932232943235154612e-02,-8.399874660078562871e-02,-4.548100560442149692e-02,3.981311602813981249e-02,1.972050540749841485e-01,-2.204540873278826030e-01,1.905738181467387105e-01,1.526338634866618825e-02,7.898653567112423612e-02,8.314047111052064176e-02,9.888068089331990274e-02,-9.751073611360187854e-02,-2.030161300170939265e-02,3.597318944218259179e-02,-2.420002110953507757e-02,2.987680992122514288e-03,-7.502803663686944541e-03,-4.369192233083932925e-02,1.796708266414946686e-03,-1.657313340646296707e-01,3.581781446780856609e-02,6.447034283343054673e-02,-9.291947195122220171e-02,-9.288895996182348555e-03,1.248335809187105794e-01,-2.563780537748804877e-01
-7.042287373905657677e-02,1.555296975952278893e-01,2.401020803921196656e-01,-6.314949000976971538e-02,5.588894947140158470e-03,-7.836049580603612896e-02,2.491169791196328753e-01,-2.492082298507836968e-01,-2.233494804843668413e-01,-6.326744345373432055e-02,2.083681990456486555e-01,2.713909751504566814e-01,1.190667619933567373e-01,-3.885921595517530247e-02,-1.159199192832512104e-01,1.147719206032889322e-01,-7.781543998487955305e-02,-5.018477519132313880e-02,4.977418090888834773e-02,2.139126058485232573e-01,1.587628504563881604e-01,-2.814261114115794160e-01,-3.307544114006712860e-04,-3.966210645389493805e-02,1.933007780655991367e-02,1.758866008911457238e-02,-3.380477960635232260e-02,-2.608639022259746643e-01,1.793471639331819245e-01,6.544323134468758851e-02,-8.600963638333755656e-02,6.016701774267764480e-02,-7.557549290295559330e-02,2.352252658525448015e-01,-1.363249782407804644e-01,2.024274238757029984e-02,7.631380977129119392e-02,-9.306193588190547761e-02,-1.335467468829551196e-01,1.791002595704469513e-01,3.243765233929475199e-03,-1.392259234834546944e-01,-5.480440036905984136e-02,-9.952800947266025530e-03,-1.175496389963534560e-01,7.787228676169327679e-02,-3.861455422893741996e-02,1.111103082046421692e-01,1.133121604714930203e-01,-4.816549885316868257e-02,-1.000506218282138163e-02,3.866295658355179549e-02,1.252521734934269604e-01,-2.478785242123315857e-01
-1.261504215831002196e-01,1.047187493656629165e-01,2.827867346412532568e-01,-2.526616660790105898e-02,-1.073388058151186243e-02,-1.583479690101047554e-01,7.557268066397068718e-02,-8.420465182748512745e-02,4.048612256348001204e-02,5.827180862574397879e-02,7.362902568935233982e-02,6.147212831011721057e-02,2.198871812750741520e-02,4.321086882241557958e-02,4.311018237184353202e-02,-2.145167279965463913e-02,1.267595186336973323e-01,5.584290616338382501e-02,-1.007133059763896249e-01,-1.490940962105548884e-01,-1.253547496574624609e-01,-1.163215236596988195e-01,-3.616969493111462514e-02,9.520367917851742245e-02,-1.117060707898432682e-02,1.039852123716970833e-01,1.918276772810627306e-01,4.023673675774151470e-01,-3.407133790671372509e-02,1.349024693879805059e-01,1.733808945672206114e-01,-1.965929353299903926e-01,-3.627572432334685848e-01,6.609217516806771553e-02,-8.932377346454485612e-02,-3.507659556178865934e-02,-1.296479049204288803e-01,2.375788848687604773e-02,1.385753382509424259e-01,-1.611547189597785645e-01,-9.825274011946456831e-02,1.705111239862534822e-01,2.259775275878103118e-01,1.293122546166185771e-01,2.592675146754775881e-02,-9.782153307194611791e-02,6.316122371172827599e-02,1.265224213682818455e-01,-1.080261132475162089e-01,-1.274491356742525616e-01,7.075072098016839395e-02,-7.121443256008536116e-02,1.256707660681432026e-01,-2.393789946497827670e-01
-1.346846543290144416e-01,1.862390872180152146e-01,2.595313141438120308e-01,-5.873931887542722940e-02,1.009212894931480337e-01,-1.423100041693108608e-01,-2.177739960478058123e-01,1.475499108702516271e-01,-1.257055655487690216e-01,-1.084270491412821780e-01,2.713933798313513668e-01,-1.021289091255282167e-01,-5.541990742137695158e-02,1.788827854369030856e-01,-1.059580093604915556e-02,3.024964746957147232e-01,-1.732267190529614143e-01,1.201696903966800040e-01,-3.309399066523985994e-02,2.974671656556425112e-02,8.642604252679937649e-02,5.419897416396679546e-02,1.891436129827273049e-02,2.430889185214944043e-02,-9.268099284609025712e-03,3.100649054156333698e-02,2.141843248392297228e-01,5.828025523830464294e-02,-1.515996561894327466e-01,-1.695642571127210785e-01,9.879222200360145145e-02,2.482777063906067838e-02,2.850201873875901626e-01,-3.038413828379860626e-01,3.019744445895175544e-02,6.333629324410765260e-02,-6.662893590888652184e-02,5.211470164152982865e-02,-6.030617597218008996e-02,-4.891925641784199835e-02,3.217375695711759825e-02,-1.155812706241619581e-01,-1.016726121412429018e-01,-1.678489352593739992e-01,9.611903223556601816e-02,-2.594477263745664439e-02,4.925595367399979857e-02,-7.424011317258744774e-03,-7.363726008464394068e-02,2.120247870091474807e-01,-1.298610604689761153e-02,-7.996051072238032076e-03,1.260893586428558644e-01,-2.308794650872285914e-01
-2.005429949780166698e-01,9.939496513329268423e-02,1.189516178958243131e-01,-5.971387878139295530e-03,7.100110323577413229e-02,-1.129342651820070403e-01,-6.397455016494590918e-02,1.343660547133913308e-01,1.089836035506525913e-01,-1.628349701196647042e-02,-8.461540024172239938e-02,-2.025493354103529431e-01,1.326982937160481602e-01,-2.410186361732228125e-02,1.768951110067382426e-01,1.139190212382967249e-01,9.762812798387243696e-02,-5.951601130189251160e-02,-6.468034922929870312e-02,2.679949038905712552e-02,-2.463882919658150483e-01,1.569762557204707476e-01,1.426563850574540104e-01,7.980435289930866774e-03,1.459180965743177572e-01,-1.227085054291610633e-01,-3.318575488943015794e-01,2.064264269724667700e-01,1.869596903719088488e-01,-7.334309974065775228e-02,-1.066468723424977838e-01,1.275143915168283348e-01,-2.902040219901807008e-02,2.036251719776577818e-01,1.122359737454520501e-01,-1.247614165383948565e-01,-3.069665126097724864e-02,-6.427409283920959560e-02,-5.282994837527741662e-03,2.476955750372420995e-01,2.534385619513305765e-01,-1.723383063413251939e-02,-8.540724831344380374e-02,-2.792451251059000286e-02,1.660936297318310884e-01,1.685969750496484898e-01,-7.855307153173783641e-02,-4.918348623533082276e-02,-5.733447712988392481e-02,-1.308319966862151462e-01,-3.711741285443583005e-02,1.979194706842399842e-01,1.265079512175747434e-01,-2.223799355246852405e-01
-1.692141347107015484e-02,2.349612720569518309e-01,2.947974241195238515e-02,-6.048515887925244583e-02,7.757236478761504739e-02,-3.139194082499292132e-02,-1.018448594938879126e-01,1.619491653654001051e-01,1.905679414845345976e-01,-1.001719319899020688e-01,-9.932936625576009593e-02,-3.414684054774462796e-01,1.058794921985027199e-01,-7.381740253571450472e-02,1.021244339227986297e-01,4.060167177796313032e-02,4.083826390367231024e-02,-2.827243893244482317e-02,-5.687087784416730574e-02,-1.626967144461530235e-01,-2.224261243385244197e-02,4.559870814377813691e-02,-1.441585107416065437e-01,-9.441184090226570347e-02,-1.582507148619717863e-01,-9.096865633938312767e-02,-6.079505546132471516e-03,-4.110633942860911771e-01,-1.684877409367670775e-01,2.069757937123988256e-01,-1.080633198997386080e-01,-1.843699650938961376e-01,1.657336550465838276e-01,2.332931273957932206e-01,-1.373926892351473583e-01,5.780717242107658721e-02,1.349637080747041913e-04,-3.123350285791705663e-02,-9.669285425454285376e-02,-1.313731874647990350e-01,-9.309647680690702476e-02,7.224786538796514057e-02,1.136531243717841672e-01,4.801669443865501374e-02,-1.932977431837688553e-01,2.945771037960419770e-03,-1.812109402164966201e-02,-1.508865357155939751e-02,5.284739488929045964e-02,-1.134804271854750191e-01,5.503516262684571975e-03,-2.072741447410449134e-01,1.269265437922909023e-01,-2.138804059621359221e-01
-1.923983716946839340e-01,4.028228511969354081e-02,-9.730151458140420817e-03,1.146282716590154155e-01,6.019667160020938240e-02,1.420014479934313401e-01,-6.014391280976325721e-02,6.862382702159632031e-02,5.727635530942953856e-02,-2.628648048333592432e-02,-2.889412626187451982e-01,-1.532028038264228453e-01,7.743587441269066118e-02,-2.378892814282263790e-01,-2.696566239094360662e-01,-6.110773639700479293e-02,-3.637652892772147428e-01,8.994377285306057179e-02,1.195364742640183109e-01,4.578958657722167688e-03,5.452042150254380465e-02,-7.252113146772161401e-02,-2.515853120400576848e-02,1.430167622933199989e-01,1.144115999320105964e-01,1.462069209927251423e-01,-1.044945485726885143e-01,-7.292156546685327201e-02,7.437260950535327930e-02,-1.218947455201664504e-01,-7.604260736653033204e-02,4.742912726445060873e-02,-2.836313434278741052e-01,-8.364796619541460532e-02,-7.591421688335620033e-02,-2.126720273458280672e-03,-3.367300862171626608e-02,-7.178944873527857984e-02,-3.618978417368829553e-02,-2.553142675557410271e-02,-1.449223268340414043e-04,8.993891985471542949e-02,3.029480835520072940e-02,1.011733586699645332e-01,3.613727660320563417e-02,-2.808077169880724977e-01,1.467026687477901437e-01,-1.514352156472285049e-01,6.518055026363889226e-02,2.902779567066795519e-01,1.064406947164768802e-01,8.464720423169785901e-02,1.273451363670060343e-01,-2.053808763995849385e-01
1.004493115481609189e-01,1.928730461719979083e-01,-1.163878196797110548e-01,-2.073022565875995427e-01,7.982511350742531320e-02,1.935855795426790760e-01,-1.850278315697575712e-02,-9.198709107199182916e-03,1.296794082817133986e-01,-6.728589922537786538e-02,-3.310131606120794712e-01,-1.980815213785711709e-02,-1.590079102742566197e-01,-1.352701465739713504e-01,-2.188169082028245185e-02,-1.690061057370187761e-02,-1.277148331213512865e-02,2.425602869899965222e-02,4.694431005503369239e-03,1.290380796202827141e-01,-3.601729348479541792e-02,-9.809132737868202223e-02,-7.271130919975303530e-02,-5.824867491122919655e-02,2.141212796103137417e-01,-6.070239470816553989e-02,3.276211357219156461e-01,3.821730100129955288e-03,-2.681435388746612747e-02,-1.036575388876055659e-01,2.031799477044839153e-01,1.556181340396117496e-01,-5.194850807692967531e-02,-2.230037248163399197e-02,1.424220464688200072e-01,-9.714889167624386757e-02,1.623062664864063365e-01,1.625222179791110944e-01,-1.575822889823118994e-02,-6.685397754057118003e-02,-1.860535285359334878e-01,-1.533690593765573429e-01,-2.016041934743589004e-01,7.370498665199393118e-02,7.442363641827517973e-02,1.477867484117493524e-01,-1.563471460309361072e-01,2.620963443674869664e-01,-3.249759689162608906e-02,-1.919972441790520068e-01,2.291941072646743599e-02,6.570433402416574198e-02,1.277637289417204725e-01,-1.968813468370359532e-01
-4.903222665251640716e-02,4.043564314686477756e-02,-6.777359576160545129e-02,1.458855804819861879e-01,-7.183195583896508085e-02,2.396535114509817377e-01,1.251641668606001331e-02,-8.138918277041888583e-02,-5.336401357988834054e-02,-2.767451327405283656e-01,-2.131582873691318103e-01,7.304383899868559238e-02,-1.953738689924869043e-01,-1.489931527828033953e-01,-1.142585078238652768e-01,-3.406860452529277689e-02,9.486723676196254229e-02,-8.568308638380341125e-02,-4.490553969644708182e-02,-1.207648405163052607e-01,1.161029147084240709e-01,-9.614654736770024412e-02,-3.280336304060024136e-03,-2.365383723657254675e-02,1.261720004640982419e-02,3.451312486335331858e-02,-1.422047969993482652e-01,2.645694644853560651e-01,-1.093212900630110840e-01,2.355057741052114795e-01,1.469414038833182223e-01,-3.235280598103724287e-02,2.071272710474353074e-01,-1.444675023625248134e-01,-1.146428446215584651e-01,1.619701405860696775e-01,-1.461040797730985830e-01,2.256256013270905442e-02,1.050782529891707007e-01,3.175034833219653740e-01,2.537162548917173410e-01,-8.969907275389438217e-02,4.421784223101266759e-02,-1.299904282537658606e-01,-1.561179717943076695e-01,5.263289613248060134e-02,-9.544756071838498418e-03,8.755028340256227476e-03,-2.522723012634746267e-03,-1.150029770618073675e-02,-8.322861360342638515e-02,-2.257145112782135143e-01,1.281823215164358543e-01,-1.883818172744855801e-01
-4.832649526729692474e-02,5.749840833648877519e-02,-1.306439294118770800e-01,2.343859118789604901e-01,3.853721511738147226e-02,6.698643531258682837e-02,-1.695694064142260205e-01,-1.022651005498333571e-01,-1.358744228996904557e-01,-2.169939764715914654e-01,5.576240836511404952e-02,1.931698727998495124e-01,-2.024221824694016347e-01,-1.095659440473344404e-01,1.571133663849555162e-01,-3.533807478869557123e-02,1.507807185468678368e-01,-2.475255211778707720e-01,-4.092680004463943727e-02,-4.052044969732501722e-02,1.598467788079371565e-01,1.888480503238945118e-01,-1.468332674963343520e-01,-1.320312700182634247e-01,-3.688209793976143791e-02,-2.825083248868009034e-03,2.157009013602943781e-02,7.694219182821712688e-02,2.761312354923881052e-01,1.617645392728951081e-01,-2.416493623758609322e-01,-8.240087626593298187e-02,4.527823279387295508e-02,-1.549907100128350076e-02,4.905939603531610932e-02,-4.877896651882694667e-02,5.402896903768328318e-02,-1.583935389082318651e-02,-1.700793860719174433e-01,-2.867424589648646660e-01,-1.760833799254924448e-01,1.378963148082295968e-02,4.521150750867673762e-02,-2.553341103645649646e-02,2.603781503304412603e-01,-2.764217945004557656e-02,5.638677936964654053e-02,-6.663279995752760532e-02,-3.629102720108726143e-02,7.157512015989664356e-02,6.449571289911414096e-02,2.132401250645767077e-01,1.286009140911538451e-01,-1.798822877119391761e-01
-1.999890006884503385e-02,5.746743957199060282e-02,-1.640924734277285080e-01,2.368212639485065552e-01,1.107356802351867377e-02,5.850862087083653212e-02,-1.934950784826406367e-01,-1.623254740271816432e-01,-3.642082721475539686e-02,-7.326615347533838030e-02,-1.505332274870299289e-02,1.793782401169202456e-01,1.410676957081025418e-01,2.115476725799543545e-01,4.024130822069511004e-01,-5.157513505850706836e-02,-1.787120738735545888e-01,-1.177069113642136844e-01,1.584004982573836984e-01,1.227946978906187259e-01,-2.925081623587213672e-02,-2.053519120570465248e-03,5.787569077026638587e-02,1.237097967731278503e-01,-2.185991698439160025e-01,-1.192616211040317120e-01,-5.258852629881992369e-02,-1.089628414393969402e-01,-2.900495182970689312e-01,-4.654814929338713103e-02,6.179389112432356890e-02,-4.099603281609941891e-02,-2.272753232242494259e-01,-4.656482480846950434e-02,1.735735469054458524e-01,-5.256104031657644893e-02,9.078440039262894445e-02,3.301107715485166599e-02,1.934853156799257179e-01,1.322850454063071064e-02,1.360379220497469066e-01,1.637520017038890385e-01,-1.773949949262038361e-01,-2.868402473446458878e-02,-1.523370272339902576e-01,2.123132114857838662e-02,8.355147819122984987e-02,1.301676875975162351e-01,5.774436374534244742e-02,1.543840990217141412e-02,4.377111471215280880e-02,-8.638628017152273283e-03,1.290195066658688106e-01,-1.713827581493887198e-01
2.424041178275915601e-02,4.493871846710689039e-02,-1.430418289260697307e-01,2.701833427482871683e-02,-3.152367179870006059e-02,9.945867697305507682e-02,-1.503693437351596163e-01,-9.943443700326902099e-03,8.015101907389497737e-02,6.463826039908550369e-02,1.859893261501128006e-02,2.314099420408292918e-01,4.332051242955725634e-02,-4.080954453666927467e-02,1.416006825155569082e-01,2.928531061449262535e-02,2.608280909486989652e-01,2.896874278106739142e-01,-1.646159031535705253e-01,3.241047148907033604e-01,5.833836280689355669e-03,2.188441451676955557e-02,7.644800001496612762e-02,8.250535410345456733e-02,-7.791054238707562085e-02,4.051473575199272120e-02,-1.174585727333283397e-01,-8.486982518447436230e-02,-5.854308739151725671e-02,-2.667961826188493535e-01,5.558529900582627470e-02,1.006160721067909936e-01,-7.022322870621288717e-03,-3.319051379591912015e-02,-1.750082481632829756e-01,4.391036017469858443e-02,-1.562046646179222065e-01,-4.117098387556245714e-02,5.126819292876779594e-02,9.160318604307804424e-02,-2.869075605510031379e-01,-2.647978211613865110e-02,2.577952890735299984e-01,6.788815846060716752e-02,1.386072897070600163e-01,2.040504627830389342e-02,-1.995655804642274822e-01,-2.825284844386075078e-01,7.265622887151615417e-02,1.444173724012017511e-02,-7.277248577641927396e-02,-1.675371471869541440e-01,1.294380992405843589e-01,-1.628832285868395957e-01
-1.655861453870285105e-01,-1.749534641401447321e-01,-5.148834006386697471e-02,3.325143548147673107e-03,-3.326688540442396952e-02,4.722879892523440537e-02,-2.473395854425756435e-01,1.204862847316120755e-01,7.723987896715026058e-02,2.187841283888242450e-01,6.823040541368954881e-02,8.873493989764968948e-02,1.993839523069013131e-02,1.366573836218421822e-01,-1.188572130173588398e-01,-1.501449919849374426e-01,1.753156287946948111e-01,2.532400974843000974e-01,1.318435553636769161e-02,-3.184640211007280092e-02,1.331559689277011793e-01,1.446519002656134756e-01,-2.682171308939798951e-02,-1.419686455953581838e-01,1.086905217796440420e-02,1.718585050196339559e-01,-2.571372065387765929e-02,1.162290178439818050e-01,-1.304051406604443339e-02,-9.962117224717762995e-04,-3.107590295329356461e-02,-3.738701992259754747e-02,1.084631189112111038e-01,1.972785658565447964e-01,4.273435386929170469e-04,3.659867247790923317e-01,2.834720680095743628e-01,-5.084009993867751043e-02,-1.423105605077262283e-02,1.592352522486770727e-01,-6.849759046517354955e-02,3.128063341266960201e-02,-1.692986721457014065e-01,1.340862909927235391e-01,-1.946737594078122580e-01,-6.807012881400520410e-02,3.282632844968416674e-02,2.483685866584161572e-01,-2.192632785930035896e-02,3.770266241131531304e-02,1.347834121317902922e-01,1.757281611191318926e-01,1.298566918152990191e-01,-1.543836990242895280e-01
-1.725637212016129240e-01,-1.256756380520309968e-01,-1.971274847450560919e-01,-7.021818923381097088e-02,5.585219864953792218e-02,-9.420136264894345135e-02,-1.527815843338996837e-01,-9.942134790455504911e-02,1.158305282680190257e-01,2.060817165154816277e-01,-6.820646151243060784e-02,1.612293297314080220e-01,-7.553200229957654499e-02,1.630018537701410919e-01,-1.691512667658636448e-01,5.419274602650039907e-02,1.184609681743940303e-02,1.429737424510101051e-01,1.997427821134602210e-02,-1.984759982891786123e-01,1.620394837539202160e-01,1.725398110613296163e-02,1.486293826925190464e-01,4.554901421202060124e-02,6.300108533168417846e-02,-8.511733418060363210e-02,4.551298727959747492e-02,-1.010292817799350873e-01,2.087429627071922533e-01,-2.263197170228818667e-02,-1.693016451927811250e-01,5.572312839979463861e-02,-1.085364360475511297e-01,-7.029716901790608596e-02,3.563584745206000576e-02,-1.707769244115855956e-01,-1.071300058996236676e-01,5.059763484001168765e-02,-1.119075733935256112e-01,-1.908727367730136126e-01,1.355828052885136026e-01,-4.853557661691135228e-02,-6.767687919188121459e-02,-1.088053598204122147e-01,-1.635747079204503684e-01,7.095085638013774731e-02,1.801128077343445433e-01,-5.611312658067704046e-02,-1.486566687646501406e-01,-2.288407254907271760e-01,-3.367022108660410740e-01,-2.639823340689598785e-01,1.302752843900135959e-01,-1.458841694617400986e-01
1.538573866667954093e-01,1.392795413858816111e-01,-2.464991475654419728e-01,-8.532353971013921512e-02,1.946021859792073511e-02,-1.139436315153755618e-02,3.467199915781838532e-02,1.764175555618600066e-01,3.528607476608618121e-02,9.307862839748941297e-02,8.942636867375361454e-02,2.351890449870999433e-01,2.033546265980519865e-02,1.157753491614276764e-01,-2.769770103563327923e-02,-1.437866116107149317e-01,-9.452124146202406374e-02,1.978016818440579971e-01,4.768595636731255000e-02,-3.219586413133095348e-01,-7.698168647214820304e-02,-1.806464863206125038e-01,7.027020402177171048e-03,-1.322514072464456569e-01,6.588233082463942555e-03,-1.250117714456841778e-01,1.610832813665869223e-01,1.917914212363208129e-03,1.735659924074981625e-02,9.339556991365684235e-02,2.645738808284530882e-02,-8.943324531190656457e-02,1.321917566053392723e-01,8.204434478128178054e-02,2.527215003565721693e-02,-2.184493744620019384e-01,-1.830553441570749729e-01,-1.272830265804596184e-01,1.413835756434036750e-01,1.896155766024929662e-02,2.086421902020973995e-01,-8.626532591821771401e-02,8.545106725108282675e-02,5.547405409251809916e-02,2.730263273858628617e-02,3.092503648008584557e-02,-1.438444705193010487e-01,-1.395944304667087466e-01,2.651921093864634260e-01,1.847799254036633643e-01,6.571838155605361220e-02,3.050632891344594033e-01,1.306938769647323639e-01,-1.373846398991938333e-01
-8.796541324073471613e-02,-1.928360477391927175e-01,-8.239278312747221056e-02,4.071482746990002372e-02,1.390503888830217465e-02,1.857389387288128080e-01,1.093404656800829877e-01,2.101839810642155415e-01,-1.967015841019327527e-02,1.447997520980745800e-01,1.764593453502808496e-01,7.468346253758792463e-02,-4.855448899324957268e-02,8.688366196619597137e-02,4.234256567178840136e-02,-8.823733466177650919e-02,9.629265762681402108e-02,-1.461187489290816932e-01,-1.163706291461874846e-03,-7.396855016256839721e-02,-3.137699742574318607e-01,-2.397253797242382967e-01,-3.249433489457728003e-02,7.381834409737703107e-02,2.041290475405678484e-01,-1.454642010538458215e-02,-1.800775010368423357e-01,-2.461668242085994218e-01,-1.358922908073167957e-01,1.003991856416966422e-01,9.149523837479850430e-02,1.405890048847911744e-01,8.268073878366777665e-03,-4.525631314009195133e-02,-6.289562698441517052e-02,4.812734548410066426e-02,-5.957843692715420608e-02,-1.149884369786964150e-01,-7.677254586294267324e-02,-1.173804413319035345e-01,-4.518440422472561752e-02,-1.388030262110446222e-01,-4.036530566717266844e-02,-2.876293118805798299e-01,1.911588366304043940e-01,-1.941045075854569424e-01,3.264964851295172610e-02,1.229603650898040829e-01,-2.547472491364859981e-01,-4.855004288893308151e-02,2.156414781928919222e-01,-6.986706671050831041e-02,1.311124695394463857e-01,-1.288851103366397965e-01
-8.441124276455073960e-02,-1.126875460517010735e-01,-2.459180891162522919e-01,4.018783001335380321e-03,6.188020289836235893e-02,-9.792196734909872080e-02,6.801954946844733507e-02,-1.460698999722502833e-01,6.626964826557274479e-02,1.550602330863677936e-01,1.586112297353148015e-01,-2.270897650816977031e-01,8.362073104810250138e-03,-7.839814383918103369e-02,7.141453932513727558e-03,-1.096128068307599844e-03,-1.081270648060142503e-01,-2.248728266466058778e-01,2.419191412600731755e-02,-3.072630963715080113e-02,1.075598254392167441e-01,-2.674848302960002311e-01,1.162913652703880391e-01,2.396232156760527698e-01,-8.279768982453730719e-02,2.823458593412432084e-03,-3.781771097407316765e-03,1.902773245721305351e-01,7.504788285183548735e-02,-7.610777097842590100e-02,-5.729917774077063902e-02,1.278152103664502715e-01,2.361203450046837626e-01,4.837092808538689254e-02,-6.683369214666699809e-02,1.238646940831132767e-03,1.493407228329869385e-01,2.028544826162728965e-01,5.916857474479988999e-02,-1.216664399888314763e-01,-7.252008031566244128e-02,1.188771115792585792e-01,1.263295662891831816e-01,1.996158855096213935e-02,-1.935312871036527771e-01,2.086327512403068907e-01,-3.026587704315699123e-01,-9.554170046872548228e-02,-1.750985191301845101e-01,1.408617259322981763e-01,1.938445679178401604e-01,1.082601543873468360e-02,1.315310621141635439e-01,-1.203855807740942391e-01
-1.255834812365049236e-01,-1.842074867098203728e-01,-2.004782682007456018e-01,-4.447720673225490605e-03,1.167172072965478591e-01,-4.418201502374583672e-02,1.174706334352315501e-01,5.554465417718286446e-02,4.562444926552230301e-02,1.703833488175001132e-01,1.964195548625170540e-01,-7.269403174151861657e-02,-8.931003102340699662e-02,-2.096529152937119320e-02,-1.256283909220467510e-01,1.716174615309720708e-01,-2.685958458709578403e-02,-1.960723315559058377e-01,4.032940419716443507e-03,1.124039980940261529e-01,-1.160410676436198635e-01,4.093753406938918649e-02,-2.282562759632856264e-01,9.803236451099237025e-02,7.094816326872362133e-02,1.431232786948339053e-01,5.458363053428752498e-02,-1.445430446629406354e-02,-1.682456492041944918e-01,2.002716021727578288e-01,8.848037916061731248e-03,-9.389174522546943347e-02,-5.686902930871128720e-02,-1.558980457064833847e-01,4.793672202648691094e-02,9.572758781805533468e-02,6.719546358519100371e-02,5.291286627671465230e-03,-3.787108993145206493e-02,1.055190501896864502e-01,1.108001038907196860e-02,1.963703518589770824e-01,-6.276899772576391423e-02,1.505069225376826636e-01,2.229214899824165375e-01,1.192079508848160191e-01,-4.594401590242403605e-02,-3.686053609411315407e-02,4.085740511283196263e-01,-8.670468711177965748e-02,-3.541056670492474523e-01,1.762389157933163392e-02,1.319496546888773714e-01,-1.118860512115439215e-01
1.329500622551480493e-01,5.008707118086135751e-02,-2.914795267545170487e-01,-8.802900772306335164e-02,8.069313853329970754e-02,-3.587376232186684916e-02,2.256559245579549955e-01,1.215121530230358904e-01,-2.545447412465584244e-02,1.015940086645855250e-01,1.546867217475104694e-01,-3.087757926417768022e-03,5.870122082628921253e-03,-1.013044618151213716e-01,-1.450999399594075645e-01,9.252366118244279014e-02,-7.838912200126987861e-02,-5.439539229094774581e-02,-2.791566823187394825e-02,1.981290736510731287e-01,9.939627033281803886e-03,2.696308642571213499e-01,-9.291958745068520931e-02,-5.258843554839145312e-02,-2.051592625368051925e-01,-1.485277833434806294e-01,-3.451234733718826220e-02,1.716071145176574220e-01,-4.682207437028058222e-02,-6.543158390946585135e-02,-4.815898876203763418e-02,-2.349830713793941150e-01,-6.620697165280015062e-02,-9.982647446816861336e-02,5.650697720837409566e-02,-2.330070041349533438e-01,-2.730562369438245193e-02,-1.445708860325464751e-02,-1.516968647067140075e-01,2.574182104255097192e-01,-3.539788425320970766e-02,-1.867115400035686545e-01,2.192620368779066645e-02,8.985542402636106929e-02,-1.391540458247568779e-01,-1.569703597971640885e-01,1.717368790649533850e-01,6.601148673508243359e-03,-1.878145118964647531e-01,-1.194672029403275187e-01,2.855194367979970727e-01,-1.062855003304787604e-01,1.323682472635963336e-01,-1.033865216489969902e-01
1.038498671790520356e-01,-3.431656039424795662e-02,-8.556177613292270667e-02,2.635675045425197455e-02,-8.351016806884234422e-02,5.608599604328121102e-02,1.471741744179071443e-01,2.218492278642468785e-01,-1.337491872447030550e-01,1.247138915957458905e-02,5.045332593076526373e-02,-2.501268139018988368e-01,-9.275061671586978806e-02,9.142363411139639573e-02,3.250152904718237729e-02,-2.750454152780369005e-02,7.862771639732316770e-03,6.063181568589184368e-03,-2.845739445745246177e-01,7.901875702740672469e-02,2.603283280961017354e-01,-6.164771421927419531e-03,2.199545011301942132e-01,-2.240189804466342638e-01,-2.406129250058508529e-02,1.015694039315291203e-01,2.089181437825554308e-02,-6.774483009876511308e-02,4.444623513117955393e-02,1.047560014920092680e-01,2.279790590782988235e-01,1.716597946577002320e-01,-1.834784722622543607e-01,1.667603894214466087e-01,1.982884459575979808e-01,-1.514618248462409333e-01,1.858927991531715007e-01,-4.053615888064543427e-02,9.483973450916545478e-02,4.708623162192226985e-02,-4.505107308939343413e-02,1.247119260302973348e-01,2.274377046546147418e-01,-1.883691583919144819e-01,1.654167261626638546e-02,9.349224416461160425e-02,2.327687088912114288e-01,3.219611957822006432e-02,-4.464505708680155047e-03,2.153456917556744177e-01,-1.480948957164150703e-01,-4.226375635695860805e-02,1.327868398383111326e-01,-9.488699208644549299e-02
4.134386390543294543e-02,-1.242189958652509113e-01,-9.597436973335383981e-02,1.432060602961168216e-01,-1.667969808008587795e-01,6.206877093478126856e-02,2.092029574636390388e-01,6.534709360967372316e-02,-1.272950362151933912e-01,-1.657778348555109249e-01,-6.430779494176908084e-02,-1.672429748852697351e-01,-4.073188441726283138e-02,3.462703591571332784e-01,1.329022549794829297e-02,6.990090827051875788e-02,-1.043553827452196603e-01,-3.094120966744457607e-02,1.300410615558044158e-01,-6.184269933554578658e-02,7.939505429891421939e-02,1.149905040059036460e-01,5.514516964465339399e-02,-1.331956390367396992e-01,2.660204174108586617e-02,8.528653455027410471e-03,4.520026462956078933e-02,-5.347918526094327246e-02,1.346331856000388405e-01,-3.242343623177505463e-01,1.281010300532599289e-01,-4.481797080840421721e-02,-5.307370500199691185e-03,-3.205415366562913010e-02,-3.608919626416743354e-01,1.310046517896946705e-01,-9.483322167010781178e-02,1.067971833436782009e-01,-3.803683451156035511e-02,-5.242741243833064224e-02,5.486382966598394445e-02,1.265553965806732184e-01,1.039815383255425357e-01,3.203873561654335764e-03,2.505836588600952874e-02,-3.641556743646058580e-02,-5.048024865758500568e-02,9.359994742011318336e-05,1.000185960506435878e-01,-4.078785056777277651e-01,7.745103703037176102e-02,1.981269771387252909e-01,1.332054324130257927e-01,-8.638746252389635505e-02
1.302541296970322060e-01,-6.561793263641878260e-02,-1.665669739645840586e-01,-6.215153370722888149e-02,-2.200510049424236891e-01,3.518699142341433911e-02,2.126815141857722469e-01,-1.756487381982909865e-02,-6.788833143595977837e-02,-7.703792884963422960e-02,-6.420834079176525322e-02,-1.628379704505363013e-01,8.200030099745961309e-02,4.296597484121984778e-02,7.501779640092012813e-02,2.065430163223495041e-01,9.914854616579150959e-02,1.691387892811681559e-01,1.379826457996663203e-01,1.796934336489998119e-01,-1.397359643513724214e-01,-1.300502035291304370e-01,1.174153210915393486e-02,-1.647790160289020200e-01,-2.137213455444497007e-02,-1.015580578376860943e-01,7.367768905277659319e-02,1.411272164427062603e-01,1.222735333291088550e-01,4.982394380493349734e-02,-1.937343801927144393e-01,-1.746931053048824678e-01,-5.962351862133991737e-02,1.036350831530119393e-01,-2.845255533021451982e-02,2.387878049117256873e-01,-8.202316579036629529e-02,-7.490739531310355859e-02,1.341531277588319249e-01,-1.995863719123417146e-01,4.194181938631359741e-02,3.511884815731536411e-03,-3.654305636615816089e-01,4.916368004871379122e-02,9.562785945599071302e-02,-3.705427888685940141e-02,-3.136448834518169165e-02,-5.335228557526945636e-02,-1.527742747964401238e-01,2.934112660675420314e-01,-1.307301955493734291e-01,-1.925233318964121865e-01,1.336240249877413688e-01,-7.788793296134721711e-02
1.332269991443957580e-01,-1.187260000798864845e-01,2.646308871229017742e-03,1.104992439578929425e-01,-3.660755367641088109e-01,-7.896437400679830534e-03,-1.528252902886496900e-01,-2.094701797101888863e-01,-1.499270665909943345e-01,8.280225110583259995e-02,1.449877817660931989e-01,-1.256904992543085575e-01,1.097721497322011186e-01,-3.394673425579479709e-01,-7.005047327046463879e-02,3.941791420688642994e-02,4.481142290760985192e-02,-6.395335922920250549e-02,-2.230326933795174216e-01,2.131525714456048576e-03,-1.229476040245430259e-02,7.107473631657655611e-02,2.009071355580556995e-01,3.342321622827673644e-02,2.595639356847506685e-01,-1.202734346662771431e-01,1.315214919796390824e-01,3.746779541955488294e-03,-3.100194540161765322e-01,-6.033819683899591807e-02,-9.562654852556464954e-03,4.369844360881753459e-02,2.856157800546671108e-02,1.101812733160330154e-01,1.189722412225955039e-01,4.014810220160564685e-02,-1.748351641080235774e-01,-4.500802364193387528e-02,-9.059270040176001237e-02,-1.725387881534937162e-01,8.242173356837069476e-02,-1.091581398788315366e-01,-3.352161305433791483e-02,7.375246072828287036e-02,-1.564184259130720900e-01,-9.891849652927600656e-02,8.702130001029838302e-02,-6.247856280929513922e-02,1.211552305158063725e-01,-1.248398557607921650e-01,1.601617392441380178e-04,1.751453937617431789e-01,1.340426175624576943e-01,-6.938840339879825958e-02
5.119310220130235400e-02,-1.797552109467948356e-01,-4.591262070404646990e-03,3.686857772782974746e-02,-2.957539670169049284e-01,-1.037316443178735725e-01,-1.850734683511428003e-01,-2.024832226339559060e-01,-2.870941941086489063e-02,-9.613800235252566162e-02,-3.385084413228580530e-02,-5.830927389673925404e-02,3.365378668057611433e-02,8.527006453459949620e-02,-1.705043048516953208e-01,9.233962064697942562e-02,1.495093000076049006e-02,-2.886019176756828356e-02,5.856544133522387230e-02,-2.200623344775970158e-01,-3.261037367953890098e-01,1.152856817369619508e-01,-1.183860051434042493e-01,1.039069552518211426e-01,-2.172310570813861808e-01,-6.065852647942050757e-02,-1.688345579327223123e-02,-5.317820199865368191e-02,2.608897841568069143e-01,-1.594338191856489034e-02,2.926524962394770335e-01,9.589167590202571367e-02,4.722817260459248601e-02,9.544195998388356472e-02,4.419480508345886849e-02,-1.987707371235477583e-01,4.376390505148997252e-03,6.497880217367413280e-02,-1.553553972341175371e-01,1.751484499024983099e-01,-2.209680628660195545e-01,-3.643579682531368491e-02,-3.224997898136471725e-02,-2.191892460357162953e-02,2.332189878692860624e-02,-6.443604064865343650e-02,-5.125919347793961994e-02,1.532156929119343480e-01,1.654316070452280796e-01,2.242139718408730775e-01,1.050631424008635552e-04,-1.538448905361727848e-01,1.344612101371749358e-01,-6.088887383624941307e-02
2.679510908197962893e-01,4.021958426898744610e-02,-6.016274069626150606e-02,-1.563072650836763722e-01,-2.261625860526595422e-01,-1.222063552166365585e-01,-1.672994183469865559e-01,-1.840657505769532354e-01,-5.543959757417155076e-02,-1.356160615463543051e-01,2.662424898589542746e-02,-8.454071591818937415e-02,-3.821475567409350627e-02,1.384813360922734597e-02,-5.762120393398550977e-02,-1.059506910515253808e-01,-4.111246750112897835e-02,2.054198202747499480e-01,9.861522274792020037e-02,-6.316716561787129834e-03,-1.634218668421559828e-01,-1.413916126759950376e-01,-1.366043271214481894e-02,7.361552771048970878e-02,6.283608014852830326e-03,2.487252169844066940e-01,-5.671586353636653283e-02,-1.486046276390452503e-01,-9.024153610402423087e-02,5.919724470456816379e-02,-2.046860980322338097e-01,-1.381172482244148181e-01,9.385740618699740800e-03,-1.659940468211317521e-01,4.489961992739676527e-02,6.526521446584811204e-03,2.508310812930468203e-01,3.801604532146284077e-02,-5.804325650832212885e-02,1.689339379204360114e-01,1.550024395618500306e-01,5.823294100641162457e-02,2.608191927601770099e-01,4.003496877720599811e-02,2.247801753587194695e-01,1.330474440963325400e-01,1.026316470993617752e-01,-8.831755566231553126e-03,-3.255059520149852781e-01,-1.158611574937663258e-01,-4.138159089964509041e-02,1.316789914088572211e-01,1.348798027118874587e-01,-5.238934427369894981e-02
1.566166263542435599e-01,-2.312749715542168072e-01,1.667660508719039647e-01,-3.360881942341144568e-01,-1.195001961388593159e-01,1.179185561875921578e-01,-2.289388740282365386e-01,2.217346679809784615e-01,1.778941259108947001e-02,-4.135166277604137609e-03,1.476345851213121674e-01,6.265284289638869963e-02,2.227106812104955383e-02,-2.744718703799852721e-01,1.911258503422696153e-01,-1.185948124368558093e-01,-2.444897897134604148e-01,-8.623920660991665765e-02,-3.050428639513095425e-02,3.638865038979351152e-02,8.722350745151453977e-02,7.721370733432352147e-03,-3.309856276324506935e-02,1.027927846856316330e-02,-1.640911062918777308e-01,4.458850129394805188e-04,-7.644610377899347265e-04,8.755339492514974120e-02,2.821371337341011531e-01,-3.419750210475003271e-02,4.483755001002699692e-02,6.592221257130726104e-03,-5.504558719553692692e-02,-1.122910941099361376e-01,-6.096873914982795656e-02,6.026855990799705881e-02,1.271777106689556125e-01,-2.135361521114449157e-01,6.963139992612861484e-02,-1.289764183121334951e-01,2.284845114959929702e-01,6.415608407804250166e-03,-2.575390963233347135e-03,-3.194559211806766857e-02,3.582010458652222507e-02,-2.483112796158476118e-02,-1.266493177201062914e-01,4.785327389138405163e-02,1.524267958799785383e-01,-1.691116654359089977e-01,4.357391999295166796e-02,-2.259459610225776349e-01,1.352983952866040063e-01,-4.388981471115096372e-02
5.522740809863466160e-02,-2.959812499087962068e-01,9.557213068683231838e-02,-3.059677639363723722e-01,2.898667471560548159e-02,-1.807579641125158509e-01,-6.104416864730614900e-02,-1.188432895257300476e-01,1.187973779054845719e-01,3.556505522792264423e-02,-2.140537946085626364e-01,-4.462495898062506655e-02,-6.927163212940931625e-02,1.108414294024131913e-01,1.592938347844751468e-01,3.050203172934995433e-02,1.735481475878325464e-02,-1.810590234628496886e-01,-2.131218531942309091e-01,1.038532568475629587e-02,6.560207526366267083e-02,-1.462598745538052081e-01,-2.456688656855169350e-01,-1.696884085353654315e-01,-1.083621753102912005e-01,2.050429579566253810e-03,-1.146801966103333653e-01,-3.848171390071893766e-02,-6.741319233890409601e-02,1.869585342685536411e-04,-5.550020475551065147e-02,7.965141295774548491e-02,-1.235952017705645306e-01,-1.640516969413304826e-01,-1.306453279745660723e-01,5.939252863309477798e-02,-2.355846002004369222e-01,4.921299959253250950e-02,1.117312571515212266e-01,7.436783883995347344e-02,-1.337721182723610180e-01,-1.877963509207123127e-01,-6.664310035398804399e-02,-5.017912476865268000e-03,-1.374643810404066191e-01,1.119457702072374911e-01,2.290425996282225707e-01,-1.057689126489555348e-01,6.353308679786578810e-03,1.169725623159510175e-01,5.206788103876613949e-02,2.974102445396922256e-01,1.357169878613229408e-01,-3.539028514860279029e-02
8.401793912076696569e-02,-1.753760400066717295e-01,1.711128125135965433e-02,-8.624830349058955348e-02,1.148913243111674976e-01,-2.110612833659985255e-01,-6.558144313144404630e-03,-6.880517245009468152e-02,-1.484113074402708399e-01,-4.464710484858647362e-03,-9.904247805245607050e-02,7.604444513957712981e-02,7.400958999666384930e-02,-9.668331065873631697e-03,3.726000130525119938e-03,-9.023676432981611595e-02,-8.393107708702034209e-02,1.580431389001702575e-02,-3.500794077957923578e-02,6.042007453347270074e-02,2.050239729668034139e-01,1.640763250105070070e-01,-1.532784451531431780e-01,-1.736608198792713165e-01,2.031605374681747511e-01,2.155644685374653591e-01,-9.981405920090161143e-02,-6.677878288113808791e-02,-1.542546418692968269e-01,-5.264658901025396839e-03,-9.197104300070410576e-02,2.503690394916853121e-02,1.020149067660160308e-01,1.770536663483662509e-01,6.165969812989345600e-02,-2.181564031814935134e-01,-2.687243903990038096e-01,2.446519801681410200e-01,8.109795940965507099e-02,1.607225908278656773e-02,1.233200100389311576e-01,2.204726385214131335e-01,-3.926047893194042904e-02,-2.597027341537030271e-02,1.577326375084210919e-01,-2.089171439892213988e-01,-3.193544588622422853e-01,1.931768728051512229e-01,-7.930157126614975627e-02,6.257285369495942107e-02,5.612876545800062067e-02,-1.814003470149913588e-01,1.361355804360368515e-01,-2.689075558605330887e-02
1.297034365052075477e-01,-1.198709438075445943e-01,3.721776997539019151e-04,2.993920446270098915e-02,6.635844687418306076e-02,-1.350217774358738465e-01,9.826354731944116072e-02,7.882734896667255298e-02,-1.453599268693600011e-01,-1.399512653659576167e-01,-1.985284914797932621e-01,8.790410723938196780e-02,2.045778078371218445e-01,1.749674203164101882e-01,8.321113862847330511e-02,-4.195166442104247134e-02,-2.024478815011740429e-01,2.816409342050801845e-02,8.744786157817965866e-02,-2.497039002975703914e-02,5.119933456644332193e-02,9.977897368510768583e-02,-2.056491512974676916e-01,2.977344251591401147e-01,2.099606869103841367e-01,7.572069039606775520e-02,8.938574816209698959e-02,1.870622187492668453e-01,-4.664265185035051942e-02,9.932465493104201959e-02,1.509073964716215084e-02,1.093384072229860865e-01,1.816180300785725510e-01,1.837767769817969521e-01,1.616425701794413361e-01,6.524442300656548011e-02,8.649391684676839553e-02,-3.326088315137730733e-01,3.900723410020184162e-02,-1.311446540414933472e-03,-2.646352524080032853e-01,-1.140233707078596032e-01,4.100254613998070147e-02,-6.066174061604917567e-02,-7.641564984411958195e-02,4.547296301735939683e-02,8.899822209734256639e-02,-2.705083370242268859e-01,-5.079019480205781284e-02,-1.583001069750233358e-01,-5.448426249758013540e-02,-7.964836785421496035e-02,1.365541730107507068e-01,-1.839122602350295316e-02
2.287375265585387396e-01,-7.595198106613043620e-02,1.044284639590836866e-01,-7.785903709178705612e-02,-2.118774692428867634e-03,1.422002482276556873e-02,7.909567283132576399e-02,3.519911210369294774e-01,-1.573481539667170512e-02,-1.443283393182875907e-01,-1.102635942050029516e-01,1.654825962570025677e-01,6.093116593131472913e-02,4.946958082977852278e-02,1.811752995066745128e-02,4.181566115399026895e-02,3.016984173578409756e-01,-1.091700112000891648e-01,-9.564979875014688326e-02,-2.582653815272979627e-04,8.990798415227500839e-02,4.299763784822046436e-02,1.423681149047645311e-01,5.143761876048329462e-01,1.222512476124595765e-01,-1.223675739065838847e-01,1.011399766807458273e-01,-9.021918062527310711e-02,5.452038895001254382e-02,1.489337200318867870e-02,-1.542412527105327946e-01,-8.171195121355150082e-02,-5.955479144697794179e-03,-6.530597663306952905e-02,-1.405726009748940186e-01,-4.461598971348443299e-02,4.702949508016161795e-02,2.337507544999528064e-01,-9.314207259789750171e-02,6.383770853196675532e-02,7.914388564699480211e-02,1.212014202975361665e-01,-2.850604871732816473e-02,1.064447937356213375e-01,-9.851182963385574087e-02,-3.487719798141113853e-02,6.830047713212389349e-02,1.434250652609142807e-01,3.441608724813677300e-02,2.093818476842951581e-01,-3.244970237457864282e-02,8.320371776022314481e-02,1.369727655854681425e-01,-9.891696460953872463e-03
-5.130212952096335072e-02,-2.540447400548338508e-01,1.678668180712344915e-01,7.030171743523637440e-02,1.053056836472860969e-01,-9.379670198967936245e-02,3.877157047261649975e-02,1.919016335986331312e-01,-9.161266487928089453e-02,-2.102716133268194842e-01,-8.524294503695649394e-02,1.683240239182505205e-01,5.491106304686152462e-02,-1.743259557881502997e-01,-3.357039871456626301e-01,1.202762318329766988e-01,1.960783703105019038e-01,6.482422851244847885e-03,1.384866363187983174e-01,-1.485851544608819963e-01,2.685155191440489336e-02,-1.000343248699299969e-01,9.131267839424156429e-02,-1.708599806664765353e-01,-3.566343335724985186e-01,-1.278034663220627143e-01,1.484487121974897026e-03,-3.448303361250786014e-02,-2.788318008973727502e-01,-9.560734654064695359e-02,2.302358193380941304e-02,1.193878076555095896e-01,-9.919445983782977649e-02,1.356459002210317483e-02,1.333904628376141321e-01,-4.788496775630099456e-02,1.426051163437756786e-01,-2.815697487169270888e-02,5.019355276955147355e-02,-8.422684071928351890e-02,-8.774946538512360186e-03,1.115139065449748113e-01,-8.764911873066694170e-02,5.605269620733730612e-02,1.126057039167665114e-01,1.246791427923716472e-01,-1.036200193129011293e-01,-2.101500249287646394e-01,-1.078071661340104098e-01,-1.144562390985742611e-01,6.948600145967107067e-02,4.484427406548514849e-02,1.373913581601835798e-01,-1.392166898405223499e-03
4.110438627800866440e-02,-8.506562450473942327e-02,-1.122065582713010871e-02,8.092169268540640170e-02,1.977328885284796722e-01,-2.842143822293918265e-01,7.625481359778839285e-02,2.177116804622556898e-02,4.999339182057897096e-02,-5.604540179169483632e-02,-6.491939942698163324e-02,-1.354812799148976538e-03,6.964756705308504381e-02,-1.520225023245121987e-01,2.491932978678743638e-01,-5.995228855557779846e-02,9.655056015791782520e-02,-4.336684077922594444e-02,2.045716810583365353e-01,-8.940862234773355732e-02,-1.055565382827906712e-01,-1.963477311765431943e-01,2.474353054990865719e-01,-2.589188077795738230e-01,1.239541653433137020e-01,7.564202486645323076e-02,-3.735012338178925195e-02,1.067712170507150865e-01,-1.581297485551492413e-03,-1.948294986736461287e-01,-5.049175743266651889e-02,-1.478008922143966009e-01,3.824780328995533440e-02,-1.681125680611249840e-01,8.496323294489903366e-02,3.311399388607048216e-02,2.021517642365833756e-01,6.500563067031044084e-02,-1.456091475389761913e-01,4.187528843153780905e-02,-1.246159398972996463e-01,-1.963576760916606045e-01,1.696289690624439572e-01,-9.010948436531077133e-02,-1.219825982185085284e-01,-2.900302013428825987e-01,2.502001383029606521e-03,9.640618659134315982e-02,2.201102674159598482e-01,3.684043054810926671e-02,-1.984651519781567564e-01,-6.974410075824695465e-02,1.378099507348991559e-01,7.107362664144607246e-03
1.067367820149176944e-01,-1.129229064353482262e-02,5.031945478930573840e-02,2.658100350176207383e-01,3.308734685528374325e-02,-1.755644967833887016e-01,9.022245569620454542e-02,1.010848326616702736e-01,2.110802762041902661e-02,1.050931658588861450e-01,5.812966963871687293e-02,5.028764269505599238e-02,6.059040811187926118e-02,-2.714685518569139311e-01,1.315418882083155550e-01,9.675114580053540206e-03,-3.795353226983354256e-02,2.019354076932469155e-01,2.088462445409542678e-01,-1.025780027113082186e-02,-4.273656068383387824e-02,1.648199970417557059e-01,9.509295188348401706e-02,-6.025948496339698923e-02,1.050325491623222141e-01,1.902614175702606880e-01,-8.674155093952752582e-02,-1.346129922048162897e-01,1.499895056777552915e-01,2.081099231457738674e-01,1.934915748277915293e-01,7.501466257361902312e-02,6.141328612775592832e-02,-1.753299935452723723e-01,-9.943338377029578568e-02,2.208649797764955253e-03,-1.471169182644750384e-01,1.520182002122718035e-01,8.107201207129179077e-02,-9.549892910742791008e-02,-4.841063338097877089e-02,-4.698164423017368863e-02,-1.230725232016180309e-01,1.610915306305478745e-01,-3.058531889547746671e-02,4.184358187632377102e-01,2.194688494289308289e-01,4.876453860646508959e-02,6.553247214044157290e-03,4.970015719361296595e-03,2.019518294789195423e-01,-6.897281490814227700e-02,1.382285433096144822e-01,1.560689222669366279e-02
1.806572627166980194e-01,8.696478043093418264e-02,3.526227137259360656e-02,2.082547543885039931e-01,3.301152409666113091e-02,-1.393749186127654360e-01,8.796674549601161963e-02,-4.146844698080258407e-02,2.116994438713951099e-01,8.786265623378720913e-02,8.765274339158897129e-03,1.429373751977418630e-02,-2.397135604005299903e-01,-1.321946310527295221e-01,2.494940268557617295e-03,1.491644472538257160e-01,-4.957969359126612741e-02,1.750875996842039470e-02,1.679811470176856628e-02,4.772397479092402306e-03,-1.044342003753355314e-01,1.689613531016796177e-01,2.568267255850913491e-02,4.456328114641224664e-02,-1.859564541498540668e-01,2.826784012984959182e-02,2.265779483447266374e-01,-5.957376715857770622e-02,3.456450952435544816e-02,9.675984628205035187e-02,-2.162793505333476807e-01,3.946816122796513171e-01,1.722676490311060224e-02,-2.130810437390488754e-02,-1.582009029087340646e-01,4.298995445882480143e-02,3.709444343633849783e-03,-1.848975102003758419e-01,2.979926671258472104e-01,1.152897814456966402e-01,6.368674501805861136e-03,5.901862640939468246e-02,1.400410636686825333e-02,-1.303653863587375950e-01,-7.671370094113197369e-02,-2.957362248644288538e-01,-8.600563741427205700e-02,1.497938777664931387e-01,-1.149292520909865889e-01,-6.207894095683873931e-02,-1.357767773527440158e-01,1.469972802405370704e-01,1.386471358843306967e-01,2.410642178924241735e-02
1.282952629450606896e-01,-8.199418659789807495e-02,1.846135804754460430e-01,1.474471396268340340e-01,9.989113160832396865e-03,8.993428380699684810e-02,1.012874903600112092e-01,-6.416809441888876586e-02,2.958582288787702241e-01,1.181911166139336389e-01,1.702106457347944343e-02,3.032639776018126662e-02,-3.014749014231677404e-01,-7.753900576258201949e-02,4.649364202047320815e-02,-1.157584338833063560e-02,-6.356924850302826668e-02,-4.110911437774542737e-02,1.602785479711328898e-01,-7.530631665088748095e-02,1.266374210189828986e-01,4.025812408381032603e-02,-9.710528257199543822e-02,1.017004552760286396e-01,-8.843346253028251322e-03,7.659961041289543686e-03,1.729430285271517723e-02,1.470730622891621743e-02,-1.571748913999183317e-01,-3.689367594078364343e-01,-1.539041019330755202e-03,-2.657763896743189358e-01,-3.003983619724922075e-02,3.000274065289151859e-01,1.659721865093346377e-02,1.614824181047264801e-02,-1.158991662627965880e-01,-1.939743354331262271e-01,-1.819720478109677908e-01,2.559096081587267785e-02,6.017252356674844538e-02,-4.313717818510252877e-02,5.608866539184671068e-02,-1.475170197466027233e-01,1.223754961758045240e-01,2.926179994135167939e-01,4.536284442220279295e-02,1.273255633570634093e-01,-5.268264241747411258e-02,1.830344616080730180e-01,-6.465084069467398609e-02,-3.297400808468795713e-02,1.390657284590477438e-01,3.260595135179251980e-02
1.707806111708174701e-01,-2.241823118885727037e-02,1.904159491547092187e-01,5.450846531142917312e-02,1.663526579451263948e-02,6.411405813552822908e-02,-3.378507339082988808e-02,-2.743963211321978277e-02,2.021562009671066251e-01,-3.036836125511879758e-03,1.298160031402976755e-01,1.852659349494922836e-02,-2.054738544234994413e-01,4.877988978693482275e-02,-1.185781740717000224e-04,1.433275600313085596e-01,-1.017499719306283329e-01,1.524345235686976607e-01,7.486415576127905536e-02,8.881809523617094360e-02,1.211572326920833803e-01,-1.684095240070962451e-01,-7.092673269393094670e-02,-2.797242184556837652e-02,1.714870053695060625e-01,-3.682952023364530203e-01,-2.796550068634278685e-01,-3.669040821746624714e-02,1.568918431999204444e-01,1.521017029187832492e-01,1.916609068261205806e-01,-8.701574666286347737e-02,7.299932281353133101e-02,-5.330648653603401593e-02,3.176519189610670368e-01,9.256076794210896241e-02,-5.222242034916613901e-02,1.095439439176123103e-01,-2.583666641997672472e-02,3.606207902152099021e-02,-1.244139526028475856e-01,2.764664361777574575e-01,3.461603526064591096e-02,1.081482452744023243e-01,-1.090401194801872975e-01,-2.134007574580607525e-01,-4.991738334525835236e-02,-1.290473160850214573e-01,-8.613971576045170719e-02,-9.797095735975423769e-02,-3.131931366169992542e-02,1.061575009895741606e-01,1.394843210337610717e-01,4.110548091434067935e-02
1.563576190567142477e-01,6.412163924706057450e-02,1.226345147689235360e-01,1.577043605138715443e-01,4.345677669115008412e-02,-4.747894204856311501e-02,-3.872566526171559997e-02,7.714525630652636738e-03,8.801820733933318763e-02,-1.091925274747097274e-01,1.359923514496885477e-01,-2.000767192235556602e-01,-2.816499141951236407e-01,2.840480613874530880e-01,-9.941271976744169014e-02,-2.406722319811865629e-01,2.828344082930621026e-04,7.599712007177855666e-02,-6.247678383975340671e-02,3.848978400745262096e-02,4.364730809963660030e-02,-6.283078369405550867e-02,9.936627788275337325e-02,1.081102485436825772e-01,-6.761191871837361755e-02,8.269366492496076082e-02,-1.120439773768243802e-01,9.794221554030319021e-02,-7.539660197743464076e-02,1.157059162017368692e-01,-2.241979599655275768e-01,1.204992979742991188e-01,-1.918332014753969250e-01,8.923474222695289282e-02,3.294195961724655231e-02,-1.731949415145012452e-02,3.622977879762725312e-02,1.764367780883993320e-01,-2.816230970394257432e-02,-6.134383591727868984e-02,1.861132522093679464e-02,-3.417821236815365427e-01,-1.881956470527211545e-01,1.039964939346398332e-01,8.280036996316411657e-02,-4.500359817441507149e-02,-9.178219921508104506e-02,-1.410613761186589876e-01,2.788381925848816834e-01,-8.920137060942569251e-02,1.770816277304955999e-01,-1.939620270620774911e-01,1.399029136084778691e-01,4.960501047688943566e-02
3.756674759968205764e-03,-8.822757154533882040e-02,1.156889349272885170e-01,3.183165251020245168e-01,9.437694424745994570e-02,2.999913884439195030e-02,4.330462619082792717e-05,3.962141799506754825e-02,9.978699502861382298e-02,-1.048710707410134002e-01,5.345270134246828120e-02,3.013304156659933966e-02,1.919405153000827702e-01,4.812364285309159856e-02,-1.669605384792307579e-01,-2.803454760265734480e-01,-9.425589230534481278e-02,6.939378338685325831e-02,-3.254331740127416883e-01,2.592650791671795574e-01,-2.631655139978477664e-01,2.643752514028066200e-02,-2.343345955380590762e-01,-1.369061331848215879e-01,3.501649303728524010e-02,-4.149151610082785213e-02,9.112504696790223180e-02,1.636507727653990774e-02,7.883144588025345345e-02,-2.223262908691791065e-02,4.934205553948394635e-02,-1.357060581221975759e-01,-2.366105279821507229e-02,-1.009533386269578087e-01,-1.282904507452352627e-01,-1.067365491457286930e-01,1.128347793133272770e-01,5.775506709928698856e-02,-8.120374339563871113e-02,-1.260565514397978815e-01,1.244752774314280830e-01,-2.236232188080374689e-02,-1.365967259467190144e-02,-1.376554537859981109e-01,-2.506649992688468886e-01,1.256818832964030075e-01,-1.739308196515002014e-01,-5.227346734885902901e-02,-1.481271287355667154e-01,7.121042459192984675e-02,-2.027216879360219104e-01,8.558478871041610980e-02,1.403215061831938615e-01,5.810454003943976709e-02
1.382490717555124107e-02,-6.788700632979845218e-02,3.526523803309252608e-02,1.026883967954706767e-01,1.438722049548954718e-01,-2.187254547382036160e-02,1.489890149843279242e-02,-2.657110906495303571e-01,2.653189482478852113e-01,6.478606036074133212e-02,-1.714939699459258060e-01,-1.298201070381295626e-02,2.971233960964579368e-01,1.530050153731508655e-01,-1.442250111673920032e-01,-5.545644087201396892e-03,-1.067794541390067490e-03,-8.403346956769551512e-02,-2.129388004328056916e-01,9.676988149828204266e-02,1.091932700168784798e-01,-5.231702970196138586e-02,2.184757141983273421e-01,-5.776617115100026595e-02,3.276156974677085689e-03,-2.014137485805285455e-01,1.733807029523072585e-01,-3.711037017585862990e-02,7.830417015591763230e-02,7.957054436458803337e-02,-4.297706169437914316e-03,-6.580739085448401859e-02,2.183483897912695815e-01,-1.277692909209640348e-01,1.335473732178668951e-02,9.272231454409705920e-02,4.789392909329229231e-02,-1.808884666657629980e-01,4.373561596556166386e-02,4.859785846578031782e-02,8.646561225179648369e-02,4.459264997678408227e-02,7.694808544150430474e-02,4.635517994438898004e-02,3.840003458741891307e-01,-8.481600614790796777e-04,1.531295478400039600e-01,1.241686996065408666e-01,1.006849987363960530e-01,-1.446578511645130703e-02,2.571675479196403602e-01,-1.318392173565119674e-01,1.407400987579097706e-01,6.660406960198918258e-02
3.158151773104852511e-01,2.637678419683621156e-01,-7.862683343752359388e-02,-1.605295895662574301e-01,1.630717987209656383e-01,1.879348766593665343e-01,-7.052506986644778431e-02,-1.090755026776846492e-01,2.097157733085321385e-01,-1.000670895414573491e-01,1.913898897363650042e-01,2.536877755175082766e-02,3.225230629392490389e-01,1.024085128606060657e-01,-2.413775250188528176e-01,1.402812489452416045e-01,1.534972213551593911e-01,-2.414364522560013548e-01,1.104111029413376993e-01,-1.061678708617856542e-01,4.638628770739675056e-02,1.192904726918899011e-01,2.431530582594147727e-02,-4.320955461285242577e-02,4.022049791887983422e-02,2.921906808974776282e-01,-2.544928069289035810e-01,8.547507756410437085e-02,2.483029678192489662e-05,-6.654336028266050196e-02,1.382829299627889308e-01,8.382549945256120849e-02,-9.391933693344106659e-02,-1.672599974692009356e-02,3.063437363652804502e-03,6.208321282723670148e-02,-4.619085776872407928e-02,-5.920842030315695559e-02,5.740776452181099027e-02,-2.054047669297160983e-01,2.409285290775235809e-04,-1.108392123083951769e-02,-3.421395543788093713e-02,-5.987084120578640978e-02,-7.695526144397744905e-02,-1.353990097382449381e-02,2.660247698585430521e-03,2.163365453239941144e-02,-1.914129254659278218e-02,3.579805262459413717e-02,-9.829810180533418706e-02,7.173920988682518096e-02,1.411586913326262904e-01,7.510359916453857032e-02
-2.391875724223015143e-02,-1.821376751534021232e-01,1.662519692559818740e-01,-9.883700420841518008e-02,1.977832340810071199e-01,5.322180081516130201e-01,-2.627436007093140319e-02,-1.253109606776318108e-01,-4.277095270336821881e-02,1.992815245611145175e-02,1.290316904899690420e-01,-3.337928438795095126e-02,1.388121456523681019e-01,-2.979300062453559515e-03,1.718859402175434425e-01,4.880740806608672988e-02,-1.524879472272310243e-01,6.440162037867594447e-02,8.880313439703112210e-02,-1.538377747288408315e-01,-1.110998869620276192e-01,9.323447440958453070e-02,2.059814671879974801e-01,-1.195564877415813687e-01,-5.194224316331990006e-03,3.637781815445093742e-02,2.474929324201077252e-01,5.650466744651555517e-02,-4.789698743624415389e-02,1.658281446442976814e-01,-1.779880756514947704e-01,1.951260650720624060e-02,-3.858147533157947617e-02,8.307061155270790975e-02,-9.587337388217155587e-02,-8.787290040146855663e-02,-5.705792514648881653e-02,2.209774497479660704e-01,-1.007618363426981689e-01,2.618007022411825147e-01,-1.738697920979715705e-01,3.456748282948188949e-02,-6.949626044584962872e-03,-1.920179120540790180e-02,1.342049902912945993e-02,1.969764523835345130e-02,1.940807474640784264e-02,-1.618257263047303551e-01,-6.884141787814018754e-02,1.044104092997568973e-03,-4.725874134569744978e-02,9.013791325256049689e-03,1.415772839073416722e-01,8.360312872708668130e-02
-9.921810551375480347e-02,-5.521154700044580976e-02,-2.607718475156379015e-02,-1.615532416004737404e-01,3.230678698111766334e-01,6.609567236073331242e-02,-3.164213959560598782e-02,-1.400988416504059253e-01,-1.997881676729878486e-01,-1.865055546169944733e-01,9.056677338877111572e-02,-1.678033161510349702e-01,-2.130676540796239415e-01,2.666246591586684395e-02,-4.656886307739199413e-03,-1.807945427076559641e-01,2.628272206353026164e-01,8.498188673045863062e-02,1.684563482288734260e-01,2.068040072562820908e-01,-1.959738992706572813e-01,-2.518164754295755536e-02,-6.317446928817553597e-02,1.796428720059948039e-02,1.652411949623799545e-02,-2.978463945858239939e-02,9.724004875487585187e-02,-1.140331102175214627e-02,6.089323551677192775e-02,-1.227110701183727615e-01,1.249374144804108258e-02,1.983784217629544488e-01,1.209506168520992353e-01,2.788972575304944287e-02,5.369363894604980980e-02,-6.592339346134196143e-02,-1.675626495567445196e-01,-2.429657665910288089e-01,-4.274858480812834122e-02,-7.986286936287342875e-02,1.795377698975292313e-01,2.029000093913261027e-01,1.210309591029289783e-01,1.801442471280423063e-01,-1.979622503670533940e-01,1.939318229568396529e-02,2.104707497530969307e-01,7.091644668962004960e-02,9.134496669914853040e-02,4.320526550967973556e-02,8.430528490687527743e-02,-4.526633676497746755e-02,1.419958764820561381e-01,9.210265828963498658e-02
-7.605986816246007587e-02,-1.696338368144095776e-02,-5.749566952563779643e-02,-1.086298871059893922e-01,2.664762630832483992e-01,-5.488893287284684480e-02,-1.101533527662172836e-02,-1.696101924990252030e-01,-2.080964298500845022e-01,1.095958671058638173e-02,2.360798823355582041e-02,-9.502309730237636087e-02,-9.977594173641500530e-02,-1.316875010514878819e-01,2.669874460820941767e-03,-1.191298859459545001e-01,-3.337560784013225007e-02,9.033783362425590324e-02,-5.990272170766235832e-02,-5.662923200912850508e-02,6.953524733927303469e-02,1.208023464498134553e-01,1.178620485512087285e-01,1.991796436040375318e-01,-6.891949711208064655e-02,-1.539830304629480062e-01,-1.613615086572322554e-01,-9.781954022791797265e-02,-6.474244497673023110e-03,2.363877204244597269e-02,3.179250111161926462e-01,-2.525819412499318295e-01,5.985338545150217793e-02,1.634374345973876319e-01,-2.704635788285943976e-01,-2.844353743890327621e-02,1.688657575920494980e-01,2.711105545113106502e-02,2.700268066044849147e-01,-6.949684639760524141e-02,-9.150103331069426790e-03,-2.185535650747979508e-01,-1.468309688051157302e-01,5.193924068528602001e-02,1.833029606412351631e-01,-1.491963985340784560e-01,4.626566576346131249e-02,-2.040633328784246039e-02,-1.034010183475037314e-01,-8.499579428756587687e-03,-2.261883791820344380e-01,1.492254260029449997e-01,1.424144690567729354e-01,1.006021878521857760e-01
-3.528621076681154323e-02,3.615105595733945215e-02,-1.788102663175173204e-02,-1.105514611679495468e-01,1.196587452207158037e-01,-2.522298786913477683e-02,6.009067632916468421e-02,-1.101718171775571825e-01,-2.358930216146090109e-01,9.441748441355102273e-02,-2.079631887952951008e-01,1.062479336934144154e-02,-1.378047085721072762e-01,6.672739852985186404e-02,6.263089291832927945e-03,1.711370198988351743e-01,-4.763239215798942272e-02,1.020537625621124600e-01,-1.300374115903765448e-01,-9.377403937342931872e-02,-8.854679585468851200e-02,2.475809476029132983e-01,1.782024785910228115e-01,5.219885077035238408e-02,2.291680256426281009e-02,-1.163730836935750711e-02,-6.327277929770315501e-02,-9.828400174954933510e-02,-3.366823862940993960e-03,1.514765990397569095e-01,2.385226646516869827e-03,-1.199941382069416446e-01,-2.696176534963232174e-01,-1.817669494374506423e-01,1.440503584164889717e-01,2.557137203945037962e-01,7.163497679443965723e-04,-1.859736106261055955e-01,-1.679370873503566175e-01,-7.863399867606386817e-02,2.157094641793277923e-02,-2.990424840735398521e-02,1.391379536947524032e-01,-1.283610488721396992e-01,-1.496236139103490626e-01,1.384334892035690434e-01,-4.098502333217447502e-01,5.426188044124099358e-02,3.474995924619000975e-02,1.072437671868814724e-01,1.889080848426862302e-01,4.050147803410213826e-02,1.428330616314880674e-01,1.091017174147342755e-01
1.138944668765660695e-01,2.422704205307055214e-01,-2.283342888454665057e-02,4.785826046790842697e-02,1.073584903280037778e-01,9.991708737048115435e-03,-2.567443695776859547e-02,-4.474658019575987813e-03,-2.627318429792595000e-01,1.778100954558752833e-01,-6.509207373831121801e-03,1.054665319720810429e-01,-4.521795615098055804e-02,-9.538610436700604989e-02,-3.514183138103072618e-02,7.470392742786614859e-02,-2.545113491678302475e-02,-1.206313223227776718e-02,-2.756692200942316706e-01,-2.504454130512289711e-01,-1.856683380497611280e-01,-9.083505965542759686e-02,-2.363094100619182181e-01,-4.784223218582595721e-02,8.629449549807002851e-02,-7.553627157845678453e-02,-2.832272970143899851e-02,4.054817890620489307e-03,1.015532432885665054e-01,-3.216725686973666565e-01,-1.467397476522113442e-01,1.862469355194872403e-02,-7.970711878031019534e-03,8.354140702650056372e-02,3.442724735290147997e-02,2.156633847577477392e-01,1.442671182721860235e-01,2.210558808418081611e-01,1.843620102961009699e-01,8.330700376715304001e-02,2.053115093036737490e-03,1.900900949373885984e-01,-6.744916888593441295e-02,-1.346130451508434633e-01,1.707367701158279613e-02,5.594958553320113215e-02,2.205093009647663693e-01,-9.956486000801771652e-02,1.203652914524862977e-01,-4.995512795024753538e-02,1.149048222706106626e-01,-1.878299077582903376e-01,1.432516542062044484e-01,1.176012469772848429e-01
-1.575997955859089958e-02,8.053209956621118493e-02,2.376510007845819214e-02,1.552695747574362739e-01,1.632959647709945547e-02,1.673916113670316230e-01,1.885882456646985686e-02,1.398206971835285473e-01,-2.324114005520497572e-01,2.118416808541426499e-01,-1.226085427706312958e-01,-7.509229932011046715e-02,1.894515743595651114e-01,1.755829081296945635e-02,4.160374963331025383e-02,6.892452536513597738e-03,-6.934677174495290641e-02,5.129213765106273304e-02,-4.046526516019229025e-02,-1.216578941202229279e-02,7.057730019378342934e-02,-1.907575283508977093e-01,-1.325248032957591082e-01,8.815785482022840680e-02,-3.551888968508550848e-01,1.345175598700247901e-02,-1.053612636976678923e-01,7.882658810507103819e-02,4.310610693197480803e-02,-1.824649053037254512e-03,-7.329496814559489926e-02,1.253490689035963168e-01,9.881163492268653370e-02,-1.408072996274353436e-02,1.994143424875709780e-01,1.013928516588566697e-01,-2.346533846889139741e-01,8.752726718241411741e-02,-1.310772758044989050e-01,-9.509533123629647366e-02,2.263213506304407804e-02,-2.070748006532234231e-01,1.710362028941667667e-01,2.380260171073433073e-01,9.657996186777791092e-02,-7.463789494315107263e-03,-9.245448272158408518e-03,3.239833127422773185e-01,-6.401868809429177298e-02,-8.239247756093563690e-02,-2.489889869453505156e-01,1.007170841303525327e-01,1.436702467809195249e-01,1.261007765398321490e-01
1.333637080879375957e-02,1.389422499469956662e-01,4.779334425205786219e-02,1.308455291877838600e-01,-5.402217736985651109e-02,2.654859690467144913e-04,-6.699325177962534017e-02,-3.101926079305278305e-02,-1.000584013490031093e-01,2.564046415296883374e-01,-7.054556141637964572e-02,-2.254132798631760526e-01,8.298116603735818109e-02,-2.518782832407601494e-02,1.441509362250089910e-01,-2.599086288269230813e-02,3.264334731805108025e-01,5.298362541830360997e-03,5.800398153290241970e-02,-5.249904293080549789e-02,2.483089434607874679e-01,-1.941680193898742413e-01,-1.407644532445951335e-01,6.361665830541426980e-02,-3.593713693478342575e-02,1.871934475650150476e-01,1.543038229089201407e-01,-4.450931718811645260e-02,8.863654039419321951e-02,1.064387250625103802e-02,1.366830369158606173e-01,-1.046058473567060693e-01,-4.554841653718760125e-02,-1.672901978053704664e-01,-2.540760854657316686e-02,-2.335430862138457575e-01,6.315093078110916094e-03,-2.014056985269432609e-01,-1.494091570529503532e-01,1.908283663218232618e-01,4.987300607277397879e-02,1.117772332676020969e-01,-3.195278265885466706e-01,-1.333171106031267317e-01,-2.005786922807211922e-02,-9.883913449150262542e-02,-1.368341796564602475e-01,-2.059685966772867860e-01,-3.607637153713615097e-02,-9.974024504227169130e-02,7.326011829968036293e-02,4.116086531521230552e-02,1.440888393556351565e-01,1.346003061023823832e-01
-9.850128427570549461e-02,3.401953102883279595e-02,8.947493082910437656e-02,-9.519800624689284813e-03,-1.272695833758299144e-01,3.962457729346069435e-02,-1.518837410065417282e-01,3.481986255062712726e-02,-1.253106214420595006e-02,2.535719857027620150e-01,-1.737591288125469313e-01,7.731766953003842147e-02,-2.786080874479440056e-02,8.145823441272084797e-02,-1.545054470997126762e-02,2.647187864508164790e-01,9.628025497829865997e-02,-1.074158156664281188e-01,3.071153640028430609e-01,2.548062377631660769e-01,-1.930993809524089375e-02,6.150024827046520620e-02,-1.644312003369193809e-01,-8.156512476968431902e-02,8.464318805133945467e-02,-5.526766568192819501e-02,7.137972352521580743e-02,4.394121648518972689e-02,-5.802661043122844114e-02,1.459468241792928334e-01,8.399999238776482968e-02,4.111681358905753397e-02,1.460473425804352824e-03,1.631576841925803933e-01,-1.168262355836478528e-01,-7.534610118497248044e-02,2.304816330552688641e-01,2.095683831188611124e-01,6.367977437034466615e-02,-1.293976172675337932e-01,2.787411421570606951e-01,-2.102818549036969686e-01,3.165473262728282777e-01,-5.321968793332626513e-02,-1.199534755421721374e-02,-6.988740074043607586e-02,5.007420273826485718e-02,-1.652290255533435670e-01,5.145032307827544088e-02,7.746056987300088681e-02,9.335453673179153200e-02,-2.433574856562107855e-02,1.445074319303528698e-01,1.430998356649310632e-01
-2.330551594651916053e-02,1.907040226832186491e-01,1.443186077350121048e-02,-7.430178931015293808e-02,-1.650413318044888222e-01,-6.894407863854085106e-02,-1.477396110868267054e-01,9.450706074805047263e-02,-1.362378980976506615e-01,9.411310816635626297e-02,-1.340992259485840853e-02,-2.321369976819321126e-02,-1.341481077716217196e-03,3.790007335667246874e-02,-1.360070431114977496e-01,-1.654078844123938741e-01,-9.429219861858353924e-02,-2.628061667548149336e-02,1.635375620643852446e-01,6.693587382318101631e-02,5.093373989227156784e-02,-2.589417072243726733e-02,7.465258790165887892e-02,-1.058746911877766761e-01,1.120102946395094556e-01,-3.201536466949234105e-01,-1.883226739825856200e-01,2.280190512923713775e-01,-1.981762857599025374e-01,8.698481243655278861e-02,-1.701999210666205464e-01,6.288700517183934413e-02,-1.196016143752702890e-02,-1.230148558640431211e-01,-3.336598850740540856e-01,-1.610003666699600933e-01,-2.743109083905294256e-03,-1.523184385715483924e-01,-4.278676700005308586e-02,-5.586756945426017001e-03,-3.182595858242088238e-01,2.026728269400979998e-01,-2.992560522499509643e-02,-1.216073750105880757e-01,3.354585844421476004e-02,1.683854054712152770e-01,5.298903159366816391e-03,2.051870922551400078e-01,8.083316504181234374e-02,2.325161846353204775e-02,-8.771158547319626853e-02,-1.664798462391860537e-02,1.449260245050673912e-01,1.515993652274796322e-01
-2.069910476507513253e-01,5.582212748290405618e-02,5.767043428421188972e-02,5.557730754674955476e-02,-1.488715150379114061e-01,2.732981019254721727e-02,-1.543692751667393170e-01,1.662639251483032377e-01,-4.029470768017286847e-02,-4.546678840044825892e-02,3.188815264787291104e-02,3.558255025725504117e-02,-1.204375357893986143e-01,9.659525165104534961e-02,-1.071584838603619610e-01,4.901309254151053896e-03,-4.779806121731846463e-02,-3.594902244492508281e-01,2.210151462228725390e-03,3.111357199343938590e-02,-7.087794517533856087e-02,-3.749372948979202286e-02,1.639240375092871904e-01,-7.404496044834760204e-02,1.417454702629729890e-01,1.546675855300553293e-01,9.621437137234979675e-02,-1.980066036488290493e-01,1.285968305551581370e-01,-1.104528561771520173e-01,-8.646845747153933393e-02,-2.521363754962859249e-01,2.579031815948529607e-02,-1.587028098774712070e-02,1.562495030214831049e-01,-6.847060044260901146e-02,-1.237011397851214556e-01,-1.293399516940586802e-01,3.832465332196403063e-01,1.343881199335508203e-01,-1.723527203609314384e-01,-1.214605049953345617e-01,2.366111632953168606e-02,2.940447575674906000e-01,-9.610097375117770957e-02,4.877414639866201052e-02,-1.015943872023599842e-01,-1.179898021483175019e-03,-1.497675720351684947e-01,-1.305141115250431534e-02,-2.917875074266739963e-02,-8.611800341120276481e-02,1.453446170797831338e-01,1.600988947900282011e-01
-1.858573238613682732e-01,9.328786350953717499e-02,-8.875150568814009489e-02,-1.673641635552788054e-01,-1.043032350550923831e-01,-7.872726832297435862e-02,1.650348115624831330e-02,8.927276753683034693e-02,1.211447434561710862e-01,-8.208001401859989221e-02,-9.090245804084629011e-02,1.153779152994969526e-01,-3.684540855626904088e-02,-9.544880976547505391e-02,-8.458177395349911198e-02,-7.556458110064277756e-02,-7.304713323224731880e-02,2.843972624490983050e-02,-6.222425378768220092e-03,2.621287990622229169e-01,-1.188313492448446335e-01,-6.687616428639946153e-02,2.015460118891733432e-01,1.179009140462355665e-01,-2.351911911742712025e-01,2.251211892094764078e-01,4.269219777507685110e-02,3.347306515296519236e-02,5.702276105807940754e-02,8.701322037485820227e-02,2.802939469483880369e-02,-1.645450044580888949e-01,1.433509531484482291e-01,1.840963081455005423e-01,1.426164965899483772e-01,8.020208228945376050e-02,-2.138126486797376768e-01,1.788553810730883487e-01,-6.293007659636992712e-02,-6.450795839985108693e-02,-8.246677101829222312e-02,1.373211418185157906e-01,-9.726867242250139545e-02,-4.244304838276670711e-01,-3.617111444311422834e-03,-4.254380491671842096e-02,1.269281296189675723e-01,-4.442668389862301781e-02,1.332979724413318745e-01,-1.474423105974305981e-01,6.813984588502677853e-02,1.631554639625785175e-01,1.457632096544983769e-01,1.685984243525799064e-01
-9.580937474147974142e-02,1.723301673944069023e-01,-6.267807211035786308e-02,-8.201785499704129789e-02,-1.224631561905232119e-01,-1.032219340213414716e-01,1.063535482099020740e-01,8.165701450377324880e-03,1.080675590710582917e-01,-3.095000857424130836e-02,-6.151113553085082314e-02,2.366306624834850492e-01,-1.300297911598071177e-01,5.684483243864730390e-02,1.807445138892731229e-01,-2.182391961921988782e-03,-1.847419529752430678e-01,-1.257426577301376525e-01,-2.032020055621293342e-01,-7.842439632470789290e-02,-7.484349755050534458e-02,-9.530486484507938449e-03,1.147679390823888312e-01,-1.177567585462893501e-01,-2.439743847711861244e-02,1.142759387590469716e-01,-2.360268354018820597e-02,4.647607857913382823e-02,-1.184108195907974531e-01,-2.849555923656806131e-03,1.791553082331354130e-01,1.985259376863483527e-01,7.554255171230203625e-02,7.354528133332510764e-02,-1.483449650420757271e-01,3.274903294687642880e-02,1.044703461583438991e-01,-6.295516917566552906e-02,-3.987124679931842164e-01,-2.099921408690387514e-02,1.319353056533572877e-01,1.304835606475490128e-01,-1.484668436294684091e-01,3.842820590639698941e-01,2.214714952946622573e-02,-1.007862887720161610e-01,4.333333800987670958e-02,-1.513409600843036440e-01,-1.579691102558633542e-01,9.037385811115185297e-02,-6.440211607446984232e-02,-8.110784309474489140e-02,1.461818022292155350e-01,1.770979539151276150e-01
-3.113875612673653870e-01,-5.236027213420931664e-02,-2.451138157490352978e-02,-4.474348996931307859e-02,-2.020265416301081363e-01,1.701948235658657382e-01,2.483493434711619707e-01,-8.636041736028803040e-02,1.679567994507270290e-01,-2.202031539621298606e-01,8.534779257876948244e-02,1.123919408705284333e-02,3.448832971886051785e-02,-3.572271803257622697e-02,1.263576715095364456e-01,2.547387879608375427e-01,3.008202022324800787e-02,2.988026211194990123e-01,-1.650635210548225540e-01,-1.321529535237872532e-01,8.985082903114018082e-02,-2.382355400525823074e-03,-1.639174234464067792e-01,6.762366374427704330e-02,6.570582614543625521e-02,8.933516494876789227e-02,-1.679798978375274532e-01,1.305907259181896332e-02,-8.339736394164769251e-02,-6.423134704567604047e-02,-1.561154218087742462e-01,-9.356605593639865173e-03,9.453137387955258542e-02,-1.159393846878474660e-01,4.363128955473098702e-02,-3.111737422264277408e-01,1.960267922753146930e-01,-6.272940365671206275e-02,1.611418558769240894e-01,-1.354950431984242309e-01,-1.904727567471948754e-02,-5.194724109976152360e-02,7.689019970588130762e-03,-2.524011808706609758e-04,-5.892754361712324723e-02,-6.005330927042171023e-03,1.871930894552314983e-02,1.625372880705527046e-01,1.435525529211072460e-01,-3.048725093950711840e-02,9.531749538669367916e-02,2.812114792943046573e-02,1.466003948039308336e-01,1.855974834776753235e-01
-2.570713381028273403e-01,9.740650020333413428e-02,-1.587496369127538165e-01,-7.651003306497772272e-02,-1.138202880721506105e-01,-1.548911191156029099e-01,5.762382624272406606e-02,2.310873022515434749e-02,1.375908049780251441e-01,-2.143355163512347117e-01,2.339335600669940896e-01,-5.462768788800719671e-02,1.804868106838566355e-01,-9.914936755293894677e-02,5.861275085584082001e-02,-2.417959454021334775e-01,6.568629663190660162e-02,1.628217199138572982e-03,1.268164406254995991e-01,-1.060125523983998092e-01,1.962206585361269129e-01,1.103692700732864101e-01,-1.902487189924639555e-01,2.546949644893049466e-02,8.483256268196370797e-02,-2.464355047348028571e-01,1.986906078381571461e-01,-8.516015346965766231e-02,2.424161852804299772e-02,-7.780517982801252522e-03,5.542860085902027306e-02,1.672891031146725993e-01,-2.685679889393577935e-01,-2.193504782961119490e-02,8.682314960356896094e-02,2.968754284560687351e-01,-1.039470778343891538e-01,1.372331548667160839e-01,-6.506506699542355041e-03,1.810007119708053058e-01,4.645714970423923257e-02,-1.050014668023852848e-01,1.021037703223459242e-01,-6.887414311399005229e-02,1.049725171831438486e-01,1.658960516214315339e-02,-5.599312139637650093e-02,-2.197315457079675530e-02,-9.261688669911312399e-02,6.481681658468536888e-02,-2.081435964732421609e-02,-2.997572403028867308e-02,1.470189873786455215e-01,1.940970130402280280e-01
