2.684315145015716553e-01,-1.140313316136598587e-02,-8.469385653734207153e-02,-2.988185286521911621e-01,-1.577098369598388672e-01,-2.068195194005966187e-01,-3.906782343983650208e-02,1.479348689317703247e-01,-3.598596751689910889e-01,-1.359735578298568726e-01,4.952652007341384888e-02,-2.747835218906402588e-01,2.767099998891353607e-02,-4.285759478807449341e-02,-1.188073679804801941e-01,-2.316349297761917114e-01,-2.663010954856872559e-01,4.980560392141342163e-02,-1.360758556984364986e-03,1.357871759682893753e-02,1.054453253746032715e-01,1.545968651771545410e-01,1.952427327632904053e-01,-1.598711609840393066e-01,-1.380779445171356201e-01,7.856389135122299194e-02,5.249745771288871765e-02,3.018407151103019714e-02,1.419893950223922729e-01,-5.327228829264640808e-02,1.552859097719192505e-01,3.137971460819244385e-02,-1.030060723423957825e-01,-1.901349634863436222e-03,5.199753865599632263e-02,-2.442847043275833130e-01,-1.100479736924171448e-01,-5.024033412337303162e-02,7.725406438112258911e-02,-7.807505130767822266e-02,5.801704525947570801e-02,2.230034396052360535e-02,-3.702446445822715759e-02,4.043190181255340576e-02,1.417923867702484131e-01,4.756815358996391296e-02,4.517166689038276672e-02,-4.039493389427661896e-03,3.358564153313636780e-02,-1.292948722839355469e-01,-4.158734530210494995e-02,1.415852904319763184e-01,-7.460066676139831543e-02,-1.360827684402465820e-01
2.563111186027526855e-01,-7.776806131005287170e-03,-1.139904782176017761e-01,-2.399468421936035156e-01,-8.287529647350311279e-02,6.678615510463714600e-02,-1.115294545888900757e-01,2.061747312545776367e-01,-3.474377393722534180e-01,-8.719721809029579163e-03,1.365079879760742188e-01,1.627705991268157959e-01,9.553490579128265381e-02,-1.345970779657363892e-01,-7.244323845952749252e-03,4.419741779565811157e-02,1.302330046892166138e-01,1.101996563374996185e-02,1.343043893575668335e-01,-2.651882125064730644e-03,-1.497741788625717163e-01,-3.095835819840431213e-02,-3.027519285678863525e-01,1.563097089529037476e-01,2.262730449438095093e-01,7.196335494518280029e-02,2.440694421529769897e-01,1.071953214704990387e-02,-1.451991200447082520e-01,-1.046395823359489441e-01,1.749145612120628357e-02,1.045444756746292114e-01,2.530836164951324463e-01,-7.108291238546371460e-02,-3.038214147090911865e-02,2.584597170352935791e-01,-7.333631813526153564e-02,-5.424719676375389099e-02,-7.531096041202545166e-02,9.118127822875976562e-02,-6.145641952753067017e-02,-1.343505084514617920e-01,-4.320736601948738098e-02,7.855601608753204346e-02,-1.007888987660408020e-01,-1.708517968654632568e-01,7.071075588464736938e-02,-2.565404633060097694e-03,-5.415987223386764526e-02,-1.193959545344114304e-02,5.437502264976501465e-02,-4.608077928423881531e-02,9.090483933687210083e-02,-1.360827684402465820e-01
2.632696628570556641e-01,4.530416801571846008e-02,-4.016026481986045837e-02,-2.659834027290344238e-01,-4.234200716018676758e-02,8.898770809173583984e-02,-1.469688415527343750e-01,4.315583035349845886e-02,-7.826169580221176147e-02,-4.231488332152366638e-02,1.489175558090209961e-01,-1.541021047160029411e-03,-2.686104550957679749e-02,-8.451154455542564392e-03,1.305990666151046753e-01,-3.713527694344520569e-02,5.845588445663452148e-02,1.074979677796363831e-01,-2.310529118403792381e-03,2.748851291835308075e-02,-2.781558781862258911e-02,-1.515984535217285156e-01,1.885813325643539429e-01,-1.659371517598628998e-02,1.888156309723854065e-02,-4.732291772961616516e-02,-3.301817178726196289e-01,-1.362014468759298325e-02,-9.868651628494262695e-02,1.785577684640884399e-01,-3.092848658561706543e-01,-2.303912788629531860e-01,7.647517323493957520e-02,5.958183854818344116e-02,-1.537731736898422241e-01,-9.611383825540542603e-02,2.128875106573104858e-01,1.547457724809646606e-01,7.319650053977966309e-02,1.525803282856941223e-02,-1.164557561278343201e-01,1.953581720590591431e-01,2.257734350860118866e-02,-2.099858224391937256e-01,-1.673774868249893188e-01,5.957263708114624023e-02,-8.948644995689392090e-02,-2.103373222053050995e-02,6.019279733300209045e-02,2.576534450054168701e-01,-1.317307949066162109e-01,-1.905783116817474365e-01,-2.462555281817913055e-02,-1.360827684402465820e-01
2.560295462608337402e-01,6.513043493032455444e-02,-1.014166101813316345e-01,-2.454152852296829224e-01,-6.473977863788604736e-02,1.485091894865036011e-01,-7.352194190025329590e-02,-5.596523731946945190e-02,2.331455647945404053e-01,-7.887601107358932495e-02,-1.277480623684823513e-03,3.377799987792968750e-01,-1.229841932654380798e-01,1.033933088183403015e-01,1.566401869058609009e-01,-3.697216510772705078e-02,2.695642113685607910e-01,-1.244987770915031433e-01,-8.253833279013633728e-03,6.630907952785491943e-02,2.715821750462055206e-02,-2.662985771894454956e-02,-5.746522545814514160e-02,-9.523291140794754028e-02,7.783663272857666016e-02,-2.276500128209590912e-02,-1.072333008050918579e-01,6.980081647634506226e-02,-2.898402139544487000e-02,1.874348223209381104e-01,1.440786421298980713e-01,1.777679473161697388e-01,-4.100872874259948730e-01,2.256948314607143402e-02,1.141667068004608154e-01,-1.105527803301811218e-01,3.371205553412437439e-02,-1.333408206701278687e-01,2.899232204072177410e-04,5.550629459321498871e-03,5.241432040929794312e-02,-1.016812473535537720e-01,1.328700222074985504e-02,1.864635199308395386e-01,1.553269922733306885e-01,7.375802099704742432e-02,-6.217862293124198914e-02,7.245996594429016113e-02,1.285324804484844208e-02,-8.843467570841312408e-03,2.220128029584884644e-01,8.280377089977264404e-02,-7.924917340278625488e-02,-1.360827684402465820e-01
2.522163093090057373e-01,1.462162435054779053e-01,-4.475945979356765747e-02,-1.299916803836822510e-01,-1.418701745569705963e-02,1.177257522940635681e-01,-5.142337828874588013e-02,-6.604360044002532959e-02,2.091758847236633301e-01,4.845687374472618103e-02,-9.977033734321594238e-02,-4.416766017675399780e-02,-1.851553320884704590e-01,-1.163670327514410019e-02,1.675520464777946472e-02,6.546362489461898804e-02,4.558018967509269714e-02,-3.021509945392608643e-02,-1.556279063224792480e-01,-1.332949846982955933e-01,-1.151673942804336548e-01,1.850224882364273071e-01,2.650789357721805573e-02,2.186300307512283325e-01,-2.550427615642547607e-01,-9.327509999275207520e-02,3.959795925766229630e-03,1.614371836185455322e-01,2.320362478494644165e-01,-1.480938643217086792e-01,6.181731447577476501e-02,-2.209158092737197876e-01,1.012846156954765320e-01,1.217323169112205505e-02,-1.056191995739936829e-01,2.882219552993774414e-01,1.689918898046016693e-02,1.634795069694519043e-01,-1.195327043533325195e-01,-9.549693763256072998e-02,3.311292231082916260e-01,1.142891347408294678e-01,1.107894033193588257e-01,5.600148066878318787e-02,6.763722747564315796e-02,-8.838713169097900391e-02,-1.953759044408798218e-02,1.091829617507755756e-03,-1.707399934530258179e-01,-8.730096369981765747e-02,-1.467904150485992432e-01,1.382195055484771729e-01,8.344320952892303467e-02,-1.360827684402465820e-01
2.298975139856338501e-01,-2.111669629812240601e-02,-2.043300718069076538e-01,-3.246910497546195984e-02,-7.736501842737197876e-02,9.751940518617630005e-02,7.092510163784027100e-02,-2.070761471986770630e-02,2.713661491870880127e-01,1.725317537784576416e-01,-1.283816099166870117e-01,-1.075069531798362732e-01,-2.703376412391662598e-01,1.275692228227853775e-02,2.928008325397968292e-02,7.009866088628768921e-02,-5.120974779129028320e-02,-1.619669795036315918e-02,1.109982561320066452e-02,-8.002247661352157593e-02,2.047821581363677979e-01,-1.067624334245920181e-02,1.281115561723709106e-01,-7.680472452193498611e-03,-1.551473140716552734e-01,9.805588424205780029e-02,2.432142049074172974e-01,-2.774020433425903320e-01,-1.152923610061407089e-02,-4.498485848307609558e-02,-1.228182762861251831e-01,7.915249466896057129e-02,1.196563243865966797e-01,1.384224593639373779e-01,1.868106722831726074e-01,7.546837627887725830e-02,-2.291321009397506714e-01,-1.427043378353118896e-01,-1.101466640830039978e-02,9.037472307682037354e-03,-2.681618332862854004e-01,-2.422971725463867188e-01,5.593512579798698425e-02,-1.879758983850479126e-01,-7.144466787576675415e-02,9.711012244224548340e-02,-6.211297586560249329e-03,-9.005250781774520874e-02,1.247691959142684937e-01,-1.512174028903245926e-02,-5.643764883279800415e-02,-1.863364875316619873e-01,-1.104983873665332794e-02,-1.360827684402465820e-01
2.105241268873214722e-01,1.577964723110198975e-01,-8.928937837481498718e-03,-2.355761267244815826e-02,1.460616588592529297e-01,1.509803580120205879e-03,1.464953273534774780e-01,-4.386287927627563477e-02,1.250353455543518066e-01,1.329116523265838623e-01,-1.955793797969818115e-01,-1.070148497819900513e-01,-7.140636444091796875e-02,-2.122489959001541138e-01,-2.637451291084289551e-01,8.636318147182464600e-02,-1.379973441362380981e-01,-2.340927273035049438e-01,-1.451878901571035385e-02,1.811811029911041260e-01,-5.026645213365554810e-02,-1.832550913095474243e-01,-1.866868585348129272e-01,-1.276624351739883423e-01,1.764799803495407104e-01,-8.114834874868392944e-02,1.115330979228019714e-01,-1.337422616779804230e-02,3.596562519669532776e-02,-2.235954552888870239e-01,-8.288850076496601105e-03,1.074978485703468323e-01,-8.057890832424163818e-02,-1.871092319488525391e-01,-1.374164670705795288e-01,-1.018614023923873901e-01,1.608851402997970581e-01,1.224784329533576965e-01,1.234687119722366333e-02,1.853825300931930542e-01,-7.763124257326126099e-02,2.878948748111724854e-01,-5.968707799911499023e-02,-1.020046882331371307e-02,-1.381463855504989624e-01,1.952913403511047363e-01,1.532296743243932724e-02,1.376626491546630859e-01,1.509644538164138794e-01,-3.896852955222129822e-02,9.970753453671932220e-03,9.527061134576797485e-02,-2.640604227781295776e-02,-1.360827684402465820e-01
1.662288904190063477e-01,-8.873665332794189453e-02,-1.865370571613311768e-01,1.201204881072044373e-01,-1.918168514966964722e-01,-1.388328149914741516e-02,2.465209215879440308e-01,-5.419526621699333191e-02,4.508941248059272766e-02,2.028904259204864502e-01,-1.196660101413726807e-01,-2.616121172904968262e-01,1.482767760753631592e-01,7.373745739459991455e-02,-2.079669982194900513e-01,1.657313853502273560e-01,-2.618958801031112671e-02,-2.208141982555389404e-02,-1.204741373658180237e-02,6.921409815549850464e-02,-1.793626323342323303e-02,1.338990926742553711e-01,3.054106235504150391e-02,9.085134416818618774e-02,1.320555359125137329e-01,4.128663241863250732e-02,-1.672912538051605225e-01,-5.991559475660324097e-02,-2.646180391311645508e-01,1.914348900318145752e-01,-4.483427107334136963e-02,3.117053210735321045e-02,-1.306833773851394653e-01,-9.165857732295989990e-02,2.096200436353683472e-01,-6.107176095247268677e-02,1.066143810749053955e-01,-5.849402397871017456e-03,9.967997903004288673e-04,-7.743874192237854004e-02,8.731409907341003418e-02,3.763033449649810791e-02,-1.531171798706054688e-01,1.258375197649002075e-01,-1.833799108862876892e-02,-3.096024692058563232e-01,-3.952396102249622345e-03,-1.162786111235618591e-01,-2.914977371692657471e-01,1.592084318399429321e-01,-2.942630089819431305e-02,-8.710588328540325165e-03,1.348443031311035156e-01,-1.360827684402465820e-01
1.693158745765686035e-01,3.315979149192571640e-03,-3.363795578479766846e-02,4.962385445833206177e-02,1.648118048906326294e-01,-1.776789873838424683e-01,1.282138228416442871e-01,-2.296963147819042206e-02,-1.248939037322998047e-01,2.777021825313568115e-01,-8.511481434106826782e-02,6.331416219472885132e-02,1.761353462934494019e-01,2.017339617013931274e-01,-1.847267299890518188e-01,1.245134398341178894e-01,-1.534878462553024292e-02,5.830972269177436829e-02,1.288515180349349976e-01,-4.527436196804046631e-02,2.435998991131782532e-02,-1.369565725326538086e-01,-9.690288454294204712e-03,-1.003984957933425903e-01,4.143560770899057388e-03,-3.773087263107299805e-01,-2.323557883501052856e-01,8.267395198345184326e-02,2.220922894775867462e-02,7.474476099014282227e-02,1.513835042715072632e-01,-3.936010599136352539e-02,7.897498458623886108e-02,1.651880741119384766e-01,-1.726044714450836182e-01,1.285722106695175171e-01,-4.187992960214614868e-02,4.112879931926727295e-02,1.212142929434776306e-01,-2.765246294438838959e-02,1.328661441802978516e-01,-3.015807569026947021e-01,1.156302839517593384e-01,-5.077359452843666077e-02,1.232366412878036499e-01,-4.444679245352745056e-03,1.024713367223739624e-01,-1.083399448543787003e-02,1.871952712535858154e-01,-1.321694850921630859e-01,7.584822922945022583e-02,-1.813554912805557251e-01,-1.494931876659393311e-01,-1.360827684402465820e-01
1.535511165857315063e-01,3.367599472403526306e-02,-3.985870629549026489e-02,1.313061863183975220e-01,2.359376251697540283e-01,-1.723550446331501007e-02,3.469495102763175964e-02,-1.604165434837341309e-01,-8.625352382659912109e-02,1.260664463043212891e-01,4.898748546838760376e-02,2.047028839588165283e-01,2.283019870519638062e-01,6.377471983432769775e-02,3.839683160185813904e-02,2.037602216005325317e-01,-9.927246719598770142e-02,2.024185210466384888e-01,2.608556151390075684e-01,3.648535814136266708e-03,1.895269304513931274e-01,1.825148463249206543e-01,-1.296574920415878296e-01,5.973892658948898315e-02,-1.836713999509811401e-01,1.589621156454086304e-01,1.271826177835464478e-01,2.107889503240585327e-01,1.582213640213012695e-01,1.386183053255081177e-01,-2.313111349940299988e-02,-1.588543951511383057e-01,-3.484540060162544250e-02,2.468936704099178314e-02,-1.076193898916244507e-02,-1.392634361982345581e-01,-9.729310870170593262e-02,-2.065839916467666626e-01,-1.169723421335220337e-01,2.183392792940139771e-01,-1.148606091737747192e-01,1.816012859344482422e-01,2.624281309545040131e-02,-7.777725160121917725e-02,-1.470900792628526688e-02,1.458288878202438354e-01,-1.165718361735343933e-01,3.029711917042732239e-02,-1.611003577709197998e-01,1.476681232452392578e-01,1.438119169324636459e-02,1.328335702419281006e-01,2.739772386848926544e-02,-1.360827684402465820e-01
1.438857764005661011e-01,1.572430506348609924e-02,-5.515785887837409973e-02,1.665507107973098755e-01,2.187583148479461670e-01,3.259847639128565788e-03,4.239274933934211731e-02,-1.628314405679702759e-01,-6.141984835267066956e-02,1.456329673528671265e-01,4.837753251194953918e-02,2.870200388133525848e-02,1.113609224557876587e-01,-5.343054607510566711e-02,5.591969490051269531e-01,-6.196020543575286865e-02,-1.328563243150711060e-01,-9.475314617156982422e-02,-1.776695484295487404e-03,-1.041981428861618042e-01,-1.527849286794662476e-01,6.965364515781402588e-02,2.798953093588352203e-02,6.610688287764787674e-03,9.237749129533767700e-02,1.307733356952667236e-01,-1.539608538150787354e-01,-2.108747959136962891e-01,1.524499952793121338e-01,-1.783260256052017212e-01,-7.655776292085647583e-02,1.584620624780654907e-01,7.024425268173217773e-02,-1.047684028744697571e-01,3.719878941774368286e-02,-2.319875806570053101e-01,-9.397869557142257690e-02,1.775898784399032593e-01,6.497192382812500000e-02,-8.179721981287002563e-02,1.276394128799438477e-01,-4.673277959227561951e-02,1.705976389348506927e-02,-1.810234598815441132e-02,7.828293368220329285e-03,-1.678102314472198486e-01,1.634305715560913086e-01,2.617369219660758972e-02,1.177085414528846741e-01,1.090409699827432632e-02,1.376791596412658691e-01,4.240122810006141663e-02,1.243627965450286865e-01,-1.360827684402465820e-01
1.226511076092720032e-01,-2.319348789751529694e-02,-2.285820059478282928e-02,1.177250295877456665e-01,6.731234490871429443e-02,-9.694298356771469116e-02,7.350222021341323853e-02,-1.557070463895797729e-01,2.243466861546039581e-02,-7.120311260223388672e-02,1.343417763710021973e-01,4.613728448748588562e-02,1.992040127515792847e-01,-3.736096620559692383e-02,1.085730791091918945e-01,6.254842877388000488e-02,4.456171765923500061e-02,2.678566873073577881e-01,-3.622788488864898682e-01,-4.875600710511207581e-02,7.063603494316339493e-03,-2.320390380918979645e-02,6.579178571701049805e-02,-4.716439638286828995e-03,2.642059028148651123e-01,1.420183479785919189e-01,4.529207572340965271e-02,-9.245859086513519287e-02,3.111853078007698059e-02,-1.007465869188308716e-01,1.612418144941329956e-01,2.540670521557331085e-02,-6.563379615545272827e-02,1.911955624818801880e-01,-8.512451313436031342e-03,2.064976841211318970e-01,1.574123352766036987e-01,1.306057255715131760e-02,9.097725898027420044e-02,-9.026730060577392578e-02,-1.933871507644653320e-01,1.398672759532928467e-01,-1.653734445571899414e-01,9.198403358459472656e-02,6.464329361915588379e-02,1.452213972806930542e-01,-2.202949970960617065e-01,-1.459658890962600708e-01,-6.490914523601531982e-02,-3.383595943450927734e-01,-1.573544293642044067e-01,-1.006212532520294189e-01,-9.149163216352462769e-02,-1.360827684402465820e-01
1.280209273099899292e-01,1.492593437433242798e-01,2.087874710559844971e-01,4.074143245816230774e-02,5.960170179605484009e-02,-8.134105801582336426e-02,1.493675261735916138e-02,-2.238756269216537476e-01,1.457143723964691162e-01,-2.126447409391403198e-01,6.639344990253448486e-02,-1.511593814939260483e-02,1.306063234806060791e-01,-3.104794211685657501e-02,-1.145463958382606506e-01,-1.800670623779296875e-01,2.746327407658100128e-02,7.730855792760848999e-02,-2.189868241548538208e-01,3.951233997941017151e-02,1.723359972238540649e-01,1.536955311894416809e-02,-4.930393770337104797e-02,-1.227510496973991394e-01,-4.519288241863250732e-02,2.452186867594718933e-02,1.184753701090812683e-01,-2.028409205377101898e-02,-1.014831960201263428e-01,3.606017678976058960e-02,3.366189450025558472e-02,-3.386960327625274658e-01,1.946272999048233032e-01,2.862532436847686768e-02,1.571110785007476807e-01,-7.662838790565729141e-03,1.628901213407516479e-01,-2.004445344209671021e-02,1.119957789778709412e-01,-5.341172683984041214e-03,-3.911120444536209106e-02,-2.476082146167755127e-01,7.349510490894317627e-02,2.220356613397598267e-01,-2.466968148946762085e-01,-7.434450834989547729e-02,2.511263787746429443e-01,9.829533845186233521e-02,1.031979992985725403e-01,1.357120871543884277e-01,1.813904047012329102e-01,1.317885965108871460e-01,1.234273463487625122e-01,-1.360827684402465820e-01
1.193336546421051025e-01,1.682251244783401489e-01,1.215291395783424377e-01,2.200596481561660767e-01,-3.035241179168224335e-02,9.403965622186660767e-02,-4.773199558258056641e-02,-1.810441911220550537e-01,1.839080266654491425e-02,-1.448723226785659790e-01,1.061560511589050293e-01,-8.159217238426208496e-02,1.540880948305130005e-01,2.897769398987293243e-02,-4.355346038937568665e-02,-1.438275575637817383e-01,1.601063013076782227e-01,-6.776543706655502319e-02,-1.278688013553619385e-01,1.369132008403539658e-02,3.072793409228324890e-02,-7.445598393678665161e-02,-3.941808268427848816e-02,-9.950974583625793457e-02,-1.052164062857627869e-01,6.451462209224700928e-02,1.423510760068893433e-01,1.957476586103439331e-01,-1.438102126121520996e-01,-3.883872414007782936e-03,-6.728747487068176270e-02,1.960046291351318359e-01,-2.458840608596801758e-02,-1.540451049804687500e-01,-2.582277357578277588e-02,6.224180106073617935e-03,-1.431239992380142212e-01,5.165582522749900818e-02,-1.742130964994430542e-01,4.518496803939342499e-03,8.337466418743133545e-02,-7.273618131875991821e-03,-1.080611646175384521e-01,-3.161712288856506348e-01,2.207839339971542358e-01,-1.435721963644027710e-01,1.882473975419998169e-01,9.586722403764724731e-02,-6.989151984453201294e-02,9.659682214260101318e-02,-2.065977603197097778e-01,-1.922377794981002808e-01,-3.705326318740844727e-01,-1.360827684402465820e-01
9.327706694602966309e-02,-1.092543601989746094e-01,-1.398815214633941650e-01,2.682716548442840576e-01,-1.342991143465042114e-01,-3.059258870780467987e-02,6.991784274578094482e-02,1.179241687059402466e-01,8.368559926748275757e-02,-1.889205127954483032e-01,1.188834980130195618e-01,3.831610828638076782e-02,1.552874445915222168e-01,-6.593065708875656128e-02,6.348106265068054199e-02,-1.284316331148147583e-01,-1.758846789598464966e-01,-1.305470317602157593e-01,-9.756144136190414429e-02,7.017111033201217651e-02,4.223033785820007324e-02,-2.297344058752059937e-01,-6.878606975078582764e-02,1.225681453943252563e-01,-2.817079722881317139e-01,-1.479283869266510010e-01,-1.267469823360443115e-01,5.870523303747177124e-02,-2.198152840137481689e-01,1.815827339887619019e-01,-1.237248480319976807e-01,1.419526934623718262e-01,2.572702243924140930e-02,3.862043085973709822e-04,-2.121024578809738159e-01,1.035851389169692993e-01,-1.523111462593078613e-01,-5.701385810971260071e-02,-1.367040574550628662e-01,-1.101965904235839844e-01,-8.589996397495269775e-02,5.117817968130111694e-02,6.224723905324935913e-02,-7.691151113249361515e-04,-5.769900605082511902e-02,5.321613326668739319e-02,-1.169027015566825867e-01,-2.069072984158992767e-02,1.243651211261749268e-01,-2.075003683567047119e-01,4.160829633474349976e-02,3.022615611553192139e-01,2.249801158905029297e-01,-1.360827684402465820e-01
8.227656781673431396e-02,9.796912968158721924e-02,2.259998470544815063e-01,5.422959104180335999e-02,5.881528556346893311e-02,-1.153445020318031311e-01,2.059404999017715454e-01,1.644771397113800049e-01,4.722801595926284790e-02,-2.483517080545425415e-01,-7.985270582139492035e-03,1.649936288595199585e-02,4.064109921455383301e-02,6.571085751056671143e-02,4.050339758396148682e-02,-6.089054793119430542e-02,-9.215838462114334106e-02,7.389352470636367798e-02,8.402254432439804077e-02,3.671275079250335693e-02,-1.856774389743804932e-01,-2.391344122588634491e-02,1.460454910993576050e-01,2.903432250022888184e-01,-9.462288022041320801e-02,-2.835569381713867188e-01,2.223851978778839111e-01,-2.626384198665618896e-01,-3.785028308629989624e-02,-9.465662389993667603e-02,5.253062397241592407e-02,6.657796353101730347e-02,-2.413492463529109955e-02,3.779251500964164734e-02,-5.437580985017120838e-04,-4.713854193687438965e-02,2.152010332792997360e-03,4.556285962462425232e-02,-3.464199602603912354e-02,8.861733973026275635e-02,3.694124147295951843e-02,3.210725029930472374e-03,-5.189802497625350952e-02,1.523849070072174072e-01,2.438175380229949951e-01,1.222584620118141174e-01,-2.165067940950393677e-01,5.060279369354248047e-02,-6.669797748327255249e-02,3.471576869487762451e-01,1.167870238423347473e-01,-2.284504324197769165e-01,6.008530780673027039e-02,-1.360827684402465820e-01
7.551694661378860474e-02,8.688976615667343140e-02,8.426921069622039795e-02,2.640794515609741211e-01,1.069833338260650635e-02,9.284568578004837036e-02,-2.731434069573879242e-02,-9.904704988002777100e-03,-8.229584991931915283e-02,-1.050354093313217163e-01,8.818109333515167236e-02,-1.040114015340805054e-01,-2.950353324413299561e-01,-2.469424903392791748e-02,-1.002275384962558746e-02,-3.577951807528734207e-03,-7.585467398166656494e-02,1.045248284935951233e-01,2.368564158678054810e-01,-9.120319783687591553e-02,-2.084526121616363525e-01,-1.797845512628555298e-01,-1.561813801527023315e-02,-2.749725244939327240e-02,1.041439697146415710e-01,-9.702946245670318604e-02,8.167264168150722980e-04,2.893512845039367676e-01,8.751768618822097778e-02,-6.940381228923797607e-02,-8.120626956224441528e-02,7.171302288770675659e-02,3.599261492490768433e-02,3.647791221737861633e-02,2.773698568344116211e-01,1.943044364452362061e-02,1.922875791788101196e-01,-2.247617244720458984e-01,1.179912164807319641e-01,-2.806183695793151855e-01,1.195856481790542603e-01,-8.659455925226211548e-02,-1.316318958997726440e-01,-1.666147112846374512e-01,-1.095358952879905701e-01,2.046880871057510376e-01,-4.723983816802501678e-03,-2.211027443408966064e-01,-1.135237738490104675e-01,6.783975753933191299e-03,1.302265375852584839e-01,1.087770909070968628e-01,7.452983409166336060e-03,-1.360827684402465820e-01
6.756697595119476318e-02,1.184194609522819519e-01,1.687341034412384033e-01,2.059169411659240723e-01,3.232677653431892395e-02,1.007403358817100525e-01,6.813528388738632202e-02,1.098016649484634399e-01,1.789635745808482170e-03,-2.267565280199050903e-01,4.052441567182540894e-02,-2.727635577321052551e-02,-1.337013095617294312e-01,3.678507730364799500e-02,-8.318324387073516846e-02,9.845857508480548859e-03,1.740663498640060425e-01,5.475885700434446335e-03,2.674456834793090820e-01,8.119579404592514038e-02,-1.854800060391426086e-02,1.344856321811676025e-01,1.055602803826332092e-01,4.560574889183044434e-02,2.512454986572265625e-01,-8.255883306264877319e-02,1.505072694271802902e-02,-1.777275502681732178e-01,1.300991028547286987e-01,1.155344247817993164e-01,-5.973306670784950256e-02,-1.118787601590156555e-01,-7.658730447292327881e-02,-4.331151023507118225e-02,-5.597034841775894165e-02,-1.484320759773254395e-01,9.327569976449012756e-03,1.887024752795696259e-02,-2.736225351691246033e-02,1.343054622411727905e-01,-1.882662624120712280e-01,-2.232229709625244141e-02,3.527015745639801025e-01,-3.613405674695968628e-02,6.216482445597648621e-02,-2.944231629371643066e-01,3.447279334068298340e-02,-1.278912574052810669e-01,1.489601749926805496e-02,-3.312594294548034668e-01,-2.089569270610809326e-01,1.426245272159576416e-01,-4.795139189809560776e-03,-1.360827684402465820e-01
3.474217653274536133e-02,-9.436822682619094849e-02,-9.157024323940277100e-02,2.812626659870147705e-01,-9.097430109977722168e-02,5.674472078680992126e-02,8.966060727834701538e-02,2.486934661865234375e-01,2.818560600280761719e-02,-2.287824600934982300e-01,3.737857192754745483e-02,7.863737642765045166e-02,-2.754718624055385590e-02,-6.179792806506156921e-02,-1.527292579412460327e-01,-2.284499257802963257e-02,1.241178289055824280e-01,-2.275223284959793091e-02,7.070268690586090088e-02,-2.348636975511908531e-03,1.896610409021377563e-01,5.569219216704368591e-02,1.587710902094841003e-02,-2.047912712441757321e-04,2.826555259525775909e-02,2.447487711906433105e-01,-3.325425386428833008e-01,-3.756709769368171692e-02,2.880077064037322998e-01,-1.518363803625106812e-01,5.357431620359420776e-02,-8.763273060321807861e-02,-1.121412143111228943e-01,-1.475068628787994385e-01,-8.783151209354400635e-02,1.256875097751617432e-01,-1.753536164760589600e-01,-1.213181018829345703e-02,5.367676541209220886e-02,7.102068513631820679e-02,1.682836562395095825e-01,-5.481528490781784058e-02,-1.271992474794387817e-01,9.780392795801162720e-02,-2.180249541997909546e-01,1.741456836462020874e-01,8.867456763982772827e-02,1.421655267477035522e-01,-7.421115878969430923e-03,6.012898311018943787e-02,-6.163315381854772568e-03,-3.086431026458740234e-01,7.215335220098495483e-02,-1.360827684402465820e-01
3.520841524004936218e-02,-1.084389686584472656e-01,1.999672129750251770e-02,8.029267191886901855e-02,-8.000526577234268188e-03,-1.358140110969543457e-01,1.015031896531581879e-02,1.144969165325164795e-01,1.428702496923506260e-03,-1.439771652221679688e-01,-2.510307729244232178e-01,5.383329465985298157e-02,-2.176128178834915161e-01,2.704710364341735840e-01,5.027699843049049377e-02,-5.026307771913707256e-04,5.978099536150693893e-03,-7.064186781644821167e-02,-8.725798130035400391e-02,-3.446224629878997803e-01,-4.354450851678848267e-03,8.226569741964340210e-02,-9.905894100666046143e-02,-1.254489719867706299e-01,1.102925240993499756e-01,3.940705209970474243e-02,-7.500886172056198120e-02,-4.790646582841873169e-02,-1.659046858549118042e-01,1.076761260628700256e-01,1.643804758787155151e-01,-1.300445497035980225e-01,3.747851848602294922e-01,-2.260502278804779053e-01,-2.101369667798280716e-03,-4.018694534897804260e-02,-1.001056060194969177e-01,-5.027548596262931824e-02,6.751262396574020386e-02,1.261995756067335606e-03,-7.288276404142379761e-02,2.641230523586273193e-01,-5.777188390493392944e-02,-7.858166098594665527e-02,2.559485659003257751e-02,-5.470985919237136841e-02,-1.846142113208770752e-01,1.104777380824089050e-01,-2.741220034658908844e-02,-1.946243643760681152e-02,2.107392847537994385e-01,7.627277076244354248e-02,-2.358566224575042725e-01,-1.360827684402465820e-01
3.298851475119590759e-02,-4.131586477160453796e-02,1.419341564178466797e-01,1.132316216826438904e-01,1.037063971161842346e-01,-1.865470707416534424e-01,-5.329830572009086609e-02,1.730530858039855957e-01,-1.101424843072891235e-01,1.112824082374572754e-01,-1.971379369497299194e-01,2.068666182458400726e-02,-9.424045681953430176e-02,2.457042485475540161e-01,1.171059459447860718e-01,-2.045907974243164062e-01,1.063951253890991211e-01,-1.577303260564804077e-01,4.099938645958900452e-02,8.204650878906250000e-02,3.789392299950122833e-03,7.635273784399032593e-02,-1.417205631732940674e-01,-2.353639900684356689e-01,-1.016836464405059814e-01,2.421979606151580811e-01,1.610309071838855743e-02,5.752599984407424927e-02,-1.777475625276565552e-01,-1.180327087640762329e-01,1.273316890001296997e-01,8.117102831602096558e-02,-9.210410714149475098e-02,1.412428319454193115e-01,-4.038210585713386536e-02,1.155260503292083740e-01,2.743573486804962158e-01,-1.134805940091609955e-02,-1.167945750057697296e-02,-3.278608992695808411e-02,-1.474488805979490280e-02,-4.421284422278404236e-02,1.476774215698242188e-01,-7.800796627998352051e-02,4.972387105226516724e-02,4.479671269655227661e-02,-7.505586743354797363e-02,-1.884669438004493713e-02,1.942497305572032928e-02,1.377597451210021973e-01,-3.278587758541107178e-01,-2.763377688825130463e-02,3.517799079418182373e-01,-1.360827684402465820e-01
-4.177355673164129257e-03,-9.753877669572830200e-02,2.425679191946983337e-02,1.752797365188598633e-01,-1.093856766819953918e-01,-2.177044600248336792e-01,-7.108553498983383179e-02,1.647549271583557129e-01,-6.055461987853050232e-02,1.524130553007125854e-01,-1.665049344301223755e-01,-3.540303558111190796e-02,-1.453665643930435181e-01,3.575100749731063843e-02,-5.459437146782875061e-03,-3.323734179139137268e-02,1.636926680803298950e-01,1.068701595067977905e-01,-1.704668402671813965e-01,1.771767884492874146e-01,-2.323293983936309814e-01,5.970961600542068481e-02,-1.373168677091598511e-01,2.327076494693756104e-01,-7.651343941688537598e-02,2.094186246395111084e-01,7.023365050554275513e-02,4.516438394784927368e-02,1.886240206658840179e-02,5.216433480381965637e-02,-3.031060397624969482e-01,-6.709976494312286377e-02,-6.923603266477584839e-02,3.199114203453063965e-01,-8.645702898502349854e-02,-1.705349981784820557e-01,2.508628240320831537e-04,1.123541817069053650e-01,-7.623820006847381592e-02,5.664538592100143433e-02,2.156459912657737732e-02,-5.557158961892127991e-03,-1.085927058011293411e-02,1.463732421398162842e-01,-3.978128731250762939e-02,9.493114799261093140e-02,1.904595643281936646e-01,-3.924383968114852905e-02,5.855050683021545410e-02,-6.384692341089248657e-02,2.029209583997726440e-01,3.740171343088150024e-02,-3.137550652027130127e-01,-1.360827684402465820e-01
-2.964853076264262199e-03,-1.691025346517562866e-01,1.010662466287612915e-01,3.292636573314666748e-02,8.885631710290908813e-02,-2.857907414436340332e-01,-2.315456122159957886e-01,-1.657285690307617188e-01,-1.498842239379882812e-01,-7.766437530517578125e-02,1.425481634214520454e-03,2.056636363267898560e-01,-1.879979670047760010e-01,-2.077007889747619629e-01,-2.131914198398590088e-01,2.163505703210830688e-01,6.544098258018493652e-03,6.554204225540161133e-02,-8.543998748064041138e-02,-2.963262200355529785e-01,-5.947295948863029480e-02,1.543794274330139160e-01,6.837330758571624756e-02,-7.095123827457427979e-02,-1.767261140048503876e-02,-1.874798685312271118e-01,-8.051628619432449341e-02,-1.257096529006958008e-01,-3.144014626741409302e-02,6.690838932991027832e-02,-1.984311640262603760e-01,1.472497582435607910e-01,-1.925316005945205688e-01,-6.684305146336555481e-03,1.875234842300415039e-01,7.468585669994354248e-02,-4.085364937782287598e-02,1.296550035476684570e-01,-1.934889853000640869e-01,3.423944860696792603e-02,-4.272193089127540588e-02,-7.401230931282043457e-02,-1.273279488086700439e-01,-3.444448113441467285e-02,-1.834386028349399567e-02,-1.657536253333091736e-03,3.315868601202964783e-02,2.186960428953170776e-01,8.281383663415908813e-02,3.822340071201324463e-02,-1.463093310594558716e-01,1.020619720220565796e-01,1.397742629051208496e-01,-1.360827684402465820e-01
-2.238466913695447147e-05,-5.426051095128059387e-02,2.101834714412689209e-01,5.341099947690963745e-02,5.974402185529470444e-03,-1.910892277956008911e-01,-2.567364573478698730e-01,-1.680873781442642212e-01,-5.291768815368413925e-03,1.766884773969650269e-01,8.592139184474945068e-02,5.582499131560325623e-02,-7.902941852807998657e-02,-1.351567953824996948e-01,-2.686132490634918213e-02,-3.931369632482528687e-02,1.109605580568313599e-01,-2.231731712818145752e-01,2.057585269212722778e-01,2.576923370361328125e-01,5.957113206386566162e-02,-5.587121844291687012e-02,3.669568002223968506e-01,8.173400163650512695e-02,-1.899190396070480347e-01,4.696374386548995972e-02,-1.154136285185813904e-01,3.952705860137939453e-02,-5.184761434793472290e-02,-9.642387181520462036e-02,1.902178972959518433e-01,6.717029958963394165e-02,8.073326200246810913e-02,-3.543447703123092651e-02,8.387570828199386597e-02,2.140874415636062622e-01,-6.804788857698440552e-02,-1.802226155996322632e-02,9.361068904399871826e-02,8.451656252145767212e-02,-1.616746187210083008e-01,2.583823502063751221e-01,-5.124697834253311157e-02,1.061737984418869019e-01,-3.418333083391189575e-02,-1.623724997043609619e-01,1.989882811903953552e-02,-1.802037507295608521e-01,-4.136461392045021057e-02,-3.691347688436508179e-02,2.196127027273178101e-01,-5.985938385128974915e-02,-6.297311186790466309e-02,-1.360827684402465820e-01
-2.781530655920505524e-02,-2.485330104827880859e-01,-5.832755938172340393e-02,1.091070249676704407e-01,-1.624959856271743774e-01,-1.097901389002799988e-01,-2.401941716670989990e-01,-1.883221566677093506e-01,-9.833395481109619141e-03,1.680879741907119751e-01,5.318621173501014709e-02,1.500743776559829712e-01,-4.204944521188735962e-02,2.528896182775497437e-02,-5.533311516046524048e-02,-4.318690299987792969e-02,-8.718533813953399658e-02,-2.643199451267719269e-02,-1.371353268623352051e-01,1.450452208518981934e-01,-8.826353400945663452e-02,-2.577744126319885254e-01,1.231525316834449768e-01,5.547764897346496582e-02,1.618713438510894775e-01,1.282288320362567902e-02,2.373984456062316895e-01,-9.811112284660339355e-02,9.016549587249755859e-02,4.351893067359924316e-02,2.812943980097770691e-02,-1.163499131798744202e-01,3.024496324360370636e-02,-2.543763518333435059e-01,-1.192920804023742676e-01,-1.615904420614242554e-01,-3.554393723607063293e-02,-1.982532441616058350e-01,1.083377972245216370e-01,-1.411275658756494522e-02,2.919659018516540527e-01,-1.464833319187164307e-01,2.519273459911346436e-01,3.012320399284362793e-02,-7.435835152864456177e-02,2.958201617002487183e-02,-2.270718216896057129e-01,8.328338712453842163e-02,-9.239110350608825684e-02,7.264272123575210571e-02,-2.084631770849227905e-01,-8.046308532357215881e-03,-4.323154315352439880e-02,-1.360827684402465820e-01
-5.028985440731048584e-02,-1.539412140846252441e-01,2.575208544731140137e-01,-1.312253028154373169e-01,-3.585066497325897217e-01,-1.329399347305297852e-01,1.405510306358337402e-01,-9.114652127027511597e-02,2.152694761753082275e-01,-8.782501518726348877e-02,5.372247844934463501e-02,8.742127567529678345e-02,-5.934145674109458923e-02,-1.618800610303878784e-01,7.883282750844955444e-02,2.376106828451156616e-01,-2.690472304821014404e-01,-6.315140426158905029e-02,8.030673116445541382e-02,-7.584457099437713623e-02,1.325547602027654648e-02,-4.038592427968978882e-02,-1.018365174531936646e-01,1.417486649006605148e-02,1.333368122577667236e-01,1.723510324954986572e-01,-6.297402083873748779e-02,2.597475349903106689e-01,1.960773952305316925e-02,-3.199946135282516479e-02,1.308365613222122192e-01,-9.143921732902526855e-02,8.601456135511398315e-02,9.168194979429244995e-02,-9.199470281600952148e-02,-1.741434484720230103e-01,7.407468557357788086e-02,-2.988615306094288826e-03,-2.490751147270202637e-01,3.591468930244445801e-02,5.977711174637079239e-03,-5.619857087731361389e-02,-1.436562463641166687e-02,-3.795196488499641418e-02,1.775535941123962402e-01,-9.246367961168289185e-02,6.162629649043083191e-02,-1.747952997684478760e-01,2.205050438642501831e-01,1.650809310376644135e-02,-2.550062350928783417e-02,-1.834004670381546021e-01,8.858329057693481445e-02,-1.360827684402465820e-01
-4.028677195310592651e-02,-5.912520363926887512e-02,2.913579046726226807e-01,-3.130612149834632874e-02,-3.212411105632781982e-01,1.701687574386596680e-01,-1.068003848195075989e-01,-2.048061192035675049e-01,-5.822154134511947632e-02,5.875341966748237610e-02,-4.227674752473831177e-02,-2.625466585159301758e-01,2.404389530420303345e-02,1.797734946012496948e-01,1.028155982494354248e-01,4.718584567308425903e-02,1.977832242846488953e-02,4.855591431260108948e-02,1.953973621129989624e-01,-8.350138366222381592e-02,1.768109798431396484e-01,-7.909749448299407959e-02,-9.053777158260345459e-02,1.471525281667709351e-01,5.650513921864330769e-04,-6.162018980830907822e-03,-1.105732563883066177e-02,-1.454210430383682251e-01,1.117504388093948364e-01,6.950487941503524780e-02,1.260295957326889038e-01,2.024160325527191162e-01,3.902420867234468460e-03,1.506049036979675293e-01,-2.117720693349838257e-01,2.173490822315216064e-02,9.443276375532150269e-02,1.629702448844909668e-01,9.415195137262344360e-02,1.780142448842525482e-02,-8.468317240476608276e-02,-9.586267918348312378e-02,-1.279193162918090820e-01,-3.656216338276863098e-02,-1.256423145532608032e-01,8.534505218267440796e-02,-6.606453098356723785e-04,3.716900646686553955e-01,-1.864819824695587158e-01,-7.025145739316940308e-02,3.609246015548706055e-02,1.460136473178863525e-01,2.621258795261383057e-02,-1.360827684402465820e-01
-4.251672327518463135e-02,-7.159702479839324951e-02,1.835786402225494385e-01,3.430180996656417847e-02,-9.346748888492584229e-02,2.106605619192123413e-01,-1.410265713930130005e-01,-2.286973781883716583e-02,-1.188060343265533447e-01,4.887447692453861237e-03,-7.616513222455978394e-02,1.704290509223937988e-02,8.310353755950927734e-02,-9.307737648487091064e-02,-1.837152801454067230e-02,-2.389667555689811707e-02,-5.991139635443687439e-02,-9.068028628826141357e-02,-4.196284711360931396e-02,-6.621522456407546997e-02,2.008934020996093750e-01,4.146407544612884521e-02,-3.230347633361816406e-01,-5.629864335060119629e-02,6.179831549525260925e-02,-1.157348081469535828e-01,1.461095809936523438e-01,-1.257874071598052979e-01,-1.703577674925327301e-02,9.526849538087844849e-02,-4.050061106681823730e-02,-1.318842172622680664e-01,-2.270588725805282593e-01,1.083136200904846191e-01,1.182215511798858643e-01,9.674144536256790161e-02,-2.831696271896362305e-01,2.445685267448425293e-01,2.827779352664947510e-01,-7.028391212224960327e-02,1.770964115858078003e-01,2.220046967267990112e-01,9.794022142887115479e-02,-5.152771249413490295e-02,3.629934787750244141e-02,4.487735778093338013e-02,-6.441425532102584839e-02,-3.675124049186706543e-01,1.117712631821632385e-01,1.098282262682914734e-01,6.136117875576019287e-02,-5.030748620629310608e-02,3.573542460799217224e-02,-1.360827684402465820e-01
-4.458958655595779419e-02,-1.026039347052574158e-01,1.333568245172500610e-01,3.550172969698905945e-02,-6.141058169305324554e-03,1.406092196702957153e-01,-7.208447158336639404e-02,1.996207237243652344e-01,-2.303337864577770233e-02,2.015245705842971802e-01,-1.528415232896804810e-01,3.586324397474527359e-03,1.563794016838073730e-01,-1.695051789283752441e-01,1.982441544532775879e-01,-1.358598470687866211e-01,-1.040799692273139954e-01,-2.514897286891937256e-01,-1.262217387557029724e-02,8.390440046787261963e-02,1.133797392249107361e-01,1.101200729608535767e-01,1.497090421617031097e-02,-1.942400448024272919e-02,1.457781046628952026e-01,-2.465661913156509399e-01,-3.453744575381278992e-02,1.023784428834915161e-01,1.250588595867156982e-01,6.037566810846328735e-02,-1.777391731739044189e-01,-2.410342395305633545e-01,8.132066577672958374e-02,-8.558811992406845093e-02,1.882196664810180664e-01,7.707631587982177734e-02,6.160745397210121155e-02,-1.202576085925102234e-01,-1.486102044582366943e-01,-1.883624345064163208e-01,-2.425334006547927856e-01,-7.194507122039794922e-02,-1.059408709406852722e-01,1.958609819412231445e-01,2.002524882555007935e-01,1.451710909605026245e-01,4.904045164585113525e-02,1.985120326280593872e-01,-1.134936287999153137e-01,-5.364167690277099609e-02,-1.356114447116851807e-01,-6.983282417058944702e-02,-1.154377534985542297e-01,-1.360827684402465820e-01
-5.956830084323883057e-02,-2.522906064987182617e-01,8.073656260967254639e-02,-8.318910002708435059e-02,-1.299538165330886841e-01,-1.246140338480472565e-02,1.074219197034835815e-01,2.043042182922363281e-01,1.609794348478317261e-01,5.472715571522712708e-02,-1.731840968132019043e-01,7.011518627405166626e-02,1.997461020946502686e-01,1.205202005803585052e-02,1.472281068563461304e-01,-6.815598160028457642e-02,1.015577912330627441e-01,3.246190547943115234e-01,-5.634225159883499146e-02,-7.372812181711196899e-02,1.296688467264175415e-01,1.306728124618530273e-01,2.268885374069213867e-01,-3.852434828877449036e-02,6.859637051820755005e-02,-2.396150529384613037e-01,1.409500241279602051e-01,2.551827728748321533e-01,-8.536899462342262268e-03,-2.543000876903533936e-01,-9.312555938959121704e-02,2.069726884365081787e-01,-1.259008198976516724e-01,-1.284224539995193481e-01,1.186737441457808018e-03,5.344713851809501648e-02,7.598625123500823975e-02,-5.735679343342781067e-02,6.291602551937103271e-02,9.522270411252975464e-02,3.897033631801605225e-02,1.022958979010581970e-01,1.505633890628814697e-01,-1.561495214700698853e-01,-2.591476142406463623e-01,-1.209399029612541199e-01,8.499202877283096313e-02,-1.571906730532646179e-02,6.011047959327697754e-02,3.807970881462097168e-02,8.660977333784103394e-02,8.103326708078384399e-02,-3.338433429598808289e-02,-1.360827684402465820e-01
-4.794535785913467407e-02,8.735890733078122139e-04,2.488714903593063354e-01,-1.524944156408309937e-01,5.673850327730178833e-02,1.410679668188095093e-01,-2.124916762113571167e-02,1.781741678714752197e-01,1.476962417364120483e-01,1.034889593720436096e-01,-1.630461215972900391e-01,1.546546667814254761e-01,2.226941287517547607e-01,-1.021497100591659546e-01,-2.054265588521957397e-01,3.255114331841468811e-02,1.684937924146652222e-01,2.395399659872055054e-01,4.249781742691993713e-02,-2.514018863439559937e-02,-9.765361249446868896e-02,-2.453376948833465576e-01,3.075241856276988983e-02,-2.207181900739669800e-01,-1.836880594491958618e-01,1.857348382472991943e-01,-8.595893532037734985e-02,-2.434570044279098511e-01,9.013240784406661987e-02,9.617251902818679810e-02,-4.980841651558876038e-02,1.632034927606582642e-01,2.751103341579437256e-01,-6.140940636396408081e-02,6.996333599090576172e-02,-1.705891191959381104e-01,-4.022916778922080994e-02,-6.941690575331449509e-03,-9.369610249996185303e-02,-1.484126746654510498e-01,1.332555860280990601e-01,7.608358561992645264e-02,-3.722357004880905151e-02,6.070297211408615112e-02,1.105241999030113220e-01,8.581396937370300293e-02,6.588871777057647705e-02,-1.314816325902938843e-01,-1.238423958420753479e-01,-1.113705486059188843e-01,-5.057173967361450195e-02,7.851202785968780518e-02,1.056626215577125549e-01,-1.360827684402465820e-01
-5.789292976260185242e-02,-2.621990814805030823e-02,7.067757099866867065e-02,6.645832210779190063e-02,4.592155665159225464e-02,2.778924107551574707e-01,-1.243898645043373108e-01,1.628351211547851562e-01,1.570390909910202026e-02,7.979273796081542969e-02,-4.341199382906779647e-05,-1.477413177490234375e-01,7.067840080708265305e-03,-6.570149213075637817e-02,1.086559966206550598e-01,1.705642491579055786e-01,-1.449723541736602783e-01,2.092834711074829102e-01,1.850455068051815033e-02,-1.414380967617034912e-02,-3.025028109550476074e-01,-7.968578487634658813e-02,-2.236153557896614075e-02,-1.125280335545539856e-01,-2.812981605529785156e-01,9.164489060640335083e-02,-5.085658282041549683e-03,-5.688844248652458191e-02,-1.382812708616256714e-01,-2.074766904115676880e-02,1.580069363117218018e-01,-2.560321688652038574e-01,-2.790531814098358154e-01,-1.507746130228042603e-01,-6.663885433226823807e-03,1.071241274476051331e-01,4.082497954368591309e-02,-1.344418972730636597e-01,1.150273457169532776e-01,1.546393483877182007e-01,-4.641912877559661865e-02,-1.178604364395141602e-01,-1.967902481555938721e-01,4.909795522689819336e-02,1.707707345485687256e-02,-2.266068458557128906e-01,-9.849122911691665649e-02,1.113972216844558716e-01,2.799579501152038574e-01,-4.106257855892181396e-02,-3.787577152252197266e-02,4.666304588317871094e-02,-1.102015823125839233e-01,-1.360827684402465820e-01
-6.422927975654602051e-02,-1.107819750905036926e-01,4.643745720386505127e-03,-1.489847525954246521e-02,2.422218173742294312e-01,8.892986178398132324e-02,-1.318797916173934937e-01,1.706284135580062866e-01,6.501904129981994629e-02,-1.215047836303710938e-01,4.779279604554176331e-02,-9.714855998754501343e-02,-5.122268944978713989e-02,-1.980733871459960938e-01,7.812388241291046143e-02,2.324557304382324219e-01,-1.039177402853965759e-01,-8.477675914764404297e-02,-2.135119885206222534e-01,2.111306935548782349e-01,-1.002161130309104919e-01,1.925640702247619629e-01,2.435469999909400940e-02,-1.339738816022872925e-01,-1.594609394669532776e-02,-1.148286759853363037e-01,4.706021398305892944e-02,4.920940846204757690e-02,-1.231506839394569397e-01,1.758828610181808472e-01,2.703606486320495605e-01,6.397160142660140991e-02,4.338724166154861450e-02,1.722188889980316162e-01,-8.548869192600250244e-02,-1.711871325969696045e-01,-6.271248310804367065e-02,2.515049651265144348e-02,1.854952238500118256e-02,2.530376613140106201e-02,3.969994187355041504e-02,-7.362146675586700439e-02,1.024703830480575562e-01,-2.183253467082977295e-01,-1.785322129726409912e-01,5.196094140410423279e-02,1.045881733298301697e-01,5.990697070956230164e-02,-3.682905137538909912e-01,-1.079534441232681274e-01,1.291521638631820679e-01,-2.092845141887664795e-01,9.013408422470092773e-02,-1.360827684402465820e-01
-6.690569221973419189e-02,-1.699006408452987671e-01,-9.894564002752304077e-02,-1.391952205449342728e-02,2.332381308078765869e-01,5.885898694396018982e-02,-1.086798384785652161e-01,1.001935303211212158e-01,9.474156051874160767e-02,-1.177123934030532837e-01,1.100102365016937256e-01,-1.713935434818267822e-01,-1.466763787902891636e-03,1.599347144365310669e-01,-6.511485576629638672e-02,2.429335266351699829e-01,5.676554888486862183e-02,-7.330097258090972900e-02,-3.698699921369552612e-02,1.007666885852813721e-01,5.642022565007209778e-02,6.615211814641952515e-02,9.793308377265930176e-02,-4.665949940681457520e-02,1.045450940728187561e-01,6.250306963920593262e-02,1.670234948396682739e-01,1.016407310962677002e-01,2.858430147171020508e-01,1.899078488349914551e-01,-6.458311807364225388e-03,2.134932130575180054e-01,1.175969019532203674e-01,-1.658786833286285400e-02,-2.172476649284362793e-01,1.040892153978347778e-01,2.693205885589122772e-02,6.385666877031326294e-02,4.341208189725875854e-02,-2.605592608451843262e-01,-1.004006862640380859e-01,-1.078239176422357559e-02,-1.006352379918098450e-01,1.789564043283462524e-01,7.046648114919662476e-02,-9.281282871961593628e-02,1.988630928099155426e-02,-9.869426488876342773e-02,2.647387683391571045e-01,3.547486960887908936e-01,-3.725402429699897766e-02,1.639206856489181519e-01,-4.920452833175659180e-02,-1.360827684402465820e-01
-8.090323209762573242e-02,-1.766277700662612915e-01,5.399426072835922241e-02,-1.663264036178588867e-01,1.333654671907424927e-01,-1.537427864968776703e-02,6.617411226034164429e-02,8.380325511097908020e-03,1.034668739885091782e-02,-9.209331125020980835e-02,2.384631484746932983e-01,-1.846899688243865967e-01,8.783205598592758179e-02,1.960340887308120728e-01,-4.832639172673225403e-02,1.830215305089950562e-01,-2.226101607084274292e-02,-1.130219697952270508e-01,5.826294422149658203e-02,9.153155982494354248e-02,5.588400736451148987e-02,-1.198945119976997375e-01,-2.510670386254787445e-02,-1.751900464296340942e-01,1.938056573271751404e-02,1.577513962984085083e-01,-7.105471193790435791e-02,-3.285541385412216187e-02,-7.010345160961151123e-02,-3.270477354526519775e-01,-2.859365642070770264e-01,-1.125987395644187927e-01,-7.641081511974334717e-02,3.563510626554489136e-02,1.791904866695404053e-01,1.366070955991744995e-01,-3.376236185431480408e-02,1.303371042013168335e-01,-2.093592286109924316e-01,-4.209055006504058838e-02,8.651860058307647705e-02,-7.597349584102630615e-02,2.640151977539062500e-01,-1.737004332244396210e-02,5.689185485243797302e-02,-3.521314822137355804e-03,-2.686705291271209717e-01,1.235341280698776245e-01,-1.350535154342651367e-01,-7.644367218017578125e-02,2.411728054285049438e-01,6.599021703004837036e-02,-1.241564527153968811e-01,-1.360827684402465820e-01
-9.372377395629882812e-02,-1.910162866115570068e-01,2.858306840062141418e-02,-1.536914110183715820e-01,7.874251157045364380e-02,1.390636060386896133e-02,3.919625282287597656e-02,-5.406441912055015564e-02,8.440555632114410400e-02,-1.560428924858570099e-02,2.144891619682312012e-01,-6.833583861589431763e-02,2.888895978685468435e-04,1.834167987108230591e-01,-3.227213025093078613e-02,4.733811691403388977e-02,1.329828947782516479e-01,-2.667144499719142914e-02,-8.163765072822570801e-02,4.752741381525993347e-02,-1.049750223755836487e-01,5.878820270299911499e-02,-2.468168288469314575e-01,2.900335788726806641e-01,-1.083020269870758057e-01,-1.520885974168777466e-01,-2.468962073326110840e-01,4.748198762536048889e-02,-9.825722128152847290e-02,-2.390206009149551392e-01,1.219456195831298828e-01,3.818470984697341919e-02,9.843470901250839233e-02,-1.040884852409362793e-01,2.166008502244949341e-01,-2.153097987174987793e-01,-1.571495532989501953e-01,-5.084264278411865234e-02,2.148498445749282837e-01,8.460409939289093018e-02,-1.577175557613372803e-01,-1.291638333350419998e-02,2.599825710058212280e-02,4.793437197804450989e-02,-1.283030956983566284e-02,2.121877074241638184e-01,1.542372405529022217e-01,-9.613446146249771118e-02,3.454361855983734131e-02,3.288192301988601685e-02,-3.466728627681732178e-01,1.066857427358627319e-01,-5.883510038256645203e-02,-1.360827684402465820e-01
-8.956921100616455078e-02,-1.686157435178756714e-01,-5.703852698206901550e-02,-1.108308732509613037e-01,1.542987078428268433e-01,8.638425916433334351e-02,-6.899193674325942993e-02,-5.976366251707077026e-02,8.725314587354660034e-02,-2.261538617312908173e-02,1.145398840308189392e-01,1.173700466752052307e-01,-1.201819553971290588e-01,4.036440253257751465e-01,-1.025855392217636108e-01,-2.435556203126907349e-01,-2.214500755071640015e-01,-1.194585114717483521e-02,-1.658649742603302002e-02,3.561788797378540039e-02,3.556063771247863770e-02,-5.583778396248817444e-02,-6.873577833175659180e-02,-3.016703575849533081e-02,-1.050433889031410217e-02,-1.109077110886573792e-01,1.226479187607765198e-01,-2.219559252262115479e-02,1.135598346590995789e-01,9.541767649352550507e-04,-2.310165166854858398e-01,-3.246685862541198730e-02,-1.693218201398849487e-02,6.183640658855438232e-02,-4.640885069966316223e-02,-3.193209692835807800e-02,7.459101080894470215e-02,-8.980636298656463623e-02,3.557192627340555191e-03,1.853485405445098877e-01,7.631521672010421753e-02,1.466252207756042480e-01,-3.622862100601196289e-01,1.667028851807117462e-02,3.499184921383857727e-02,-2.171435952186584473e-01,1.710983067750930786e-01,-3.787617385387420654e-02,-6.506747007369995117e-02,-2.556135058403015137e-01,3.865435346961021423e-02,-2.040838003158569336e-01,2.138023227453231812e-01,-1.360827684402465820e-01
-9.390081465244293213e-02,-2.463837340474128723e-02,9.649442881345748901e-02,-1.242382898926734924e-01,3.032703995704650879e-01,6.197028979659080505e-02,6.922707706689834595e-02,1.398877054452896118e-01,9.614579379558563232e-02,1.710731834173202515e-01,1.125013306736946106e-01,8.083788305521011353e-02,-3.214679658412933350e-02,-1.277310848236083984e-01,-1.710304617881774902e-01,-2.878376841545104980e-01,-1.554211974143981934e-01,-6.151888892054557800e-02,4.134416580200195312e-03,-1.731391847133636475e-01,1.582257300615310669e-01,5.061469599604606628e-02,1.132367625832557678e-01,3.840158581733703613e-01,1.853076666593551636e-01,2.297655642032623291e-01,-6.201563403010368347e-02,-9.780725091695785522e-02,-1.777701526880264282e-01,9.424108266830444336e-02,1.174623295664787292e-01,-3.470544144511222839e-02,-1.175376847386360168e-01,-1.356158056296408176e-03,-1.023911610245704651e-01,8.223044872283935547e-02,1.019955351948738098e-01,5.247365217655897141e-03,-6.479955464601516724e-02,-2.039988338947296143e-02,1.191842332482337952e-01,-1.496730744838714600e-01,-6.734101474285125732e-02,-2.605773508548736572e-01,1.916716434061527252e-02,6.166239455342292786e-02,3.092435374855995178e-02,-5.815629661083221436e-02,1.704742899164557457e-03,4.894521459937095642e-02,4.243503510951995850e-02,2.179753631353378296e-01,-1.508700698614120483e-01,-1.360827684402465820e-01
-9.571229666471481323e-02,-2.518084272742271423e-02,2.521158568561077118e-02,-1.864413643488660455e-04,1.303331553936004639e-01,1.508314311504364014e-01,3.342788293957710266e-02,-1.235788315534591675e-01,-7.584435492753982544e-02,1.680198758840560913e-01,1.065341904759407043e-01,-3.359173536300659180e-01,-4.714700579643249512e-02,-1.624412685632705688e-01,-1.209263354539871216e-01,-2.496700584888458252e-01,1.891756951808929443e-01,1.102613750845193863e-02,-8.988126367330551147e-02,-3.823207914829254150e-01,-6.424242258071899414e-02,1.737594977021217346e-02,-3.177983313798904419e-02,1.494927331805229187e-02,-1.243203040212392807e-02,1.152157131582498550e-02,-2.639748901128768921e-02,2.113402336835861206e-01,2.641527540981769562e-02,1.062828004360198975e-01,-2.454170957207679749e-02,1.461247652769088745e-01,5.359015893191099167e-03,8.707386441528797150e-03,-7.684183120727539062e-02,-1.274903118610382080e-01,-2.909407950937747955e-02,-1.489616632461547852e-01,-9.305930882692337036e-02,1.095024645328521729e-01,-6.578709185123443604e-02,5.842244625091552734e-02,2.400370091199874878e-01,2.665792703628540039e-01,-2.521742135286331177e-03,-8.345130831003189087e-03,-2.193754613399505615e-01,2.849976718425750732e-02,9.678389877080917358e-02,-2.774613536894321442e-02,1.256089508533477783e-01,-2.779181301593780518e-01,1.456939578056335449e-01,-1.360827684402465820e-01
-1.293774247169494629e-01,-2.732234895229339600e-01,-2.946677505970001221e-01,7.166165113449096680e-02,-9.952844679355621338e-02,3.703579679131507874e-02,2.716237008571624756e-01,-9.076943993568420410e-02,2.241646684706211090e-02,1.041755676269531250e-01,2.347206473350524902e-01,6.895455718040466309e-02,-1.010863184928894043e-01,-1.957017332315444946e-01,5.118588451296091080e-03,-2.299532592296600342e-01,2.785512208938598633e-01,5.091098323464393616e-02,2.239151149988174438e-01,2.884695492684841156e-02,-8.486219495534896851e-02,4.397287964820861816e-02,-3.214356303215026855e-02,-2.558752596378326416e-01,-8.644225448369979858e-02,-1.549966186285018921e-01,1.664362549781799316e-01,-9.771144390106201172e-02,7.122469251044094563e-04,-3.592105209827423096e-02,2.058151513338088989e-01,-2.131851166486740112e-01,5.884166061878204346e-02,1.089464053511619568e-01,-3.897178918123245239e-02,-7.276152819395065308e-02,6.455249339342117310e-02,2.552649080753326416e-01,-1.161688119173049927e-01,-7.593105733394622803e-02,-2.277798578143119812e-02,4.431246593594551086e-02,-1.453121751546859741e-01,-8.069694042205810547e-02,5.104235559701919556e-02,1.364840194582939148e-02,-1.373601425439119339e-02,3.695243597030639648e-02,-2.502151764929294586e-02,8.118063211441040039e-02,8.198632858693599701e-03,1.168650388717651367e-01,-3.793690353631973267e-02,-1.360827684402465820e-01
-1.507136374711990356e-01,2.047586813569068909e-02,1.559570729732513428e-01,-2.011950016021728516e-01,-3.298651427030563354e-02,-8.977209776639938354e-02,5.376823544502258301e-01,-1.117396727204322815e-01,-1.796179860830307007e-01,-9.240257553756237030e-03,6.659797579050064087e-02,7.193117588758468628e-02,-1.512920409440994263e-01,-8.394487947225570679e-02,1.436661183834075928e-01,5.426362901926040649e-02,-1.157625485211610794e-02,-1.165478006005287170e-01,-8.943922072649002075e-02,5.530558153986930847e-02,-1.263094544410705566e-01,4.560980200767517090e-02,4.092697054147720337e-03,-1.104108020663261414e-01,-1.447103321552276611e-01,9.658120572566986084e-02,3.583003208041191101e-02,-2.576509118080139160e-02,9.727823734283447266e-02,2.949014008045196533e-01,-2.017697393894195557e-01,7.590835541486740112e-02,-2.157435193657875061e-02,-1.490119099617004395e-01,-7.434483617544174194e-02,2.934702634811401367e-01,5.611218977719545364e-03,-1.326583474874496460e-01,2.779755890369415283e-01,8.725340664386749268e-02,3.584538027644157410e-02,-1.118952408432960510e-02,6.039710715413093567e-02,3.290450666099786758e-03,-1.320811174809932709e-02,5.791094899177551270e-02,1.042147278785705566e-01,3.893237095326185226e-03,-1.077319681644439697e-01,-1.941869221627712250e-02,-5.559439212083816528e-02,1.345216296613216400e-02,-7.505184412002563477e-02,-1.360827684402465820e-01
-1.383896768093109131e-01,1.656251847743988037e-01,2.874838188290596008e-02,-1.020583696663379669e-02,-7.700438052415847778e-02,2.612241208553314209e-01,1.306469440460205078e-01,-1.049074605107307434e-01,-1.993067115545272827e-01,9.742382913827896118e-02,-2.915242686867713928e-02,2.277449071407318115e-01,-1.431677341461181641e-01,2.220711261034011841e-01,-1.434064358472824097e-01,-6.674637645483016968e-02,-1.962166577577590942e-01,2.268673330545425415e-01,-1.071523278951644897e-01,2.902729213237762451e-01,-9.829395264387130737e-02,1.273703277111053467e-01,8.961994200944900513e-02,7.944023609161376953e-02,4.679306969046592712e-02,6.597930192947387695e-02,-3.408722952008247375e-02,1.017645224928855896e-01,-4.450048133730888367e-02,2.880293130874633789e-02,1.411875039339065552e-01,6.271722912788391113e-02,1.575454697012901306e-02,-9.874103963375091553e-02,1.418807506561279297e-01,1.867385953664779663e-02,-1.402063965797424316e-01,2.035462409257888794e-01,-1.866795271635055542e-01,-3.008075058460235596e-01,-1.391415148973464966e-01,8.438751846551895142e-02,1.290743201971054077e-01,-1.731692813336849213e-02,-1.182267740368843079e-01,2.527083270251750946e-02,-3.970714285969734192e-02,1.668984889984130859e-01,1.934649050235748291e-01,-2.238341979682445526e-02,5.466545000672340393e-02,-1.148428991436958313e-01,7.608142495155334473e-02,-1.360827684402465820e-01
-1.380441039800643921e-01,1.293347775936126709e-01,-2.794761396944522858e-02,5.138083919882774353e-02,-6.761565804481506348e-02,2.764108777046203613e-01,5.347900465130805969e-02,-9.124834835529327393e-02,-2.424685209989547729e-01,-3.553217276930809021e-02,-4.160302132368087769e-02,1.440556794404983521e-01,-4.533844813704490662e-02,-3.203926142305135727e-03,-3.623335808515548706e-02,1.286735385656356812e-01,-4.346022382378578186e-02,-1.328172534704208374e-01,-1.081741079688072205e-01,-6.934952735900878906e-02,9.661427140235900879e-02,6.572270393371582031e-02,1.346737444400787354e-01,-1.188208535313606262e-01,6.870585959404706955e-03,-1.012698486447334290e-01,-1.051548048853874207e-01,-1.832283586263656616e-01,-1.636240333318710327e-01,-3.207455575466156006e-01,-2.801012806594371796e-02,2.693108655512332916e-02,4.758214578032493591e-02,3.346007168292999268e-01,-2.464300245046615601e-01,-8.765952289104461670e-02,1.282262057065963745e-02,-3.831834495067596436e-01,-1.223546490073204041e-01,-1.572175510227680206e-02,8.819465339183807373e-02,9.394958615303039551e-02,4.015139347757212818e-05,1.632112413644790649e-01,-5.401926487684249878e-02,-5.887514352798461914e-02,9.222646057605743408e-02,-7.709852606058120728e-02,-2.640534378588199615e-02,1.635150164365768433e-01,-6.240061670541763306e-02,1.355858743190765381e-01,-1.447988897562026978e-01,-1.360827684402465820e-01
-1.379995495080947876e-01,7.567122578620910645e-02,-9.151832759380340576e-02,4.909437615424394608e-03,-7.574763149023056030e-02,1.460608243942260742e-01,-1.417635940015316010e-02,-7.608309388160705566e-02,-2.150143533945083618e-01,-7.483269274234771729e-02,-2.176533341407775879e-01,5.521185696125030518e-02,1.303670108318328857e-01,8.699458837509155273e-02,-3.825392201542854309e-02,4.841136187314987183e-02,1.294426172971725464e-01,-2.080339491367340088e-01,-1.805117279291152954e-01,-1.459099072962999344e-02,-2.202523127198219299e-02,2.979437448084354401e-02,2.112290710210800171e-01,1.727979443967342377e-02,-6.857416033744812012e-02,5.788992624729871750e-03,1.584259606897830963e-02,1.346692889928817749e-01,8.189798891544342041e-02,-5.040119960904121399e-02,-3.166927024722099304e-02,-5.861728265881538391e-02,6.855473667383193970e-02,-1.705784052610397339e-01,-1.297432277351617813e-02,-1.087232828140258789e-01,9.320819377899169922e-02,2.370116412639617920e-01,-3.343874588608741760e-02,3.117438554763793945e-01,-9.505498409271240234e-02,-3.622090518474578857e-01,-1.981416642665863037e-01,-1.181300729513168335e-01,3.416258469223976135e-02,1.433901935815811157e-01,-2.025773525238037109e-01,-3.172716200351715088e-01,-1.264453586190938950e-02,-5.409855023026466370e-02,1.230305656790733337e-01,9.751845151185989380e-02,1.230552494525909424e-01,-1.360827684402465820e-01
-1.425213366746902466e-01,-4.751592129468917847e-02,-2.490741163492202759e-01,5.981075111776590347e-03,5.985089018940925598e-02,6.098363921046257019e-02,6.158684380352497101e-03,-2.422867342829704285e-02,-1.064053922891616821e-01,-1.815868020057678223e-01,-1.525172740221023560e-01,1.098056063055992126e-01,6.102390214800834656e-02,-1.167285218834877014e-01,-5.050754547119140625e-02,1.986404210329055786e-01,9.119462966918945312e-02,-9.344547986984252930e-02,1.205625608563423157e-01,-1.105557605624198914e-01,1.550502479076385498e-01,-1.166539266705513000e-01,9.070768952369689941e-02,2.667478024959564209e-01,-1.659525781869888306e-01,1.283722519874572754e-01,1.713020205497741699e-01,8.206771314144134521e-02,-1.551827341318130493e-01,-5.115245282649993896e-02,-5.925988778471946716e-02,-4.178237169981002808e-02,1.778498874045908451e-03,1.224370021373033524e-02,8.779436349868774414e-02,-1.358106434345245361e-01,2.849669456481933594e-01,4.396055266261100769e-02,3.194070160388946533e-01,-2.106065750122070312e-01,3.025596588850021362e-02,1.226960271596908569e-01,1.299751698970794678e-01,-2.247017435729503632e-02,2.184120863676071167e-01,-3.106397762894630432e-02,1.334466934204101562e-01,2.433175742626190186e-01,8.844750374555587769e-02,-1.666884869337081909e-01,1.746680401265621185e-02,-1.507719755172729492e-01,5.943267792463302612e-02,-1.360827684402465820e-01
-1.518661826848983765e-01,5.229400843381881714e-02,-1.129866614937782288e-01,-9.400534629821777344e-02,1.633036285638809204e-01,-6.983671337366104126e-02,9.860364347696304321e-02,3.318366128951311111e-03,-2.992045693099498749e-02,-1.722309440374374390e-01,-2.817370593547821045e-01,1.713743247091770172e-02,-7.370927836745977402e-03,-1.293854713439941406e-01,9.723906219005584717e-02,-1.315654218196868896e-01,-6.818855553865432739e-02,-8.908831514418125153e-03,3.531424701213836670e-02,6.100456416606903076e-02,6.893164664506912231e-02,-3.219552338123321533e-01,-6.830815225839614868e-02,7.626454532146453857e-02,1.048918720334768295e-02,2.617175632622092962e-04,-8.148401230573654175e-02,1.313537806272506714e-01,1.779639571905136108e-01,8.112759143114089966e-02,1.001027151942253113e-01,7.527562230825424194e-02,4.774378985166549683e-02,3.003669381141662598e-01,2.709245979785919189e-01,-1.814082264900207520e-02,-1.181027069687843323e-01,8.947999775409698486e-02,-3.890599310398101807e-02,1.214153990149497986e-01,5.244320631027221680e-02,-3.585131838917732239e-02,-5.783564969897270203e-02,6.365951150655746460e-02,-2.458362132310867310e-01,-3.274094462394714355e-01,-2.235054820775985718e-01,6.264144182205200195e-02,-3.811924159526824951e-02,7.283220440149307251e-02,-2.414209097623825073e-01,3.742756322026252747e-02,-1.692852079868316650e-01,-1.360827684402465820e-01
-1.456452161073684692e-01,-2.255434403195977211e-03,-1.839286983013153076e-01,-4.709301516413688660e-02,1.084022298455238342e-01,-4.834587499499320984e-02,-7.824361324310302734e-02,-1.480884552001953125e-01,-6.564044207334518433e-02,-1.089487373828887939e-01,-2.329873740673065186e-01,-2.315418422222137451e-01,-1.879607439041137695e-01,-3.620573505759239197e-02,1.942957043647766113e-01,-1.498447079211473465e-02,3.451579250395298004e-03,3.372529745101928711e-01,3.812786936759948730e-02,1.038947030901908875e-01,1.365288197994232178e-01,-2.463746964931488037e-01,2.991096675395965576e-02,-6.861784961074590683e-03,1.801908612251281738e-01,-1.226687338203191757e-02,-7.456430792808532715e-02,-4.546612035483121872e-03,-1.575488001108169556e-01,1.490266621112823486e-02,4.894384741783142090e-02,-9.779896587133407593e-02,-6.051455065608024597e-02,-1.660692244768142700e-01,-9.930030256509780884e-02,1.672030985355377197e-01,-1.465315967798233032e-01,2.103005535900592804e-03,-1.758043318986892700e-01,1.331474781036376953e-01,-1.118055777624249458e-03,2.625157497823238373e-02,8.333855122327804565e-02,9.744639694690704346e-02,2.614427208900451660e-01,1.726903021335601807e-01,3.115685880184173584e-01,-9.778495132923126221e-02,-1.085257083177566528e-01,7.684452086687088013e-02,3.080170042812824249e-02,6.259628385305404663e-02,1.350534260272979736e-01,-1.360827684402465820e-01
-1.450721770524978638e-01,1.015895381569862366e-01,-4.075467959046363831e-02,-1.375639140605926514e-01,1.499441079795360565e-02,-1.286182999610900879e-01,-8.349310606718063354e-02,-2.012285143136978149e-01,7.874868065118789673e-02,-1.247662603855133057e-01,-1.411416083574295044e-01,-1.848199516534805298e-01,1.536199599504470825e-01,-6.282687932252883911e-02,6.266766786575317383e-02,-3.871933370828628540e-02,1.898360848426818848e-01,1.055692043155431747e-02,1.839957684278488159e-01,2.624461948871612549e-01,-4.639133065938949585e-02,3.455559015274047852e-01,-8.033484965562820435e-02,6.731174141168594360e-02,7.195278257131576538e-02,-4.872328415513038635e-02,-4.165212437510490417e-02,-1.343693286180496216e-01,-7.133033871650695801e-02,6.342922151088714600e-02,-8.373755961656570435e-02,-9.826459921896457672e-03,1.156194955110549927e-01,-9.825730696320533752e-03,-9.880926460027694702e-03,5.015076696872711182e-02,-3.928760532289743423e-03,-2.730170190334320068e-01,-8.559306710958480835e-02,-8.003211021423339844e-02,2.996981441974639893e-01,2.166856266558170319e-02,-1.694272309541702271e-01,-1.717402338981628418e-01,-7.751508057117462158e-02,1.026505380868911743e-01,-2.054934203624725342e-01,3.203982487320899963e-02,3.157801032066345215e-01,-1.547494977712631226e-01,2.179922303184866905e-03,-6.605174392461776733e-02,2.841925248503684998e-02,-1.360827684402465820e-01
-1.500464081764221191e-01,5.206424742937088013e-02,-1.990356892347335815e-01,-3.982292115688323975e-02,-1.067328304052352905e-01,-8.974860608577728271e-02,-1.618453413248062134e-01,-1.007350683212280273e-01,9.535540640354156494e-02,-9.499444812536239624e-02,-1.112460494041442871e-01,5.246897414326667786e-02,1.166154146194458008e-01,-9.081831574440002441e-02,-1.599632203578948975e-01,-1.619314551353454590e-01,-1.548926681280136108e-01,6.279690563678741455e-02,-4.019197821617126465e-02,2.265721093863248825e-03,-1.619547456502914429e-01,8.872368931770324707e-02,-2.873848378658294678e-01,7.198523730039596558e-03,-1.073704138398170471e-01,-1.246757339686155319e-02,-1.935874968767166138e-01,-1.717711538076400757e-01,2.840289771556854248e-01,-1.058250144124031067e-01,5.398284643888473511e-03,7.412845641374588013e-02,-8.098944276571273804e-02,-5.864755436778068542e-02,-9.030923247337341309e-02,1.047763228416442871e-01,1.960043758153915405e-01,-1.227312684059143066e-01,5.482599884271621704e-02,-1.018063649535179138e-01,-3.246699571609497070e-01,-5.669168382883071899e-02,2.089058160781860352e-01,-2.047431170940399170e-01,1.182502359151840210e-01,-1.524198651313781738e-01,6.094505544751882553e-03,-8.065851032733917236e-02,-1.678873151540756226e-01,1.625348329544067383e-01,1.764385551214218140e-01,-5.786297842860221863e-02,-8.363948017358779907e-02,-1.360827684402465820e-01
-1.427003294229507446e-01,2.237450778484344482e-01,-5.492468178272247314e-02,-1.033492088317871094e-01,3.181486204266548157e-02,-1.566927731037139893e-01,-7.385427504777908325e-02,-5.429476127028465271e-02,2.047323435544967651e-01,-3.272509947419166565e-02,-5.631394311785697937e-02,7.609567791223526001e-02,7.790528982877731323e-02,5.127257853746414185e-02,1.433117873966693878e-02,-4.310370609164237976e-02,-1.092004328966140747e-01,-3.951164335012435913e-02,3.012684881687164307e-01,-2.011920362710952759e-01,-1.387853473424911499e-01,8.621533960103988647e-02,5.541063845157623291e-02,-1.109205111861228943e-01,9.051270782947540283e-03,4.623010009527206421e-02,1.086370497941970825e-01,1.227206960320472717e-01,-2.331617325544357300e-01,-6.743564456701278687e-02,-1.232902854681015015e-01,-4.747636243700981140e-02,-1.490134894847869873e-01,-7.716962695121765137e-02,-2.664561271667480469e-01,-6.921987980604171753e-02,-2.199805378913879395e-01,1.767023056745529175e-01,1.043346822261810303e-01,-2.422087341547012329e-01,-1.254827827215194702e-01,-1.259816437959671021e-01,-6.991430371999740601e-02,2.651208937168121338e-01,-2.448369264602661133e-01,6.795591115951538086e-02,-1.540251076221466064e-02,-1.068283319473266602e-01,-1.882644593715667725e-01,-7.518812268972396851e-02,-1.325882375240325928e-01,-7.937122136354446411e-02,-8.566895127296447754e-02,-1.360827684402465820e-01
-1.538272947072982788e-01,2.435550093650817871e-01,-1.012497246265411377e-01,2.692975476384162903e-02,-1.743088811635971069e-01,-4.714496061205863953e-02,-5.692626908421516418e-02,1.066562160849571228e-01,1.707615256309509277e-01,9.759666025638580322e-02,1.019391864538192749e-01,-1.244954671710729599e-02,1.484456807374954224e-01,3.480518236756324768e-02,-9.998569637537002563e-02,-2.075395733118057251e-02,1.100796833634376526e-02,-7.000483572483062744e-02,-3.758963569998741150e-02,-5.352387949824333191e-02,-2.569623589515686035e-01,-1.869216747581958771e-02,1.874749362468719482e-01,-7.910317927598953247e-02,2.650589942932128906e-01,8.419042080640792847e-02,-8.667673915624618530e-03,1.292121112346649170e-01,2.852142788469791412e-02,4.143947735428810120e-03,-4.612954333424568176e-02,-6.530211865901947021e-02,6.006645038723945618e-02,2.938342988491058350e-01,1.026828736066818237e-01,9.478796273469924927e-02,-2.764654755592346191e-01,-4.869661852717399597e-02,2.468450814485549927e-01,1.957290619611740112e-01,-2.881901524960994720e-02,1.038579121232032776e-01,4.171555396169424057e-03,-1.554683297872543335e-01,2.224143296480178833e-01,4.291057586669921875e-02,5.812950059771537781e-02,2.600396871566772461e-01,2.478169277310371399e-02,9.594450145959854126e-02,1.198319438844919205e-02,1.722387075424194336e-01,2.317493110895156860e-01,-1.360827684402465820e-01
-1.527351737022399902e-01,1.502646654844284058e-01,-1.729659140110015869e-01,2.802948839962482452e-02,-1.269030719995498657e-01,-6.255700439214706421e-02,-1.017141118645668030e-01,1.014651656150817871e-01,-7.363192853517830372e-04,9.695710614323616028e-03,1.490677744150161743e-01,-5.658512562513351440e-02,1.883020550012588501e-01,1.966394484043121338e-01,9.050231426954269409e-02,6.747487187385559082e-02,-9.610618650913238525e-02,-1.644613295793533325e-01,6.330192089080810547e-02,-2.121933102607727051e-01,-8.976563811302185059e-02,-5.109602585434913635e-02,5.433855950832366943e-02,-1.199376117438077927e-02,-4.782257229089736938e-02,-2.910833992063999176e-02,9.983695298433303833e-02,-1.667254418134689331e-01,7.271783053874969482e-02,2.064984589815139771e-01,1.826521754264831543e-01,4.112774506211280823e-02,-3.485644236207008362e-02,-4.616328328847885132e-02,2.517623901367187500e-01,1.140522211790084839e-01,2.499915957450866699e-01,4.584429785609245300e-02,-2.878744602203369141e-01,1.535476893186569214e-01,1.119351089000701904e-01,1.710791587829589844e-01,1.746579408645629883e-01,7.275385409593582153e-02,-2.290367782115936279e-01,1.994607001543045044e-01,2.450012713670730591e-01,-1.015394181013107300e-01,9.349431842565536499e-02,-3.205735981464385986e-02,-5.191778764128684998e-02,-6.864331662654876709e-02,-1.439703553915023804e-01,-1.360827684402465820e-01
-1.622987240552902222e-01,3.338116109371185303e-01,5.133055523037910461e-02,-7.395966351032257080e-02,-1.772512681782245636e-02,-2.772865295410156250e-01,5.202506855130195618e-02,1.968691647052764893e-01,-8.018273860216140747e-02,1.890024542808532715e-01,1.590294390916824341e-01,-6.056329980492591858e-02,-7.734326273202896118e-02,4.639592766761779785e-02,9.511659294366836548e-02,1.660518795251846313e-01,2.628828883171081543e-01,-3.067049197852611542e-02,-2.021195590496063232e-01,-3.830997273325920105e-02,2.167104780673980713e-01,-2.137576192617416382e-01,-9.834656864404678345e-02,8.982662111520767212e-02,-3.520122170448303223e-02,-1.185974031686782837e-01,6.900808960199356079e-02,-5.584120005369186401e-02,1.361505985260009766e-01,-5.283206701278686523e-02,6.276130676269531250e-02,-1.628051847219467163e-01,-1.859996914863586426e-01,-1.232552379369735718e-01,-4.722031205892562866e-02,-1.606175899505615234e-01,-9.319014847278594971e-02,-1.272834837436676025e-01,-1.024517491459846497e-01,-2.528580427169799805e-01,-8.349997550249099731e-02,3.270728886127471924e-02,-1.503205895423889160e-01,-1.661138534545898438e-01,-8.026536554098129272e-02,-1.635188013315200806e-01,-1.822614297270774841e-02,-7.162283174693584442e-03,-2.674399502575397491e-02,-6.491300184279680252e-03,8.118695020675659180e-02,-1.717630214989185333e-02,1.636398881673812866e-01,-1.360827684402465820e-01
-1.569928228855133057e-01,2.933421730995178223e-01,-1.066733226180076599e-01,1.163935512304306030e-01,-9.495075792074203491e-02,-5.431110784411430359e-02,-1.119311228394508362e-01,1.764147728681564331e-01,8.908191323280334473e-02,1.514792889356613159e-01,2.502404451370239258e-01,5.638109520077705383e-02,-2.001518607139587402e-01,-1.108328178524971008e-01,5.212833359837532043e-02,3.885824233293533325e-02,-1.418799161911010742e-01,2.099057585000991821e-01,-8.884191513061523438e-03,1.032676473259925842e-01,3.351968824863433838e-01,1.689225435256958008e-01,-1.401239633560180664e-01,-9.361995011568069458e-02,-4.507480189204216003e-02,-6.118890643119812012e-02,-7.482090592384338379e-02,2.156526781618595123e-02,-1.028821542859077454e-01,-1.130772009491920471e-02,-1.112303659319877625e-01,2.205019295215606689e-01,2.231034785509109497e-01,-8.562813699245452881e-02,4.016852751374244690e-02,-3.434524685144424438e-02,1.782525926828384399e-01,1.673599779605865479e-01,1.520268172025680542e-01,1.928150504827499390e-01,1.488735079765319824e-01,-8.989877998828887939e-02,6.704193074256181717e-03,1.652285605669021606e-01,1.595484167337417603e-01,-3.357905894517898560e-02,-1.827403604984283447e-01,1.065708813257515430e-03,-2.191888727247714996e-02,-2.814374305307865143e-02,-3.950625658035278320e-02,1.132104359567165375e-02,-9.336005151271820068e-02,-1.360827684402465820e-01
