2.548249272820689998e-02,-3.662990190231051324e-01,1.457800262009656678e-01,1.907364939323785702e-02,2.754901182067954757e-01,2.193192755350278633e-01,-1.002811138253465947e-02,2.269622923122773250e-01,6.359272165128543319e-02,5.715796682600720463e-02,-3.090458335374231258e-02,-1.212667046089979141e-02,1.397282623495003651e-01,1.484514573061437304e-01,3.423924150070730699e-01,4.374485776473965859e-02,-1.849008963731704064e-02,1.259675713005018183e-01,-1.502356646781097434e-02,-3.126134779694791921e-02,-4.684101931413458542e-01,2.012406565207568165e-02,-6.089621746901698052e-02,1.202216747809444451e-02,9.013414720736513674e-02,-3.804787274436594036e-02,1.925153823130503622e-02,2.152409437493981934e-02,-1.439790984242790561e-01,5.751975783950218080e-02,8.498723916110599574e-02,5.414373099447095106e-02,-1.429938272863758297e-01,5.552511460141459215e-02,-1.560122232721377830e-02,-2.361578641642058524e-02,-5.513471635974750290e-02,1.247794767449572489e-01,-6.621114116116512405e-02,-5.915403516388292003e-03,-2.690315697391181260e-01,4.722360896034291655e-02,2.835660571765458594e-03,-6.597576604496935108e-03,8.226086957870522992e-03,-1.303945467474328926e-03,-6.444443518827849826e-02,-2.489242741663051650e-02,-1.000514995025080650e-01,1.842648916729254516e-02,-5.682720446682684029e-02,-2.566312431691206500e-02,-2.542445601485094908e-01,-7.379614152380044312e-02
-6.925446123460314574e-02,-1.961145327184388720e-01,8.293362587766613114e-02,1.951233275178957394e-01,2.660690593823697991e-01,1.295074174596575478e-01,-7.891922133645719317e-02,2.831468197944443932e-01,3.800119014327828226e-02,2.559041727474892572e-02,-7.466857434482179756e-02,-2.231956820009232956e-02,7.558325309841709694e-02,1.392916595068054708e-01,-1.116227872994424997e-01,3.003038717431741333e-01,4.843894511935979696e-02,-9.957111361693587667e-03,1.008209117978998148e-01,3.505683317689689549e-02,2.914910314734947550e-01,-7.443894712229862098e-02,-4.262281438460288618e-02,6.005940293447364908e-02,-7.678253026929274250e-02,1.339024790208763298e-02,-1.378990320946930914e-01,8.601452209972958174e-03,6.200643348802848537e-02,1.070835009262079973e-01,-1.763704743342539849e-01,-1.344914143722593936e-01,8.582781871738659474e-02,-1.579407845914396202e-02,7.895677898296561692e-02,-1.692358087878254869e-01,-8.238617388257657437e-02,-2.730711737408882955e-01,6.290145385866745265e-02,-5.951340049710709956e-02,3.567853752989365579e-01,-5.098974299284995265e-02,9.832405610659492035e-02,5.778736876386923738e-02,-1.242341163964486572e-01,1.062975043200516286e-02,5.037868792866687789e-02,8.842977044985557422e-02,1.491030101347969872e-01,6.398129097196648962e-02,-5.807926400524694721e-02,6.718617066036541852e-02,-2.485360307183023809e-01,-6.747126876639794602e-02
-1.015050449034912428e-01,-1.727571499990360471e-01,7.043650474732095212e-02,2.360750124382544057e-01,5.939304816246810531e-02,1.844131700775461513e-02,3.203224265372831003e-02,9.358707213804580427e-02,3.732804746521835304e-02,4.091112309015291701e-03,7.061788801353950651e-02,-5.332721447963540556e-02,1.335957719303238755e-01,-2.127459648978529683e-01,5.874066264509045232e-02,-1.224809433987190388e-01,5.841498342728513454e-02,-1.073711702239943389e-02,-1.890519361394369935e-01,9.558270825184478348e-02,2.195080253982709118e-01,1.215587599983334183e-01,2.875193194655192297e-01,-2.534833587954724021e-01,-9.124694184283195508e-02,-6.975184539050346966e-02,2.231541913208338612e-01,1.061420273424558275e-01,1.698445353655303192e-01,-3.022366441916536917e-01,1.270364203687874838e-01,2.224771827543405717e-03,-3.165639631431631934e-02,1.012630802168477812e-01,-7.731681081770870601e-02,7.232145459631116047e-02,5.673761345479921836e-02,1.255154865544938769e-01,-4.890864406317074753e-02,-3.587338698613894844e-02,1.599709505208601890e-01,-2.777619106876700814e-02,-1.716854418872147403e-01,-1.796655286191533446e-02,1.923116885539729870e-01,-1.436085573888139059e-02,1.071699198070631687e-01,-1.271211488644505561e-01,-3.931566217371995631e-02,-2.154132353950637957e-01,2.158732932453765185e-01,2.976627942064440091e-02,-2.428275012881000727e-01,-6.114639600899972327e-02
-1.377615149604552724e-01,-1.124537417270325274e-01,1.070826684238626453e-01,2.477231578500158626e-01,-1.256603207704535229e-02,-4.450046576140555439e-03,1.978390788421525298e-02,-2.662335112439546264e-02,2.253065196461812580e-01,-5.505414601898342419e-02,1.345834383377434718e-01,-8.896650661837934848e-02,-1.366457206476067165e-01,-1.410304016555335160e-01,-1.931580930799612073e-01,-3.208923050267798449e-01,-1.140720280617452294e-02,1.204557578116807444e-03,4.572502015276684595e-02,-1.680316869347645292e-01,1.290773931804879704e-01,-4.726038923932621497e-03,2.263033114684678548e-01,2.044436562871272678e-01,1.539711154020666217e-01,-4.335913895122658901e-02,-1.364167828669739513e-01,-1.883349576732810948e-01,9.521860774031012942e-02,1.821792605231187245e-01,-1.991153014081921760e-02,3.006199655065435600e-02,5.946900170352772269e-02,6.272394576967784893e-03,7.828789916429407247e-02,2.149811842531623718e-02,1.670868278233596238e-01,6.659311192161751491e-02,1.972396219447931920e-01,1.457419487551827320e-01,-2.879254304313051405e-01,1.045866112132298568e-03,8.335072431054402209e-02,4.547917819406079726e-02,-1.118112099999363507e-01,5.558856334014307399e-02,-2.008492332739810760e-01,4.341674631037232418e-02,6.563719642415358213e-02,1.286279366207959407e-01,6.937851935684631599e-02,-1.831426884659286547e-01,-2.371189718578929351e-01,-5.482152325159866946e-02
-1.755738970203503946e-01,-1.469722182055944182e-01,8.962577273649760534e-02,1.860973569156608998e-01,-1.380372338807995813e-01,-9.991736881692912797e-02,3.934134581633982192e-02,-2.424011871311806954e-01,5.214984604744706681e-02,-2.480403612475023598e-02,-4.616796455684153699e-02,-9.672194664659637675e-02,-8.194787704322614719e-02,-8.199003515913251550e-02,6.535061232067401749e-02,-4.946747436243916635e-02,9.150755133476712322e-02,-1.051036337166047496e-01,-1.196717543387439964e-01,4.375229728226627882e-03,1.752803228757777443e-01,-1.514938420255721729e-01,-2.915948000916840366e-01,2.351443769716271906e-02,-8.448755163925218692e-02,1.678478888155341409e-01,-1.069615026812844039e-01,3.870546978934892579e-02,-2.789692682938297863e-01,-1.131804750932150910e-01,5.277330830755649210e-02,-1.353673322353128074e-02,-5.916971409928725723e-02,-2.779103122014948135e-01,-1.368898642466082893e-01,2.149535385935573695e-01,-2.038644144091522892e-01,-1.232982307504392437e-02,-1.595242649406089508e-01,1.589338462498530724e-01,-1.434739875855709770e-03,1.520193080554411297e-02,6.855574140963176244e-02,2.180344747653469029e-02,2.110110782712561542e-03,-2.157918942747688307e-01,3.177581159486655982e-02,-8.099361728486764722e-02,-1.487982180820577593e-01,3.950633822809090923e-02,-2.942846871059646152e-01,2.558822128602485785e-02,-2.314104424276879346e-01,-4.849665049419905893e-02
-1.844322331834011008e-01,-9.176680340653872725e-02,-3.683838109925901411e-02,9.915778789264900750e-02,-4.760148675573076110e-02,2.433448318044874673e-02,5.323575153275832833e-02,-2.901724372659173490e-01,-3.726405770330643713e-02,1.161508499015025675e-01,3.896228505140313103e-02,-4.811451664875041057e-02,-1.894106496170255283e-01,1.091897491672391973e-01,-1.239230887997584407e-01,-5.324526150638723976e-02,-1.448393121206170697e-01,-2.302893094527209139e-01,-1.533573312139334399e-02,-5.879775043670035228e-02,-2.645085001329082752e-01,1.744890332037258573e-01,-2.834319296489148376e-01,-1.980017986822561471e-01,1.223748537953747067e-03,4.166711622656213421e-02,-1.727990014984966474e-02,-1.866016741054278838e-01,2.965772809581656254e-03,-2.500084025271964022e-02,-8.232202510650413196e-02,4.486306797728634166e-02,-7.890820265719684923e-02,-1.086717442337555434e-01,9.276361622278499197e-02,-1.841860266615328590e-01,1.952704999887990012e-01,-9.098495246957123694e-02,-6.551587233828416908e-03,-1.932096568214023979e-01,6.233934185288544927e-02,1.085142074289666830e-01,-1.076662919856900269e-01,-2.295011634516660182e-01,-7.910576882108147703e-03,1.499402090543680288e-01,2.110762436555776722e-01,1.147338601193382823e-01,1.327999126011101538e-01,-5.923007904652383832e-02,1.949498116484831289e-01,1.020035929855246659e-01,-2.257019129974852101e-01,-4.217177773680041292e-02
-7.309931551486816004e-02,-1.544315390417280165e-01,1.765709063307629306e-02,-5.225002965168895619e-02,-1.952151676705016214e-01,-6.685319329289200752e-02,-5.323332633356983590e-02,-1.859399412035210586e-01,-1.393914795656814309e-01,1.467011000626658179e-01,-4.024553509685802055e-02,-5.439076454386150561e-02,-1.237525853982829466e-01,8.150537223505063822e-02,-1.027385787457265331e-01,1.186545929972623731e-01,1.336623163447596963e-01,-9.165886978150153408e-02,1.417762520486655908e-01,1.329278260671118705e-01,-1.104993947709037028e-01,-1.322663702076530834e-01,-8.674308525161120165e-02,1.710991564872363091e-01,-7.810130397260847679e-02,1.740662704916901352e-02,1.219457300301062808e-01,2.213085318087767150e-01,1.320007990008340848e-01,1.224848542758741610e-01,1.250903809211558956e-02,1.166449231953280985e-01,2.424597560709650657e-01,4.261572731737395814e-01,3.837054848594058376e-02,1.615583057243651366e-01,4.780128195205089747e-02,6.288567409522080598e-02,9.580082801822767391e-02,-1.377919140889540817e-01,-3.828100918997495022e-02,-1.792922003511281115e-01,-1.574923537691874931e-01,3.065705294536117953e-01,8.233350518672136187e-02,4.828344478870477685e-02,8.112209629631725316e-02,3.541572775922489230e-02,-1.482250025577384056e-01,4.794177012463043258e-02,-3.860475952996367949e-02,-2.534172788240337398e-02,-2.199933835672788773e-01,-3.584690497939947706e-02
-1.409224596151663067e-01,-8.547584928847780372e-03,-8.688859956033215259e-02,-1.357261867068285388e-01,-1.025894956277335623e-01,1.609831279713591079e-01,3.134534072964487855e-02,-2.157471625631538215e-01,-2.464071153562430172e-01,1.514113029816468170e-01,-1.379151231278097911e-01,6.840636660447674267e-02,-2.304664192639406251e-01,2.854654365175439412e-02,-3.323711059190814082e-02,1.957591857905712773e-01,-1.155074019533953583e-01,-1.827426855494508964e-02,-1.086693052651344360e-01,5.712040298546545991e-02,-3.708431750442749836e-02,5.375790510194827787e-02,3.204904109120405020e-01,4.628526817427566081e-02,3.722873526745568845e-02,-1.529574059061615254e-01,7.881493205589343298e-02,9.088629719951707431e-02,-9.223031721188316068e-05,-9.613607274561157545e-02,-6.925196161854928201e-02,-2.449006427595071533e-01,-2.162510541076035405e-03,4.875345221099096349e-02,3.899286967051132646e-02,-8.227566722265093613e-02,-1.345018665879041120e-01,1.048374358956119107e-01,1.503081493140752053e-02,5.083894160342743163e-02,5.790347561061140458e-02,8.555907247796681880e-02,2.823519839441594459e-01,-2.204748385272303490e-01,-1.488129753008196055e-01,-4.482106010854092215e-02,-3.619475595323949357e-01,-1.191453156714472328e-01,-5.991080102486997377e-02,-1.104524806696278311e-01,-6.238655049298622718e-02,-1.339969586642921102e-02,-2.142848541370759863e-01,-2.952203222199982491e-02
3.597935075184343495e-02,-1.127422161677129331e-01,-1.106719626560383890e-01,-1.443705455407529870e-01,-3.327819597639557203e-02,4.254114422080378793e-02,-1.111135034137410021e-01,1.082443272385725519e-01,-3.313379026934070715e-01,2.412645698202006673e-04,1.039456403906245524e-01,2.929220011160125758e-01,-5.083395924564085983e-02,7.178689169597675390e-02,-1.932797767242665776e-01,1.854780262683561678e-02,1.029354139084691921e-01,5.102461570673988422e-02,2.300122698054608283e-01,1.191746766856588285e-01,7.601162266352896879e-02,1.953682441092813027e-01,3.991765284155525395e-02,-7.527596960116667707e-03,1.573119548880221388e-02,-6.869774697323807744e-02,2.650174816591936364e-02,-1.045846998986551118e-01,4.034301012445740131e-02,5.258932056436681907e-02,9.173719133125590730e-02,2.092525681014414940e-01,8.294352013821189307e-02,-2.242049095479127785e-01,-2.835937882897177076e-01,1.146374516335057214e-01,-1.002163217305139659e-01,1.040853886476183696e-02,-2.059447854662967980e-01,2.335704077440534654e-01,-1.299937625941573194e-01,1.396687604477053757e-01,7.649020176065085552e-02,4.568910043845222230e-02,1.792208437169958701e-01,-7.193237106220574766e-03,1.186084590879603884e-01,8.302458228922444949e-02,2.492483822822427197e-01,4.833302032417104849e-02,8.028004030708452143e-02,-6.448436305642218924e-02,-2.085763247068695980e-01,-2.319715946459877803e-02
-7.852188786844006840e-02,1.553104275469895275e-02,-1.957685983209565550e-01,-9.194690503590575992e-02,-1.898287130688987023e-01,8.490814722985259855e-02,1.028580549401271055e-01,1.468933117985350700e-01,-2.052538888841918541e-01,-3.932369889059613571e-02,4.320560036375500207e-02,-1.633494290999408863e-02,1.767538292343726891e-01,-1.787696536323968577e-01,-2.311082301472423273e-01,8.446572003859752209e-03,-8.009709898830216779e-02,2.946128755471592031e-01,1.365781542602352572e-01,-2.723587647665348110e-01,-1.176212291826296275e-01,-1.684068178754308809e-01,5.414228661849981167e-02,9.162581026524901917e-02,2.431957122663919446e-01,5.205516707059013037e-02,-2.897221707660126502e-02,7.334974767143265240e-02,-5.886740918036221376e-03,-9.372490119733900560e-02,1.275079186522000418e-01,-9.866359384994613513e-02,-2.449968405433867319e-02,-2.750982012583921832e-01,-8.383528733858216717e-03,-1.062133924874388985e-01,3.860774883560104398e-02,-5.549229473028877840e-02,1.418420592400542191e-01,-1.500320894859345222e-01,6.907066329759385670e-02,-1.189736956861540407e-01,-3.271990901945489583e-01,-3.722229216350415870e-02,-3.315511058855360321e-02,-6.476194617017591582e-02,9.522457795912027401e-02,-7.137032457002102925e-02,-1.485233209096436247e-01,-1.424151837592747827e-02,-1.423468259235914912e-01,2.055904191724516883e-02,-2.028677952766656523e-01,-1.687228670719920220e-02
-1.012648930785479823e-01,8.741213759085453283e-02,-1.603906681578481097e-01,-6.124540718294022024e-02,-3.260772192408072367e-01,-3.849446990686696685e-02,1.873559951577951355e-01,6.154228392472138598e-02,-5.970900994083292584e-02,-4.339262320207670082e-02,1.125968273503608202e-01,-1.549398879724344924e-01,3.483899727510690880e-01,-7.205401947105631588e-02,1.504006253947255678e-01,5.207884187234680662e-02,3.077934606740751269e-02,1.478653099203245669e-01,9.061544932995282964e-02,3.044089149618119938e-01,4.860168245197882958e-02,-1.145577531537236571e-01,-6.893742016535141237e-02,-2.019046152488868373e-01,-2.169629149307632232e-01,-8.615222146963311123e-02,1.694650222497088785e-02,-2.146642563920807822e-01,-2.251384395615628198e-01,-5.448396048548168752e-02,-7.844458190688931992e-03,1.251887569632789687e-01,-5.858571326581971800e-02,1.045717717875234432e-01,1.444922740538697459e-01,-2.491623926557557864e-02,-1.767463625327235152e-02,-5.655388516376711611e-02,1.398588517619786808e-01,-3.913958701879703683e-02,-1.056011867819144912e-01,-4.193554938988111602e-03,1.662966354337553632e-01,4.076545972587234529e-02,-1.806669821858842007e-01,1.921584273146578065e-02,-1.257159591550014166e-01,5.180733804927309394e-02,1.294688576086066856e-01,1.387528633498184560e-01,1.708620577374168337e-01,4.415935484454193947e-03,-1.971592658464595693e-01,-1.054741394979918055e-02
1.029187245625552347e-02,-2.587363638627220019e-02,-1.624203887902727905e-01,-1.790614724814940661e-01,3.223822026092872800e-02,-3.927561029513279393e-03,-1.098522244737590997e-02,1.899585091307911394e-02,-7.297144825802674706e-02,-2.962082514133462241e-01,2.167108201183334526e-01,3.046450169586882306e-01,-5.136244517233214124e-02,-1.451746065685223241e-01,2.323310990422549349e-01,-1.809856873458167911e-02,-1.443630849765244195e-01,-1.323233554603437945e-01,-1.664021058347184279e-01,1.631620337259751322e-02,1.177135764837081433e-01,-1.942058921793570758e-01,-5.461673257970364043e-03,2.622151117395146169e-01,8.343956348139494258e-03,1.425556391088295960e-01,3.197254798527731506e-02,-2.401317095334809873e-02,8.842210923677014389e-02,1.635866412896434530e-01,4.889162864298100125e-02,1.307185557701526224e-01,-2.806351718095927983e-01,1.176190835468011037e-01,2.418959169209120019e-01,-1.234092661637328087e-02,1.498238320044172622e-01,-3.823132254982987421e-02,8.794303003590317122e-03,8.610039710189339515e-03,1.173507183780683610e-01,8.881900952267519911e-02,2.042078208672690742e-01,-2.974569506649340014e-02,9.395315694948275231e-02,5.635567334469360201e-02,1.959721603920734356e-01,2.757787502924595111e-02,-9.558648223090648877e-02,-1.451808602124042002e-01,-8.426078492407911014e-02,2.825345893067526468e-02,-1.914507364162551517e-01,-4.222541192398965477e-03
2.014731199899471095e-02,-2.900362632169817267e-02,4.151327819599847507e-02,-1.448519485971999921e-01,-1.377768093594381738e-01,-1.290226694662949258e-01,1.503493113532919367e-01,-3.869923738734376562e-02,1.460221866066548357e-01,-2.022902207613490877e-01,-3.804162905821193482e-03,2.344144618617184650e-01,-4.838239863320453055e-02,1.471699332415259652e-02,1.333835802585063568e-01,-2.064716261897764082e-01,-1.972439294406324456e-02,1.147763566825844850e-01,-5.163403232529959613e-02,-4.737815896373508140e-02,-1.015235066683650850e-01,-8.409746319635770517e-02,-1.245567665750734604e-02,-2.156774481764167917e-01,-2.011820820153953360e-02,6.234586977076267411e-02,-4.137078549970630431e-03,1.206324906763713428e-01,1.310024053259134513e-01,5.442825513717889502e-02,-1.214117322422950812e-01,-3.247032771119839900e-01,7.196721904566225070e-02,1.052331370425261918e-02,-1.056374152289542290e-01,-1.580935849918714553e-01,-7.181317781723152785e-03,2.608518894171302227e-02,-3.012650667421017392e-01,1.273244113799925359e-01,1.182684223502846049e-01,-1.802930294227183539e-01,-1.055304067979150467e-01,1.849076415136610696e-01,2.528003710903221901e-02,2.271032557344363489e-01,-2.231630887273381436e-01,2.179895315287445068e-01,1.500446890344388218e-01,1.449904942467549751e-01,-3.946770419661198986e-02,1.558889045181201527e-01,-1.857422069860493741e-01,2.102331565000977245e-03
-1.611548748810597842e-01,2.169274555684717332e-01,3.406520601736632431e-02,-1.150700345375317568e-01,-7.007644014742542282e-02,-4.972697463766843906e-02,1.094691321175066540e-01,-1.953518538798499748e-03,2.603674494476607704e-01,-1.360674379556232050e-01,-4.620159685351354212e-02,5.465733555136726568e-02,8.747373586788623201e-02,1.355446009598871848e-01,5.517870026674172312e-02,8.287009766297546987e-02,-1.511126257009192120e-01,1.269579577892781252e-01,-4.791223908761182981e-02,-2.825033063733718708e-02,1.193099288465115787e-01,1.257456369426774856e-01,-1.139475592744020049e-01,6.665184457020391362e-02,-4.823101719790281322e-02,-1.421395882670889455e-01,-1.513718910943799567e-01,-2.576104033480500557e-02,7.083424526651992126e-02,1.872792122010377425e-01,6.328069716601807115e-02,-8.186728212164556817e-02,3.041118408173148491e-01,2.190730663751618568e-01,-1.233517976787538994e-01,-1.207560949720560689e-01,-9.695019180884953403e-02,-9.637308333516470329e-03,-1.469299834211504618e-01,-2.629200777942508616e-02,-2.120028214630688690e-01,1.534288201499759210e-02,-9.946277227595806680e-02,-2.032614683788971366e-01,-5.127225068129866864e-02,-2.048348456090315628e-01,2.494122935239851402e-01,-1.875288851046651439e-01,5.754686596315843061e-02,-2.918556977133876518e-01,-2.587056115464516151e-02,-1.320706246058926947e-01,-1.800336775558447344e-01,8.427204322400775119e-03
-9.450349867022608819e-02,1.348898468085454883e-01,-9.219618160543621710e-02,-2.019233599860109918e-01,1.357635862524178838e-01,2.977288742558000315e-02,-3.777551255562959509e-02,-2.300063354361716328e-01,1.585497812033281884e-01,2.626572530789613932e-02,-9.155997430339134213e-02,1.683564339253139641e-01,2.433539471225525108e-01,1.046934197342665185e-02,1.433556867784006317e-01,-4.530177588955060924e-02,-9.475022975356746369e-03,-3.738361228914485745e-02,-8.095484561155888437e-02,-6.318811240743016366e-02,7.304260093805028942e-02,3.466827221807589621e-01,-1.210428930981222824e-03,-4.370751967219234368e-02,2.090759783797953020e-01,4.886815535058311455e-02,-1.299731692607781486e-01,4.604459357055544488e-02,1.311755305194707844e-01,4.113317379359561488e-02,-9.244264963705581262e-02,1.233659722618633131e-01,-3.934972991294091033e-02,-3.156401007783581070e-02,-1.671439307089191695e-01,2.191866585123964928e-01,-1.492110526114335256e-01,5.545357134121688472e-03,3.087555491495797555e-01,-2.103083359395450935e-01,1.399411993717515623e-01,7.414882678346025602e-02,8.762063956539290974e-03,1.150306723539725184e-01,-5.058198318792701299e-03,-6.070898144342255776e-02,-4.866615390164645560e-02,-5.059137535003250391e-02,-8.803290818369906290e-02,3.426391008945238736e-01,6.159971389156052718e-02,1.069203487141197478e-01,-1.743251481256399005e-01,1.475207707980089392e-02
1.153664764608742926e-01,-4.695953429390701400e-02,1.387556658234896378e-01,-1.974585352826101758e-01,-5.249790666658642191e-02,-2.073586381990540073e-01,-2.748353871584027774e-01,6.259782900320284837e-02,1.324365589574561797e-01,-2.162980742148362667e-01,4.694212351847470294e-02,1.880449923997734932e-02,5.296150724385214476e-02,1.312107779334500679e-01,-5.979231394015557810e-02,-1.406631116859724355e-02,2.746324943513825390e-02,-1.356015874282365946e-02,6.818749725620239233e-02,-3.276586171394167690e-02,-1.244518639808842170e-01,1.547118744450652339e-01,6.603977087856111039e-02,3.857966176120891655e-02,-1.777458002012871907e-01,2.131960251194466860e-01,6.806469135211616617e-02,9.418263846043163634e-02,-2.725759741662813207e-01,-9.305344894496234143e-02,-1.546013872416342472e-01,9.137342260169487029e-02,1.752125922537503822e-01,-1.012715130204362157e-01,1.306453665968049238e-01,1.382127933326296743e-01,9.192181874865643088e-02,-5.103448200081583952e-02,2.406312898337153727e-01,6.889563440655455118e-02,1.309361857497408355e-01,-1.846265540991648690e-01,-5.165567832553758648e-02,-3.275396877807696949e-01,1.661109528079199593e-01,2.053576195221190875e-03,-2.113705508213252759e-01,-6.385769537372766591e-02,7.106725084209748744e-02,-1.438127523196715551e-01,-3.929817148799818333e-03,-9.977638724271405135e-02,-1.686166186954373702e-01,2.107694983720120874e-02
-1.069084679287816836e-01,2.690514167260315559e-01,-1.926129665329845420e-02,-3.446579637562094400e-02,6.850252705162894473e-02,-4.985320471681277052e-03,-1.490833086251901751e-01,1.397407900846805995e-01,6.787392755502352770e-02,-1.532443977382391131e-01,-6.024057426537474114e-02,-1.105227279300455417e-01,4.926735906083991312e-02,1.397185302423373243e-01,-2.600767385168685220e-01,1.932772119348349915e-01,-1.181182107391714059e-01,-5.747678605051597354e-03,2.930773336841362760e-03,-3.784311368512922186e-02,3.260039579865207926e-02,9.098661852114392490e-02,-1.545425527923794951e-01,5.214867785437099675e-03,-9.185460640946073452e-02,8.726614299676908881e-02,8.314759123210108127e-02,2.331917072552270806e-02,1.205602950627078784e-01,-9.451905336532763491e-02,-3.589781638160284560e-02,4.957786950339396204e-02,-1.876073423289779385e-01,-3.383119131636132954e-02,1.508201735264568799e-01,8.477623447644719312e-02,1.774615869618492991e-01,8.330997552119265293e-02,-3.347342127167712844e-01,1.058523923407751477e-01,-3.612409732883735403e-02,2.365746782101322832e-01,-1.341297457989162889e-01,2.105275143954863093e-01,-1.015700868701591014e-01,-5.356768599865686237e-02,-2.673840066318622921e-01,4.721123809576113772e-02,-3.194426581296935241e-01,2.559981880371086163e-02,1.652940789347678019e-01,-8.044670158054016695e-02,-1.629080892652285395e-01,2.740182259460125294e-02
-2.253413678218053190e-02,1.791585509614559979e-01,1.263806760568553927e-02,-1.289981546809393920e-01,8.003865854722316819e-02,-1.136334301665975072e-01,-2.160994199238731039e-01,6.630340483355437464e-03,1.868194337137527028e-01,-3.183218983867930341e-02,-3.738526740491264488e-02,1.231872827710369170e-02,-5.177613880280751424e-02,4.643992945882097906e-02,-1.039427360328109839e-01,1.782631329079316720e-02,8.942436455481157787e-02,-2.321972251177557289e-01,-5.427778426768176817e-02,3.355180515866847818e-02,-7.854905809322020038e-02,-1.305112150019723805e-01,2.846550045356892045e-01,-9.074512975317719499e-02,4.919196727194116367e-03,-2.289357337739694742e-01,1.698550650982602050e-01,1.875778572670443178e-01,-1.559617164581549587e-01,-1.569232913648174188e-01,1.686353621535001401e-02,1.844860941905348412e-02,-2.067158511265030085e-01,8.959727244355458406e-03,-8.888700041637066784e-02,-9.200121781294118284e-02,1.062672413198224447e-01,-1.918913133084371725e-01,8.093066004344376396e-02,6.276995446059555062e-02,-2.407310123091860043e-01,4.133712723976668696e-02,-8.319889489447651609e-02,1.049928509603310078e-01,-2.526622736233649080e-01,-6.771802175811106328e-02,2.618192834580208572e-01,4.253171750304406834e-02,1.922328430773049546e-01,9.560401572755838906e-02,-2.323053231741311619e-01,1.642721431348812267e-01,-1.571995598350249546e-01,3.372669535200078367e-02
-8.510339234766828298e-02,2.127805675474671587e-01,-9.755086635788325078e-02,-7.848349204948867897e-02,1.194651745679720101e-01,-7.701044528494553620e-02,-2.011605787208363416e-01,-2.341757407325496115e-02,2.085435076551864497e-01,7.927676618233313321e-02,-1.607235525853194236e-01,-1.772269914309933803e-01,-4.080068420301508764e-02,-5.336482313963244323e-02,-3.710238221340640685e-02,-6.279669136796715845e-02,6.625758338939419234e-02,5.906415149339887261e-02,2.333810831083446835e-01,-9.258623868229144682e-02,4.695077523972012584e-02,-1.375451892292772205e-01,-1.048546690049322744e-01,5.864423287583388211e-02,-2.161862002168020609e-03,-1.304136651430651550e-01,4.542913515222406218e-02,6.810476320484221135e-02,-1.017961086892345546e-01,2.340122379607023368e-03,2.213597374728157319e-01,-6.738570415503145061e-02,-5.037042291283166245e-02,-1.148424211590614030e-01,5.979569954536319981e-02,-1.974222516333237754e-01,-1.435109505615456138e-01,2.829742785394116500e-01,-1.259186363112222741e-02,-1.244762928299899124e-01,3.328787238303197726e-02,-6.029847139904828679e-02,3.347785421885604573e-01,5.398185414128837956e-02,3.697194596298496450e-01,2.712364713612915867e-01,6.407341991324060071e-02,-8.053240400885361416e-02,3.100374284247697440e-02,-2.641661105973493184e-02,1.216232232369909988e-01,6.307097603666954322e-02,-1.514910304048228684e-01,4.005156810940165707e-02
1.065710939193917350e-01,2.674487245723721623e-02,-3.245826235800090831e-02,-1.906585211632473020e-01,3.667321306081091498e-02,-1.264127608042874273e-01,-1.750768366607374782e-01,7.614013930124131913e-02,4.736198724113334368e-02,2.385691513629037697e-01,-2.168785166441199730e-01,-7.273085491616811116e-02,-1.552710832469918756e-01,-1.738354354684594830e-02,1.170273166055560282e-01,-2.365553770934235855e-01,2.301993661732752369e-02,6.592020227818642941e-02,-3.836114707458756785e-03,-7.619097580134583103e-02,-3.004599930020400780e-02,-1.850596425438540416e-01,9.576610619517814116e-02,-1.912878940239551850e-01,-6.149660857776811929e-02,6.250924201479937659e-02,9.314444271361523031e-02,-3.708288265761095492e-01,1.875441217859013521e-01,1.492100320106184985e-02,1.330426701220246144e-01,8.136135813505451786e-02,4.289007724549093181e-02,3.211443114888849065e-02,1.969557847894495319e-04,2.012001469582047966e-02,-1.985019208921811051e-01,-2.156264660416153112e-01,-1.035836775267306303e-02,-6.338436982773863748e-02,1.419549857095262768e-01,3.806792577103507852e-02,-1.813880240339714456e-02,-5.989525231683385381e-02,-7.548688007408331513e-02,-1.881528937710707505e-01,-5.992513787108469207e-03,3.065151998267073297e-01,-1.856996849369592917e-01,-8.440667505678060845e-02,-4.371765283146920866e-02,-2.564528699704050063e-01,-1.457825009746156475e-01,4.637644086680030309e-02
1.523592127242625049e-01,3.360614793495921016e-02,-1.445448597410272946e-03,-1.173644011008355970e-01,-1.101638847352904909e-03,-1.472087706393521434e-01,4.213183122289532352e-03,1.909174182786489704e-01,-1.143387285655302343e-01,1.640287120817754962e-01,-4.928564590488671016e-02,-2.287299751782816692e-01,-9.021057054936597319e-02,1.204756012090006517e-01,1.284841086759454798e-01,-1.425788466029852264e-01,-1.181208177210667648e-01,-3.304982052865716290e-03,-1.450357820253644556e-02,2.516685685782185308e-02,7.332334851413219168e-02,-1.070137387944704727e-01,-1.250736075319478779e-01,-4.913144486907088798e-02,3.709973138288431560e-01,-1.095175411545244448e-01,-6.407553732244486433e-02,-1.326640423435732075e-01,1.570826629449230752e-02,-6.871838607729355286e-02,-8.303924825048873692e-02,7.873615371548024766e-02,1.965654613227363900e-01,1.027085604253988593e-01,5.305332754535609791e-02,1.229823818758133402e-01,2.571888371163256193e-01,9.020214391273036897e-03,-4.907436544316460397e-02,2.569824079931495309e-01,1.612379755852695884e-01,9.485009239032768380e-02,8.182512118209124205e-03,-3.054319024266565971e-03,1.562759760435529369e-03,-4.590167284904468105e-03,-1.064216235986613010e-02,-3.688663003992337375e-01,5.564416634455746080e-02,4.414433753334814220e-02,-4.399769717139047354e-02,3.296065831006124158e-01,-1.400739715444093147e-01,5.270131362420173160e-02
8.693388948275529438e-02,9.934511079902921815e-02,-2.689146977717930126e-02,-1.550505306985692222e-01,7.702613843218342193e-02,-7.189357071274188327e-02,8.399058179369893462e-02,2.202427007648087021e-01,-1.830097988622765015e-01,1.331462723028636885e-01,-8.387382090980614879e-02,-1.637584513644213813e-01,-1.681546219349500382e-01,-1.526590377141901211e-01,2.097600784356844494e-01,4.745180791293271416e-02,-1.094399090603524333e-01,-2.074762666993535121e-01,-1.065892425018620943e-01,8.751540717178744877e-02,1.978205464225808452e-01,5.298274909445094966e-02,-3.240548562812021333e-02,1.120539337866624657e-01,-3.745080094637031481e-02,-4.538810705488218605e-02,-2.731031111187074978e-01,1.109532990203499769e-01,-1.427412322645831566e-01,-9.695652300640407451e-03,-2.047296516760470642e-01,-8.398128056323134194e-02,-9.815736003881483929e-02,-1.133448758414395269e-01,-1.431046147440925287e-01,6.853665646893601637e-02,-6.652475135308134890e-02,9.320689180722553646e-02,9.691480788479193975e-02,-2.509777083902204470e-02,-1.628666489369790527e-01,-8.490477067006742262e-02,-2.938762099420327845e-01,9.357614924913899151e-03,-3.681265902265710294e-02,3.276709948281160134e-01,2.200772563358856931e-02,1.597175547846589327e-01,-1.270611381666721280e-02,-1.008383721710446879e-01,1.177086294145960194e-01,-2.194347577498132196e-01,-1.343654421142068123e-01,5.902618638160034292e-02
2.013573789905875322e-01,6.607380129296390459e-02,-1.215050420815351889e-01,-1.050436219605856564e-01,2.018242772081649539e-01,7.792252394276977245e-02,1.249447930107214222e-01,1.251014423395241382e-01,-2.055129752345517813e-02,8.157875590046144432e-02,4.256442602950066822e-02,-6.257091650742237221e-02,-8.797037835271277750e-02,-2.535110782393360518e-01,-2.138523465938237667e-01,-8.811596971020420332e-02,1.545675110650915514e-02,-1.119066511385974350e-01,8.602576961435466629e-02,1.164208298954501203e-01,-1.174862465331003580e-01,1.213144463648688914e-01,-2.645569051559500118e-02,-9.512727318851316172e-02,-2.274681284998370523e-01,3.686732870756389557e-01,-1.924727935695876024e-01,-4.760704634866721324e-02,1.373774823497849740e-01,-8.476459293384579208e-02,-2.857403695744879790e-02,-2.603459908938162148e-01,-6.051448849143231667e-02,1.572973223825782085e-01,6.960169581322464549e-02,3.292004857024926484e-02,1.710647936773865285e-02,9.558799449853921243e-03,-3.989650149428079773e-02,-1.198228073311108088e-01,-2.309646881069841728e-01,-1.036203951176115079e-01,1.279703241172447659e-01,-6.966374883471536383e-03,1.179653672146217802e-01,-2.681478301191995151e-01,1.284869756798211714e-02,-1.865084915399503607e-01,1.075759152028887833e-01,1.086992841285057410e-01,-1.188304511581963485e-01,9.894538512299462518e-02,-1.286569126840010069e-01,6.535105913900228491e-02
1.475593900428684158e-01,1.207604164613001740e-01,-5.787131420573490143e-02,-1.420371730160053809e-04,7.632411330964411489e-02,3.530816647610535933e-03,4.051101744775020830e-01,1.153558030169005433e-01,9.667157701156456340e-02,-3.972235955968484583e-02,1.072611150262151869e-01,-7.892188676420706928e-02,-1.442305906438882401e-01,4.722690263472112404e-02,-1.909154541390462867e-01,-9.319129453957947229e-02,3.636767445500743712e-01,1.080763501605452453e-01,-6.866805547028312362e-02,-5.094391812434607980e-02,-1.130971922177556183e-01,3.384379956556075875e-02,-1.454613320468438331e-01,6.538515761868297915e-02,6.613680774714870980e-02,-2.458492638020341181e-01,1.860032388074592813e-01,1.588876608357745190e-01,-7.227719388586444083e-02,1.523392002394768074e-01,-8.159788401002834868e-02,-2.043037871063639252e-02,-1.769038088435294365e-01,6.174571468521566908e-02,-8.377040945609909306e-02,3.169645478593474675e-01,1.365090820978953276e-02,-6.515386124754672485e-03,-5.914529753720904753e-02,-9.519756571907046772e-02,2.440849786083120199e-01,-7.689907861221073788e-03,1.375221219390466987e-01,-1.875480510130843603e-01,-1.053728967650318094e-01,-3.161635991365557147e-02,4.457823647589612831e-02,6.644270497878705661e-02,2.284667687446737330e-02,-1.329324456662684360e-02,4.500799792596769933e-02,-1.401366736128367985e-01,-1.229483832537950488e-01,7.167593189639936968e-02
9.453312670069899393e-02,1.340824032109902142e-01,-6.052367412869107122e-02,-1.825150078584091007e-02,2.092675756344564431e-01,6.169661090300667533e-02,3.265126934192387198e-01,-1.274431303935354143e-01,-1.155107793737598504e-01,7.468728005696667616e-02,-1.085311198498148111e-01,2.694960974887396221e-02,3.556105353502713590e-02,-5.408582251821473369e-02,9.727102082068846134e-02,1.022682612944498109e-01,2.601914470769924881e-01,-8.493128264402777239e-02,-1.832034659253228004e-01,-2.696413999094808833e-01,3.566757947294137143e-02,8.050053185703651137e-02,7.456153083250106894e-02,-5.014690576497810026e-03,-1.718324142425533274e-01,7.478125977692139451e-03,1.201222718078508861e-01,-4.594336914770334734e-02,-1.472832580407290315e-01,9.278121938768964239e-02,1.001438226128516067e-02,2.204396098793829084e-01,2.802268068534815582e-01,-1.582327089661763053e-01,4.011335226556352745e-02,-3.064545238044508735e-01,2.234034186915612730e-01,-1.771155726886320669e-01,2.891109724222974339e-03,1.384757768723800242e-01,-8.168750455418558043e-02,-9.802868397548092361e-02,2.885065019166404773e-02,1.897418146884818080e-01,1.328854723779700764e-01,-4.514561839172638591e-02,-8.450595296976225190e-02,-4.776880512437230858e-02,-1.433344026785348391e-01,-2.626046143169094918e-02,3.269179847289925556e-02,1.944719251474019001e-02,-1.172398538235905618e-01,7.800080465380174188e-02
3.159330942681471965e-01,1.720000709497294597e-02,2.905514405634611053e-01,-1.704756022899414636e-01,3.264856392781862598e-02,1.714050862123844554e-01,1.208801695409094379e-01,-2.244803005445009381e-01,1.235201813829534812e-01,-9.129740309162030776e-02,1.318312747886825342e-01,-2.336050971348649641e-01,4.422728638836001362e-03,-1.301696904201971039e-01,-3.833160683900176807e-02,1.098807658290891082e-01,1.059680171680804917e-01,6.050065199969437146e-02,8.223882918373620621e-02,2.127837351734896409e-01,4.485953623588184030e-02,5.366330034087960638e-02,8.732109380964647727e-02,1.152854979732801793e-01,4.765865094083151371e-02,1.391403561525171584e-01,-5.792431682225786076e-03,5.076299740066442419e-03,1.134210195887356692e-01,-4.510118513050397765e-02,1.786451374850391571e-01,1.257286530242405498e-01,1.522972907338897841e-01,-9.606842731311014683e-02,1.301122566775317624e-01,-1.172095519390874419e-01,-1.802914101650099910e-01,1.732337854823887691e-01,-2.638996994214839326e-02,8.238479510457544230e-02,5.901870842006434748e-02,2.199351749553610791e-01,-1.271022166149081145e-01,-1.356942676994183639e-01,-1.971961145917490166e-01,1.573466608539728917e-01,9.089759960982915499e-02,1.693952287871950402e-01,-4.588358665953431309e-02,1.401296100756053292e-02,-6.483100224158294678e-02,2.062825555919035880e-01,-1.115313243933862553e-01,8.432567741120247651e-02
1.090338224785284832e-01,1.916861351348268239e-01,3.900488347242820342e-01,7.602577082153608168e-02,2.073028884716240135e-03,2.289697308093523523e-02,1.668972741428031425e-01,-7.243678267560577089e-02,-7.554794827513816591e-02,-8.333827226099464747e-02,-1.438542755840799270e-01,1.882621873557143999e-01,-5.088274954966888475e-02,2.261304215091616276e-01,-1.862770519401280300e-01,9.750607697596645751e-02,-6.138414542023816478e-02,1.263621002223080103e-01,-2.152820992912166109e-01,1.001237643135648725e-01,-4.543045147998181488e-02,-1.487111551174130908e-01,4.552169248423388465e-02,2.987529127826232464e-02,1.451422322738830650e-01,1.003150996077640800e-01,-1.422080443598193744e-01,-2.748010202217752718e-01,-5.102917579448548041e-02,-2.763619427840025011e-01,1.090976137706782950e-01,1.183784204192325357e-01,-1.740245478686558434e-01,7.932150562650122638e-02,-5.662243974996941653e-02,1.355674588220526222e-02,-3.035342976006950508e-02,1.249013301209187898e-04,7.511042215117130771e-02,-1.469793198788265920e-01,3.870205464070793078e-02,-1.402162557553078837e-01,3.499946422134769808e-02,2.065149423066426904e-01,1.298271063617567334e-01,1.140069555635320753e-01,-1.507983425824219008e-02,-1.115917871579823334e-01,1.683790370355149613e-01,-5.956280721920841070e-02,-2.447916596805694428e-02,-1.770672228326356790e-01,-1.058227949631825038e-01,9.065055016860076864e-02
7.318067199869894568e-02,2.049322325687077118e-01,1.875654266268113601e-01,1.457060207188811407e-01,7.436318771550684548e-02,-3.550368819679217830e-02,4.275243938466060517e-02,-7.544161722602787945e-02,-5.264461965301624191e-02,2.208488121890731515e-01,9.906847665483678456e-02,2.048720235883433050e-01,2.572647978618863851e-01,5.008445034085220321e-02,-6.609420152689900185e-02,9.714740756579223757e-02,-8.466905172159920612e-02,-2.594474355893378048e-01,1.326593062979588844e-01,5.739920085941074834e-02,4.068787043973872558e-02,-3.475711457275905691e-01,8.670492092737999701e-02,-2.194238217215539188e-01,1.895534422931722807e-01,5.046947293820893549e-02,-7.261939792117046676e-03,9.081880957186232173e-02,-2.495080730333752023e-02,3.079254983242559196e-01,-1.041450627585284103e-02,-4.238668090686213002e-02,-4.415045329322455497e-02,-5.261218532207948689e-02,4.189740770887592086e-02,9.886470849719013188e-02,-3.240510508211166124e-02,9.790902916216755181e-02,-4.799763071935084224e-02,9.006826569735168486e-02,-9.324738055268165515e-02,-1.726043718708434593e-01,-4.512330549947996677e-02,-2.714121124988260192e-01,9.352529163485724661e-02,-1.551945971128310120e-01,-4.744640464751465753e-02,1.110774022574820968e-01,-1.195004069130004842e-01,3.326344435763617206e-03,2.000684176541620840e-01,8.187804867054750135e-02,-1.001142655329772674e-01,9.697542292600133673e-02
7.555667759761872104e-02,1.781208184330203281e-01,9.426348514953267199e-02,1.732808607281504099e-01,-2.199190209628492515e-02,-4.827801802790990249e-02,3.964690896445619006e-02,-1.052108038013783997e-01,-4.151053412225197414e-02,2.849509808393250743e-01,1.912193454159659134e-01,8.441278637689406464e-03,2.637029997958120764e-01,9.387896264386533240e-02,1.386338050948968115e-01,-1.117899902495841091e-01,-1.578349342948712486e-01,5.616496222360576468e-02,1.630313559355348607e-01,-1.024294410403737976e-02,-4.450671333356141790e-02,9.286825086040306765e-02,6.868667466243159880e-02,1.294683034833759294e-01,-2.334176428401239234e-01,-2.214634908891215115e-01,-3.412124997912500263e-02,4.868289373847483475e-02,2.069421425149230165e-01,-1.302287144194531898e-01,-1.586936120020963070e-01,-2.070156388984585941e-02,6.987914119947051007e-03,-1.339752723588575334e-01,9.272225068999583042e-02,9.786014779670219876e-02,1.595334972328995848e-01,-4.805916154869289969e-02,-1.108575097997654413e-01,-8.026298293538114415e-02,2.913880763384277608e-02,1.090027134636400302e-01,7.619468114808379544e-02,-4.437216166799908858e-03,1.438301685213403958e-01,1.383042706233411079e-01,2.239250151555381360e-02,6.367121250938620469e-02,-3.308497102538617441e-03,7.181864367385108056e-03,-4.602180477781269707e-01,-1.520875420781442056e-01,-9.440573610277055994e-02,1.033002956834009889e-01
2.156182412780678070e-01,6.372548962388472314e-03,5.129894339352907701e-02,7.584378742376624016e-02,6.715726909171269854e-02,-6.617983753031550509e-02,-3.325181291747249940e-02,-1.265564096891392820e-01,-1.995219710930649232e-02,1.865002912025624793e-01,1.831199364082694014e-01,7.836198450023455775e-02,-3.172766972670859609e-02,-2.839472319484477938e-02,7.297802754216248244e-02,-7.134476977335547920e-02,-3.320684639691499074e-01,1.670433554804161003e-01,6.925576580516426550e-02,-2.382696546606437593e-01,4.359377828967505100e-03,-2.127559102965337345e-02,-7.536996418821027832e-02,3.048431599386590141e-01,-1.373001651819414359e-01,8.146007936672526595e-02,2.354199211212723297e-01,7.598026061781260054e-02,-1.437327468855434665e-01,-1.976490999179227326e-01,-1.107618396504364000e-01,-6.148425095452557387e-02,-2.661183133445629671e-03,7.865045679117957378e-02,-8.296611768527294151e-02,-5.378160229535353110e-02,-1.638113957666271769e-01,-1.842856051774089060e-03,1.285254744838558016e-03,9.589825979966745684e-02,5.346230417152608022e-02,-3.760866996906268855e-02,4.039929323168796327e-02,1.505570836956572622e-01,-2.150880582533118146e-01,-1.944077394848197360e-01,1.351208002833302613e-01,-1.768859288606016572e-02,1.075202083809146808e-01,6.147844750728360258e-02,3.906313334831945649e-01,2.404736008326070762e-02,-8.869720667256734969e-02,1.096251684408010990e-01
1.363675589570109981e-01,4.247695549478561206e-02,2.066845473045039461e-01,2.148540711055885732e-01,-3.009295476562154001e-02,-3.140410694037182870e-01,-9.226724735472779937e-02,1.140659414805136884e-01,-2.700360717169671410e-01,-1.748949753721104061e-01,1.478238156048740648e-01,1.017684779692656916e-01,-2.559829407191556716e-01,-1.329145184730626955e-02,5.267166789393002563e-02,-5.944752826301177850e-02,3.115262535599256158e-02,1.316856590041422803e-01,1.089345655327193796e-01,-6.178246591968846596e-02,1.063124155931366721e-01,1.940786468225608463e-01,-6.450422028605092006e-02,-3.012911408556732673e-01,3.475796198044594359e-02,-7.202759920498662261e-02,-3.180979522555926753e-02,1.693642867452706258e-01,-1.299633181253355939e-02,1.126511461232905659e-01,-2.343056257643551243e-02,1.199654559527304765e-01,-2.097051737060285498e-02,6.967830529870049257e-03,7.186590313388745155e-02,-2.145862342246250276e-01,-1.435793175669270172e-01,1.360162626641673797e-02,7.915330821982637099e-02,-2.952198014529012760e-01,-1.240316362401591571e-01,6.763202471873611121e-02,1.035651610586290350e-01,4.361273470728741636e-02,-1.456750246444990793e-01,-2.501615761406621521e-02,-5.211163285731862382e-02,-1.063142623698819095e-01,-2.272034138483220722e-01,-1.502955631072291388e-02,-8.003789072824368800e-02,8.982121670169739003e-02,-8.298867724236226595e-02,1.159500411982013063e-01
-4.946009512531963220e-02,2.018340614652863463e-01,3.764448192677838367e-02,1.892537145257089104e-01,-1.778485433077855310e-02,-6.578233520357124053e-02,-1.685747522803346110e-01,-5.685219454043585752e-02,-2.067127564483250690e-01,-7.673374918217719907e-04,6.248876382317401779e-02,-2.006627303115999794e-01,7.682828894771855620e-03,-3.857364631541058964e-02,1.385993938223539779e-01,1.866546389541313689e-01,5.545831682501056736e-02,1.676637562767024081e-01,-8.326290800122222724e-02,-1.296903121064729159e-01,-1.220019934103582990e-02,1.937861524672796487e-01,2.630066129748584447e-02,6.113343708115463217e-03,4.490839130209944158e-02,1.971262476596007673e-01,2.279667885833057753e-02,-4.706138045010496707e-02,-1.506966214626198897e-01,1.991135846472088522e-01,3.274601154244277113e-01,-3.014960645875189305e-01,-8.466300469745401125e-02,2.636856390183570653e-01,-1.769506237839027774e-01,7.360801852818218971e-02,1.686530263694020759e-01,-8.265352489124437596e-02,1.156803011106420503e-01,1.431298750065824188e-01,7.237327298074479331e-02,1.603769917789861499e-01,-4.179790569084899238e-02,-4.692146206950478793e-02,1.424608192758830272e-01,2.091036185633390540e-02,-2.363618082934375308e-02,2.273354263801649344e-01,1.440318583815000386e-01,5.387616668345420606e-02,-8.079442506397672974e-02,5.135285818214748582e-02,-7.728014781215737650e-02,1.222749139556013886e-01
1.088190969854789941e-01,3.387019298638677817e-02,-1.961784219950414299e-01,1.315458804716365115e-01,9.420574154886914020e-02,-9.826442508196876757e-02,-2.323051056922906810e-01,-1.271974305869274235e-01,5.865154680752476986e-03,-1.063200679637576612e-01,3.192561491022329334e-01,-6.264323710551486513e-02,1.002086043067300369e-01,-1.242867467785108843e-01,6.310593459297473944e-03,1.371647990117388360e-01,9.955491536398025643e-02,-2.149297864580475281e-01,-8.400285331912205056e-02,7.368048643158167654e-02,-2.769082636199962089e-01,7.115353061141841198e-03,1.856144331453293481e-02,1.830995836116124792e-02,6.034148402690442392e-02,-1.252861430986678404e-01,-1.902208953894046761e-02,-2.662757435483866786e-01,6.520949511554363642e-02,1.150901244887879565e-01,6.548390446863962266e-02,-1.349578657377693003e-01,7.935715092440737140e-02,-8.480992328368255895e-02,-5.273894692685586472e-02,4.673440416733728314e-02,-2.245361160287463187e-01,-1.185316026531620104e-01,-1.218112559836338898e-01,1.393336697134448486e-02,1.177609931450287611e-01,-1.643656346596482076e-01,-7.662202522092749490e-02,1.576177850905995381e-01,-1.705686272430506634e-01,1.915874557454545768e-01,-7.865005985419508405e-02,-3.377016874519873646e-01,-2.606446276672041984e-02,-9.900483849639063472e-02,2.635059001867026685e-02,-1.297436544758740207e-01,-7.157161838195155723e-02,1.285997867130010130e-01
1.012107607479414279e-01,-2.240658028117219203e-02,-2.655219532625906487e-01,1.850219112217708073e-01,4.599556611909952353e-02,-1.701169943226983061e-01,-1.523106466069097109e-01,-4.098965340839610255e-02,-8.685447212839285391e-02,-1.137037059357825647e-01,-1.162802569121138690e-02,-1.654325427107202970e-02,9.766105833620440657e-02,8.393312617868589620e-02,5.108775404198080683e-02,1.105047710688805696e-01,2.590374136826590346e-01,4.237071816696359045e-02,-2.428316695053925056e-01,-6.774824018133135395e-02,-6.735993705055119685e-02,-1.856925600711832602e-01,-1.527923634336112446e-01,1.218784947845930472e-01,5.188795461175091384e-02,-5.683497983533690456e-02,-2.074375966016420159e-01,6.212853156059758991e-02,3.173305675964126493e-01,-3.162997341557356457e-01,-9.618817954641563361e-02,9.297278186521425181e-02,9.702757662689188989e-02,8.470120941070058071e-03,-7.402358845517623132e-02,-1.133719233654703618e-01,3.805492066342321816e-02,2.397684079103186983e-01,7.473380998201489822e-02,-3.411512697717960022e-03,-1.369443456430343709e-01,-3.060824150216899520e-02,6.677828109802168288e-02,-1.970989636124374500e-01,-1.639860156796207891e-02,-1.644217829590895741e-01,-7.439015120039126072e-02,2.558674066530271518e-01,1.168930057754099666e-01,-9.324607070266114489e-03,5.254096690971117589e-02,5.717177608462994248e-02,-6.586308895174708411e-02,1.349246594704013036e-01
2.449024934406267284e-01,-1.507239179064387702e-01,-9.045969250820859453e-02,3.122297152259984748e-02,2.695752705110323125e-02,7.149923287539998451e-02,-1.541203887237627412e-01,-2.632097650754076645e-01,1.818684505658155898e-02,-1.426735926359195827e-01,-2.167117021499424534e-01,-6.213414011650519181e-02,-4.539734215904277920e-02,-4.268686708974618604e-02,5.069505651087608672e-02,1.104951914796403062e-01,-5.074926802222918393e-02,3.043799895997905125e-01,-9.907490254889628201e-02,2.075233563494238709e-01,1.130846257173590691e-01,-4.057962471960911005e-02,3.545343091547117215e-02,-1.556832399289661273e-01,1.214561054274983787e-01,-6.238052609279085697e-02,1.541003091491455756e-01,-2.304797846051653484e-02,-4.976378021773178451e-02,1.697499649654280740e-01,-2.458619121402713936e-01,-2.282057494837841094e-01,3.289316891397644355e-02,-2.148362505373508091e-01,1.995939156370725442e-01,9.218510166201510092e-02,2.174666528718155190e-01,5.823205425244242645e-02,-2.288641361149967510e-02,-9.072659549321201999e-02,-1.184264582684581152e-01,2.123933438915618852e-02,-2.716391116490015148e-02,7.722361905932169368e-02,9.378496808026583198e-02,-1.152599183825204487e-01,2.282594223017278268e-01,-4.405408250913189772e-02,3.320852794246309525e-02,1.124716704614696500e-01,4.746349244452745947e-02,-2.306670749580604918e-01,-6.015455952154104280e-02,1.412495322278005672e-01
1.880367394910934520e-01,-5.634190725750070489e-02,-1.730913449475182941e-01,2.190948396908859175e-01,8.686290191219585288e-02,9.342276157321599550e-02,-7.657743584028059262e-03,-9.427480344364300158e-02,3.817336349180496663e-02,-1.878491617731498087e-01,-3.243453807332556948e-01,7.688065375699411341e-02,-1.804652540969147248e-02,-1.138094658358907996e-01,-1.353672188457551995e-01,-4.498357248354416249e-02,-2.553311409193360637e-01,1.027688267847818443e-01,1.222037598335891095e-01,8.634476360279497165e-02,3.823759430472521009e-02,4.024998197000388689e-02,-3.951676777483729974e-02,9.006576654801064230e-02,-1.794706530943667444e-01,-2.342004497223833803e-01,5.193647746129358839e-03,-1.355428017645238792e-01,-5.258767009685889893e-02,1.528536098402648660e-02,4.037649179634754393e-02,1.363090526218263543e-01,-8.177884183211728275e-02,1.549926723519552962e-01,-1.998653245890253394e-01,1.148617523760836340e-01,8.900807972449523630e-04,-1.772997036615443223e-01,5.951120203326578512e-03,6.158543609167564659e-02,-6.609670217433949446e-02,-1.952470927907904719e-01,-7.233017216451423370e-02,-2.038522582394910188e-01,2.886137339794094675e-02,1.710862730105450757e-01,-1.016644345709001168e-01,6.372998983185268473e-02,-2.178033171935020718e-01,8.743005028906227546e-04,-6.391067283785129005e-02,3.298388245462256507e-01,-5.444603009133736765e-02,1.475744049852009410e-01
1.103365126630056064e-01,-2.575387252571290087e-02,-6.622436424759521600e-02,1.641867085509685908e-01,-1.089994509843284637e-01,7.014152478310122472e-03,6.069825362250040601e-02,5.769670236555222292e-02,-5.948748074130748298e-02,-8.007524408908420210e-02,-3.353169398774806242e-01,4.026714737945710082e-02,1.966129009107267789e-01,-4.467932435514408024e-02,-9.953886231641451143e-02,-1.174384862435783466e-01,-9.738647327154558234e-03,-1.521757073065832244e-01,1.395370999603220800e-02,-1.399744365120109968e-01,-1.151514324683062807e-01,-1.926645721679202394e-01,9.983154602624179016e-03,-9.700204726618093243e-02,-1.561927386526629769e-01,2.187619576482174311e-01,8.771342882135381436e-02,1.262301345030857058e-01,5.571300612946938208e-02,1.563326078962564425e-01,-1.253594514187537368e-01,6.044128326051154826e-02,2.104186135232752330e-02,9.238332719550663985e-02,-1.332870667217398164e-01,-6.768084629474416247e-02,-1.230648379516692537e-01,1.219101563373670982e-01,1.380748592998592705e-01,1.083388529525790289e-01,6.673533847778692629e-02,4.643719648220102636e-01,-2.082589692847234414e-02,-3.184982687777422605e-02,-7.658166447339108396e-02,2.063728061611026510e-01,5.476404693646372279e-02,-2.489614008353301933e-01,1.234012164707917608e-01,6.338261241007382002e-03,-4.233456928792396490e-02,-1.822720867204514206e-01,-4.873750066113230472e-02,1.538992777426028691e-01
1.240764799634530013e-01,-5.060849579158580025e-02,-8.008223695898444849e-02,1.327100904596139608e-01,-1.639617311156810753e-01,-3.041338030144312421e-02,8.081690018461014369e-02,2.299691515504546577e-02,1.623926217601966149e-02,-1.107332645961630613e-01,-2.370368527991430219e-01,-1.308896706953744382e-01,1.267205522747851809e-01,-2.144826944840096117e-02,7.704523559781426001e-02,-1.484517971124459101e-01,-1.120600631006137687e-01,-2.922708296693879437e-01,1.649788675879225730e-01,1.612382913238179227e-01,-6.915342511337010944e-02,2.104652349116953036e-01,8.939346160105605954e-02,1.874746602892181924e-01,2.807481808727006478e-01,1.230845630661531881e-02,-3.244790071401521675e-02,1.508407791908456252e-01,-9.838989752799172372e-02,4.921240379160169570e-02,1.214185108291866988e-01,6.741833266211981479e-02,-1.675870488562274108e-02,-5.597620823565360726e-02,4.003643268882366157e-02,-1.037218365654697383e-01,2.412717155073964420e-02,-6.196732726361525723e-02,-1.602868948413251338e-01,-1.746446796192567819e-01,1.232513017809180184e-01,-1.405902410563777787e-02,6.100586913627452368e-02,2.130481699162402043e-01,7.944174270244425823e-03,-2.993602728280765901e-01,-1.505679107591976207e-01,1.810796809785032435e-01,1.929804306280957782e-01,-2.530814321092758612e-01,1.821589791416056842e-02,-2.566646373450159196e-02,-4.302897123092650628e-02,1.602241505000017163e-01
-2.602307961806120395e-02,1.076279138468709817e-01,-1.161168836619907579e-01,1.757585664922714785e-01,-1.569108272385311142e-01,1.077911321491437369e-01,8.021191747305043973e-02,1.233885955819391256e-01,-1.519485129293315223e-02,-8.319820185200979545e-02,-5.851782968136789997e-02,6.235516902672970634e-04,-1.867068347002156514e-01,4.203971974166632042e-01,1.898316965208701190e-01,-1.483192026019167220e-01,5.184726651847960249e-02,-6.679882123558793239e-02,1.747135508061259390e-02,1.634524732520433732e-01,-6.233035381573095307e-02,8.002891095387014431e-02,1.232574994169133298e-01,1.008099247789099595e-01,-1.349262058089293892e-01,3.724140234083224421e-02,-7.371719803201971788e-02,1.105664105058264401e-01,1.505143748857568631e-01,-3.157331127832863071e-02,2.604222622945699950e-01,-1.119284525608278680e-01,-4.135374171419837347e-02,-1.605890507168185322e-01,1.891623790710910691e-01,-4.514997636414962850e-02,-8.951807180402514275e-02,-8.138635777137424865e-02,1.169218181144623253e-01,2.053775878625077878e-01,3.531237872514739889e-02,-1.297535058345616332e-01,-7.572829751017028099e-02,-8.940467316483312332e-02,1.848258129631020347e-02,-2.200737664332425708e-02,1.789671459002077636e-01,-1.280671299816175390e-01,-1.465863932031500894e-01,3.121469625463674236e-01,1.630876933875724799e-01,-5.654240620994854805e-02,-3.732044180072280337e-02,1.665490232574005081e-01
2.417383755806629814e-02,6.248718267823948763e-02,-3.586220572157335362e-01,1.249018944126087244e-01,2.230419986563469611e-02,3.314415159684952483e-01,-6.344007357013313475e-03,-1.092083605005198139e-02,1.506357802641298538e-01,4.971024298770429506e-02,2.051662312297353741e-01,1.148930694831474947e-01,-1.301225202430551231e-01,3.220331013287928146e-01,7.675726123387623112e-02,-7.336600910199263248e-02,1.051572965660690223e-01,3.375406693585966504e-03,1.457827260168787220e-01,-9.737880910951117464e-02,2.312318892426560024e-01,-3.997281600209522112e-02,5.440490230701715973e-02,-1.409319799632454406e-01,9.220254552327920849e-02,2.009633876879134695e-01,7.765247999131980050e-02,-1.106006046386015518e-01,-2.304307660373470512e-01,-1.026583721526940357e-01,-9.945620364359777921e-02,-7.753630349134442781e-03,7.426049505721363242e-02,1.050072492874619956e-01,5.299849691459056905e-02,9.749918209472133168e-02,-8.282918146335288556e-02,1.640088379643321603e-01,2.999058187474321069e-02,-1.102677380510340005e-01,-8.061677882403589512e-02,4.792822534402722129e-02,-1.584901799950867995e-01,1.083178238228551943e-01,-3.698250802294975742e-02,8.229470711885635004e-02,-7.524579728399796719e-02,6.138977055236916058e-02,2.243011533550701153e-02,-2.520152505797464970e-01,-1.645790513227373131e-01,8.699304626059362056e-02,-3.161191237051826780e-02,1.728738960148025472e-01
2.430778226756022120e-01,-1.724704494240718589e-01,1.606445726861623624e-01,-2.201441106095793632e-01,-3.047526495691738058e-01,3.752158570794217884e-01,-1.705143359712992523e-01,-9.494617387944723208e-02,1.361124498727516764e-02,-1.747334954758780409e-02,9.990167604253077926e-02,-1.518598494772463448e-01,5.042731423044134048e-02,6.748668391283380030e-02,4.570272317707164966e-02,2.368651184282903263e-02,8.086666065423780969e-02,-1.475935055167263421e-01,3.312307003175962022e-02,-3.303368256125079339e-01,2.251638548015093000e-01,-4.653894165106182285e-02,-1.314804951441204683e-01,-1.203667885944077476e-01,-7.370429933635419539e-02,-1.571979500155893383e-01,-1.207665642484335167e-01,8.400011086614349309e-02,1.407126928780902675e-01,3.918090268086800096e-03,8.715175223031110252e-02,6.757207512044874700e-03,-2.414485763559232612e-01,7.097777540628834314e-02,-1.325678283500472399e-01,-5.955508012631621773e-02,1.029109909784611671e-01,-1.509405303701727152e-01,-4.578669765324290541e-02,-4.796544435061622647e-02,-4.268499614865732539e-02,-9.558411616557531409e-02,3.994160339761818057e-02,-3.915473757090547069e-02,4.255773227241729101e-02,-3.200234104726624312e-02,-1.169393018823607772e-01,-1.325029414947836715e-01,4.850844714009098363e-02,2.064680278292089360e-02,7.587713247670854755e-02,-9.007360519239594743e-02,-2.590338294031164015e-02,1.791987687722023936e-01
-1.083120756142052221e-01,1.591896953694708905e-01,1.958173327350442305e-01,5.264002551706725708e-02,-1.512559767660021370e-01,3.348096647673763915e-01,-1.127846678204313113e-01,2.585924582760543711e-01,-7.766961201583906516e-02,-1.463212130915223785e-01,-5.260032183624935298e-02,8.257698318134676363e-02,-4.027144729088141112e-02,-2.364580693099923303e-01,6.664950177199182625e-03,-1.751071192282564748e-03,-1.011746032768182091e-01,-1.759892035023034040e-01,-2.019517989684904424e-01,-1.793734332947049814e-01,-1.442784661100687538e-01,9.066791000632085790e-03,-1.033627669096558038e-01,-4.503832520376379461e-02,-1.409884704377218669e-02,-1.698475790922907569e-01,9.536713826274484385e-02,-5.559322072199741199e-02,-3.883306087380204719e-02,-7.981888297207483107e-02,-1.914212039395967943e-02,-5.937442286715109707e-02,3.734618644685283040e-01,-4.875116172318684493e-02,2.095470877300752433e-01,2.755080497266969575e-01,-1.284277227336895755e-01,4.332136542457350192e-02,1.483408536621024301e-02,-7.630320732732435995e-02,-3.703360150044809895e-02,-2.794693400514985330e-03,1.303410719367931181e-01,5.920900303455073344e-02,2.706617648430420520e-02,-1.886392444226265555e-03,1.092392654176763539e-01,1.840744504809397608e-01,4.830164957542611159e-02,8.308083780180243461e-02,2.244828863122343924e-03,1.164560626051614478e-01,-2.019485351010829113e-02,1.855236415296007135e-01
-1.422553809744019904e-01,1.415477024113650506e-01,1.367066435578464523e-01,2.453818240165620002e-02,-1.263627960169325659e-01,2.280643394131498525e-01,-1.672906615985862988e-01,9.365908251343328661e-02,6.079691549620108715e-02,3.710898970581639339e-02,4.277446265020480587e-02,6.357419747133517818e-02,-3.103605155931183149e-02,-1.433018437320554284e-01,4.762349491081983160e-02,-8.578443956798580128e-02,1.433043367917211652e-01,2.207335182236344617e-02,1.103666977069213406e-01,2.676083570217202001e-01,-1.195903064971852031e-01,5.117303769042666484e-02,-4.483971988254178281e-02,5.043897104901213374e-02,5.452997033796736642e-02,9.668421878143751425e-02,4.173462861916877459e-03,-1.137468666422852964e-01,-5.000878352643135100e-02,-1.329168997673827422e-02,-2.898591903987710050e-01,1.005211948339594825e-02,-1.447405774866823355e-02,2.455987923689302924e-02,-3.853055017202447474e-01,-2.847260172567806502e-01,2.535523894450548155e-01,1.659654075768482451e-01,5.109836942344701122e-02,1.114368274326101582e-01,1.777005088154129109e-01,-1.188494452404753321e-01,1.357211171120621673e-01,4.482436936567559850e-03,-7.793062517737270323e-02,-7.755635720943609979e-02,1.347307017905889359e-01,7.838896840942506314e-03,-2.835244979559577994e-01,-3.394478442290916470e-02,-2.306536563665524328e-02,-6.860168662054989819e-02,-1.448632407990318137e-02,1.918485142870030025e-01
-1.292609052124684410e-01,4.930992428273215517e-02,1.001949161652728459e-01,7.326968105223856213e-03,-6.077053652244310267e-02,5.262038683145261325e-02,-1.486402311423053180e-01,6.238215741499648220e-02,5.883607866432306877e-02,2.475567041230187504e-01,-1.655089008488322758e-02,1.680453214840436083e-01,-6.019749598440626154e-02,-8.777154435253105291e-02,3.805176842255679481e-02,-1.400418100051687709e-01,2.154926272300771994e-01,1.846874223992622244e-01,-1.859405096506740185e-01,2.304004364423480888e-01,1.815826761219525506e-02,-1.285110720095323233e-01,-7.405205726324677606e-02,2.804512565836624338e-01,-9.162154755547555207e-02,5.151139255082580470e-02,6.490329077278864101e-02,5.692141747431626875e-02,4.271231034195629300e-02,1.522681977416956156e-01,7.030207938979521863e-03,4.744386598740829228e-03,-2.821539317185163542e-02,-1.590585536389849397e-01,1.780541335020745936e-02,-8.311768574967692141e-04,2.381135341787928017e-02,-2.417125061922191509e-01,-6.379669547965201304e-02,-2.575354763105178746e-01,-1.189631137915894005e-01,2.060588280095711766e-01,-2.086930968745210613e-01,-6.485490395607947101e-02,4.323426862262939874e-02,4.938582972329797795e-03,-2.646653523250436790e-01,-1.630327148245402646e-01,1.530235878304614383e-01,-7.377399546244393924e-02,1.381567531464564236e-01,2.323649314171343794e-01,-8.777794649697290980e-03,1.981733870444017109e-01
-2.891542354475809193e-02,-6.162113276201318379e-02,-1.078112611718824304e-01,9.712486597927861079e-03,5.489785752894889986e-02,3.312181477872504914e-02,-9.013212778747668741e-02,-1.328520648759099788e-02,7.532080003951145686e-02,2.456933520600318444e-01,2.474201845362345321e-03,2.134212558403597582e-01,7.875185248144160599e-02,-1.997612671346232216e-01,-1.598232665364936189e-01,-7.510389228562142083e-02,-1.411256467488352338e-03,7.758035130702932436e-02,-1.334226955937659331e-01,1.049986061547286686e-01,7.701038500564916234e-02,1.580771284808256127e-01,-2.438570294298642582e-01,-1.053678261929971993e-01,2.403145947995691534e-01,-1.761327427673363985e-03,-5.891891502864417263e-02,2.451472237832630907e-01,-1.445814685800552724e-01,-1.468499221081200345e-01,1.518155896637093383e-01,1.092270340756737457e-01,2.947589616709185914e-02,2.341739334159163022e-01,2.824959637372314591e-01,-1.688164523155314123e-01,-5.932982941460908377e-02,-1.360600339995546026e-01,-8.613229759965375376e-02,2.363228757629547983e-01,2.339166034504299926e-02,-7.530674238465841219e-02,-3.060530570201099726e-02,-1.014032459934209596e-01,-4.101027264118308618e-02,1.358865931320768772e-01,-2.090765638377383925e-02,2.565213351678726286e-02,1.299757772570303734e-02,1.236851509887028078e-01,-1.029195171200550790e-01,-3.022192536354023074e-01,-3.069265219493555550e-03,2.044982598018007802e-01
1.355169802492610029e-02,-1.531254319228669836e-01,-2.398384677119173511e-02,-4.328681259168020573e-02,-2.563371834396564464e-01,-1.292513404923097686e-01,8.197674447629156244e-03,1.050031234348488829e-01,1.126294859866783932e-01,2.506042757023551060e-01,-1.750559905126270258e-02,-7.703013398492121466e-02,1.118834173890748407e-01,1.002843588166397043e-01,-2.145524759100178036e-01,7.241436476541501799e-02,-1.992505937930324350e-02,1.278402839049357087e-01,-2.953842585490385475e-01,-7.286985617605602761e-02,-5.148455591022848415e-02,2.195171923170902428e-01,7.965433681296238411e-02,-3.052117088012963608e-02,-5.785319303059557189e-02,4.185271085140070124e-02,-4.827401240473769978e-02,-5.508957544161986741e-02,9.300562704646155032e-02,2.274449486299436329e-01,-1.336227792064541842e-01,3.649916120493588295e-02,-2.268830679277109297e-01,-8.763364473339174676e-02,1.258568890839510401e-01,1.854092966749775265e-02,-1.726841702855483884e-01,1.077052641115733983e-01,1.090345442356181888e-01,2.244492768293867013e-01,-5.126877068151303174e-02,-1.382643620713659705e-01,1.156368672447146556e-01,1.829706135282829493e-01,2.735812896645442929e-02,2.804750803714934487e-02,1.570650932611194206e-01,7.543262991401343542e-02,-5.471968763947239467e-02,-2.681272783678103622e-01,-4.878784962012146231e-02,2.568882777003693163e-01,2.639264210711660466e-03,2.108231325592029304e-01
-2.922920371091483616e-02,-1.080428920369887191e-01,-1.267625222921858752e-01,4.149523861585115853e-02,-1.220546312040280273e-01,-1.114187550172725666e-01,4.053702622715267545e-02,1.490666870472194261e-01,2.230066420520862291e-01,1.287121906452571574e-01,7.964369432073314936e-02,-2.414680888424016944e-02,-1.839794175424112055e-01,-5.592867177018040481e-02,2.687684592254585558e-02,3.127386616372987427e-01,-2.134338744389134568e-01,6.450139421649223916e-03,-1.134494157832958705e-01,-7.621592136126073558e-02,-5.434186149606688720e-03,-4.286357937017479247e-02,2.527945218047369935e-01,-2.853323853965453183e-02,-8.573985443446831278e-02,1.163465683281488944e-01,-5.063138448554923426e-02,4.520005021366558379e-03,-8.772324762851765878e-02,9.053737229584930823e-02,1.175611646638712038e-01,3.037118651512095147e-01,8.475010430892535029e-02,-4.367867383410452969e-02,-1.495533648206152644e-01,1.315697483954682799e-02,1.378720032751130087e-01,1.885037115402155572e-01,-2.639564281229894172e-01,-2.551960026117258140e-01,1.269997536483408185e-01,-6.591511913530036237e-02,2.683887568785369576e-02,-1.237600503258901863e-01,-4.147537368360930399e-02,1.346861650820095797e-02,-9.038496006664606397e-03,-4.830192979625130140e-02,8.254713542275035620e-02,3.334190821449971587e-01,-6.254348389723124457e-02,-4.787860095006186978e-02,8.347793640916995744e-03,2.171480053166022772e-01
-7.954329503854218331e-03,-1.331471713566100556e-01,-2.031039404185398800e-02,-1.724617791423338140e-02,-4.829192528762166203e-02,-9.896445168499938549e-02,1.748331364817829470e-01,1.020678603666327032e-02,2.597925597691901345e-01,-2.867882326668793821e-02,1.616706686877561749e-01,7.584294182752754354e-02,-1.733101114620677341e-01,-1.069487781167012957e-01,-5.099817609158579026e-03,2.410863988294253968e-01,-3.053523277780098230e-02,2.413848380740084981e-03,1.656999173303318473e-01,2.912014816349247845e-02,-1.580224719252465992e-01,-1.234242141248603486e-01,6.244786246118476380e-02,-8.059677011783744627e-02,4.304148504221567972e-02,-1.793211116975496622e-01,-2.472191470564755189e-01,3.621301232044505519e-02,-4.869408296473681785e-02,-1.660457337274393319e-01,-7.814136358197473764e-02,-9.265299368874707620e-02,4.113558616157646231e-02,4.143350060360493498e-02,-3.243925334696440288e-02,4.840920529661171985e-03,-5.284700783236018912e-02,-2.335552029664313689e-01,1.839742479567733902e-01,1.130207216679445237e-01,3.306378678074999022e-02,3.824715386311016152e-01,-2.413668596838366293e-02,1.264835266573801353e-01,3.556546546967508937e-01,-1.034691236805093256e-01,-3.211808022210288494e-02,5.953189925446478875e-02,-1.697393276351383817e-01,-5.543361929799039273e-02,1.456243727426998480e-01,-1.178576083217856146e-02,1.405632307112054946e-02,2.234728780740019849e-01
-1.450532544110155753e-01,-6.101714504476795503e-02,6.408922232565665567e-02,-3.039296964336607801e-02,1.013331399854601605e-01,-8.192944901707509275e-02,1.396198924736966607e-01,8.099375820552440902e-03,9.648536647452618520e-02,4.042470580742563852e-02,-1.256406000212481333e-01,1.744416963164883427e-01,-1.193127997961928588e-01,-1.330514121392378235e-01,1.803044666070552360e-01,2.306915380036650143e-01,-2.143366176348438304e-02,-4.212188317167688337e-03,2.842977063224627066e-01,-1.237747265746788443e-02,2.108224838248909383e-02,3.001954600960438091e-02,-2.371586194294229843e-01,-1.062981401315447605e-01,-3.829450995375958261e-02,1.569275472947995881e-02,1.865173553886961544e-01,-1.267916804133067087e-02,2.770420123235728393e-01,-4.092939969739217004e-02,2.323527223316068091e-01,-2.260470357372975497e-02,-6.275400275043598042e-02,-1.949084132314733708e-01,1.815239579703497794e-02,1.629821310670258594e-01,1.901491688295461058e-01,1.177143651415063913e-01,2.571377036065576327e-01,1.324515022410532872e-01,-1.701045915896340702e-02,-1.357454718906775104e-01,3.098668546298203024e-03,5.503191931981880891e-02,-2.562704448772641919e-01,-6.647919077111577937e-03,-9.380596153101596057e-02,-6.686559556156264350e-02,1.944223831486777132e-01,-1.922700144028443026e-01,-7.219853649785859528e-02,-4.390983232343541320e-02,1.976485250132701058e-02,2.297977508314030248e-01
-8.219554423652071506e-02,-1.988680481209707529e-01,6.593259305937183845e-02,-8.183135625505245925e-02,-6.452604608331810598e-02,-2.322425099836122053e-01,1.300393851176206705e-01,7.754652507981218967e-02,-4.460628333580873330e-03,-2.718193850325690761e-02,-6.794716130294012335e-02,-2.327903867065192305e-03,1.800568616663741628e-01,9.086090970560538327e-02,7.137801765206480470e-04,7.310486066868705779e-02,1.308968653606902566e-01,-1.460138382735398921e-01,8.069082686788013603e-02,-6.759134501523561545e-02,1.482568777700745966e-01,8.493779485406648122e-02,4.400253097385420364e-02,1.619132046694674310e-01,2.340184481404254668e-01,1.904223751225578576e-01,2.891708335462069845e-01,-1.649250660837074112e-01,3.558841162689096310e-02,-2.085959296245596950e-01,-6.362002991564208454e-02,-2.381384251613455350e-01,5.007240678112407500e-02,4.651156859901771357e-02,-6.407587577297881032e-02,2.052361772536225731e-02,-5.609067733169291470e-03,-1.969410768873313955e-01,-1.431716403340715371e-01,-1.529368017182427542e-01,-2.613767318635454862e-01,9.224198069314189230e-03,1.860630639875563153e-01,-1.541435917230764008e-01,-1.390114595155052431e-02,2.396809473985325456e-01,9.923618393921926351e-02,1.079188182764209344e-02,-2.007233219159557103e-01,9.872789215365769533e-02,4.921091406161501314e-02,1.018761073385759074e-02,2.547338193153047409e-02,2.361226235888011504e-01
-2.683582483276233943e-01,-7.925164682743771408e-03,9.708735099645054989e-02,-4.455751119371503810e-02,8.349308097357734104e-02,-4.814723785654428934e-02,4.770182068184634916e-02,-6.165228087725761058e-02,-1.389476633398077088e-01,-1.223651310406732029e-01,-5.458052379768815743e-02,-8.783591284495873008e-02,-4.061517640742207114e-02,-9.747670995723550780e-02,9.251972805395966559e-02,2.742793512950224624e-02,1.366244743192449873e-01,-2.256815104834369173e-02,1.746312015733330059e-01,-1.308368757017827899e-01,2.206282825581891427e-02,4.858645767873381177e-02,7.187885930786881705e-02,9.951812497681826464e-02,2.870573766171683350e-03,-1.310448198354473015e-01,9.115809385528633735e-02,-2.204170809597264802e-01,1.922649441296082591e-03,2.841921816572789625e-02,-2.827205887781718552e-01,1.236790937222718989e-01,-2.450253091220570001e-01,1.612466537179574888e-01,2.138457022598801160e-01,-1.103253327582030680e-01,-2.505975075793837603e-01,1.442873285985671328e-01,-1.235813241147873526e-01,9.212008143987694686e-02,8.120694970612288288e-02,-7.605962665335255779e-02,-3.240911591091586441e-01,-9.042676037862888705e-02,1.829109907206030450e-01,-1.831764753204283558e-01,-1.464066210472853707e-02,-6.485718962037723134e-02,1.800869441880750266e-01,1.702775118857322578e-01,-1.024378389620779206e-01,3.015066411200710474e-03,3.118191136173516925e-02,2.424474963462025512e-01
-1.981143801914747593e-01,-1.069021465633362422e-01,5.849267219091093539e-02,-1.144477191794614490e-01,1.704106371320777413e-01,-3.373246099248391333e-02,-5.371390306272930820e-02,-1.572943295352806359e-01,-1.691926315526614544e-01,-3.689460415634092383e-02,-1.143433722463410851e-01,5.853844283641353868e-02,1.006063332432126645e-01,1.371326976094184094e-02,2.337397505005062029e-04,-1.552415598404477404e-01,1.688676340194953940e-01,1.301930807929261025e-01,1.310162701823380238e-01,-1.190005342055752424e-01,-6.925940643986225331e-02,-5.533352681445719012e-02,2.331226896474677401e-01,-4.306616715287150260e-02,-1.439614376966047715e-01,7.604524507244733722e-03,-4.614382531796847875e-01,6.707212113423823008e-02,-1.567993601527259695e-01,-3.153371830820289601e-02,6.582011540674161110e-02,-2.422643220319480734e-02,3.805017673343964041e-02,5.422598676993618111e-02,1.193510748071215516e-01,2.211819642866963420e-01,1.704059907141128871e-01,2.363391509482821659e-02,-2.061323340850513275e-01,-3.363266824322568016e-02,9.462537115934464838e-02,1.371456602652191929e-02,8.579477330755741482e-02,4.172299058303112484e-02,-2.713336428852254345e-01,7.068358846694264286e-02,1.641180480298116695e-01,-4.683340275517138863e-03,-4.700310939880979200e-02,-1.345773970479670345e-01,1.780703925570142065e-01,6.035706940046353663e-02,3.689044079194179343e-02,2.487723691036013152e-01
-3.308585358239096719e-02,-2.328927784454311034e-01,2.689938579603254332e-02,-1.966846596331256192e-01,1.844046559674641372e-01,-9.091388285597570840e-02,5.180244264204370008e-02,2.424149974260815868e-02,-1.032361500180097036e-01,-3.527929257830901555e-02,1.405047965289822898e-01,3.726178928579423205e-02,1.277430435779310092e-01,1.868322720803023418e-01,-2.256491070872440052e-01,-2.064322307974624238e-01,-1.376628914546127458e-01,-1.546816805345370416e-01,-1.758649891919191188e-01,1.283023308212212776e-01,1.165631255251759757e-01,-4.018171843316226122e-02,-1.296676311387862657e-01,4.198739367328594568e-02,-1.747846873553345892e-01,-2.238604346361677266e-01,7.238205513294362903e-02,-1.349621183024753424e-01,-1.544009527446769392e-01,7.299812438078438770e-02,2.278827541325789685e-01,-2.152438046156775475e-01,8.730071503048354720e-02,-2.754679826137805890e-02,-7.913071031494399443e-02,-1.434782953545746531e-01,8.162586398146021160e-02,2.783992227376715367e-01,1.831714568223608841e-01,-9.756136601444248546e-02,1.045863277933874735e-01,1.053895513979801468e-01,-1.029358650705721745e-01,5.622334581359141742e-02,7.618777267829502688e-03,-1.358528599631453615e-01,-9.701659591682863792e-02,6.572769488659480075e-02,-8.122539149218099830e-02,1.026943275546578216e-01,-1.017906843879639173e-01,-1.502932365658158492e-02,4.259897022214525347e-02,2.550972418610023551e-01
-2.996992523427564059e-01,1.274959549906290110e-02,-1.656262203892658672e-02,-8.694088109016015475e-02,2.555567369578696235e-01,1.138143872417773927e-01,5.304031106409777541e-02,-7.589180840291975816e-02,-1.269312913929540321e-01,-1.637242074182205520e-01,1.806318296608359630e-01,-3.781648946224112628e-01,-2.760878049684477309e-02,1.005983633476161265e-01,-4.149464973209891772e-02,-1.189745335474507448e-01,-2.653496188311598725e-01,1.225088171536613119e-01,-8.018725232602016972e-02,1.123331422552926867e-01,-3.908205569473460761e-02,-1.480567389635285003e-01,1.381144743732175099e-02,-1.304986350616168522e-01,6.291654237795157867e-02,1.532760031207322515e-01,1.128272164281901024e-01,2.519633181197563632e-01,1.572020907697559422e-01,4.776279074477553233e-02,-8.725491491393748411e-02,1.991751238914772626e-01,7.360532400665149855e-02,-5.998187629957052458e-02,-1.702230189801726135e-01,2.017299277865710824e-02,-1.158387192026336387e-01,-2.336059443085294340e-01,3.617994138437686386e-02,4.018469900878227780e-02,-8.611621678204868513e-02,-1.000295287583159859e-01,1.508238817586987635e-01,1.453630084735842501e-02,7.844166780507214054e-02,4.628154766387124891e-02,-4.825229329770081010e-02,3.638989407767239531e-02,6.996053373759809901e-02,-7.393777538075248235e-02,-2.297456519724200286e-02,-4.868480964575101766e-02,4.830749965235275195e-02,2.614221146184019240e-01
