-1.164084064770978533e-01,1.676137011220901751e-01,-2.925403445553603210e-01,1.342719607517985081e-01,2.095595919404455720e-01,1.787812932380532238e-02,1.050115707388612762e-01,3.609393253245762323e-01,5.780388056880388092e-02,-1.896153329395883769e-01,-1.728264837930585940e-01,2.113735222854102314e-01,-1.031201906247448535e-01,-1.982937609144125313e-01,-2.854402960303966882e-02,6.296997750683638873e-02,1.463015161738928926e-01,8.992032943569930326e-02,-1.812911534676092395e-01,3.594944299482717709e-02,7.816305114937520393e-02,-2.134133842110832735e-01,3.905695695800921480e-03,-4.269843636148362015e-02,-3.050997243636410228e-01,-8.253680691983072970e-02,1.738715786631410409e-01,-2.399211998823724823e-02,7.335273639088471520e-02,1.815370339492671653e-02,-8.961340492022833171e-02,-1.797938209153932820e-01,-7.405613714801222158e-02,1.329684020406167178e-01,5.777232066968495533e-02,-5.727614652417296198e-03,-4.983918612619862853e-02,2.113153128807981063e-01,-2.993349631042168356e-03,7.193900755970672467e-02,-2.722662616230941621e-02,-6.205761112011530002e-03,-7.630569510935007738e-02,9.121220537693689248e-03,-1.437306931820646339e-01,4.660096838972620226e-02,-3.404116176620150362e-03,1.043483360221019417e-02,-3.533621489976807029e-02,-6.814212199060150355e-02,1.423445076406511245e-01,-3.758013411592427393e-03,-2.743728233339162367e-02,2.659970916468968882e-01
-1.239149257477186183e-01,1.832435849622013890e-01,-1.655395057772338363e-01,1.489067069718677250e-01,-7.699811918652238463e-02,-6.414556835349750907e-02,9.470848707257999155e-02,3.683305256540842509e-01,1.553961787200835720e-01,-1.672259523467236608e-01,8.598434654630449092e-02,3.111770722334544076e-02,6.524803748490960731e-02,1.133638236677629446e-01,5.623307516859295252e-02,-4.869487057230669630e-02,4.609830349622586615e-02,-1.103727992956845538e-01,1.579310431898025280e-01,-1.725275654162298500e-01,-6.473433368580017166e-02,1.295609153280715964e-01,-2.833405198196410346e-01,-1.665916730438177229e-02,2.430138580501928491e-01,2.223660939403376835e-01,8.140134431756934500e-04,1.729725034353364888e-01,-1.512573826892670004e-01,1.405152819806527176e-01,9.552296221564536560e-02,2.389476796354029486e-01,3.084067352247341076e-02,-1.423677121273789203e-01,-9.792542199198774056e-02,-1.761505479160654641e-01,1.901070488020963761e-02,-8.869517267244088343e-02,-6.558264306834928059e-02,-7.620011178321381418e-02,5.890118158433322454e-02,2.585787857691247693e-02,6.010688635516152345e-02,6.782123910129052302e-02,-5.074905839416321562e-02,2.204167478135408281e-02,2.552321228610715531e-02,-5.629484325321287147e-02,1.852828999794151055e-01,9.989737869689556404e-02,-1.211059558953487408e-01,1.392991306664194684e-01,-2.226481411715717715e-02,2.591336513186097701e-01
-1.437361388362722869e-01,1.019727109164952628e-01,-2.439805204423445284e-01,9.640815055480660145e-02,-9.439096678443777144e-02,-1.206927587537456048e-01,5.732919073869262999e-02,6.756130329221179953e-02,-9.915846164299841822e-03,-1.611807045838090924e-01,1.223131202401164103e-02,-1.162290693126758895e-01,1.140415593459908616e-01,2.074690776105524159e-02,-4.618684726387239925e-03,-9.301579668145761037e-02,1.095547635238984380e-01,-2.724839030696070419e-02,1.245545860834994939e-02,7.800898337972261842e-02,8.685379990105900061e-03,1.665788994572388604e-01,3.706130613301704124e-01,-2.813142078685334016e-02,1.629606124534099809e-01,-1.460238226572017350e-01,-1.716244497917962797e-01,-1.352513572730895952e-01,-5.255171936544161121e-02,-1.552777013219598656e-01,8.663003189645375468e-02,-1.633902999028668257e-01,4.162185498026795688e-03,-1.947065685065296203e-01,-8.961969105096669400e-03,3.800285042791792245e-01,1.159882282572888557e-01,-1.142841363759715817e-01,9.145604684091888925e-02,-1.106025824758220671e-01,-5.471184907876484524e-03,-7.770433759190314982e-02,9.536128596914630884e-02,-1.387819961811683211e-01,1.482551395975633957e-01,-1.120312152885440671e-01,-9.420164243765935530e-02,7.145709984749848420e-02,-1.442279660098731153e-01,-9.103105797267921351e-02,-1.441663380944827877e-01,-1.966404062253306051e-01,-1.709234590092157877e-02,2.522702109903216527e-01
-1.755955064871542459e-01,1.173074567971020693e-01,-1.923757301391862962e-01,1.420811544770560486e-01,-1.398600109637870292e-01,-6.587034767590624340e-02,-6.599603957669873677e-02,-1.988634831335965025e-01,-1.714617316079503073e-01,6.042472691236676352e-02,9.527998811722009076e-02,-3.027826655843277592e-01,1.816112539529783076e-01,4.864075443760045893e-03,7.955362794126076553e-02,-2.228749108825608394e-01,-1.380612077877696742e-01,9.482958964132978674e-02,-2.879114626102243640e-02,-9.888505489099003176e-02,-3.904175485802361626e-03,-4.376954473756464181e-02,1.084913343735380807e-02,-1.154466305334374797e-03,1.797779779219958740e-01,-7.023343067098476722e-02,2.864005900324061507e-02,1.009073780838366102e-01,2.891324946726419043e-01,-1.399906446197974053e-01,-1.327314672917019045e-01,-8.227455634918031183e-03,1.944099134286208230e-01,3.173715746545924810e-01,9.084245043007967146e-02,-1.425654424041195023e-01,-1.140053893239723476e-01,1.650040011036777721e-01,-8.605906433839130565e-02,1.410303100833266293e-02,8.172469245441077446e-02,8.263006353463174525e-02,-1.135233416642395382e-01,9.245202571405049252e-02,1.482551802083468817e-01,1.919030157756167893e-02,1.375560581466669097e-01,-7.482830242784349606e-02,5.387226589209814787e-03,8.345565600731266742e-02,1.827074084452640634e-01,4.036038375986415218e-03,-1.191987768468425087e-02,2.454067706620274847e-01
-2.245191245713300809e-01,-7.754221111507420862e-03,-1.283830328122829156e-01,3.304181745956712157e-02,-1.624682903749044005e-01,-6.323220742970571406e-02,-5.476490923400446215e-02,-1.776680876744277660e-01,-3.675679833228957805e-02,1.687222913903409227e-01,-1.261737186041196612e-01,-1.158854727973634841e-01,-1.128154329126610372e-01,2.124723472551963421e-02,5.043546709367752179e-02,5.508291964358735110e-02,-1.848201289543504877e-01,2.755009271024806868e-03,1.335532438770027364e-01,-9.177339634715778183e-02,-1.075622321872739678e-01,7.950809511283428443e-02,-1.077444465385818534e-01,9.141130441290847009e-02,-2.939902147689041900e-01,-8.000037680117803862e-03,2.055643657305667726e-01,-2.227761837325207273e-01,1.141769951343284961e-01,1.383175038977487448e-01,-6.728305499282870306e-02,1.097662819509722804e-01,-8.419084436803302152e-02,-1.597205747343511395e-01,3.661480930544772777e-02,2.973906712021686868e-02,-6.359314459295008215e-02,-3.407306962389611282e-01,3.129107930061160725e-01,2.509274666667422604e-01,2.906710131708592146e-02,-1.019485529908051302e-01,-5.925814998148033058e-02,-1.035206954206920327e-01,-6.388895534465280357e-02,1.399471111672478119e-01,-7.549801552753250544e-02,8.035185917429825408e-02,2.712883363159985031e-02,-8.871202284835763563e-02,-2.111381692175933952e-02,1.427309189160371472e-01,-6.747409468451524318e-03,2.385433303337352318e-01
-1.633693524656914531e-01,1.812283509524737768e-01,2.525475184578913554e-02,1.092962280987161139e-01,-9.500783828854392210e-02,5.086168537498785003e-02,-1.599341980206224756e-01,-1.898353207605940063e-01,-1.313916632440575299e-02,2.231897149194961294e-01,-2.102187540572171554e-01,-1.464639481388791686e-01,-1.398238187614322114e-01,1.552281000603430473e-02,-1.924476365390771077e-02,9.674384662249409239e-03,-6.326776214370147255e-02,5.290139015686209228e-02,-3.138849136449396726e-02,2.664147762431292588e-01,4.794732364452531509e-02,-1.440271018656613389e-01,5.809592067333291254e-02,4.900960672176013500e-02,-2.461043414886608383e-01,1.861622276436413759e-01,-2.107377485770228764e-01,2.188302589826986999e-01,-2.927484052857654562e-01,-3.860179716386220178e-02,1.203412482724708910e-01,-1.459422566876355382e-02,-1.548967503825639247e-01,-4.460015077965624047e-02,4.072484821262165045e-02,-2.221429060673219824e-01,3.911899499398919372e-02,6.853136063503566244e-02,-1.175731269111506966e-01,-7.960082789338822351e-02,-2.068972591040848519e-01,1.017140572000439086e-01,1.907590508788672423e-01,1.356457354224356870e-01,-4.545605681735245818e-03,-1.244126470920897815e-01,-1.268254137133865631e-02,2.044178318318694287e-02,2.145295528220561229e-02,6.458753378510463661e-03,-1.572336601289404112e-01,-1.241026266222385738e-01,-1.574941252213805888e-03,2.316798900054449217e-01
-1.824604216217237396e-01,-5.988396293310795787e-02,-4.048674712474643195e-02,-1.827468006996360583e-01,-5.287418863265288399e-02,1.065732383096861385e-01,-8.710450453963117234e-02,-7.863698848828525045e-02,2.363355276871959010e-02,2.413928140641262987e-01,-1.334526829235862799e-01,1.785633002642634248e-01,-8.777782119800811578e-02,-7.208977284712880969e-03,2.191445645245379270e-01,2.914107833366091360e-01,-7.016401969654362247e-02,-1.582805786238091761e-01,5.920943868030368630e-03,-5.267445178661496474e-02,1.213897390831738116e-01,-1.193812579798005646e-01,-8.256639537373411386e-02,-1.424050107093884354e-01,2.362024211602603008e-01,3.921712790388873215e-02,-2.435816479015702821e-02,-1.525309156900997998e-01,-8.398137919870699020e-02,8.964372510672101446e-02,-1.101474242329167075e-01,1.896740627092675380e-01,9.138627784691848166e-02,1.207558508415782078e-01,-3.288435184774387426e-02,3.616990123479255081e-01,8.071302606523049483e-02,2.701967176810190358e-02,-2.898157503997973450e-01,-1.164180648472086521e-01,-2.720542100841151154e-02,-8.800294796304597433e-02,-9.800600303607137631e-02,4.022572972921913820e-02,-1.224307567015573278e-01,-1.062786628002748285e-01,-1.084876750985651166e-02,-1.780615132140399848e-01,-1.335310256997949419e-01,-2.918708791439547992e-02,1.012047887382681449e-01,-2.744240271926110669e-02,3.597526964021777098e-03,2.248164496771567489e-01
-5.762158683551829585e-02,1.308509993015449790e-01,1.968784714533527991e-01,1.524311275336567850e-01,5.894489542803797721e-02,2.387498465409887138e-01,-5.844963380918295759e-02,-9.072482837410279777e-02,1.366809855396887707e-01,1.767389057722275614e-01,2.149182936959428275e-02,3.182232034523393982e-01,-1.376210714704932392e-01,1.818285410938728919e-01,-7.879117155487633251e-02,1.268462284459181133e-01,6.385205709136235197e-02,3.757216825282397310e-02,-2.878462618279008511e-01,-5.373542558128252544e-02,-2.019751349962267684e-02,1.371477590379826528e-01,1.037710149971260154e-01,1.198777409086050280e-02,1.466142736885830411e-01,6.197039234944168307e-02,-1.561716517245439473e-01,-1.764913168846826350e-02,2.152495343446120604e-02,-1.058273985744642570e-01,2.576813728721456809e-02,-1.831277510828004107e-01,5.621142115803435396e-02,9.062576258393256756e-02,-1.082892125792073307e-01,-1.285838932814654667e-01,5.519398200258852916e-02,-1.016932030414540861e-01,5.868794519204347665e-02,-3.485197155000715336e-02,1.810406556824906421e-01,8.670823713563187429e-02,-1.214072463717625894e-01,-2.001737914660516038e-01,2.371431065325646514e-01,2.372874724096942500e-01,-1.099155404633210265e-01,1.682147272786290726e-01,5.736369222576018223e-02,4.497533323960522383e-02,7.113293179065811878e-02,1.965929532241453004e-01,8.769995180258356032e-03,2.179530093488647180e-01
-3.724456489209043708e-02,7.571405023645498555e-02,1.525942268583419317e-02,-2.416818666763099477e-01,1.188688670742001491e-01,1.233651210857055203e-01,-2.020921398127312196e-02,-4.028315252668097229e-02,2.699007163544845378e-01,1.499277936973034131e-01,2.786988946675181822e-01,3.678514472114707834e-02,-1.151179006319697773e-01,1.612796646609646611e-01,-8.651827599275065117e-02,4.241582736564655093e-02,1.471110080115435037e-01,-1.581619351023092479e-01,8.802319872340576279e-02,6.671448055214192208e-02,-9.198743025392705497e-02,-1.842671498035360414e-02,-5.500237149100310058e-02,3.196951578906895991e-02,8.126565383962529310e-02,-4.053178726072172999e-01,-1.312040853888703229e-01,-1.216051413874483511e-01,2.206184070236076045e-01,2.917220579979330070e-02,5.753970074867803541e-02,7.773307112204586033e-03,-5.222713434451189962e-02,-3.844056983659995680e-02,1.173370462917826679e-01,-1.855946243420575625e-01,-2.123973668396643075e-02,1.480813622387493200e-01,1.418397132337459454e-01,1.584782134061487879e-01,3.981442904211978523e-02,-6.355854620538273214e-02,1.483068761643670797e-01,1.082556406205458788e-01,-1.367159293387273655e-01,-1.312456582117352832e-01,1.850536549470666314e-01,-4.968058770835646898e-02,1.234516199582290086e-01,-1.443750214636740740e-02,-1.042950568320516885e-01,-2.225628196734300290e-01,1.394246339649320675e-02,2.110895690205717434e-01
-5.318366046669264352e-02,-2.305576838905960910e-03,1.188820075040148694e-01,-2.361385944906793100e-01,2.219200919550028302e-03,2.254952758899519613e-02,1.578126079872424481e-01,-8.809588544459731607e-02,1.491249076157754871e-01,-5.305767587304638377e-02,2.845520935437820809e-01,-7.267096531825660566e-02,1.203877838968745451e-01,3.906013371297833905e-03,-1.336746126916062982e-01,1.264786140373853340e-01,1.795011104462431450e-01,9.550761513018451998e-02,-3.988920399988633153e-02,1.315840007876273587e-01,-2.212260039764515351e-01,-2.038580154464012251e-01,-1.603998222979922672e-01,3.141943542440406856e-01,-1.120123333257926207e-01,1.711676269737011369e-01,1.923307152428094247e-01,1.675294115711642440e-01,2.588848940885664016e-02,-5.648934673180033145e-02,-1.138415211992962750e-01,4.697127339958333259e-02,2.437219146848776663e-01,-7.644750790644395944e-02,2.505425880027385352e-02,1.674319958734002411e-01,-1.348350033819944449e-01,4.422639578796480272e-03,3.005145450279827005e-02,-2.272414897039556070e-01,-1.362709586056149447e-01,-5.748728199916015164e-02,6.437741766688899470e-02,1.233528240856548303e-02,1.499322341954947013e-01,1.449697865616106883e-02,-1.715163898959858324e-01,8.777953378889723213e-02,-1.916526341510848830e-01,-1.404116565955576199e-02,4.494815622181053821e-02,4.296694582370202964e-02,1.911493161272868543e-02,2.042261286922821550e-01
-6.032178807439003004e-02,-2.089861653928285976e-02,1.452218548652834673e-01,-2.307832886313967435e-01,-5.515004876778153986e-02,6.929163149351100226e-02,1.161354535484996064e-01,-1.630411864497864349e-01,1.425745984802840871e-01,-3.553671429937594467e-02,-1.159735738791186216e-01,-1.098051016601200580e-01,3.964801863202218057e-01,-1.879386212219800179e-01,-3.127526986436278689e-01,-1.252313596849349842e-01,2.053377911634491834e-02,-1.183427590182942052e-01,1.239269164405433152e-02,-5.375756643020566938e-02,1.259110721836642077e-01,8.826692449888234870e-02,-4.799682952578551709e-02,-1.623811574558067317e-03,-1.909949278776976178e-02,1.247264618596593266e-01,1.610441258382577789e-01,-2.433666265493428238e-01,-2.042507916835913373e-01,4.381127898233613122e-02,3.620259846635397183e-02,-2.164109872167024329e-01,-2.280414749141801978e-01,1.204423056010354709e-01,-1.154813333766483707e-01,-6.478338794470807349e-02,1.045072347252615080e-01,1.176314639750087043e-01,1.702536539753521719e-02,-3.281118950338506035e-02,1.580710030544824340e-01,3.872361012945454289e-02,-9.533279960959850641e-02,-1.136788901998526946e-01,-9.903763231731199657e-02,-1.332677487246287928e-01,1.423216047454911592e-01,-5.070736209048946896e-02,-5.265769437539548001e-03,1.220620198525651512e-01,-5.617556048100289662e-02,1.335903170407509166e-01,2.428739982896612609e-02,1.973626883639904295e-01
-4.845450559912271339e-03,5.711310395044843884e-03,1.039854027082765114e-01,-9.330744601680532324e-02,9.521811791970725969e-02,4.810553111829778822e-02,8.230249058826698272e-02,-1.494295209374027211e-01,-3.664045291204168220e-02,-1.220120079235129662e-01,9.498671505012226679e-02,6.072271782437912296e-02,1.880290923778653034e-01,-9.304490517169863861e-02,-1.036359362387457017e-01,8.390369492603980128e-02,4.265762204202975041e-03,2.686156483784071236e-01,1.118653629816014107e-02,1.294989973113568338e-01,1.568075829292625289e-01,2.958748189858681488e-01,6.587338207044511618e-03,-2.780507768374312905e-01,2.298815896691904642e-02,-1.645569001548762705e-02,6.349452185877003940e-02,1.209789781716352208e-01,7.487848978005048894e-02,1.188792335544988990e-02,1.945726256898416273e-01,1.931925837064313589e-01,-2.376298225997834634e-02,-1.229332450029701901e-01,2.003415861180311841e-01,4.957448940958236738e-02,8.606051437367225748e-03,-1.255000268605606650e-01,-2.575292458992093358e-01,2.672836006202187198e-01,-1.502106927084124743e-01,1.964424245337181574e-01,-3.094268842581640241e-02,3.096455674022929871e-02,-1.619775183767146465e-01,2.567915997318969690e-01,-7.390197237257482843e-02,1.045115003321629571e-01,-3.986435873446631840e-03,4.884222396055651338e-02,1.233164516870735583e-01,-1.797971315337871800e-01,2.945986804520065588e-02,1.904992480356991202e-01
-3.196569970489670370e-02,-2.393617210282140695e-01,-7.445527258377017399e-02,-1.260475649974830692e-01,1.116634214120909713e-01,-5.477078333672940474e-02,1.317430094539862873e-01,-1.835595427056899431e-01,-2.139704424205463862e-01,-1.459435220944418354e-01,1.076963819049252397e-01,2.197310743701977598e-01,-5.945379616690638080e-02,-1.316546576474645833e-02,1.709305318127623818e-01,1.783491424793768459e-02,-9.124570365836778829e-02,1.911245806231798572e-01,-7.426393116677264261e-02,1.238768702078589801e-01,8.325124210290386906e-02,-6.493551320815971195e-02,1.307409721687352033e-01,2.367570219665050824e-02,-9.939681339063730775e-03,-1.427860960069833041e-01,1.183480272440037701e-01,7.196189083899598438e-02,-5.364724134575726139e-02,-9.658685026695354447e-02,1.612286113934380261e-03,-9.804340859361107552e-02,9.808005223506706047e-03,-2.244552704470423043e-01,-2.175372895034155818e-01,-6.123001259038201444e-02,7.332859394496969718e-02,-1.067102385246546936e-01,-2.478540145740941794e-02,1.517306379472775461e-02,8.860232888104821458e-02,-8.783869358965379348e-02,-4.718365478554519682e-02,3.086492959494792632e-01,9.611846315008167052e-02,-2.479117065359901506e-01,3.735380225746239707e-02,-9.192600151143287546e-02,3.053126914911309386e-01,1.455101203998915571e-01,-7.051284324184736718e-02,2.661796746865763841e-01,3.463233626143703836e-02,1.836358077074081163e-01
-8.557752667613877096e-02,-2.446416502923252911e-01,1.614753934347995523e-01,2.297323821513266862e-02,-3.689270956429854115e-02,-8.321766510167749598e-02,1.745961813484979697e-01,-8.560235800679025231e-02,-6.386906157986450838e-02,-1.387152179589049850e-01,2.445261904787670790e-02,2.220276990930146466e-01,-1.326853750226791341e-02,-2.009177583049698637e-02,2.823978671698385706e-02,-9.813802720614703268e-02,-2.446357238938486889e-01,7.017719001867159245e-02,9.554841187433335548e-02,-7.590682034687053215e-02,-2.473908637035363359e-02,-5.877212292211515116e-02,5.985418606280854675e-02,5.389652569956225603e-02,3.946153948287389052e-02,-4.390853868460408566e-02,2.228904366078520577e-02,2.220890515552975120e-01,-7.824606300718911500e-02,6.934740669068098495e-02,-8.875330841425303763e-02,6.715923652105453001e-02,1.302820434838411479e-02,1.717125648258808479e-01,-1.747823757795864130e-01,-1.785255243211324172e-01,8.188698662201739087e-02,8.851362238444789032e-02,4.913128008934244256e-02,-6.139330782277836046e-02,3.522090407042016008e-02,-1.312994464047334275e-01,1.557461426116913406e-01,-3.705915027538206341e-01,-8.875032083368714075e-02,9.651617661499947709e-02,1.604222742249997863e-02,-5.059052478465167479e-02,5.438202294591582692e-02,-3.980781775891405472e-01,-2.495368590700602213e-02,-3.189386666751922728e-01,3.980480447767208163e-02,1.767723673791181671e-01
7.387615922079449407e-03,6.758554653156853553e-02,2.903625107422631579e-01,1.305556955315955447e-01,1.471131283461997452e-01,3.099772902537730954e-02,-5.500295827394516279e-02,3.116121409173579215e-02,-1.613206550121118743e-01,-2.022283682445553676e-01,-1.260226121701551755e-03,8.138392886902980072e-02,5.443273023499203139e-02,-1.998993590900267625e-01,-7.884124039080113444e-03,9.331474854844715172e-02,-2.786678373917350071e-01,-2.048041699591280629e-01,1.919779596500959529e-01,4.166535170361500978e-02,-1.966492937684899966e-01,-2.624508160910975912e-02,1.860706861779799215e-01,1.098258222235487663e-01,4.974500732145681337e-02,-8.444057636902632669e-02,-2.393980776685099843e-01,5.419081881890959462e-02,8.184441047253915302e-02,5.649793694335991656e-02,2.583186745338135748e-01,5.279459984203763862e-02,-8.156754733213388009e-02,5.467946261595559021e-02,7.288069808429063767e-02,7.050809360947098148e-02,-2.423917075375238983e-01,9.225105131343780407e-02,1.637280420138729209e-01,-4.602001892983910436e-02,-6.383988007339565229e-02,-3.063014405312921434e-02,-5.393529018682688414e-02,8.853310477243711563e-02,-1.273873594613103566e-01,3.628367473199851229e-02,-5.192701792376140657e-02,-1.556815858501246486e-01,-2.162047627675510453e-01,8.915877618910951485e-02,1.382564317475267965e-02,2.949948731183424933e-01,4.497727269390913024e-02,1.699089270508270799e-01
2.872783978064737467e-02,-2.445516997301322160e-01,-7.103512845110174223e-02,-1.119213650421575501e-01,1.236095640956982045e-01,1.698905833142060062e-01,-1.415853572497326462e-01,1.023530688843520831e-01,-2.049078440338926721e-01,-1.065684610456822945e-01,1.037292075086687776e-01,5.299981102974089114e-02,-2.349171572455500262e-02,-1.354261762982922890e-01,-2.233161444251079500e-02,-6.363625170445774692e-02,-5.309023053038576523e-03,-2.602144337081329847e-02,9.606704051635461816e-02,-1.893692953221478778e-02,2.908907214445975373e-02,5.126814057477612624e-02,-1.793298996860664962e-01,-1.452318220256109127e-01,-2.343826529616040710e-01,1.587795818987768615e-01,-3.687934415673199129e-01,-7.163876876047585440e-02,-3.885076224716147494e-03,2.506145477797523946e-01,-1.777497741335429260e-01,-5.436402666388429061e-02,1.597572923833352476e-01,-3.397514635904118341e-02,9.373958960890808878e-02,7.604509655050523120e-03,-1.500773524389133473e-01,-8.032543690557003568e-02,1.905433275312814340e-02,-1.295936846373676489e-02,1.816719409879839764e-01,2.711678092612097579e-01,-4.060540206529959784e-02,-5.006786598665634996e-02,2.880293437054000649e-01,-1.421357820157922169e-01,1.506474663668762037e-01,9.788671920774565105e-02,-7.331477540074159138e-02,-3.515006484586039037e-02,-1.107370609619774127e-01,-1.116510790234108569e-01,5.014974091014377799e-02,1.630454867225357152e-01
-1.081316508645469368e-02,-1.696681122829426513e-01,2.094368671512930602e-01,-3.878000138375813088e-02,-1.132846170189502899e-01,-1.742248424555241371e-02,2.748601959291125871e-02,7.859554254507902793e-02,-1.104646584030959944e-01,-1.228733454160639976e-01,-2.307506607423417122e-01,-8.425755564541681508e-02,-1.657416064420579038e-01,9.676309259428984844e-02,-4.985746140708785523e-02,-4.407798645992219017e-02,3.057578660761972600e-01,-1.464062128996966028e-01,2.405821597092769881e-01,-1.182873729413723290e-01,-1.242976985132923651e-01,1.214276318808506921e-01,-5.566172185324844840e-02,-2.972850011587822514e-02,-3.853919937591188810e-02,-1.585332829698221369e-01,-6.530778652114697935e-02,1.227126242018807684e-01,-4.806430071202754534e-02,-3.718726114001016242e-02,-1.693474478938461480e-01,-4.323283694775579417e-02,-9.885587840381900027e-02,8.172149601558469090e-02,-1.239423951660827000e-01,-2.608036751380509929e-02,1.464761503025198974e-01,5.790080964753053366e-02,-1.032972577252135038e-01,2.743581078860238831e-01,-2.696529239690894642e-01,-1.439986256225663508e-01,2.127939001945404127e-02,2.480925205310551690e-02,2.636569501591038978e-01,-4.649383627044367806e-02,-7.900124179454873219e-02,6.023929892916000950e-02,-4.951888072394223378e-02,2.054910874886956007e-01,2.900337357999656640e-01,2.386666644103609125e-02,5.532220912637964699e-02,1.561820463942453219e-01
-1.201834728396658503e-02,-2.482332545335063090e-01,1.298324384269593235e-01,-3.893546714665602204e-02,-5.054608425834778568e-02,8.300729751066666939e-02,-8.113635408607886013e-02,7.694136410464022524e-02,-2.108762848288339709e-01,-8.219571158147180590e-02,1.585312409247640469e-02,-1.187191811741988845e-01,1.904795924154757333e-02,2.004004593386369271e-01,1.169655093022527598e-01,-2.280141958995783036e-01,1.778748379286687054e-01,-2.461886798497839313e-02,-2.090725628558323390e-01,2.706623245551627310e-02,4.683285021315133217e-02,-9.613899412551455206e-03,-1.605611010561165675e-01,-1.891855811924197106e-01,-4.508600738856840401e-02,7.459501020247272240e-02,-1.126131067453356449e-01,-1.947859712322361492e-01,6.252495490991746840e-02,-2.205565774508572163e-01,2.070280358154987996e-02,1.892746215234232185e-02,2.646127433966186798e-02,1.100871680052754459e-01,4.382666950943078961e-03,9.236061491410742230e-02,5.652770494238022747e-02,7.507860571430545471e-02,1.831698365031036446e-01,-2.036518987093867417e-01,-1.788888413904504704e-01,-1.513547972727086709e-02,1.637252151603620087e-01,1.357208009193011100e-01,-3.367991037527551801e-01,2.478556539331926711e-01,-4.182832907481915177e-03,1.046017577790656905e-01,1.247929104008488888e-01,-1.338494980179298632e-01,-9.463348354644740557e-02,1.941413400670831124e-01,6.049467734261551599e-02,1.493186060659537906e-01
5.697798026068325722e-02,3.530444953415128040e-02,3.258803130130352166e-01,1.333453504787654453e-01,4.034445744944675782e-02,7.742912617184617707e-02,-1.418552659917328707e-01,1.770057058576303133e-01,-2.573874276482176482e-01,-3.274801582087819712e-02,8.015158461670185419e-02,-5.909584556171596469e-03,-2.270073942467423431e-02,1.127413086632540612e-01,1.788472599124737716e-01,-6.652318894456694942e-02,6.636513188999046409e-02,-3.143865979809939981e-02,-4.004119262484991809e-02,1.882754328486252113e-02,-1.751480489731950252e-01,-1.144201471522995478e-01,1.237897529476935793e-01,4.713160913696114868e-02,5.057673052681849885e-02,1.399390695943661667e-01,3.685770491076939548e-01,-2.056957016816508832e-01,-2.131532721970785457e-02,-1.013150019264444923e-01,-6.176327419180242112e-02,7.198015883507510870e-02,-1.604622616426746862e-01,-1.017539925308227067e-01,1.949566024683129783e-01,-1.285196244838953394e-01,-1.015849665926519055e-02,-6.112300503823653308e-02,-1.788283700231651507e-01,-6.468246697704176096e-03,1.993561341010935128e-01,-1.096724978639793124e-01,-1.819863308942518132e-01,-2.951841962657722820e-02,-3.227460076407311085e-02,-1.130147056294203006e-01,2.703089107457353271e-02,9.885864605512126313e-02,-9.114052747494803819e-02,1.372920552308603270e-01,-1.457122956464023400e-01,-3.022785563958301780e-01,6.566714555885075355e-02,1.424551657376623426e-01
1.046012302070040978e-01,1.948148736074436366e-02,5.259221530551701912e-02,-1.839820970609538572e-02,1.741776649364658869e-01,2.467624100893969427e-02,-8.593591938370302719e-02,1.482624473802247322e-01,-1.726838116982805926e-01,2.070815993343483874e-01,2.294491461113940499e-03,-1.863266734234197142e-01,-2.348300525237627390e-01,-4.768362924339812625e-02,-1.395548286612104394e-01,-2.069002413912655880e-01,-2.055107964008673002e-02,3.142891373746177497e-02,3.080681000820367429e-02,1.059360833558372662e-02,2.921836869954613225e-01,4.315576587476111642e-02,-5.856369888665082651e-02,2.507365798806647783e-01,2.304977475653931934e-02,-1.939291672434242386e-01,1.297585334956245229e-01,-7.396540134362626639e-02,-5.709770141602548560e-02,4.473574282704891047e-02,1.232364806152693448e-01,1.163238944407516962e-01,7.492135283091387599e-02,-3.312417169982274090e-01,-2.112539963181403468e-01,4.434688689253758753e-02,2.527579081581438764e-02,1.286086501122870596e-01,1.480326795269014395e-02,-2.165132691891953898e-01,7.005611527833370891e-03,1.830699917586778580e-01,-4.069956260218109828e-02,-1.442676698911530830e-01,4.562929362182441967e-02,1.761029453313976423e-01,2.989446378859375239e-02,-2.168501853416771874e-01,-1.028441463036872637e-02,3.132548196714527583e-02,2.415763930374633384e-01,-4.688808160022957250e-02,7.083961377508754542e-02,1.355917254093725322e-01
9.740716353619464918e-02,-1.304064262909908900e-01,1.302826812479272733e-02,-1.551936990574285247e-01,1.592481032179142719e-01,-4.678471261382288054e-02,-1.206588211552250961e-01,1.918241113758320793e-01,1.567442969478586579e-01,1.477457381991321705e-01,-6.262833364724082474e-02,-5.175106060413680459e-02,-7.565257642094733170e-02,-4.941083421160458178e-02,-1.633515941183399378e-01,-2.783804361986715881e-01,-1.122211160158860660e-01,1.138153895622862760e-01,-1.292856452498972186e-01,-2.294256655811239554e-01,1.489043235330974324e-01,-1.414227433599745676e-01,2.284640586469636192e-01,7.595617723112289832e-02,1.653699935586880054e-01,5.394966663523516337e-02,8.566030686502712488e-02,5.570636166161520297e-02,8.909546684646524328e-02,1.417074865676371254e-01,4.481076213496030386e-02,1.336341847523824788e-01,4.880177830061015881e-02,1.747273745825504709e-01,5.259043708051926690e-03,4.174347852175892132e-02,1.906806914898791575e-02,-5.024574937784182654e-02,-7.090206086358007143e-02,2.758857557879716427e-01,-1.402389541794273886e-01,-3.334575645397060140e-02,7.919605534875029385e-02,1.122906619357184888e-01,1.170763817901200737e-01,-4.715072066914187399e-02,-1.869072617778877454e-01,1.124383044584155028e-01,-1.161658574320530296e-01,-4.760953287824373076e-02,-3.761067533106837724e-01,1.433575994863372505e-01,7.601208199132289400e-02,1.287282850810812229e-01
1.099404053120116437e-01,-3.791127199348238302e-02,1.224928068250330931e-01,-4.286113115569150853e-03,2.016042913204955100e-01,-9.669501894219720284e-02,-8.043466571687565847e-02,1.142959747994297809e-01,1.678155786524717918e-01,1.937477180804389743e-01,2.273521759765279732e-02,-1.140785824917741609e-01,-9.918120801851304513e-02,-8.561913102099341644e-02,7.068100822821511697e-02,2.040878183999055712e-02,-1.187499843187586196e-01,2.333460373561745405e-01,1.125154310273537711e-01,-2.325005561318021219e-01,-1.278141215240327921e-01,1.026069973385985157e-01,2.768188446288803728e-02,-7.803596984607993892e-02,8.051145782009633267e-02,3.077999776728087555e-01,4.449896664995965472e-03,1.356054501765802944e-01,-4.675899498773958968e-02,-1.144134531503128577e-01,6.482097450196028232e-02,-3.346940765388171091e-01,3.629689088616136483e-02,-2.534477976501152766e-02,9.380883323896620218e-02,1.911424434878496170e-01,-5.082411940460627130e-03,-7.371015239792572116e-02,1.976051055746738394e-01,-1.538653798351745459e-03,-4.971675622446813242e-02,-8.100814379437021318e-02,2.472698099752066933e-02,7.097832414879093332e-02,-1.562522920304590668e-01,-1.994000264908203646e-01,2.014828461659141090e-01,3.476945575430899493e-02,1.745376899737327570e-01,-4.076435359737843461e-02,3.209053742288476285e-01,-1.076949557986488643e-01,8.118455020755935281e-02,1.218648447527919260e-01
2.133387372373700408e-01,4.965501412043794860e-02,8.189401552994739208e-03,-1.027253596799820035e-01,2.538261962653016734e-01,-2.118293108517597390e-01,1.590852940628300904e-01,5.188482791076635958e-02,1.879442852291775268e-02,2.353907212086026046e-02,-2.858963979467554414e-02,-2.237592693650216624e-01,-1.914529184593586481e-02,4.428414930752112844e-02,2.812849089355097809e-01,1.944938774027087647e-01,5.493487794668436980e-02,7.989033805709149991e-03,5.896588167774438616e-02,6.355718164941225046e-02,2.100158472796261055e-01,2.476029674112188717e-01,-1.544648743401044744e-01,1.855511870312579470e-01,-4.646211685177983886e-02,-1.230517028189484635e-01,-1.011543249778216053e-01,-9.122925529031725156e-03,-1.139901572167868332e-01,-2.035398826049249210e-01,-6.932550273409510133e-02,-1.045077938560078495e-01,-1.433676761471114162e-02,2.549882256130892588e-01,1.453198868748042938e-01,-2.168220711599874728e-01,-1.910805080471212128e-02,-2.476821254553091545e-01,-1.151277276288067558e-01,-4.344312049644396406e-02,4.437631469520634392e-02,-3.242590574167321382e-02,-9.148318742428675210e-02,-7.217228655124179049e-02,-2.238200560092265881e-02,-3.723043246540555431e-03,-8.519499577347763863e-02,-1.314855958195583208e-01,-1.678050089719810289e-01,-1.644035610862430996e-01,-1.487329946397157321e-01,1.082916675892085373e-01,8.635701842379500670e-02,1.150014044244995481e-01
1.476702273310586122e-01,-1.356589862532839308e-01,-4.298109782325319067e-02,-6.983471878538483057e-02,1.648842076516783273e-01,-2.997877900473430168e-01,1.230381183334164769e-01,-1.206806734619897126e-01,2.092184361319053554e-01,-5.267377100833874060e-02,-1.741814712428104428e-01,-7.921939479911348225e-02,6.424027910322023527e-02,2.483149630718936018e-01,1.546252182521780372e-01,-7.294699857366292173e-02,1.951213654083789554e-03,-1.861985188015271020e-01,-2.087158021989731493e-01,-4.811990447031119084e-02,-1.812220260169580821e-01,-1.168096298817852818e-01,2.422157798531792416e-01,3.587226172965314163e-03,-2.057693508206456801e-01,1.986448103151933556e-02,-1.020014124637759756e-01,-3.483564427424830530e-03,6.274259878293578230e-02,2.108073678867607437e-01,5.277716332028725699e-02,1.708312698538222429e-01,-1.851343553476183720e-02,-1.892987085239616202e-02,1.900751069927013592e-01,7.342731067509167264e-02,1.361810410414761655e-02,1.830188648142168709e-02,-1.160793635924193129e-01,-1.356993137353632306e-01,3.555986228810308764e-02,1.678996732147674253e-01,-1.381492571134641453e-02,-2.234407242597560017e-01,8.245998778649836491e-03,4.150164901088158886e-02,2.151271944683671999e-02,-3.859096251757548890e-02,2.478999158696318927e-01,2.308696575971083409e-01,1.291982609654578618e-01,8.070576531428379913e-03,9.152948664003086876e-02,1.081379640962082667e-01
1.829859950864725360e-01,1.014299116093048958e-01,1.363328549068494877e-01,1.408548979487085351e-01,1.167970636415610053e-01,-2.416381001675371176e-01,1.028805182888065939e-01,-1.417724946168164302e-01,1.873095623888226535e-01,2.490911798810211547e-02,2.255979665143664423e-02,-1.458533498171633858e-01,-4.099810509551360393e-02,-1.086802664774687843e-01,7.282048313312601551e-02,7.822474142794912100e-02,3.109690414737900730e-03,-1.352088062900695387e-01,-2.597370005675431887e-02,5.396823008093464685e-02,2.987526320016728812e-02,8.427311113453702859e-03,6.805744480545004860e-02,-4.135402870718931645e-01,-5.428177796101089914e-02,7.779615989528675113e-02,4.760084260586380095e-02,-5.752034049114149172e-02,-5.110301423318108771e-02,4.701640191350416054e-02,-1.643222022423142803e-01,1.491511023310000128e-01,7.160534086764659689e-02,-1.219368830332648312e-01,-2.811586180621297726e-01,-6.152644694210184645e-02,2.055746960598135720e-02,2.131973569793658707e-01,1.859790493763436303e-01,9.861866126195767759e-03,1.518555805272935877e-01,-9.053773055982966556e-02,-6.436385372236204383e-02,3.277343697786071486e-01,1.693383456168162937e-01,1.849036513036036999e-01,1.312009318362172307e-02,6.406802948781796514e-02,-1.735462736932720240e-01,-1.170844519908013776e-01,-4.732008714956078416e-02,-8.454330671397566888e-02,9.670195485626474630e-02,1.012745237679162219e-01
2.610316960993785407e-01,-1.258630563400983116e-01,-1.872544097237333061e-01,3.312348654225226730e-01,2.150470180347830718e-01,1.472384691415381253e-01,-6.619093789200700129e-02,-2.276677453608785540e-01,-1.204214555557595046e-01,1.816194454640622860e-02,-1.381345917730854023e-01,-6.476632777989757561e-02,9.287927346952976060e-02,-2.918889480075984380e-02,-3.044316740908877342e-02,2.643229656818028017e-01,7.668147106553610537e-02,-1.606935363714146192e-01,3.512879375345914768e-02,-2.254288865879265635e-02,-7.226743419448661276e-02,5.273035958246965332e-02,-1.290438045484326723e-01,8.442702872605531081e-03,1.778718534275656737e-01,-1.268997151663604642e-03,2.453580770174734194e-01,4.952646810896205003e-03,1.104068681873941193e-01,9.524969808771244217e-02,-1.093722688698417662e-02,-1.953736613099909536e-01,1.244163706911609463e-01,2.247617510631078758e-02,-1.719837626627725991e-01,2.213533585443616669e-02,-1.206997684598776627e-01,5.421673745806507294e-02,1.004056225376460248e-02,6.138133596995232373e-03,-2.187588843019485918e-01,1.078825767487954501e-01,1.898364650621314209e-01,-1.261210145893083001e-01,-7.105016462862633053e-02,-5.906346275046565203e-02,-1.132459403851899110e-01,2.116015628116099320e-02,1.298374843660998756e-01,1.214353081004986568e-01,-2.417928379248202864e-01,-1.158828515661297215e-01,1.018744230725009137e-01,9.441108343962714700e-02
1.795211270988738006e-01,-2.511467499781295798e-01,-1.036701415232646473e-01,3.132778511114474029e-01,-1.219956017490307909e-01,-1.170063268695352848e-01,1.338460495090550428e-01,-1.164881827610772386e-01,3.790607121026713655e-02,6.009638387415386362e-02,-3.446579544368642833e-02,8.396156263471134251e-02,-1.776163643457445152e-01,1.263422843708481846e-01,-3.154708033924033539e-01,-1.253828189397979687e-01,9.123454259488839035e-02,-6.437216862513424342e-02,5.704840119812887994e-02,2.098985642161399212e-01,-9.348426988715777611e-03,-4.849663652025929667e-02,-1.538747151489192333e-01,3.842323395661403213e-02,2.351772230866983754e-02,8.051792363991559787e-02,4.557295145765139811e-03,7.773303794505581621e-03,1.337464762312259858e-01,3.559090377835410351e-02,2.937602649324952964e-01,-5.879875180249963945e-02,-3.487571823337145497e-03,9.550258945840228025e-03,1.092863993248687909e-01,7.822436915939293134e-02,-1.666142120861555153e-03,-8.352426871517039386e-02,-2.710504607590169535e-01,7.419117025352801702e-03,2.211508790860916285e-01,-1.723257417527514490e-01,-3.498953361558736208e-02,9.811601771402042593e-02,-3.477040829348889556e-02,-6.065583437899100400e-02,2.053339796339161694e-01,3.867700296935197568e-02,-1.859300559838851508e-01,-2.103403274579043747e-01,8.511708962414778201e-02,1.226732080629986815e-01,1.070468912887371782e-01,8.754764311133640675e-02
1.539134706739962721e-01,-1.271884265321234497e-01,2.780118879631054626e-02,1.392740871689421567e-01,-1.693197561053858269e-01,-1.279468816479368554e-01,7.643009710700909842e-02,1.005953177821622829e-01,9.145463798556284496e-02,4.137014652068531778e-02,1.014438504140525868e-03,1.046794175366387164e-01,4.407572303334227753e-02,-1.641082437362784696e-01,1.544108798173347320e-02,2.153638863979090781e-02,-1.067176423001223867e-01,1.933404584262010326e-02,-1.124444428991594816e-02,2.817633519558741528e-01,1.649478891899829325e-01,-2.698486509651836229e-01,-2.201976763121961111e-01,1.350098817424575694e-02,2.002295015178174875e-01,6.256904043074047739e-02,-1.056490763446286119e-01,-4.783947016936389990e-02,8.723667532222134646e-02,-1.918926693000308492e-01,-1.002796673859165100e-01,1.236345309759087213e-01,-6.043582072524857768e-02,2.549167786482745164e-05,1.695407331450410338e-01,-2.357467776780369090e-02,2.848473708798437976e-01,-3.730492526664841435e-02,3.600252330054087291e-01,1.474126445069374181e-01,8.902607739931626268e-03,1.883048379448313825e-01,1.541409706629506653e-02,-1.258181952170118190e-01,3.044926053094752783e-02,-1.294075521107259374e-01,-1.803774207382973505e-01,-5.206337045808925174e-02,-1.765927905954528879e-02,2.481316246331241315e-01,7.751754026934432051e-02,-5.797943525207271270e-02,1.122193595049724296e-01,8.068420278304429261e-02
1.451748637618406335e-01,-6.179743497023264254e-02,2.748385641992742018e-02,3.345131248104533939e-02,-1.613888084895415687e-01,-8.453028406486515212e-02,-1.496109581292976998e-01,1.136406223463718862e-01,1.478225008591699530e-01,1.341714721400322219e-01,-7.179518319319547204e-02,1.338936057725953754e-01,2.727501206366952924e-01,-1.473215487154432290e-01,-3.084430486462425361e-02,-9.410921104342338805e-02,-1.203845937159371687e-01,-1.567678451729753175e-01,-1.566114364289861449e-01,-5.054418878066067877e-02,-2.034408031183427001e-01,-9.035642233713041260e-02,-1.146623331566191395e-01,4.733586578765915098e-02,2.860816854271572632e-02,-3.204330011745621376e-01,-6.184355242667214508e-02,7.370492302708735177e-02,-1.262765559282039984e-01,-2.143545896024138808e-01,-1.953866691734387484e-01,-7.229636907231729026e-02,-1.089247787370381804e-01,-2.116906035860241786e-01,-9.030962339388377835e-02,2.081423266888441856e-02,-2.193536395270938855e-01,-1.787234884390003220e-01,-1.851008259093709363e-01,1.207932024598007761e-03,-1.629829192673799831e-01,1.758280480054076056e-01,-1.948277694860796605e-01,1.114956811415827587e-01,-1.779698530722512162e-02,7.826897703712396015e-02,8.522677794888197655e-02,9.630301097792937082e-02,8.570844477918804216e-02,-2.221104456338470756e-01,2.795362399551781438e-03,-3.078497308448330597e-02,1.173918277212089994e-01,7.382076245475242826e-02
2.467962290394576375e-01,9.874024005366617562e-02,-6.998997349637173238e-02,1.706244803996079806e-01,2.500283448894695046e-02,7.806522952945314786e-02,-2.708953635495406354e-01,7.642883482898772673e-03,5.036317989394586449e-03,1.606979694578627993e-01,1.047167677707687983e-01,1.418240434033357922e-01,2.559540611593345005e-01,-7.232657470395993660e-02,-2.477767700389804650e-02,-1.109099348705955834e-01,7.733136802476257843e-02,2.970050201264234357e-01,-1.640958473171304915e-02,1.182200954524347813e-01,-1.346782022399289347e-01,2.249417833950777823e-01,-4.875000568650326299e-02,-1.999030656049831725e-02,-1.822546339832716300e-01,-1.652164053086550843e-01,-2.945981142067784220e-02,1.122958161608708476e-02,-1.162541462935536424e-01,1.905206290823662774e-01,-1.211048065186339645e-01,2.390035981812537458e-01,-8.149768654719655170e-02,1.792288729669550551e-01,5.444359476131814535e-02,1.119007721194061750e-01,1.633753511045316631e-01,3.413707203581075461e-02,3.966594964607184082e-02,-1.478450135561560630e-01,-7.304268417986269557e-04,-3.689084393715383881e-01,5.775084681848560719e-02,-3.618993291366772586e-02,7.899734824971592351e-02,-5.554986581015669556e-02,-1.804112900603350306e-02,-1.341986222861811517e-01,8.459511524791610282e-02,6.742037643040141304e-02,1.321674358008686004e-02,8.191829502396516527e-02,1.225642959374452640e-01,6.695732212646304804e-02
1.189048875674248162e-01,-1.397472240619767603e-01,-1.991236387522186402e-01,-5.236548823685572424e-02,-2.134611558725637015e-01,-1.217216184777241000e-01,-2.019673889792886756e-01,5.175534108487424290e-02,-1.611266182038705377e-02,1.467467295247948111e-01,3.382503136341498684e-01,7.656202347485020765e-02,1.353864235900966440e-01,1.513827719745894085e-01,2.047221522229455692e-01,1.156849709151723388e-01,1.867893108629559429e-01,1.229667906969111185e-02,2.825458358303030715e-01,-2.043469830195722946e-03,1.427125786162339871e-01,-1.445268887071552710e-01,2.098516112867032657e-01,9.500773747447718853e-03,-8.158346202086427801e-02,3.030194223516045893e-02,4.012970990389555515e-02,3.797543924162556650e-02,-2.006924998177165853e-01,8.161488390950449867e-02,2.357337039501199438e-01,-9.018977359453472786e-02,-5.300683062032673226e-02,1.002473592161553795e-01,-1.480741445107691123e-01,-6.625926328896762640e-02,-1.110313206037699535e-01,1.872759693953480742e-01,6.787455027944229446e-02,1.095594514869980829e-01,-1.298509057491182769e-02,1.165202443054799281e-01,-1.886515518793307478e-01,-9.474697720668735779e-02,-9.409275448148543552e-02,6.662418711672529748e-02,-9.175191128392751194e-02,2.002065766369583999e-01,-7.575581309994880441e-02,5.994966222482245310e-03,8.204590924036483934e-02,6.854727168362614864e-02,1.277367641536821807e-01,6.009388179817182901e-02
6.818842864022790773e-02,-7.716728724992556743e-02,7.835073589246534242e-02,5.595680775191519060e-03,-2.912164332605998718e-01,-7.976706810936587400e-02,-1.366998990402611691e-01,1.198375379594460721e-01,3.856859003978541089e-02,-1.926261389647388605e-02,-7.410756092784966109e-02,5.269804932137599901e-02,4.857372327744621798e-02,-3.001096540859431172e-02,-1.952880108716971430e-01,2.711550311333935093e-01,1.447617367690249013e-01,6.996614560982153397e-02,1.339141013824725612e-01,-9.940740605089952442e-02,1.064414510583228113e-01,8.697183463370228296e-02,3.033406800736945796e-01,1.492311223836018663e-01,-1.356536492851251885e-01,1.972270802014888524e-01,-7.299988265332849058e-02,-5.537922105396426986e-02,2.486340883839590898e-01,-1.301617784679955370e-01,-2.303827015751221952e-01,-2.662622995237050316e-02,8.944657669924364896e-02,-9.061677189726762005e-02,2.347250779091466025e-02,-3.449393551466303082e-02,-3.413823583612686507e-02,3.926375404624166815e-02,-1.166890023338793270e-01,1.293544403143281549e-02,1.583813611401900245e-01,4.467928407459146462e-02,1.574912859860642389e-01,1.278521722939798266e-01,-7.550585061552449184e-02,1.608398090978446215e-01,-2.439098146459394573e-02,-3.961215155639820629e-01,1.598617744836529075e-01,-2.292410457783390990e-02,-1.019657473178577634e-01,-2.402605633092207496e-02,1.329092323699171962e-01,5.323044146988070019e-02
1.068504714961890367e-01,8.367266303148448992e-02,1.457184691729770075e-02,-1.668076411363449696e-01,-1.380102314748059833e-01,-6.221946260741444829e-02,-1.111581343598216781e-01,1.368973176661816282e-01,-1.216710593419632058e-01,-1.041157136854842513e-01,-2.146635059561090852e-01,-7.891698068734684379e-02,1.814236412774908325e-01,7.604219593568031788e-02,-6.982235361726327194e-02,3.652269100658250278e-01,-1.634196574794100354e-01,1.154252627682519489e-01,-1.350731386887167873e-01,-1.632573214113814120e-01,1.431894513573238326e-01,-1.398025005621751360e-01,-8.969549378686024477e-02,-1.132204909031424116e-02,-2.907191005621626717e-02,-1.309210668298532165e-01,-8.148378999014874169e-02,3.856922582248721587e-02,2.266952060706877159e-01,7.683566479594108878e-02,2.166346262807249401e-01,6.699416540157367324e-03,9.137919006492581375e-02,-1.023082920575088400e-01,-8.011009308519312366e-02,-1.783982938649651961e-01,1.575122278558582778e-01,-5.343226656186762791e-02,2.888916437101693782e-02,-1.877030629076451296e-01,-1.186804730843590838e-02,-2.482553600167547725e-01,3.647215493942509296e-02,-2.666640238883494565e-02,5.281388523152651115e-02,-2.892850790836540634e-02,2.220034226714047432e-01,3.148670692432540275e-01,-1.068039836184426633e-01,8.972695548382277064e-02,2.663717590210079936e-02,-5.859227514032939316e-02,1.380817005861522395e-01,4.636700114159088976e-02
9.788599807331971325e-02,2.013653969227985896e-01,3.987590570764448783e-02,-1.754412758701513197e-01,-1.074662110511851731e-01,-9.063930796305756654e-02,-1.097498022612142798e-01,2.116018279066939761e-02,-1.707502201136520126e-01,-8.961323018389111272e-02,1.040810442002839710e-02,-6.129562907506311276e-02,-9.623539518705633011e-02,2.319115853999468846e-01,-1.879061800666514126e-01,9.988651788143063093e-02,-9.132919747592044279e-02,-2.443809146519562454e-03,-1.324880813072436270e-01,-7.340592836075440775e-02,-5.202180784376659456e-02,-8.059156197656233700e-02,-1.999474584947956712e-01,-3.394800163904787005e-01,-3.835093686262577850e-02,-8.596530930584674046e-02,1.414011678649916004e-01,1.702498454952478535e-01,-1.139907578513124076e-01,-1.342050373325146262e-01,1.452750296719823031e-01,-3.027980087577842108e-02,-1.181373418100282457e-01,3.996860364480430555e-02,7.172482401513945172e-02,1.984526078765498358e-01,-1.994421456192453090e-01,1.101492865184570125e-01,5.394962503470644710e-02,1.215875567717472489e-01,2.204917035064548336e-01,6.177854864738759055e-02,7.967816483806365591e-02,-1.543581116622914917e-01,1.580300580045696790e-01,-1.444312409907163308e-01,-2.234723047374641280e-01,-2.418785441666361224e-01,1.153224217570511662e-01,-1.461182324399561971e-01,-5.247369103804777613e-02,5.969422058640538181e-02,1.432541688023874771e-01,3.950356081329876867e-02
1.803265836793654930e-01,1.468369600981928869e-01,-1.639324603216983367e-01,-7.314325299420576521e-02,-1.963755144877819131e-02,8.474793016749365693e-02,-2.206798527096431005e-03,-6.436358696654977118e-02,-7.262425578070506871e-02,-2.187220828141773488e-01,9.069158890883431690e-02,6.565298869098326606e-02,-1.114213644405719905e-01,2.294460914125274476e-01,-1.820443389557683811e-01,5.317576686415370624e-02,-6.985421031716670948e-02,-6.983912918939982895e-02,-4.933880454710305036e-02,7.273071184402642164e-02,1.031843541732720415e-01,-5.970869202086768329e-02,2.042700889558100308e-01,2.941352697069012090e-02,1.652501224494415943e-01,1.068647063592675639e-01,1.256611581220796747e-01,-6.635688943293005515e-02,-2.099829292447532580e-01,7.222119810301236287e-02,-2.339840312232556174e-01,8.661689829702046151e-02,-1.573080052980536381e-01,1.649576959448035840e-01,4.989073719977571431e-02,-2.183687484748706234e-02,-8.073868188990082628e-02,-2.777625054025387730e-01,1.882502428371903291e-01,-1.471937693238166076e-02,-2.650696554759062740e-01,8.223846022613368056e-02,8.789059994117606744e-02,8.534274413749126653e-02,6.310279692113214545e-02,1.027415797172946538e-01,3.868165875763986961e-01,-8.698814146479252885e-02,-8.686043391789502466e-02,-2.003297790912660428e-02,1.475554352612806208e-01,-5.122559213485121127e-04,1.484266370186234085e-01,3.264012048500843088e-02
1.756195384642224300e-01,1.407146021874961517e-01,-1.340368738851995534e-01,-5.779553942839049663e-02,-7.493711420537589596e-02,1.102988801604165743e-02,5.172212510507433886e-03,-1.447447675105662246e-01,-8.514120632713778961e-03,-2.030013829611083953e-01,4.623879909954550782e-02,4.719438483495037862e-02,-1.881253531971294468e-01,1.194931271295176373e-01,-9.399548603821149262e-02,-3.098188465521459559e-02,-2.301267548270631846e-01,1.254770098296535685e-01,8.172841728166228836e-02,-1.825295160502752312e-01,-2.033890785229343356e-01,1.411442066139968754e-01,-5.503707811319024507e-02,1.461425888665923989e-01,1.134902467488548006e-02,3.874250021209255795e-03,-6.107591875461428760e-02,-1.811921823164024947e-01,2.787499084840229860e-02,7.828220031408009150e-02,-1.250145498808197531e-01,-6.854983073659524917e-02,-5.956454125897892027e-02,-3.373174553966849787e-02,4.542533866453614400e-02,-4.425267314681018832e-02,3.321885680038219602e-01,2.244422770948144019e-01,-8.931598873969257002e-02,-1.443486056954860763e-01,-3.366385231156338032e-02,2.370780156996551702e-01,-1.707393760358275059e-01,2.064001158475292363e-01,-1.665566677217178992e-01,-1.136258346095735672e-01,-3.216862534023030018e-01,1.500429937162376104e-01,-6.093983445380736497e-02,-1.225045544897796074e-01,3.067326656885676836e-02,-1.545916842921415263e-02,1.535991052348600616e-01,2.577668015671712512e-02
1.130751150665301741e-01,1.747215478625422924e-01,-6.155316951209930526e-02,-9.585575327255148326e-02,-1.210007488934537606e-01,-6.979860919190029878e-02,-1.555649638675889006e-02,-1.229304432702747057e-01,-4.941317784917622496e-02,-1.055787761004217812e-01,1.834506213954720522e-01,-1.242705978285000706e-01,-3.206755657580896424e-01,-3.465808197797110579e-01,-5.279071914262484927e-02,-5.322588691527705557e-02,-2.187978411476068207e-03,-3.630063574736987903e-02,-3.084836045712345889e-02,1.267216246123176182e-02,-4.935277553874391904e-02,-1.478698914126847508e-01,-2.068380622391192969e-02,-2.615791823569134714e-02,7.660653126525475420e-02,-4.650642347754645363e-03,-1.699870415387068068e-01,-6.338235486629853824e-03,-1.804103715868583535e-01,-1.060625100203194809e-02,-1.196152135876824146e-01,-1.194842822488232231e-01,1.793890230735934177e-01,-4.576674231455066938e-02,5.232655168574383564e-02,4.957866512174002177e-02,-1.413659854226793086e-03,1.019411056405084871e-02,-1.902532096810300444e-01,1.233417715795574743e-01,3.700559464057236181e-02,-2.743837230934150773e-01,-3.667736034166532016e-02,-2.532231980798032578e-01,-2.063078462250282075e-01,2.498028793271567516e-01,7.622014687469534644e-02,1.174281075883580050e-01,1.508186613669876830e-01,2.460208735385325529e-01,-1.460774631799174050e-01,7.735807243686552981e-02,1.587715734510946608e-01,1.891323982842588874e-02
7.647709049587995966e-02,2.762382159653770097e-02,-1.143502662337597259e-01,-2.416930111981248630e-01,-1.596105061097188027e-01,4.336498299999183570e-02,-2.239782440594608737e-01,-3.410363702639803568e-03,7.684512545990375421e-02,-1.343195103882827701e-01,-5.473580886789144312e-02,3.603247653544076889e-02,-8.229242570982092664e-02,-2.832198414900616301e-01,2.747250022097493249e-01,-1.167985083121930168e-01,5.322691389506727100e-02,-1.633189039909136442e-01,-2.868503272503094559e-01,2.119020832295417378e-01,-1.453508292390781609e-01,2.631764634864490748e-01,3.484630398947303337e-02,6.824556860419966897e-02,6.853459897962796421e-02,1.835907361675185867e-01,1.036841434683662966e-01,-6.194349819566425525e-02,1.432053779346295352e-01,1.856766018996516832e-02,1.952427911952031581e-01,3.733740382421188442e-02,4.577074079447619043e-02,-8.077056888207520546e-03,-1.478292528127558847e-01,-2.127081122537189395e-01,-6.541720290996197451e-02,-1.288881708368158283e-02,-2.315112056865616802e-02,9.848216483691588086e-02,1.779435322553965179e-02,-1.302709718581293759e-02,2.129186303468342534e-01,-5.633497711046471512e-02,3.150786144370205932e-02,-1.380172074756220446e-01,-6.915746037469938656e-02,-5.556926810392932153e-02,-9.078867349368741069e-02,-1.414861057393974608e-01,2.401360357440940341e-01,4.126384616595425193e-03,1.639440416673310641e-01,1.204979950013558565e-02
3.565769123060057166e-02,5.058057442707956236e-02,4.123589897038947710e-02,-1.070260620014082953e-01,-2.254635906619310570e-01,1.567706262969137398e-02,3.688304111865268325e-02,-8.319021505967849617e-02,1.832815445161026791e-01,-4.920655488723311988e-02,-2.542676807397142857e-01,3.031384787245355872e-01,-1.742445644960718409e-01,-7.340823482662456670e-03,1.696149719748641649e-01,-2.190425909895703238e-01,-1.510014031202082559e-02,1.276506478520331167e-02,1.823680064658163569e-01,-1.580934433671520728e-02,1.378704335851122786e-01,1.963628307980657128e-01,-7.988463665447149975e-02,2.402887031478625080e-03,-8.431136433953639875e-02,-8.559195957308442237e-02,2.092812677092499296e-01,1.256070917490576533e-01,3.996497852097680159e-02,-8.658427849199559767e-02,1.274758333456094961e-01,-6.944700204426729195e-02,1.324497016557307227e-01,1.069265952887970411e-01,1.543308389812651782e-01,1.227978737244397461e-01,-1.776731437909464251e-01,7.102767458699173198e-02,1.640854442945386682e-01,-2.364010361324259679e-01,-4.756352046602831812e-02,3.158503610396930922e-02,-1.225681741599936592e-01,8.928698228670915726e-02,1.064501103459589426e-01,1.009835784732071862e-01,1.074171432768615542e-01,3.357905546560040894e-02,-2.696572736740170118e-02,2.375178804813805611e-01,-2.538577298371050284e-01,-1.548223592055095188e-01,1.691165098835666347e-01,5.186359171844437746e-03
1.160869157623662107e-01,3.379289193026753790e-01,1.999567242713138349e-01,1.055739005535573649e-01,-4.775656193359831270e-03,2.280098791306630623e-01,3.574148544333698857e-02,-1.863882238066604524e-01,1.163440450869627912e-01,-1.478107584603083335e-01,-3.679700014259451590e-02,6.531856938777813246e-03,1.313717340953972357e-01,8.660826661039812413e-02,2.833705482294660571e-01,-2.498779103356748854e-01,1.467177577963837964e-01,8.390640766431474440e-02,1.661679352562782930e-01,-1.112916602563819995e-01,2.572768524588304184e-01,-3.157221290457057905e-01,-5.361017945554823888e-02,9.391472584388289163e-03,-4.676304115382780985e-02,-7.177779091565081489e-03,-1.037033762439489304e-01,1.660371226253362642e-02,1.902715469507288981e-01,1.549092274294379679e-01,-6.339254761241439051e-02,-1.147885038392201795e-01,-4.749378130872699416e-02,-1.261353893303152340e-01,-1.303301281185325067e-01,1.155513041492489817e-01,-3.145927125423737120e-02,-1.945535444086525234e-01,-8.873477185859197924e-02,8.810834160347730259e-02,5.257794565022890637e-02,1.446462276962904962e-02,1.307513553010304086e-01,-3.654958892721814345e-02,-6.198123283172365938e-02,-9.396491761805289555e-02,-5.964488883386221546e-02,-4.758601667554104159e-02,-1.374512230040081037e-02,-1.255311462085755558e-01,8.658095365179929725e-02,6.385144623682217913e-02,1.742889780998018445e-01,-1.677081156447129962e-03
1.209425533564810473e-01,-1.038318155128364895e-01,-2.453411299176309901e-01,-1.357363148316156898e-02,8.189157240914414493e-02,5.542343502385300713e-01,1.575726262031398039e-01,-1.905124225479965308e-02,6.456063563609364120e-02,-3.203635804840249124e-02,-1.573504548752871490e-01,-1.400979032371366950e-01,8.238576943802669583e-02,-1.070471611208905459e-02,1.972767256973909089e-02,2.689738318901663261e-02,-4.666218058287693177e-02,-9.229915557694337580e-02,8.011789056571511081e-02,-1.359356277161926918e-01,-3.302512819938942940e-02,-5.596290419496380980e-02,1.245904902227007172e-01,8.420005758718764055e-02,-9.002826440533513719e-02,3.283315489707336332e-02,-4.937673919936105132e-02,1.093095964816443166e-01,-1.752198589605474532e-01,-3.776903945742486335e-01,9.327299308634376396e-02,3.023143900628635361e-01,9.696206139992614992e-02,-5.703617786898149827e-02,7.813821890676030113e-02,3.924475592235113566e-03,4.570805723634546042e-02,8.432261880061887871e-02,7.457415543307313599e-02,1.330667091648026490e-01,1.928295169550212351e-01,-1.120572537583873068e-01,-8.433084337591573165e-02,2.269547982924473642e-02,1.551013728664436125e-02,3.019770946022998226e-02,-3.809025516035834460e-03,5.643736176261551774e-02,5.167130103264649249e-02,-7.806016139911971241e-02,5.975470497673226328e-02,-1.981929129049334742e-02,1.794614463160387474e-01,-8.540521484737464281e-03
-6.023777047984180816e-02,-1.634918780333995403e-01,2.176173816848715747e-02,1.051004767155277603e-01,-2.171218896987421321e-01,1.975214604890440928e-01,2.211998752844903937e-01,4.733081428321677525e-02,1.053380292033476301e-01,1.201500991403703540e-02,1.508855276409495905e-01,-2.726633082875838943e-01,-2.208866049109537710e-01,-1.871159655711880920e-01,8.224556613331499011e-02,1.438469694380643260e-01,1.479546444305989417e-01,2.516473328529670317e-01,-1.784155587021692413e-01,-1.354218084030149594e-01,-1.594164707492181643e-01,-8.007320578953891835e-03,4.457630941742261182e-02,-1.122978505141019878e-01,-3.621828090880081352e-03,-1.011831544680049377e-01,-3.336505991611116162e-02,9.411944310596560836e-02,1.359434850243944892e-01,1.084318451062098593e-01,9.755576985180000604e-02,7.930176146145520577e-02,-3.237064789593945280e-01,9.469217741604064875e-02,-1.734299338210300856e-01,3.359033643260715685e-02,-5.764438550470491439e-03,-1.086399483407130689e-01,2.071344194171462552e-02,-1.487094361783078134e-01,-6.418434550148961748e-02,1.717071891040454490e-01,-1.750489216123214120e-01,-5.849152408134068032e-02,-1.207734833967243938e-02,-6.288811929994297945e-02,1.091456967514645021e-01,-1.696081075006266037e-01,-9.296587304931359930e-02,4.746934366946237854e-02,-1.483580771328675552e-01,-1.468892276727314615e-02,1.846339145322759001e-01,-1.540396181302943444e-02
-6.269780319333997931e-02,-1.147351627983992928e-01,8.831419566010080546e-02,1.206374765295634005e-01,-1.916280198400646118e-01,1.478132719126460104e-01,2.636116792957346466e-01,1.234494437752028939e-01,4.235306862055861210e-02,3.475897464772925716e-02,4.900064265974334032e-02,-1.173911889006983011e-01,5.606268521308974129e-02,5.750509373095599036e-02,4.930744951598221848e-02,4.780163664792032308e-02,-1.569306901077203442e-01,-7.326080142962590122e-03,-1.607710929304004832e-01,5.763942706715873693e-02,2.157907844210663062e-01,8.551792377414685342e-02,1.887185680312826463e-02,2.012655692789329029e-02,1.084917817368775683e-01,-1.325829085633624393e-02,-3.610161250850455611e-02,-1.853263037631700805e-01,-1.333024109901985721e-01,3.160234338426371470e-01,-2.239302903371452602e-02,-1.743521587515909355e-01,4.001990888365522525e-02,-1.208709730922708225e-01,2.911580486267761336e-01,-1.048800688975048551e-01,-2.742557723981324802e-01,1.732576418052100831e-01,-3.847186642318472984e-03,4.379140905785466713e-03,-1.682911193512711123e-01,-2.470923902145560069e-01,-4.987566754563328014e-02,8.420322699004799405e-02,1.560572140394012042e-01,-1.928957897474687516e-02,-2.120359108002344561e-01,-1.578372640855120815e-02,1.974123215928721420e-01,-8.250945441281541670e-02,1.129507323712662520e-01,-2.761043819028256158e-02,1.898063827485098054e-01,-2.226740214131957621e-02
-6.668267885702526543e-02,-1.178575331145182738e-02,4.093837736820778866e-02,8.872127662772533174e-02,-7.706155340116399577e-02,4.034707033315237251e-02,2.186451476196114851e-01,1.669223517996809292e-01,-9.335731210750914874e-03,1.837065678012324565e-01,1.295674925059246974e-01,2.104799499333316962e-02,1.636238039317248821e-03,6.167954754788067262e-02,1.879089263455534925e-02,-1.249013535894639981e-02,-2.438251994117676680e-01,-5.132051711859198645e-02,-3.939595156000130077e-02,-2.870322757465003025e-02,-2.289865163906542808e-02,1.211161321512360667e-01,6.712002382492847363e-02,-5.308377435264319266e-02,-1.838146435034052062e-01,-1.882734308755744657e-01,9.147358136188778188e-02,-1.365919808635734922e-02,-1.194478975823712874e-01,-3.070086717792554556e-02,-1.225869173884225061e-01,-4.732618687734670149e-02,1.057684193289386704e-01,9.914588331479171068e-02,-9.335671053850959356e-02,5.351699440741453095e-02,-5.231240922986468006e-02,-7.234189235428786779e-02,-1.244722991238780413e-01,6.481472124783247378e-03,2.203000726567355960e-01,1.602713501849835631e-01,5.193949295226490959e-01,6.522926221049143991e-02,-1.783312366066730770e-01,-6.325822444917113263e-02,-1.867933517877989891e-02,1.744354499587147667e-01,-2.276506311666596505e-01,2.740635434857960351e-01,9.903858512611658782e-02,5.533602217110594051e-02,1.949788509647453760e-01,-2.913084246960999033e-02
-3.681236147627343913e-02,1.831433922860445929e-01,7.803068395741175056e-02,-3.047906505068007435e-02,-2.261386216593060106e-03,3.168285044466572636e-02,1.618656398381078110e-01,1.858189757251211549e-01,-1.304489512128920170e-01,1.134296830867877609e-01,7.003962643246500197e-02,-2.009626164261354639e-02,8.636927803536698089e-02,1.744720307541375859e-01,7.440453204899763473e-02,1.778906580614554589e-02,-1.735205770541269343e-01,-1.529374042122573496e-01,-8.022843738904451849e-02,2.900168052170167821e-01,-2.027019295663665469e-02,1.719328504987703288e-01,-2.693806785090572392e-02,1.742989029961092284e-01,-1.338747042052365332e-01,1.693361619764856552e-01,-2.430978289826018351e-02,1.440729767666255323e-01,1.930706160989263398e-01,4.856599641528532713e-02,-4.092057709481653621e-02,-5.119627968366181892e-02,4.573952968842297240e-02,4.965251235514303585e-02,-2.099568069423926320e-01,2.820583470693670547e-01,2.107611630448676110e-01,1.673862672437824439e-01,-2.934810482171532758e-02,2.882144978386616541e-01,-1.151739140469715539e-01,3.355809815011898817e-02,-2.216371041669285558e-01,-5.957809990444388332e-02,9.292377913401020720e-03,-1.153644420165631304e-02,2.408317227436163888e-01,6.425938835826027276e-03,1.151048047469102470e-01,-6.793243571153861904e-02,-1.754580263079685287e-01,9.211276145958887133e-04,2.001513191809816128e-01,-3.599428279790225366e-02
-5.905119454916102351e-02,6.816030274186196669e-02,-6.550678620033301147e-02,-1.725084142263307585e-01,4.856309916001071841e-02,7.378210202206986201e-02,1.139472786806639965e-01,1.086609053036153710e-01,-1.835163213694872564e-01,2.165271519252083277e-01,-3.524231771451567796e-02,-2.226846341567655877e-03,9.349725215759485675e-02,-1.552871561897740393e-01,5.179976428187143926e-03,-3.928322730400602564e-02,5.597392532201968945e-02,-1.543734092376573830e-01,2.026714989748768236e-01,9.229525377719687007e-02,-2.297454650932279074e-01,-1.977991509696947481e-01,7.141317807659881833e-02,-1.623092105737177493e-01,5.609825701223366407e-02,-3.893337382122921686e-02,1.245846468764577608e-01,5.056884133650258600e-02,3.370208455980012313e-02,1.623457667148549000e-01,1.444839533674555365e-01,-2.447796708865065951e-01,3.571374677407221365e-02,9.301356647265322797e-02,1.504473908021932427e-01,-9.462486273170273021e-02,3.383972991767324467e-01,-2.306087871209862861e-01,1.247067571542335518e-03,-1.499795784017706746e-01,4.608433963006826339e-02,6.389801542224179953e-02,5.400104797710680860e-02,1.591983784294042636e-01,1.598169031444466592e-01,3.010803280634759549e-01,-1.217452192220640217e-01,-1.105396645496111163e-01,1.082275853750352540e-01,-1.085030949397266797e-01,1.265915669285034781e-02,-1.984581104268102678e-02,2.053237873972172667e-01,-4.285772312619223062e-02
-5.599272879276651071e-02,1.425099886609470512e-01,6.331419919291487140e-03,-1.184824888104766966e-01,2.687312711885478031e-02,-7.900374302239585034e-02,2.044897179490355044e-01,3.798183358294691253e-02,-1.871109384729764957e-01,2.173081485765227250e-01,-2.822564755910046408e-01,6.243799268315581436e-02,-2.267287796582652913e-03,8.569931599962601551e-03,-1.438537901957959164e-01,-5.238655061239024663e-02,2.369435314390043734e-01,1.749464985459159849e-01,1.374373403697060902e-01,1.706622916703099402e-01,-1.086106034530320980e-01,3.974093948361925172e-02,1.689150739965144532e-01,-1.545266659467621484e-01,1.945896440031558705e-01,3.525341282799516855e-03,-5.343889507501591030e-02,9.824096446401083677e-03,5.853077176625041955e-02,2.568449191505137869e-02,-1.898560169590212399e-01,1.957262357707323375e-01,1.436932420373529806e-01,-7.303167657288885117e-02,-2.135888937361326428e-02,-1.576797791807696414e-01,-2.418949515242095061e-01,2.345661018984260618e-02,9.795948542690986749e-02,-9.651579752734151807e-02,-4.010509549651140350e-03,6.394358570776244310e-02,-1.166514916599643986e-01,-1.552928449696153179e-01,-2.093889343116964730e-01,-2.715663478910343431e-01,-1.142717170270989534e-02,1.691844243757467670e-01,2.860230613049885573e-02,-9.300639796229188960e-02,4.380202277443196975e-05,1.693944233084532791e-01,2.104962556134537810e-01,-4.972116345448277658e-02
-8.590058277173381884e-02,1.116251742742972904e-02,-1.368390631306511673e-01,-3.390444432722317103e-02,1.076254908839380658e-01,-1.212479314543398468e-01,1.447380635107526903e-01,-8.998311325359301116e-02,-1.443919618066012156e-01,1.179773785852785140e-01,-3.869437721700978716e-02,2.089438397134724401e-01,1.399587975153066821e-01,1.434455670503948232e-01,-9.864131431758909815e-03,-1.254611877277003185e-01,7.218767112150412113e-02,1.586340500314977753e-01,-1.814943724319679208e-01,-2.230122274284569162e-01,-1.738673616214889972e-01,-5.525455034241771868e-02,-1.457887577949719959e-01,4.362126858562742626e-02,-1.987488933522845586e-02,1.345766928552185326e-01,-2.151982774585165514e-01,-1.570389953597609300e-01,-1.123867749671029481e-01,-5.247909017455637537e-02,1.373669663757862147e-01,-8.653024121730598650e-02,7.185377835910936040e-02,-1.129568517459085125e-01,-1.134750450723547993e-01,-1.076816911309362301e-01,-7.903406330992669704e-02,3.313032664549574267e-03,6.681693563275893644e-02,2.012111429870550861e-01,-1.096507377267681299e-01,-1.143236691278807227e-01,-3.924933006495140431e-02,5.254041225861784403e-02,-4.859129851927116578e-02,1.087811915465634743e-01,-1.982527828154012975e-02,-3.419861607966765971e-01,-3.058784146460092335e-01,1.863708904884236184e-01,-3.730400700656866936e-02,-2.141842895501558097e-01,2.156687238296888798e-01,-5.658460378277480052e-02
-1.209430201128514210e-01,1.090235315846833780e-01,2.601383014507227878e-02,7.305172840458853956e-02,1.025322352222588912e-01,-1.820436482697885827e-01,1.179515893244722780e-01,-7.994284691596909020e-02,-8.533792047937165115e-02,6.102633287456192546e-02,9.624573522115570379e-02,1.478984614820172128e-01,-1.305705383157189543e-02,-2.196092901082138393e-01,7.141227712715600418e-02,1.025866295340428919e-01,6.460658483781538119e-02,4.688178837197705395e-02,1.174760812181932651e-01,-2.023181614680303886e-01,1.443832944651870717e-02,-2.843996561620630928e-02,-8.237707151461638733e-02,1.167463887469163270e-01,-1.646180290357738413e-03,7.166161546909924351e-02,-5.889546360826553376e-04,-3.339098691862445456e-01,2.384664401229501934e-02,-2.067811443614969713e-01,1.426452422475946724e-01,1.967814939009923103e-01,-2.147853909284936358e-01,5.045199654783765614e-02,7.712124974104092590e-02,7.483812482896537444e-02,-3.270637559799026428e-02,1.788804895393727168e-01,-1.331761388574732030e-01,-8.284574454627881626e-03,-1.302386027388131029e-01,8.852733502832042800e-02,2.542221774533340861e-01,-4.359048830466439456e-02,3.324237325411147359e-01,3.242805262210682500e-03,1.732570573386701396e-01,1.900165146652420811e-01,1.878461964296940512e-01,-1.336666144801207379e-01,-2.179332649694531651e-02,9.657840622267964414e-02,2.208411920459249500e-01,-6.344804411106444442e-02
-1.852016836242455500e-01,-3.650377565017080134e-02,-1.068642189263480785e-01,-4.750609750404747450e-02,1.429104816211555495e-01,-9.981759773470130770e-02,-6.945006516547262698e-02,-1.102675276176945940e-01,-1.497610844764948324e-01,5.026717094092034155e-02,4.228339860568044312e-02,2.809095768429531806e-02,1.249307201723667653e-02,-7.342447484691619342e-02,-6.679833105169281915e-02,-1.290494076610337187e-02,1.385216556629751405e-01,-2.247201998422336811e-01,-1.455871154551811042e-01,-9.445144900674751209e-02,2.159837708560941594e-01,1.044179846174758258e-01,-5.664194676150376140e-02,1.931442139924023083e-01,9.943288903568918424e-02,7.822301192035119310e-02,-8.593770556776199332e-02,3.535099524819221295e-01,1.047354424850359123e-01,7.532029432129788704e-02,-1.542207772896759255e-01,2.513702774491930261e-02,-4.126495474280931774e-01,-2.424732980056888264e-03,3.306980778731521270e-02,1.104519075344325280e-01,-8.096377925457069746e-02,-2.506041844262024698e-02,1.122889455349849325e-01,-1.038617293207639430e-01,2.375990980616567716e-01,-1.256896716800530167e-01,-1.090814660436754437e-02,1.589933984630365060e-01,-1.076581607886482606e-01,5.962177841390685351e-02,-1.697158642904331161e-01,1.809307711729351564e-01,2.461715745874841141e-02,7.250268751240009080e-02,6.250080156691319166e-02,-1.515032366614117165e-01,2.260136602621611313e-01,-7.031148443935608672e-02
-2.302124551151630005e-01,-5.668567197664287766e-02,6.091440802703278201e-02,1.598826276319572914e-01,4.416136350666441390e-02,-3.766449548274372616e-02,-1.725108293724092468e-01,-1.134925242450444266e-01,3.976167545278203735e-02,-3.488729569046743889e-02,1.275841354228300917e-01,5.125861587139658726e-02,2.032939965798123694e-02,-2.801414034261148767e-02,2.330090007124744483e-02,2.625919764913774504e-02,1.168819940081317621e-01,-1.723919875619537856e-01,-1.198674547094542159e-01,-1.988083159444319625e-01,9.926906919414887898e-02,7.083297069873964458e-02,4.859174370747191413e-02,-9.381621890325776703e-02,-6.296123523790615739e-02,-8.834343077219063145e-02,1.616735448341692083e-01,2.139513451968851065e-01,-7.082019955305735026e-02,6.853119851916012091e-03,-7.757712249213206956e-02,-3.435374006963980154e-02,2.023829298857929004e-01,-2.561837091128271182e-01,3.320540309579294580e-01,-1.116208093306978177e-01,2.947473312939939971e-01,8.991772011994247915e-02,6.570118627747878470e-02,1.930693667300011421e-02,-1.404388824963604676e-01,7.126286864891717698e-02,-2.752171982817187834e-02,-1.407854700215960542e-01,-5.143963785508211956e-02,-1.489464940975112339e-01,1.604702199687208508e-01,-1.102434885180937491e-01,-2.178044269037001379e-01,-1.209025825982070340e-01,-5.915316424189591415e-02,2.487457998800611247e-01,2.311861284783972015e-01,-7.717492476764663267e-02
-2.048958423931134254e-01,4.163508306368318701e-02,5.772520187198046382e-02,1.290077495035300281e-01,9.378294081954924311e-02,-6.359826006298553713e-02,-1.039909793547581091e-01,1.346132445418768246e-02,9.830225902455577702e-02,-1.086502370398123168e-01,1.777837561085496842e-01,-1.171294414263216940e-02,-4.293253932808582807e-02,-2.020582066217258346e-02,-2.476099169340465755e-01,-3.828613922956062426e-02,-4.293211359366348734e-02,-1.946556309995974010e-01,4.010947679588696552e-02,-2.994494427443311971e-03,1.322129254380925989e-01,-2.635301890469406161e-02,2.851409923372822883e-02,-9.466350745516927123e-02,-2.315351639071852596e-01,7.618576317659599747e-04,-1.048872522890369023e-02,-1.455675196669346805e-01,4.137989274128137801e-02,-1.392993893302364172e-01,1.389093394274073523e-01,1.241314914175286194e-01,2.398781692576141267e-01,2.449979329447105336e-01,-2.016555726995364339e-01,-7.123908466990074018e-02,-1.984537567837452512e-02,-3.053997136879883501e-01,-3.390527089963078083e-02,-1.143969234952024044e-01,-1.583476493942765906e-01,-7.235986575623311323e-02,-2.231014430194105669e-01,2.737847822589335386e-02,-5.019338868353905025e-02,-2.238170943162469950e-01,-2.003913796724929031e-01,-2.383779429870050773e-02,2.033470593239460611e-01,4.473266056443529065e-02,8.814523515872534076e-02,-1.828309367130061813e-01,2.363585966946323003e-01,-8.403836509593769211e-02
-2.163127549036800434e-01,-1.592830611415932962e-01,-1.506936718056746394e-01,-6.446947388846965832e-02,2.239620802377727815e-01,6.520757695488585415e-02,-2.006643059377561100e-01,6.880113146026743676e-02,2.638071237819950010e-01,-8.189311317795004708e-02,-6.628464266849391252e-03,-6.919813947315348046e-02,1.153795434943194953e-03,1.763424439325102233e-01,1.876228427919959146e-04,-4.209759260873496833e-02,-2.557940234669868196e-01,1.256623124594314078e-01,2.353791248736125108e-01,2.434504476821812702e-01,-3.969844764117676922e-02,-2.593976404560250151e-02,-4.434103936355704434e-02,-1.952167154401286409e-01,6.507749240706180160e-02,8.015281889569869644e-02,1.933675200955672219e-02,-3.490644165285909650e-02,1.739227255816029605e-01,-1.572084348497141404e-01,-1.512416343552256681e-01,-1.133128287193481548e-01,-2.467617457882930743e-01,-1.488920278614208614e-01,-7.738981492617530433e-02,-8.735418045344468807e-02,-6.689437777969209353e-02,9.219450332966698525e-02,-1.681519948028936118e-01,-1.165054471434707334e-01,-5.607218163424800006e-02,-1.289938920597222816e-01,2.112898226723063100e-02,-1.875267323873820169e-01,8.876134894860905622e-02,1.495210972151373996e-01,-2.363618779271093456e-02,-3.395268866822584442e-02,-1.193482107599524306e-01,1.007281154782238564e-01,-2.616466847522682174e-02,1.200047730822272340e-01,2.415310649108660390e-01,-9.090180542422965360e-02
-2.769533131234333534e-01,-8.441531770207355567e-02,1.265221904992416546e-01,8.223229351088631733e-02,8.339807339065159753e-02,-7.900582939865433141e-02,-2.365254011153164748e-01,-2.997089411224104771e-03,1.264252935304716885e-01,-2.440081284245549931e-01,-2.156637890149824266e-01,-1.484268573445065020e-01,2.067451375933026733e-02,5.241819732505750146e-02,3.007691373639553162e-02,1.124438570315158120e-01,1.094535198055984621e-01,2.469330410597105896e-01,-1.883646268495018164e-02,1.800308516015109994e-01,-1.155106809495446279e-01,-6.053730138118135207e-02,-7.849263731878805550e-02,2.262079789470365643e-01,1.789177532018886019e-01,-1.679163453649589188e-01,8.788028339704654843e-03,-8.266477498835698989e-02,-2.712659102149196366e-01,1.625043126325529663e-01,5.255890759313323890e-02,1.426064928395303667e-02,1.723948212653982626e-01,1.411614305048230211e-01,-3.006327845796744405e-02,1.274150173735335567e-01,1.962077423468235743e-02,1.164695850734702616e-02,6.824551455977065362e-02,1.678214473312089894e-01,2.502646248149713037e-01,1.604750935732711936e-01,5.090526294533860574e-03,1.472178104417892208e-01,-2.222972496759646061e-02,1.007867014878243289e-01,8.795420399907724618e-02,4.930659145015154482e-02,7.111193454808813208e-02,-4.933453559944397243e-02,-1.363850170778578346e-03,-5.242780535521665564e-02,2.467035331271027476e-01,-9.776524575251994975e-02
