3.219231149275556675e-02,1.453468714290839237e-01,-2.723336919909756237e-01,-1.795924535121379284e-01,-1.273304140849462196e-01,2.347037974587182219e-01,3.917317370823069078e-01,-1.002775071726215439e-01,1.287126645663546620e-01,9.014355083542269220e-02,7.868201039747775571e-02,1.426338731637994128e-01,-1.660251397371708126e-01,-5.398046229747689023e-02,-6.088263015651242810e-02,-1.852638542439515590e-01,-4.285771085787857398e-02,-1.314383712581670104e-02,-2.826444553024134304e-02,-2.569041518318931350e-01,2.578929532312145834e-01,3.306762695172910105e-02,2.078918440754379260e-01,-1.012354188316751114e-01,-1.481608376301042085e-01,-1.997306665390369620e-02,2.905424868755738035e-02,1.284445394263912243e-01,-9.314211232063085433e-02,6.483397038797188150e-02,-2.923821129740530184e-02,-5.267372812463272380e-02,-4.020956608519308390e-02,-3.564716443869813539e-02,9.974277464276037897e-02,-1.744615150544073789e-01,5.093139283099962222e-02,-9.891326199797696728e-02,3.380468054202064726e-02,1.020852944152197267e-01,-1.776994257952893841e-01,1.714181447559059157e-01,6.802084993535131852e-02,1.756079797580449853e-01,-8.541942366731064551e-02,-9.477635792362448797e-02,5.667988678890768794e-02,8.899992051502714219e-03,-4.173143035189812861e-02,-2.738105846771557439e-02,-9.963758045024941057e-02,5.577643546665372876e-02,-7.887353922671895209e-03,-2.010589369190849685e-01
6.004845186995658862e-02,1.718150331888204374e-01,-2.762313788996954567e-01,-6.011637948333798526e-02,-4.169527046027930034e-02,-4.615550268040510828e-02,1.830243822497153172e-01,-1.112336414494830283e-01,1.232261545617215417e-02,-2.217247271507546413e-01,2.438697108678298531e-01,-2.674437466844389877e-01,1.015622934119001092e-01,-6.345899573101242142e-02,1.624405808332713558e-02,-1.684640541239303402e-01,-1.517814364500447988e-01,-2.185407240101157333e-01,1.535265451033849815e-01,3.188375955092555281e-02,1.511240411106091475e-01,-2.796516740047276170e-02,-1.758189171500766090e-01,2.276735167387675951e-01,1.206088227096576287e-01,3.730408163093307944e-02,-8.224047572626817793e-02,-6.440228253215352083e-02,1.956505425719068381e-01,1.178677296015402526e-01,1.213482014488700828e-01,-1.177047860676966838e-02,-4.130507086933164068e-02,6.655730444164810466e-02,-1.892699983983978373e-01,1.284145799170439139e-01,-1.658087378481348517e-01,1.115889965962516550e-01,5.437522866797547816e-02,-6.648066980782146862e-02,2.819647563730494633e-01,-1.048910166881206613e-01,-2.869907947794885297e-02,-1.250396008757863608e-01,-1.453197072018009434e-02,4.941670407167475521e-02,-1.405903345387890802e-01,-3.141427690816638030e-02,4.187399176521881122e-02,-1.065780294284314200e-01,3.021447710917102986e-02,-4.952156538786042783e-03,-3.241742099993699232e-03,-1.983544472268494174e-01
1.065637950943394696e-01,1.512752545474799482e-01,-2.761695767071862817e-01,-6.905673581675179917e-02,-1.009914085544704049e-01,-5.594493313982532717e-02,5.318930540766957787e-02,-4.852318310583229183e-02,7.649491593220908436e-02,5.307498214287225541e-02,1.000313201293224208e-01,-6.877638640176066132e-02,-1.083948236180668212e-01,-1.436559210980647809e-02,-1.473826832680569590e-02,1.408082281382319612e-02,-6.615424013646959388e-03,2.120662900807428197e-01,-4.156750540285832074e-02,1.863993823425045826e-01,-3.655461763475146286e-01,-1.492472549996141755e-02,1.192600664812607097e-01,6.722079701691431597e-02,-2.677812642311797747e-02,-4.845640143874892052e-03,-1.683732636827234286e-02,3.376545617243434383e-02,-1.261149000975386389e-02,-3.348011465408720633e-01,-1.191906866658637570e-01,3.053845163362895951e-02,9.964075034674944875e-02,1.841619158391986089e-01,1.908798026678162618e-01,1.259123704993706794e-01,8.377845623043379819e-02,1.725358808078278072e-01,-5.197337503456109925e-02,7.001501827691500313e-02,-1.556771833695277107e-01,-2.404488194193215300e-01,3.298075420543358782e-02,-8.707056183452688281e-02,2.755854111857718447e-01,7.867357974444044721e-02,6.540459123733247115e-02,6.845721836012499950e-02,5.592426749859939067e-02,2.340929174690569436e-01,1.094123410830612209e-01,-1.013950025248326892e-01,1.403869722684540329e-03,-1.956499575346147268e-01
1.196377319661324767e-01,2.091366875118920166e-01,-2.230725500565348407e-01,-6.883167943239687503e-02,-8.051812125817629090e-03,-2.373589253140499233e-01,-2.490788510233336861e-01,-6.614096597160552642e-03,-1.577811659128713073e-01,-1.423193887675369418e-01,1.033856965202315514e-01,1.306517723932007491e-01,1.732924075012542975e-01,-5.226007449853987963e-02,-6.818259439811523437e-02,1.252587310423823597e-01,-6.554930436405392857e-02,2.574516917778827546e-02,-4.867145707668501381e-02,1.392012750141722321e-01,-9.108546023889130261e-02,5.572411394677991014e-02,-9.894091575417358897e-02,-2.338652962125331580e-01,-2.032411944705832252e-02,1.571885409991032045e-01,-1.332873237454218658e-02,-4.658734272252685465e-02,-4.835855926673510510e-03,-6.400012444782944565e-02,1.727696150977546530e-01,1.725214503794528786e-01,6.583222249683849669e-02,-2.705745840284920489e-01,-1.390756412527976160e-01,-9.993534520148338041e-02,2.660093326296835148e-01,-2.157010096193108795e-01,1.670209748422195675e-02,-1.845143020432215286e-01,-1.122188377974453199e-01,2.307957911354576452e-01,-1.301827573978304453e-01,1.012677566702845089e-01,-3.393643008364694708e-02,-9.251245530684416851e-02,-3.366798258430663687e-02,-1.065775546833334225e-01,8.801204525658141986e-03,4.075511681385021040e-02,4.420475471203856588e-02,1.053553976635022427e-01,6.049481545363397453e-03,-1.929454678423811742e-01
1.540296354128485867e-01,1.715408203720727165e-01,-9.732230172911848776e-02,-9.889072370965370021e-03,-4.444440631646732337e-02,-8.951573836681397944e-02,-8.069862867326252354e-02,-1.296535526653455964e-02,3.608967409357611428e-02,7.945234816675965372e-02,-1.508971460115954843e-01,1.087418420479622921e-01,8.614205609973560329e-02,-1.056295528465327205e-02,2.895771942387712627e-01,1.662855750253257880e-01,1.798605725187419624e-01,7.208347222469375926e-02,-1.044239191533108263e-01,2.409663308944845830e-02,-1.896060085202424250e-01,-1.506072213354654743e-01,2.992578398940807724e-02,-5.132632147732291150e-02,1.248473684782147736e-01,-3.154571160577317873e-02,-6.839990409398344351e-02,1.228514769207499358e-01,4.093256953522965425e-02,1.841471092744444704e-01,-3.265833044330624935e-01,-2.300368663848547518e-02,1.075495506319913176e-02,-1.086962443246407978e-01,6.107006100157471445e-02,-1.224160888314590467e-02,-2.148083797234236481e-01,8.746389354966066509e-02,-1.823348975744340517e-01,8.482844453892082748e-02,2.311666336201194660e-01,1.337910679323026930e-01,7.589391301422182155e-04,-5.834928077806594837e-02,-3.428915595973919261e-01,9.920228902566424756e-02,7.826331978574432857e-02,2.231001003693516838e-01,-4.553653950161813679e-02,-1.797624361373433288e-01,-9.593672212077486439e-02,1.543624910619196058e-02,1.069509336804093380e-02,-1.902409781501458730e-01
-3.333584901870225575e-02,2.231994291157253785e-01,9.969671215035417686e-03,-3.869457858273762235e-02,2.965610397728670258e-02,-7.233861577870434600e-02,-1.069591042936494790e-01,-7.137953574709467175e-02,-3.117436604298461436e-02,8.688774588044130553e-02,-1.714826889904548513e-01,1.804458575893434502e-01,-1.635714324057697261e-02,2.039675728734185456e-01,1.954770893350501193e-01,2.129056796455450207e-01,4.087769528333038555e-02,1.502830026647608303e-03,5.466004688240289067e-02,-5.170020315686923648e-03,1.899640031493894932e-01,1.818334550801631033e-01,-1.610293237767810581e-01,-2.131403093449849850e-01,-1.067858060216667071e-01,-3.102823165563195484e-01,1.505958165074871569e-01,-3.424883697973429841e-02,-1.156753795212257276e-02,1.643524712235801821e-01,8.895576954908232525e-02,-1.649390676310413251e-01,2.471179643039873950e-04,2.092571936596248072e-01,-1.686081209548655549e-02,1.046008663958610321e-02,-3.438928273898938376e-02,-1.999764443421073179e-01,2.962720229770742647e-02,4.471321607488742272e-02,1.776481413354344951e-01,-2.999706263789346239e-01,1.351399163304426720e-01,-2.748222504998125773e-02,2.465581979212446706e-01,-8.811709913151793971e-02,-3.840152803615365373e-02,-1.456594177537085533e-01,-2.481641092938239798e-02,1.013942334658230610e-01,-6.411489459200873930e-02,-3.366209387132331615e-02,1.534070519071906516e-02,-1.875364884579123204e-01
1.531944380686668938e-01,8.000756055922411680e-02,3.596900395740701417e-02,8.328705955200824129e-02,1.095693487473852062e-01,1.033393579280769276e-01,-6.524298186860037763e-02,4.705948455229799071e-02,1.469763106928937899e-02,2.051438015638595846e-02,-3.628887487993497918e-01,1.318010522920516903e-01,1.008427990161828020e-01,5.464813248603962725e-02,6.868623572505463959e-02,-2.570020040493868896e-01,1.727637280763364980e-01,-2.016865753207674750e-01,-2.085232264888095544e-01,-5.580683618616106428e-02,7.447044929798196655e-02,-1.545887709878417393e-01,-2.401395110183790829e-02,4.534828613284128812e-02,6.314242251254702232e-03,2.087331834144220410e-01,-7.548985579230213516e-02,-3.809816885278007881e-01,-1.570275018578628362e-02,-8.074272007131567952e-02,-2.268386099770253184e-02,-3.954881157857162433e-02,-2.144312587788089475e-01,-6.143428663402579482e-02,1.536212569595614766e-02,-2.328542409077132697e-02,-5.143106737350731233e-02,2.282013661406292471e-01,3.769786191534473668e-02,-8.060269436710246205e-03,-1.875294359486137097e-01,-4.276867501187710946e-02,-7.541521183813944262e-02,6.603633286004125143e-03,2.122709601361900678e-01,3.662880967325816278e-02,1.543407721417115394e-02,-2.122414247091588546e-01,-1.743481993605894842e-01,-9.759379285789987479e-02,1.204101661362568104e-01,-2.229239306725857780e-02,1.998631701339766836e-02,-1.848319987656776020e-01
-1.329396277114584801e-01,1.356906598863109048e-01,1.117587505046359064e-01,-1.170055799587129131e-01,1.544039122289393995e-01,1.910305535190208459e-01,8.298601556533569124e-02,8.533581256142368232e-02,8.110570380539425250e-02,1.099903266202992141e-01,-3.542182391725020585e-01,-1.229602052979721499e-01,-9.341600794500271032e-02,2.712975355244800491e-01,-1.479294126438161772e-01,-1.588915986626986132e-02,2.942825385968521335e-02,-6.564042494614599765e-02,1.176898814528154341e-01,1.112138189700355578e-01,-8.241673038597473189e-02,1.093911793025414414e-01,-9.788593313775677263e-02,-1.135370457651890125e-02,-1.952915137279961910e-01,1.031554862023107838e-01,1.457666465753366669e-01,8.641241188460191402e-02,6.733444346665434961e-03,-2.196107428749945190e-02,2.580718817608884108e-01,1.230353759655826579e-01,4.992239733202104290e-02,-4.995827155098640088e-02,-7.760509911502030955e-02,3.857835752046601813e-02,-4.049043843718790753e-02,2.119796735735921672e-02,8.591671539646146549e-02,-1.407739843730755891e-01,-6.445199668972562135e-02,2.445293726344106161e-02,-9.517134401868151961e-02,-1.239611667645884180e-01,-2.270266580728295402e-01,1.343006925516094796e-01,5.282494701522943287e-02,3.189508685463488535e-01,2.556740031237639821e-01,-6.091781858058152414e-03,1.315411961390651474e-01,-6.783052938752953676e-02,2.463192883607362785e-02,-1.821275090734405522e-01
6.003006589656353920e-02,5.021302254422408545e-02,5.880415435277349528e-02,1.467618895315540573e-01,1.275567390889902064e-01,2.385977154749940043e-01,-7.967795700703265982e-03,6.509569288477930205e-02,-2.448231570531158030e-01,-9.394464633331399417e-02,-1.743733406947816367e-01,-1.575053303918396153e-01,-2.504875441040830056e-02,2.086312317071647437e-01,-8.196649417911124058e-02,-1.217199901939891860e-01,-1.832049940921089137e-02,3.506587630955289997e-02,2.618448240034868674e-02,-4.628061138134750147e-02,-1.676059928060617821e-01,2.056049794964381894e-02,1.057344203409674305e-01,2.490180186976355403e-01,2.787993292575953741e-01,-2.984441412913746983e-01,1.418859887258273021e-02,1.458286752258864706e-02,-8.925928244019325219e-02,-1.134684178645982144e-01,-7.347803205560241024e-02,1.959550893861533236e-02,1.720502385339204299e-01,-1.272555034820287666e-02,5.841111097439388028e-02,1.359710195413954548e-01,9.021363139941129816e-02,-6.172194357723664176e-02,4.953864185306272594e-02,-4.062481753532543732e-02,1.038716917448219423e-01,1.943369034401925544e-01,4.488080449429007225e-03,1.820781314286837593e-01,-7.709713509399623854e-02,-1.867530774344796918e-01,-2.165455088254297222e-01,-1.723005065393400370e-01,-2.650793549122175755e-02,1.324590842488032327e-01,-2.630910700347297571e-01,5.345455339228687153e-02,2.927754065875354250e-02,-1.794230193812100804e-01
3.077972517636583596e-02,6.951166465373966041e-02,9.700068449580762087e-02,2.339303336321244264e-01,1.299909660297360048e-01,-1.677750363208247103e-03,-1.773814635976797838e-01,6.281783720624543876e-02,-1.039628944485352785e-01,-2.825657932742550726e-01,4.767090467118854230e-02,-1.586780369135770696e-01,-3.847405716666668640e-02,4.047461219269950922e-02,-1.553871354333575261e-01,7.621322896949848935e-02,2.078764214745412384e-02,1.223394656388626378e-01,8.439265063944524636e-02,-2.666344994411208313e-01,2.364851811793441672e-01,-1.351686100026529558e-01,-7.896577957949946214e-02,1.318321109757810694e-01,1.188113864859459629e-03,-3.664789209069648206e-03,1.352384471972774109e-02,2.549983150829364109e-01,3.617156969147473228e-02,-7.603455295728890444e-03,-3.822843883334714477e-02,2.087597430958443578e-01,-1.587255521211630022e-02,-1.472357641708694487e-01,9.214950881134595373e-02,-1.294582356194095007e-01,-9.400861935709058093e-02,-8.444563703616969619e-02,-2.631077062253744381e-01,5.655091399017199427e-02,-1.398819178300526878e-01,-1.316611985131356244e-01,3.081859156954261936e-01,3.862210615939096203e-02,1.137977610358809899e-01,8.077797229888254715e-02,2.133764250379911187e-01,5.287923805920643344e-02,-2.362469938333170566e-02,-4.382729814066629176e-02,2.059867927637470675e-01,-5.019090135082626865e-03,3.392315248143174672e-02,-1.767185296889746682e-01
5.566427736378718513e-04,4.038578929719197075e-02,9.726108328835657291e-02,2.375075556888520678e-01,5.989999925766472527e-02,1.285774646687581901e-01,-2.153883507247865703e-01,1.127954085827705642e-02,2.945423936078554739e-02,-8.432592171260003266e-02,1.454885575121820512e-02,-1.973952159350517155e-01,-2.058031600417447315e-01,-4.014220430320277200e-01,1.134990970532298027e-01,1.625669084494263117e-01,-1.295171142927177277e-01,-1.029196761455556108e-01,-3.265617405353524465e-04,-2.290423582983652506e-01,1.244771686644671749e-02,2.059853651414849385e-01,-1.050334714643039319e-01,-1.884941399390570316e-01,-2.433908711920151902e-02,9.463810407642020417e-02,-3.059914227100604678e-02,-1.071150715353858841e-02,-1.611466445124626889e-01,-2.562900447887543898e-01,-3.208762043658513335e-02,-2.063679271264056425e-01,-3.487497776401657368e-02,2.139613691909285076e-01,-3.652892085440864745e-02,-1.915722338249275028e-02,8.906063383242406040e-02,2.727306796458514593e-02,1.411313427385912922e-01,1.210699970719206486e-01,-4.292948526792608743e-02,9.333149287375006042e-02,-6.737995542304275887e-02,-2.057810381713745806e-01,-1.861093158880394449e-01,9.467674871177948759e-02,-1.111058148251151817e-01,5.581331670441385534e-02,-9.673221394428038744e-02,-1.385295482815550316e-02,-4.897791774440753143e-02,-3.722861611649740804e-02,3.856876430410948603e-02,-1.740140399967409768e-01
-2.381220702924037938e-02,3.201901288026922504e-02,1.184715738129623885e-01,1.235218798347191907e-02,-5.562933783634367406e-04,7.479725256033835368e-02,-1.398482260659199561e-01,1.634923407478382495e-01,8.049396973974784486e-02,1.103865838181611742e-01,1.239571163227369821e-01,-2.432943361762047729e-01,9.072395751618875237e-02,-5.377581285221397223e-02,8.670528088339324313e-02,2.689250403790524602e-01,-1.267913976101376350e-01,2.166213690359992117e-01,2.253123372108361069e-02,7.034454705706494337e-02,1.731378184287704070e-01,-6.544078886433984943e-02,2.564131386136980217e-01,1.487753879241583421e-01,-5.428908749320470600e-02,7.561326814965704801e-02,-3.001573798102821072e-02,-8.033141216079224545e-02,-7.728233770632937649e-02,3.225016456064287995e-01,-1.529556133524459169e-02,5.054383252195460141e-02,-1.945086068315720340e-01,4.281365435352566667e-02,2.433549964865417206e-02,4.197407442606681388e-02,-4.038659230518537591e-02,5.245635132125284206e-02,1.437157487899184127e-01,-5.611793218571159425e-02,-7.429868584356760786e-02,2.990752081911910581e-03,-3.699379233939424361e-01,2.431839258809013193e-01,1.462640151723481885e-01,8.530810242609715432e-02,1.451933064835213005e-01,-2.765752552645735565e-02,1.449767118311896807e-01,8.402362970117101260e-02,-1.973166245377750705e-01,-5.175059882812304418e-02,4.321437612678760698e-02,-1.713095503045055923e-01
1.897506453567010809e-01,-1.168006124000551538e-01,9.995095450770695444e-02,-5.781764952986865463e-02,-4.166785289801721789e-03,-2.883412691948928491e-02,-1.390537450211264681e-01,1.713378307345688190e-01,4.485488529022756306e-03,2.258381649877298780e-01,1.117270477289376979e-01,9.496478887750012254e-02,-1.802736871824448528e-01,-2.791401378705812147e-02,-1.245695408376968072e-01,-1.325569412001607883e-01,-1.151429558036930617e-01,2.073692078428975571e-01,4.679845991453752616e-03,2.359681208364261540e-01,7.925243594032065075e-02,-6.041564600146877989e-02,2.061387797725855453e-01,8.039727468638839525e-02,5.742392388447275370e-02,-1.352084903889730905e-01,-7.399371764618088709e-02,-1.788761984276042785e-02,-2.058599775963186884e-01,8.428336676927571103e-03,1.931103234669868940e-01,-2.258622390247578757e-02,-1.236321862462515242e-01,1.528360989413662663e-01,-6.822899800985857133e-02,6.632542171160141220e-02,1.207766055172099645e-01,-6.092507247929684899e-02,-6.987195917869370998e-02,-8.784012729221780946e-02,1.175633436613335581e-01,-7.817103517176997307e-02,1.122027150791755495e-01,-1.679591340674574385e-01,-2.156949003551465460e-01,-1.470284132350622441e-01,6.226477414290126911e-02,-1.069718966105320940e-01,-1.130264465535221891e-01,-3.711287717300210121e-01,2.493675132620506996e-01,8.992846274715766280e-03,4.785998794946629692e-02,-1.686050606122707074e-01
1.440433129820574698e-01,-5.232028560599421424e-02,2.494215285605362042e-01,-5.243199429723535698e-02,2.994559230245861809e-03,-1.288182396756627490e-01,-1.302824203328908914e-01,5.907964454541893978e-02,2.585926411219214294e-01,8.398417125391174909e-02,-4.024197825913122806e-02,-4.966151208817994739e-02,3.920506969064911640e-02,-2.547960704481623817e-01,-2.311628166260603634e-01,-1.585169163267746151e-01,8.115774978080947388e-02,-5.924730202525253786e-02,1.467431774454970583e-01,1.507101759198041235e-01,5.859936832395264313e-03,-1.665319258621403287e-01,6.962095729715478409e-02,-6.591069812431482600e-02,-1.045614946881932988e-01,1.527453587939200108e-01,1.299771453820089684e-01,-4.306265644681298022e-02,1.475500407228062527e-01,-4.179851885057588728e-02,-8.735794988599833444e-02,-7.264940784073221913e-02,-5.564572013084077146e-02,-4.397865834969516552e-02,-1.052066196979391383e-01,-8.639539470015993039e-02,-1.007274504278846544e-01,-1.852984422585173679e-02,2.216255370967463306e-02,9.969656632439394262e-02,1.580577892963957176e-01,-4.313964878269919978e-02,2.700984516951124847e-01,1.214281817179874989e-01,-1.287847334919530601e-02,-2.631950195415277971e-01,-1.504982492036898434e-01,1.292765960195589037e-01,7.466460074852039608e-02,3.436556478663059244e-01,-1.450043605626743226e-01,1.605510916662220289e-01,5.250559977214379337e-02,-1.659005709200369050e-01
-2.072691062805578910e-01,9.637822354260544566e-02,2.538505817227472705e-01,-4.999070589322502506e-02,3.608960439853119151e-02,-1.434464805749596505e-01,5.630009435569408721e-02,1.552215675033676856e-01,-1.143867588105650784e-01,1.108709373978213203e-01,1.411291817951773886e-01,-4.207391499848938538e-02,-1.975563572783427535e-01,-1.265628760379324813e-01,-1.417379130688622424e-01,-1.323325893771165884e-01,-1.172241539645438035e-01,-1.558403485032451297e-01,-1.619075349833014321e-01,1.368691857434049530e-01,-9.018636876655114487e-02,5.897258671495109877e-02,-1.071409736292464748e-01,-7.053443044045806451e-03,-1.962580570765581206e-02,-7.298980480350522604e-02,1.651160987333343544e-01,-1.321974343127542972e-01,2.397397639071708053e-01,1.471244725675258935e-01,-1.954780639627244077e-01,-6.583326290008613413e-02,3.251158818714225962e-01,-5.090480444207975963e-02,1.522076296620257507e-01,-1.398582847944723206e-01,1.016553361715001325e-01,9.520264606633759355e-03,3.263874252059686260e-02,6.089981351099447993e-02,5.749587931463834983e-02,1.594789087321060450e-01,3.504440361068246208e-03,3.979905402724245173e-02,2.382018166311401508e-01,1.441791762888336714e-01,1.168355920965265249e-01,-9.497838324032554028e-03,-2.633521812083703534e-02,-2.957763752460709772e-01,-3.803770934688436439e-02,-7.646224671904436332e-02,5.715121159482149799e-02,-1.631960812278022144e-01
1.689194882997017699e-01,-1.946467176848436231e-01,1.142577515131024957e-01,-3.334831668180978509e-02,1.060095323723496963e-01,2.930750085931846383e-02,1.323631648448991005e-01,1.064966933707560126e-01,-1.730920121100570641e-01,1.933997068601687741e-01,2.581334705397232421e-01,1.155653159518410938e-01,-1.162618438114162434e-01,8.259765436261000057e-03,-1.106079021191011119e-01,5.494446153360944829e-02,1.417365520875940865e-01,-7.389021365126730023e-02,2.517860857755478340e-02,-1.704947152818579448e-01,-3.300133616085763888e-02,2.338905281589604146e-01,-3.873114271352708776e-02,-1.039096592125123147e-01,8.398765313865436122e-02,-1.692946640367835875e-01,-1.339396300002020923e-01,-4.397496188858864181e-03,1.057677334965013705e-01,8.305098431653787361e-02,-3.530643524674270672e-02,-1.497910445149378544e-01,-1.773387369967152349e-01,-2.314494642565689819e-01,5.567288280068060854e-03,-6.022011814281702513e-02,-2.478072249631202428e-02,1.630243924288861668e-01,-2.739772715580597873e-01,-1.615455904601822701e-01,1.897181886975850620e-02,-3.448994412739438825e-02,-2.001289540118247334e-01,-8.190095905878802540e-02,2.691762353234364389e-03,1.463818543371099012e-01,-1.632023371888146890e-01,-2.819884770007089966e-02,1.165084645081542608e-01,3.113051098795852623e-01,1.710248997110299651e-01,3.069830109637018689e-02,6.179682341750163121e-02,-1.604915915355688283e-01
7.059359608824236632e-02,-9.348589364806905722e-02,2.190216854162936599e-01,7.432009261842410786e-02,1.139584804424209966e-02,-4.678038145956223831e-02,1.281645407805244441e-01,-1.219773182707316328e-01,2.292152694922759970e-01,6.195710008119302559e-02,1.655803010115222129e-01,2.489739382631372261e-02,-2.813510840739277211e-03,6.018615250492026503e-02,1.367379461063336632e-01,1.739103469541693550e-02,1.071790544962635677e-01,-8.357414549124632386e-02,-9.193322657318155067e-02,-4.898921960844245665e-02,-2.776611639845188440e-01,-4.293158443044967944e-03,-1.996963494536253825e-01,2.613632132246098139e-01,-7.839878664615776427e-02,1.264904168892750647e-01,-7.419780581276540221e-02,2.352611787590812020e-01,-1.463083034773957625e-01,1.221798353974686280e-01,1.979096499798914111e-01,-1.070073377759353656e-01,9.389280230992737286e-02,-8.553077128100843377e-03,-1.422965487409360852e-01,8.517569288510264125e-02,-1.347100017097319358e-01,-1.802823696980454249e-01,-3.882137777418388086e-02,-3.065866423401700236e-02,-1.379510302876468253e-01,2.122522643852294832e-01,-1.524817368561734443e-02,-2.218615619945058792e-01,1.656432925970121595e-01,-1.784427703048259428e-01,2.372967476595253533e-01,-1.507112229866301722e-01,-1.322694668615635727e-01,8.105109259687071077e-02,-1.193045756747287967e-01,3.141348002082699348e-02,6.644243524017963420e-02,-1.577871018433343042e-01
1.468871099127143920e-01,-1.218352974277214507e-01,2.040688026284095125e-01,8.975376259875315899e-03,3.107685589656598163e-02,-2.128534170512990653e-01,1.210639981356220057e-01,-7.699871672809377454e-02,6.035850111239630250e-02,1.211564017007702582e-01,1.193280490274978567e-01,1.645661014003428346e-01,1.479112613486601446e-01,-3.831313644000420952e-03,4.119490023547094787e-03,-5.860784339115916730e-03,1.312759618478218926e-01,-2.511374767811594064e-02,6.764830201957590383e-02,-6.522968608208673524e-02,7.150153208255144444e-02,7.508848642227344827e-02,-1.371105705803806751e-01,-1.254005975791069351e-02,7.078152028313823563e-02,-1.225923774562417690e-01,-1.738252379723034258e-01,3.462380805231839859e-02,-1.260804666487457537e-01,-1.843112485066063233e-01,2.803191716626605642e-02,2.730602243327736600e-01,5.814333190094561621e-02,-1.089743206743152941e-02,-9.112028653506505649e-02,1.747547689555668249e-01,3.937653301387377541e-02,1.184685938438075591e-02,1.803205851709600849e-01,1.157789234377560872e-01,-2.078664577864985930e-01,-1.843793753136024061e-01,4.679508225933683846e-02,2.317172284318314568e-01,2.460231343370920809e-02,2.040631931059895265e-01,-2.051157589076748611e-01,1.939925033273591226e-01,9.267544622925538711e-02,-2.960885333490070326e-01,-2.688142326787547609e-01,-3.784087407176437573e-02,7.108804706285569430e-02,-1.550826121510982258e-01
-1.214504989977150118e-01,-1.561427139194718205e-02,2.343351052248819899e-01,-2.562030942444979559e-03,3.454402666144013034e-02,-9.137659058505373522e-02,3.025702633952047638e-01,-4.661926210886218475e-02,5.890299040628503568e-02,6.958498569508238252e-02,6.043045126490249885e-02,4.696773103065500499e-02,3.197601387582324484e-01,2.903354567080997095e-02,6.752149273300626919e-02,1.633715818290182309e-01,-1.009571987356661510e-01,1.154484559600847671e-02,-3.993771510170340822e-02,-5.176537300676528619e-02,1.190737640959041582e-01,-1.218633637312365875e-01,-6.474952870669510585e-02,-8.772903543660092937e-03,1.703512702453967298e-01,1.106852313479791128e-01,3.112329775168556217e-02,-2.962413115756989263e-02,-5.877848147810192658e-02,-1.459167321223650282e-01,-1.463410000678192491e-01,1.537547511824541024e-01,1.383395843313405260e-01,2.002273092235244689e-01,2.511532541965387222e-01,-2.788034338292594283e-01,2.398375311319633080e-02,2.555677365651941660e-02,1.404446575577509848e-01,-2.509163413973100054e-01,7.168462580027924747e-02,-5.624150711633933708e-02,-2.032502613954257058e-03,-5.921217644842718258e-02,-2.381210507011111421e-01,-1.578467819347514622e-01,-5.550768309928592534e-03,-1.487913892395155979e-01,-1.143733902431524375e-02,1.507628260454916824e-01,2.166692090657025005e-01,-1.552829528978659224e-01,7.573365888553382219e-02,-1.523781224588659222e-01
-1.169226906626202878e-01,-5.883756377019348088e-02,1.138507993465188162e-01,6.307927890770680113e-02,-6.952192913027144261e-02,1.381857554343087803e-02,1.599310018932984800e-01,-6.653593538811367232e-03,-1.344666716299374731e-01,-7.681888934603618713e-02,-1.928922584590767736e-02,2.805042147829608923e-01,6.760894164684236318e-02,1.027517559193441010e-01,-7.225285801195452384e-02,1.937485895743685793e-01,-1.424847868333466439e-01,1.587900633873387812e-01,1.326663230316418307e-01,1.095730250120572138e-02,4.250828375270557929e-02,-2.237645092510537337e-01,5.514056790586639029e-02,-6.107785835410564634e-03,1.020676814886760098e-01,1.642149919021683724e-01,1.883684883651668973e-01,8.724495251727783229e-02,1.769073218250229174e-01,-1.078750712623325198e-01,2.654732910982153804e-01,-2.261551931446432184e-01,5.997864192788577437e-02,4.429845195282344078e-02,-1.587825584504736626e-02,1.111971057257995082e-01,7.193269909349549185e-02,2.188444421775889437e-01,-1.817904830930638926e-02,2.637029755128156849e-01,3.897357980493036667e-02,2.485682120871878301e-02,-1.197105611460812791e-01,3.591570491462558242e-03,-3.572056069751889263e-03,1.913959621925278021e-01,5.110270112012455825e-03,-7.957405620402901655e-03,-1.850938226382747298e-01,2.910656761674007900e-03,-2.064845827372535983e-02,3.991225874102320437e-01,8.037927070821308806e-02,-1.496736327666308985e-01
-4.204625273581319433e-02,-1.196839052708675438e-01,9.735331141573837221e-02,1.105503679675834960e-01,-8.873234597070932261e-02,1.295824429860294169e-01,1.270099475277821355e-01,-1.228296081802484202e-01,-2.248793168114788521e-01,-2.470185684439391849e-01,-1.006573438281297417e-01,2.887415306357036249e-01,8.716843120253519109e-03,-2.163974445772334498e-01,-3.631586773340039764e-02,7.562166348039156549e-02,-1.834033444002564073e-02,2.736439310685688173e-02,8.186854897542568399e-02,1.065665025403205943e-02,-6.014595484765450362e-02,5.591423217978361976e-02,2.303458682663510060e-01,9.282043783515159241e-03,-1.394861345000412145e-01,-2.447307254439907639e-02,1.655702875054055126e-02,-7.007542590310654462e-02,2.036198218676268101e-01,5.417095825485507971e-02,-1.496796020103768610e-01,9.370722176747785237e-02,7.338497335243167330e-02,1.054830750045944177e-01,-3.291530884826172065e-01,1.543120821332628068e-01,-1.147743108098324138e-01,-7.004513474858065081e-02,-7.880670722252937355e-02,-6.178156836702872884e-02,-7.295125214665164337e-02,-2.482154421235063455e-02,-1.558332849087183669e-01,1.639740359935446326e-02,6.431421989700823738e-02,-2.805046484349830171e-01,2.071380187483295998e-02,1.840748425639331387e-01,-5.880076019774654189e-02,-5.077411493336093928e-02,1.179839304617184836e-01,-3.355436579864377600e-01,8.502488253089049430e-02,-1.469691430743950700e-01
-1.459041099687072296e-01,-8.766958366304865302e-02,1.423493713199217303e-01,6.427415407691059422e-03,-1.381540936601680925e-01,2.078560419185563335e-01,1.241887690763754798e-01,-8.545077551879989852e-02,-2.393138334658300934e-02,-1.699461080274327351e-01,9.977728589930311143e-03,3.423692231141305109e-02,7.416447348207710899e-02,-1.647957831654262711e-02,1.066144112794127491e-01,1.031834373836105628e-01,-3.563576871896691894e-02,-8.851018416400346922e-02,-5.843563232556262671e-02,2.183457294039375662e-01,-9.436463069716109764e-02,2.415335002861861424e-01,9.470233385021628592e-02,3.140270654074756723e-02,-2.206186344978298269e-02,1.458148697854674547e-01,-1.690132235481194289e-01,-2.197685371338873872e-01,9.739418769642514684e-02,5.872175630048743350e-02,-4.084387348348396223e-03,1.168050668836371625e-01,-2.915190462224302448e-01,-1.114917745387828119e-01,2.393315422619434751e-01,1.770411414229594582e-01,1.765596513786084065e-01,-2.284568869236245081e-01,-8.433675627113980389e-02,1.054829408896390680e-01,4.718921196626813669e-02,-1.211701645463887644e-02,3.765490120458287460e-01,-8.832724587264478844e-02,-1.034255351928391048e-01,1.537317188874703089e-01,6.098838964340382029e-02,-1.101837311505244887e-01,1.465620797214840232e-01,2.640799979610791715e-02,-7.472778121081390112e-02,7.882386862608146971e-02,8.967049435356924669e-02,-1.442646533821630161e-01
-8.212290909222028090e-02,-1.768430939702491378e-01,-1.517052697334736683e-03,7.316521835501561821e-02,-2.266367624800620095e-01,2.690656226113331551e-01,-1.127687742492793910e-01,-1.668980692049304437e-02,1.469836871003786793e-01,-8.790219130956973548e-02,2.902145708671317603e-01,-6.475063159774538391e-02,1.465218714254188648e-01,2.845017059351442335e-01,9.865260731272101902e-02,-8.322747098709341873e-02,3.190973844227600748e-02,1.348636644427922138e-01,1.417364739359417147e-01,-7.349518642921518130e-02,-1.394746748846318607e-01,-5.555136205688480933e-02,-4.428399221805819075e-02,-1.718433978141349072e-01,6.701024758944978781e-03,-3.223928492101229420e-02,1.916904801959617433e-01,-2.771587512320662361e-01,-1.924943835511583601e-01,-1.034014799216753377e-01,5.869691923294546171e-02,-6.922223563918547540e-02,-2.065411253080245632e-03,-2.509424480842460392e-01,3.307933600439673383e-02,-2.111667821729090178e-01,-3.343651221698470954e-02,7.268328917866619630e-03,-1.183766916104923850e-02,7.395369883702949954e-02,1.723673851713560523e-01,1.621333747381367360e-02,-3.912176614105137423e-02,-5.061825447724128263e-02,1.612384015197670106e-01,-1.071983685471620401e-01,-7.741309201697887943e-02,2.297450576641062170e-01,-3.022679920392252334e-02,-1.586990680844960755e-01,1.210445218000836924e-02,-1.470231967884079449e-01,9.431610617624515414e-02,-1.415601636899248561e-01
-9.770941772738623091e-03,-1.880027858591424850e-01,3.808787606042277063e-02,-4.127047375846657623e-02,-1.832583219113685102e-01,1.969783474541671187e-01,-2.160018635014622490e-01,-4.632590054180935751e-02,5.993201199456583278e-02,-1.558903745183994605e-01,-1.227381333067851729e-02,-3.142380770058587902e-02,2.789111532956762285e-01,-1.258407592025601873e-01,3.025899085422431925e-02,-2.054050230814508660e-01,3.650711575206296716e-02,1.706469974459591532e-02,-2.461474030710836258e-01,7.102375649982223607e-03,-9.314792602955332401e-02,5.825692706654386072e-02,1.159289174414431661e-01,-1.177893401601228934e-01,-1.934765439891652228e-01,-1.641570275397025713e-01,2.855326530843587535e-02,2.881144811228960045e-01,1.385517584362324674e-02,2.009856525758667578e-01,5.774428443956979712e-02,-4.411609201937685687e-02,2.868115187089476659e-01,-2.574957655576011126e-03,7.281127182751523201e-03,2.064439886222116469e-03,-1.029396769362738995e-01,1.303152332289347071e-01,1.845820929498893648e-01,-7.595844692471198645e-02,-6.834461899373224514e-02,-1.532539177323626600e-01,4.280430852367111960e-02,5.467421436062298162e-02,-9.217898593834346344e-02,2.184251181096239225e-01,-1.254430604171786756e-01,-2.289026707927296345e-01,5.559474709136602577e-02,1.088492003710219563e-02,1.868673060056476321e-01,1.186966136813593781e-01,9.896171799892579390e-02,-1.388556739976933574e-01
-3.301911416718045778e-01,-8.464690615717990890e-03,1.207599156221448727e-01,-2.113396027532546129e-01,-1.245296426387600547e-01,4.996383239202133175e-02,-2.024615749550071897e-01,-1.286753448479688866e-01,2.154612453901254623e-02,-1.448518629278962855e-01,5.627676947317771655e-02,-7.494910534573949804e-03,-9.497892492750704962e-02,1.356040166875596420e-01,-8.970760074723171940e-02,-1.995889315551440113e-01,1.476060361913243135e-01,-1.563905367183996975e-01,5.503082581910702376e-02,1.228155657550396018e-01,1.288372775113929766e-02,-1.072771970858721891e-01,-1.260113970458546229e-01,-1.776193504337049422e-01,1.095515481222618936e-01,-1.119058044877894315e-01,-2.998566032130534631e-01,2.035901560746221639e-01,3.208758981262346821e-02,-1.264224409251808179e-01,-1.521698106984441523e-01,9.307428423943835127e-02,-2.431833728851815479e-01,2.678727093945327264e-01,1.008806536963017565e-02,-4.539503086239643492e-02,3.230234584001939052e-02,-5.242115946706050328e-02,-6.466817107984842994e-02,-1.718965387083937549e-02,3.278132707212975949e-02,5.331704097295356277e-03,-2.942353521582488085e-01,9.793199736554419887e-02,9.760225679471924015e-03,-4.268330768789495994e-02,1.750552236449964272e-01,4.169669127759886851e-02,-1.115255186396590936e-01,3.705492579782710544e-02,-2.436769494597293417e-02,1.472061078819658919e-01,1.036073298216054484e-01,-1.361511843054582505e-01
-7.943349711320053796e-02,-2.591060249419881445e-01,-1.101610317165892666e-01,-3.468241562293487013e-01,-1.127978464889171917e-01,7.963018018598934378e-02,-1.674702103984561374e-01,1.625026960627458383e-01,-4.636871607226290826e-02,4.969827150067886862e-02,3.011908245905223908e-02,-1.856912021644701108e-02,-1.460889387127621841e-01,1.483691547490729734e-01,1.092085481447007539e-01,1.723282475527244395e-01,-3.048804435978088104e-02,-2.137587919002608208e-02,-3.322948418250791236e-01,-1.680716724835007725e-01,9.793347007082522926e-02,-1.783650121301728342e-01,-9.100721536745749740e-02,9.520318506116955126e-02,5.331863936455758651e-02,7.519532828997288476e-02,9.773255291522006671e-02,-3.511165518539312736e-03,2.189425440428053038e-01,-7.173618929801135746e-02,1.771761262395232794e-02,1.365963480587892021e-01,1.530692052112900617e-02,1.130431220607084342e-01,-2.885731524834421746e-01,-5.643879645370413617e-02,1.278535751369246631e-01,1.384518824973137996e-01,-1.042117964374620342e-01,1.899576796550294516e-02,-9.619087749361299178e-02,2.616136077272759528e-02,1.928864205322292635e-01,-1.076563273304646517e-01,-5.718222680162792643e-02,-4.653597526388577460e-02,-1.029260536754713767e-01,-6.902554165882004988e-02,1.072503794585506209e-01,4.524555918919197922e-02,-2.317078630762358371e-01,-1.708182555555209092e-01,1.082529416442811476e-01,-1.334466946132241427e-01
2.007111321614287944e-03,-2.620031829808205925e-01,-8.302726774139408683e-02,-2.787826686913980612e-01,-1.092540462606370749e-01,-1.680549105696360068e-01,-8.990898864870677798e-02,-6.550434170839147807e-02,1.557208637177675270e-01,-9.946671810890511667e-02,-1.932594347276883617e-01,7.944114251448053735e-03,-1.274675235471108836e-01,-9.984238360454895933e-02,-1.973951611307464549e-02,1.212125227006909389e-01,8.247890991864376131e-02,1.381967524751907539e-01,3.491335439846208338e-02,-1.006761123414048470e-01,8.043810443233997964e-02,2.092023307748851757e-01,-2.143054047407521034e-01,2.729172017558448848e-01,8.283220421226727970e-02,-4.453649289242064824e-02,1.174362308826844142e-01,1.143353135786680588e-02,6.021836682358600729e-02,-4.172759174173468200e-02,-2.505207457344746369e-02,-9.922260119206466333e-02,-1.086194766784748522e-01,-1.842532805327652679e-01,2.268543971167892581e-01,2.089312487694545695e-01,1.747826349590147349e-02,4.273341662221268218e-03,2.715914434866212313e-01,7.012981035106793503e-04,1.055939776540080616e-01,1.626463456633221172e-01,-2.984149041394057802e-02,2.093129735570034844e-01,1.503237223130367978e-02,-6.173615817107180187e-02,3.604814558909902322e-02,5.417476662636593748e-02,-1.604182912419938600e-01,1.083222444187797832e-02,2.772561462223793738e-01,-8.963408583826780462e-02,1.128985534669599972e-01,-1.307422049209896464e-01
-4.075931280404309492e-02,-1.872140929362473005e-01,-3.597073243137628024e-02,-5.353079536793816512e-02,-3.396550983794927037e-02,-2.369805396004482367e-01,2.785005218698825835e-02,-6.121214431452489009e-03,1.472803731302033126e-02,-1.548409912035731140e-01,-1.792766207709812487e-01,-2.818427693914695234e-02,-1.922489523113017074e-01,1.329096476985903823e-02,-1.886740097989150463e-03,-1.964780404520902191e-01,-6.967377934035418052e-02,2.985349257399863565e-01,4.845048945137449270e-02,-1.216035126167612154e-02,1.782689434161329189e-01,-3.216130278773743356e-02,3.986993937602795884e-02,-1.429932035567831328e-01,8.630293678757000597e-02,5.272168315565070595e-02,-1.821191451896243263e-01,-2.175027714321955408e-01,1.298453989226907614e-02,-7.932023168626117782e-02,1.828209061311534753e-02,-9.027558579879040035e-02,2.608038874091257453e-01,-1.288621028240661825e-01,1.082417996898621532e-01,-1.679103759879165653e-04,-3.290935993343053201e-01,-2.366958590256883210e-01,-4.780272591662342724e-02,-3.318811034232160145e-03,-1.071354276151080809e-01,-7.531424561042664167e-02,-1.706771730865855041e-01,-2.503887325118996365e-01,-8.799937076766145561e-02,7.865018262933558268e-02,5.694646422630009891e-02,-1.459346931289650373e-01,1.767978376692256326e-01,5.769073109752472645e-02,-2.181321589988072518e-01,-6.962344089821144964e-03,1.175441652896382222e-01,-1.280377152287559550e-01
-1.381193756881884116e-01,-1.169675199318370579e-01,-3.421185923750103691e-02,2.342696625769562571e-02,-7.247477956299823443e-02,-1.664572761877723128e-01,8.866076526926169876e-02,-5.423090969650722071e-02,-9.168091431141175973e-02,-1.220763962696998217e-01,-2.264268955869221667e-01,6.884629192311205771e-03,-8.893861240135869650e-02,-1.116215449860519515e-01,8.723382812937191533e-02,-8.943523369227054931e-02,-1.051830585463942591e-01,-2.447812838227311511e-03,2.074734684994140876e-02,1.992693924431654384e-02,-5.667474378665036429e-03,-1.340312569265365017e-01,-1.458181162024363153e-01,1.293011080264012402e-01,-8.413369176839589902e-02,1.611023365358309548e-02,-1.895867582225283787e-01,-7.711833084350712408e-02,-4.437062046667321624e-01,3.512326564638224569e-01,4.527736507671419747e-02,-3.461092763064611832e-02,1.212467746578120564e-01,2.549155706579737946e-02,-1.762184818144434464e-02,-1.336160165793040255e-01,3.549551726997534074e-01,1.781455702824928933e-01,-2.072614640960779853e-01,-2.049357454706901560e-02,4.255908797315524628e-02,-6.320245742422647695e-02,4.875700542447997110e-02,5.613833713966213945e-02,5.159546550436366896e-02,9.692061112340943918e-03,-1.295975975402603175e-01,2.437848918403049403e-01,1.492076727228673107e-02,1.574862804362509305e-01,1.519477622111583930e-02,4.102533098042372012e-02,1.221897771123167942e-01,-1.253332255365209591e-01
-1.282116005676345871e-01,-1.588751912039118031e-01,-1.154838359336456538e-01,-1.024319037042475677e-01,-7.418047156828036504e-02,-7.564057010768936162e-02,1.687055371230096468e-01,2.791582437492584612e-01,-3.181343301378641297e-01,1.778872092617597156e-01,-7.413549360792928700e-02,-2.097205961397384799e-01,5.789244430217365539e-02,-3.353754004615518147e-02,1.996832769506239613e-01,6.241451972693590894e-02,-1.079720519975352899e-01,-7.212347536304483664e-02,3.240210818019986228e-01,2.839125106339284235e-02,-1.498273276528257758e-01,-1.273400951072799214e-01,-8.660149934241126446e-02,-1.023520925809364018e-01,-2.759971530408331097e-01,-5.763693115552125101e-02,-1.576970251861039424e-02,3.314392203090592987e-02,-1.371865442043770644e-01,-1.384058198254336514e-01,-2.020206024008108503e-01,1.152346032050975168e-02,-1.273214850055641445e-01,-6.477424131203053659e-02,-1.268128473947517099e-01,3.661370878559144781e-02,-2.347575258323321978e-01,-4.069646622378313844e-02,7.647532709013013519e-02,-3.857900944711918634e-02,-1.081314769133299436e-01,7.242178374800482821e-02,1.544606702956951849e-01,7.301998790359298663e-02,4.787836405209278112e-02,1.016367268070927227e-02,4.377946602551379199e-03,-1.776713012551153770e-01,-8.983022219515522655e-02,-7.259197719729833242e-02,9.380914063675377390e-02,1.551224815726864326e-01,1.268353889349942976e-01,-1.226287358442871150e-01
1.250990969646452733e-01,-2.078956391480418775e-01,-1.281058232631221983e-01,3.582936324943581524e-02,1.238107392406070234e-02,-2.054942063115373918e-01,-2.171901707797066483e-02,5.305074995433506357e-02,-3.109396149146625432e-01,-2.716587437447505644e-03,-1.147910211250837038e-02,-6.614906006122545090e-02,2.395507756783122333e-01,6.736617530895940009e-02,2.442690970853049828e-02,-2.546499624456407540e-01,1.257483834523027422e-01,-8.981996613615668423e-02,-2.961014292615762877e-02,-1.079410803188289927e-02,2.464414384830702215e-02,2.196959234924527049e-01,1.476819838954476494e-01,1.227140987493926388e-01,-3.016402500926046101e-02,1.973914754139863836e-01,3.081349493098516357e-01,1.619023939220910480e-01,3.741921509037471918e-05,-4.654261158158415346e-02,7.152111411284804883e-03,-1.785672369013056593e-01,-1.555258974509795000e-01,1.875242491947214374e-01,1.015515487901412217e-01,-1.441229501808629354e-01,1.124672456425318962e-01,-1.735909740743581953e-01,-1.964157551556562978e-02,-1.178707604473029913e-01,4.282324090185185561e-02,-1.203446753459863905e-01,-6.224163342189800718e-02,-4.328244929300211624e-02,-4.429057743085628579e-02,1.261964264517126399e-01,1.630590008974866223e-01,1.852131961352187495e-01,-1.050426761180113383e-01,3.288140192138981534e-03,-2.371183397755743660e-01,-9.157154252195706667e-02,1.314810007576717177e-01,-1.199242461520517306e-01
-3.568664080905546016e-02,-9.903488846607824692e-02,-6.880597528894222270e-02,2.177856435114975953e-01,-8.133008926189624899e-02,-2.555138355041480236e-01,4.310177074688154725e-02,-9.271773033301722311e-02,2.508575474399242153e-02,-3.822465837753101503e-02,-7.976513039474178446e-02,-1.345916401602617607e-01,-2.225799450413981362e-01,4.005678351411619265e-02,1.031258432486665821e-01,1.194654433008044275e-01,2.058011741136174522e-01,-1.333075412088521872e-01,1.255819930576663329e-02,-2.117499318362315360e-03,-1.301064715119736315e-01,1.400145602412007362e-01,2.169735188162180972e-01,-1.863700752770911656e-02,1.695787095377659578e-02,4.320670466765744178e-02,6.980426909712318662e-02,4.221967358558905564e-02,9.459566455065664126e-02,2.538744089666127718e-02,2.526154450936584639e-01,1.814162901414515250e-01,-7.283088321027013368e-02,1.695700549480446129e-01,1.439345785206697370e-01,-2.626261095433349846e-01,-1.232518717010599590e-01,1.496466072574623163e-01,-8.426047172343285874e-02,1.394016812310552578e-01,-2.361021317129733538e-03,8.147213263003479089e-02,-8.009892262069900903e-02,1.283451652739876492e-01,3.883985842028051666e-02,-2.320601321222144908e-01,-1.852705707353714260e-01,-1.556759545801388311e-01,2.624572186156056142e-01,-2.210910895058151582e-01,9.391139434270565078e-02,1.201625220813975631e-01,1.361266125803500537e-01,-1.172197564598169289e-01
-9.168159484990011376e-02,-3.674061021766750201e-02,-1.041623939020478173e-01,3.398645742916981960e-01,-1.136756875619645279e-01,-1.360858130524210952e-01,4.440084380526292118e-02,5.643534662274581754e-02,-5.940381957667244944e-02,1.246411902735418270e-01,1.364025641096541230e-01,-1.198426895664032737e-01,-2.129490721184648938e-01,1.517417779621240692e-01,5.870789936948853094e-02,-4.667347315061360497e-02,1.440590305776765778e-01,-2.042138751479686820e-01,-1.453301343607295570e-01,6.745756907124338120e-02,1.266036355889181286e-01,-1.189485147145083466e-01,1.297845450333521833e-01,-2.644096488363313902e-01,1.626009889711921841e-01,2.911887188847044408e-02,1.471768263626077600e-02,-3.464383960781598076e-02,-1.708142169682647787e-02,1.169995947791518387e-01,9.560905438910152765e-02,9.532882621156611724e-02,1.027096408252852477e-01,-1.314430720057553348e-01,-8.201256065456315192e-02,2.940730743524889723e-01,1.981178897900513422e-02,1.334306364828692117e-02,2.425985672798122161e-01,6.584801349841033768e-02,1.467314723270722945e-02,-4.361532051139115074e-02,9.728702590269552863e-02,8.989079688963393100e-02,-1.458797336138980272e-01,9.322971024311333538e-03,1.778536377256315082e-01,8.478206064802715214e-02,-1.996958221478032092e-01,2.746207127930285763e-01,1.192041712173002171e-01,-1.425221521620937404e-01,1.407722244030292225e-01,-1.145152667675835012e-01
-2.058438497715289472e-01,3.578091888186885755e-02,-8.625993664541289907e-02,1.923549080485554841e-01,-6.165855302401242882e-02,-7.359725174015725735e-02,1.747391135148009369e-03,-1.016110756856819369e-01,8.168041689214725065e-02,1.796254799898733268e-01,-2.617714702470403179e-02,-1.411481165646929770e-01,1.894413865593187196e-01,3.887823566420779697e-02,-1.865639250393124893e-01,4.903277178061270225e-02,1.211888484626892359e-01,3.415897184688947933e-03,-1.190775988534494428e-01,-4.685564883340585102e-02,1.992242728823691855e-01,-1.589430808696800090e-01,-2.132772670680905050e-02,-2.926000555518037255e-02,-1.444381878266994546e-01,3.933888625446847753e-02,5.587443325712430214e-02,1.268911152469534287e-01,1.029129592276955586e-02,-4.868383703424908338e-02,-2.223847496231945442e-01,-2.445530073492974965e-01,-3.194840121031662650e-02,-8.436339172912142581e-02,8.576295496846032818e-02,3.887836541390211065e-01,2.162361364875295122e-01,-9.048845722935217051e-02,-1.933219313055334065e-01,-8.389537819965856014e-02,-5.748771865086599320e-02,4.804606660528877582e-02,-1.014930230789689580e-01,-1.582373172425617924e-01,5.552014113665858924e-02,-1.693280594756533530e-01,-2.359911301455797639e-01,-3.888132053079321887e-02,2.257199328076769651e-01,-1.917675018909188456e-01,4.260665881547652523e-02,1.742531256318184674e-02,1.454178362257081136e-01,-1.118107770753503094e-01
-1.104973220765368136e-01,-8.863889195788879349e-02,-1.963239575607398091e-01,1.093840821103866101e-01,2.397884186370082341e-02,9.933687383757892897e-02,1.059079189719890242e-02,-1.511756572734023474e-01,9.484319236934800335e-02,2.364525606393194646e-01,-1.153582711026306523e-01,-1.057193874327419340e-02,1.204424149419449676e-02,-8.471642653381022958e-02,-1.940508019083584390e-01,1.700189691304174466e-01,2.211703860915395503e-01,2.142847416523789225e-02,-1.637565588014101847e-02,-8.058652415038869421e-02,1.406046133441807289e-02,-7.751895091957961177e-04,1.638597524083235113e-01,1.947757138177525771e-01,-7.926322759560605570e-04,-1.114479482545723509e-02,-1.611378119110326856e-01,-1.109179769057307974e-01,-6.659233273216293852e-03,-1.364778046740503237e-01,-6.467954796218754188e-02,9.268434094438880722e-02,1.470401611373760020e-01,6.396168350768999603e-03,-3.130838446498279692e-01,-2.521310652771330263e-01,6.739685527929341335e-02,-2.453232294768055433e-01,9.719226007244356758e-02,-3.386739918255124437e-02,3.373929321250360713e-01,1.684371696074834016e-02,-4.072097893902761924e-04,-3.556028233548832324e-02,1.527475090653729051e-01,3.102361009631076638e-01,7.941345560392658320e-02,-4.656909865440155005e-02,-3.164838282890451715e-02,6.548530208667837672e-03,7.462654940987453744e-02,1.463499151815118859e-01,1.500634480483832855e-01,-1.091062873831129126e-01
-1.102766375517699599e-01,-7.065948816680728273e-02,-2.067876536733095350e-01,3.619045426282785534e-03,5.930597859419393242e-02,6.091249319857044986e-02,-1.039882379056684958e-01,-1.013446528358782489e-01,-1.402003511105750881e-02,1.538536645524868907e-01,2.446339889984843700e-03,-5.417357696393645256e-02,2.489440975816285262e-01,-8.058875793346124972e-02,-2.412480872464690396e-01,1.720768374915482568e-01,-1.148458484572846966e-01,-1.861022007711512216e-01,-8.765657484661845689e-02,1.954778500661780716e-01,5.947812709144467691e-02,1.628766697495992177e-01,-8.723699205103505050e-02,1.428400181491889520e-01,1.298954627882841772e-01,-2.777160941057558730e-01,3.202101686016280147e-02,-2.045570241842323000e-01,-4.825167154229752231e-02,4.402130280751426206e-02,4.461360000497208156e-02,-3.085486298210407888e-02,5.322577847660329292e-02,-2.899319924092724418e-02,4.548535238774905481e-02,-1.112290524420225246e-01,-2.114932722233561768e-01,8.156891500773395809e-02,-9.890568481146171098e-02,2.072005141758057056e-01,-3.568374329563549496e-01,-8.076646601511959511e-02,-7.285334158203591801e-03,-8.566448754107570951e-02,-1.558327577138081677e-01,-1.943682620933040728e-01,1.419387758447223924e-01,1.523676197737506011e-01,-1.175026686730488018e-01,3.356782082756404328e-02,-4.522999655905839828e-02,1.513513981926307150e-01,1.547090598710624543e-01,-1.064017976908799012e-01
-1.464363437775804133e-01,1.934623533272237378e-02,-1.317343943447741583e-01,1.236550067927284224e-01,3.465455589349773768e-02,-3.920030345767341190e-02,-1.517113707221232344e-01,-1.633842249855947115e-01,-2.582851869209003975e-02,6.672326763638039560e-02,1.038398339703123716e-02,2.783110468892419642e-01,-3.388261473552833802e-02,6.882467316850333049e-03,-3.459201903582276305e-01,3.228151176767742048e-02,-1.997048569213126235e-01,-6.423298585897896373e-02,7.742226046995483169e-02,2.821958615263610998e-02,-1.345416525487139747e-01,-9.163179326525897062e-02,-4.871709369699685904e-02,-1.527586274202822302e-02,-6.434410763396763988e-02,7.529981983555572578e-02,-4.999945828079872118e-02,1.281583761723996129e-01,-1.527324601928827796e-01,-3.929850862255594539e-03,1.008544013561712416e-01,-8.836104931952395991e-02,-1.710343465303425237e-01,-1.489431778372663634e-02,1.059966425613174251e-01,-1.892189432157111162e-02,-2.397685761285782147e-01,1.797034329829687860e-01,7.738936006613578687e-03,-7.796034007327734550e-02,1.293935341022466601e-01,1.092561011967313062e-01,1.483081528753098510e-01,1.278226936442198869e-01,-4.021470165373607075e-02,1.654244138120347651e-01,-1.843725666718801573e-02,-2.129423542730480290e-01,5.901636511278705172e-02,9.639672201057802522e-03,-2.011450330814339160e-01,-4.364003090496603732e-01,1.593546716937429553e-01,-1.036973079986472784e-01
5.287771387555680047e-02,-1.198854716237383738e-01,-1.304210548748274412e-01,2.160283655295478500e-01,1.297742971960555713e-01,1.008855770661883089e-01,-1.143544856408479637e-01,-1.016564021453546240e-01,-4.702665553408598431e-02,2.187810675132891569e-01,1.418949713001006405e-03,1.362352564210327910e-01,-3.420608851482416501e-02,7.730398022159361282e-02,7.606472397916248795e-02,-1.894427926524277495e-01,-3.151158808309615922e-01,2.217819325637406525e-01,-7.077515840236194011e-02,-8.631562667755822427e-02,1.156087871527900802e-02,1.243428934516266626e-01,-1.562890264159142450e-01,-9.993757846038500703e-02,2.373318724162483059e-02,1.305971918798942144e-01,-7.420327069481678917e-02,3.397289200070156140e-02,1.842968598929138613e-01,1.425814952228888211e-01,-1.113823173174346842e-01,2.551531440606266132e-01,-5.865499745542308158e-02,1.591064407856203899e-01,1.105835717111584293e-01,6.460547380887152191e-02,-9.339563467974319744e-02,6.023553796103398028e-02,1.700234003694659490e-01,-1.811383489518136325e-01,4.157982495443850179e-02,1.549640269237425594e-01,9.891908386862348357e-02,-1.084521120449654374e-01,1.996890784800201823e-01,-1.076832064840666514e-01,-5.141940930427740808e-02,2.303455983848720079e-01,2.428168250648252147e-02,1.727568659882636540e-02,1.886479184002292503e-03,2.876121632226623648e-01,1.640002835164207640e-01,-1.009928183064122964e-01
4.194514892962208918e-02,-9.968925079560247982e-02,-4.650466807660701835e-02,1.418212677121830911e-01,1.865627661504522250e-01,4.581201125236395583e-02,2.031381824286504142e-03,-2.389933012437087667e-01,2.428989616894370873e-01,1.528227592577671712e-01,-9.104865417041571596e-02,-5.677844681561132478e-02,-4.673667664901243884e-02,-6.578322594630126030e-02,2.656607109701400460e-01,-1.832731442200502547e-01,-2.275994004079879840e-01,4.450119383886917690e-02,2.242194525628026791e-01,7.932787067664276437e-02,-1.013893712085643661e-01,-9.698046621197253803e-02,-1.153825534316867268e-01,-9.823986756897213138e-03,7.412585113111135049e-02,-1.263568284381859086e-01,2.097470971423288644e-01,6.659812368679315919e-02,2.530908245909939125e-01,2.890960939462801360e-02,-5.616461981777205043e-02,5.711554373522952088e-02,-9.059807253899013202e-02,-1.347437072269661584e-01,-1.243623871601782505e-01,-8.736032738280812004e-02,2.823618298680161676e-01,-9.744988857694625306e-02,-1.632069037823785373e-01,1.082054433841892760e-01,-1.253967248796961087e-01,-1.344056653645418486e-01,-1.434711240004090949e-01,1.269854424002083981e-01,-1.544702566759862672e-01,1.043941989942139548e-01,5.681909271242358006e-02,-2.143905122706466493e-01,-2.593548355500316718e-02,1.847200980308478374e-02,2.961582821932139814e-02,-1.443692382922494855e-01,1.686458953390961302e-01,-9.828832861417563516e-02
-3.703555196710747732e-01,2.018244452223766083e-01,5.938201949503777582e-02,-2.462718259181252700e-01,3.885050713145729029e-01,-5.496760035302732800e-02,-1.405758784758013580e-01,-1.818040285943029466e-01,-1.416861185260671618e-01,8.790155675685372427e-02,1.482790009414201304e-01,1.880764997498461308e-02,9.105500570453849141e-02,-1.655578004882478083e-01,3.068088443837643231e-01,-1.665072881674176664e-01,1.830866310624425231e-01,1.248477599314915115e-01,1.059172700998487204e-01,-1.056667242795214512e-01,3.359247866504444513e-02,3.320855553486543044e-02,2.845863415840736987e-01,5.885015397926391528e-02,8.243988794952143706e-02,-1.940277432703247274e-04,-4.902623170687071819e-02,-1.573102136089011768e-02,-1.919812588909171173e-04,-7.887215457198946955e-02,1.764963764638169674e-01,-8.636715517949350440e-02,3.803258614849037295e-02,-1.174361336335901923e-01,-2.906285983506751505e-02,6.104993345884456718e-02,-5.602292262288172987e-03,1.514105829869162312e-01,1.860533064792045319e-02,-1.475396429714966907e-02,-3.714655646477776213e-02,9.107919881027609632e-02,1.704037134018795974e-01,-4.943717802797338579e-02,3.721848789080963588e-02,-7.066737474624334991e-02,1.336521775659119636e-02,6.222414597235804978e-02,4.617220932938131267e-02,2.413966691013710864e-02,4.408150676858748479e-02,-3.160410830365181084e-02,1.732915071617763814e-01,-9.558383892194290132e-02
1.019963995956043867e-01,-1.625072299218252581e-01,-1.557050086508366127e-01,-1.918992944216643404e-01,4.661023456951068344e-01,2.372116886251634804e-01,3.621678839157389113e-02,3.149890985291860929e-02,-3.319851991910595379e-02,-9.657389350497562475e-02,1.246727122290278433e-01,3.093176056633986301e-02,-1.227697861346672553e-01,-1.381582462045438942e-01,-1.319052221543841504e-02,1.444438229717534550e-01,9.959733257718313137e-02,-1.650528389228576864e-01,-8.593652461778965301e-02,2.815287046690260683e-02,-9.374153683797283032e-02,-2.638851768609092319e-01,-6.181476413018745231e-02,-1.122236561228786567e-01,-6.344655672375969224e-02,1.597716866297331784e-01,9.976196990791263985e-02,-2.955473169721202498e-02,-1.158286765214914388e-01,7.343993096861703429e-02,6.779224569683034440e-02,9.527509773861762843e-02,1.234174289334132590e-01,6.470283078584461445e-02,2.709023271918736819e-01,1.569155011306115899e-01,-8.026722761534037243e-02,-2.345379367053259945e-01,-6.075771127773669372e-02,3.023020121626448023e-02,1.369703548798794635e-01,-2.013898378777932430e-01,-1.361418215744742144e-01,1.174832967843420783e-01,1.963415470898836890e-02,-4.061280216935703874e-02,-9.823299642243733809e-02,2.188043333050022216e-02,-5.438142282507049674e-02,-7.413888258487218164e-02,-1.608833702266557674e-04,5.438736387904035546e-02,1.779371189844534129e-01,-9.287934922970784990e-02
1.404045054215669885e-01,-5.199958579967135092e-02,4.721418923082206821e-03,-1.079371955711542208e-01,2.558181675158532897e-01,-1.166182205422637980e-01,7.010169285916422605e-03,-3.033090588592987635e-02,9.859342285761170388e-02,-2.189194243228591574e-01,-2.082527088303779556e-02,-2.281556016776936299e-02,-3.617350802572878027e-02,3.037455737317808491e-01,-9.105502109069281425e-02,1.475955264888388074e-01,-1.562361402630628726e-01,-1.505088182378405415e-01,8.873301120457686986e-02,2.240343753443472044e-02,-2.435643252420420860e-03,8.676016962328435278e-02,2.668952613441076260e-01,-5.076059041277300454e-02,-1.339476281961377302e-01,2.114980406849746933e-02,-1.844358830097377611e-01,1.608536915141537127e-01,2.501419507121576020e-03,6.591638269796684657e-02,-2.646529566648188614e-01,-4.111232878076781505e-02,4.666168299659003392e-03,-2.257964741223337790e-01,-4.782633562915150627e-02,-1.043780086633385729e-01,1.907411956905215589e-01,2.025464853099260554e-01,2.899833925684752178e-01,1.283240516041657675e-01,3.201969788285792540e-02,-1.192679237072067355e-01,-1.317053115959952551e-02,-2.731853379384618918e-01,5.027735863167802355e-02,-1.393165065628050037e-01,2.068297656414588154e-02,-4.993379284317123884e-02,-9.459864173150335509e-02,-8.236526878412130104e-02,-7.179157584834762462e-02,3.217020988336793605e-03,1.825827308071310273e-01,-9.017485953747318705e-02
9.918720298601857444e-02,-1.364514443804710694e-02,3.389719783301337053e-02,-5.741076914179214785e-02,1.877203344206301305e-01,-1.145727017617071269e-01,8.634983132919506199e-02,-3.006203732254532357e-02,2.175287260133001443e-01,-1.828489431988117864e-01,3.423406618167738197e-02,-1.037821299171781675e-01,6.539348829508326300e-02,2.204019653659320122e-01,-1.585066145504636023e-02,2.421164230159067107e-02,-1.851757469285253421e-01,9.359222521564437847e-03,-1.739106332643056696e-01,-5.904549083406190196e-02,-3.229534050700346576e-02,1.729719593167045877e-01,7.184219634248710518e-02,-1.669383849284182542e-01,4.949152924697559908e-02,2.460190508463102818e-02,2.923054566416542072e-02,-1.784079647564740245e-01,-1.082696479937926004e-01,-8.871099740868197692e-02,-1.107243127541563538e-01,-2.399709529936939478e-01,4.829560197543775885e-02,2.265151459071866047e-01,-2.557896108702516491e-01,1.292610024653426670e-01,-8.217111972915923379e-02,3.709032180223824360e-02,-2.486035715989471651e-01,-1.086327506839765700e-01,1.490675553361246047e-02,1.488950601963450748e-01,1.445081372161947098e-01,3.772030093952332686e-01,-2.310752624235454245e-02,9.858840411248039060e-02,1.773624168894802067e-01,3.166738810219296707e-02,1.118326199799766774e-01,-3.933577814244982457e-02,1.416985547722486305e-01,9.161899948925003589e-02,1.872283426298098075e-01,-8.747036984523948178e-02
3.500768687279161295e-02,1.753234349791767815e-02,-2.735417912359989004e-02,-1.443617321227170375e-02,6.583048582339383337e-02,-7.642208038602080200e-02,2.072702170167558811e-01,1.472231040184459328e-01,1.890257493989195015e-01,-2.383933558163160715e-01,-1.106274726999372099e-01,-2.853573596672169879e-02,9.334281288633987372e-02,-2.029942678472567985e-01,-8.551830785112547739e-02,2.758220067001694240e-02,9.023491089737767368e-02,4.649252323064902853e-02,-4.067999235425102250e-02,4.178051511291620834e-02,-2.091190890483471745e-02,-1.722182084060393803e-01,7.579807046733211262e-02,-2.047584802705866847e-01,1.713175079049202021e-01,-3.866093711381898834e-01,2.241594983192078949e-01,1.683018629396859991e-02,-3.889632656963647184e-02,7.054620571277371577e-02,1.118158968163875389e-01,1.602969907131583938e-01,-2.563864066872889036e-01,7.398374102569556243e-02,8.903577509362590710e-04,1.200870424104278321e-02,3.581469110604239975e-02,1.276269728578276023e-02,4.839554038353827137e-02,-1.556118425994661714e-01,-6.568719823082007359e-02,2.686311629974923454e-01,6.173245546301188436e-02,-3.002169393979636780e-01,1.975281024205205738e-01,1.684630165757676767e-01,-2.605578687919254954e-02,5.242022430348261541e-02,-5.533141286409146847e-02,3.205076628018712487e-02,-9.389415752868934817e-02,-2.844705229033231766e-02,1.918739544524896423e-01,-8.476588015300577650e-02
-1.601301751149897257e-01,1.807558309093314497e-01,-5.909326678481973544e-02,7.315445178628893208e-02,1.255689536979638921e-01,-8.665180714562513431e-02,1.101416768569738053e-01,2.757475668563907911e-01,6.478028418966115531e-02,-7.396970526317815653e-02,1.195345076734547762e-01,-1.718787782589386443e-02,7.995656737747000586e-02,9.024920799943138283e-02,-1.521872426835795822e-01,-1.146582602724831590e-01,1.974675071596612153e-01,3.907948707539680711e-01,-1.005837111950027563e-01,-8.098975445195562284e-02,-1.434047860222148474e-01,1.394392020273784172e-01,-1.731154847948330744e-01,6.313363126220376820e-02,-2.601906035571662223e-01,4.035242667573233494e-02,-1.018914567630466866e-01,-1.187157065576174980e-01,1.098986208672537157e-01,1.444652686001040576e-01,-1.577122476509686816e-02,7.200803541904118865e-02,-1.109645929330193709e-01,1.440205139425334846e-01,-6.816133720081951619e-02,-3.955820418537786543e-02,9.844432968134000234e-03,-3.241132152317835469e-02,2.014015951197086277e-02,2.735170237323882869e-01,-7.026776395458914082e-03,-3.121150348441476333e-02,-5.300908907542831172e-02,2.718549678641432946e-02,-2.299799188039426678e-01,-1.722689897774326573e-02,-1.948692120112139603e-01,-8.887134150970686652e-02,-2.481390557481621129e-01,5.667713640349651694e-02,8.365331774048169466e-03,-7.602287845264259214e-02,1.965195662751642036e-01,-8.206139046076857402e-02
-5.254756657362070343e-03,7.496647493228743298e-02,-6.184774764177120715e-02,1.645549371781897807e-01,4.387101669037236917e-02,6.938078653185572597e-02,9.974466249956065456e-02,3.220167124391796198e-01,-3.167360442545539417e-02,-1.058161025670552868e-01,1.414249521105023430e-02,2.312892120890623071e-01,2.070255230838138893e-02,-1.155983944267212765e-01,1.782536690102144994e-01,-8.451793307569237246e-02,-8.419510190810179651e-02,-1.663732696280499981e-02,-2.652564062684930613e-01,1.464228994733955957e-01,8.587104012510224371e-02,-3.637364326220222238e-02,-1.504627485074312987e-01,1.336019765601377529e-01,-1.746961193648566800e-03,-1.348146505337406154e-01,-7.722186629879498887e-02,1.789436448129545498e-01,-3.833803839842608169e-02,-2.475036349131375657e-01,4.193202155552665927e-02,-1.349445674177447985e-01,-1.036028874297414970e-01,-1.459287667247487208e-01,-7.119128024986377812e-02,-1.072696424524852976e-01,-1.466774414385778845e-02,-3.424849044601861736e-02,1.554137968939852954e-01,1.774421067764207771e-01,1.710784634862327069e-01,-6.273588051370639074e-02,-9.394604734942162139e-02,6.671303591409409595e-02,3.867672166817621299e-02,-1.440896017368276105e-01,1.814708266693566552e-01,7.272820653739293928e-02,4.182690282432303674e-01,3.998570933737271432e-02,5.896509984632212348e-02,5.337772266845889312e-03,2.011651780978450654e-01,-7.935690076853622876e-02
-3.451530952272406638e-02,1.061036687274885121e-01,-6.156568617284104150e-02,1.540046405701208931e-01,-6.709533397609966643e-02,7.487807508514814081e-02,-5.781970478390047186e-02,1.908051484787580410e-01,2.180339699684093469e-01,-1.038287651691028046e-01,9.313631182674794728e-02,1.481419546571638435e-01,-1.819861741796405530e-01,6.765240771123579022e-02,1.850514568686064676e-01,1.137325378042948476e-01,8.797617138319380192e-02,-8.813981745303960114e-02,1.385126874102313443e-01,2.259236454987483822e-01,1.137776462778161968e-01,-5.310334021579166293e-03,4.380053712488599094e-02,1.958178230159572930e-01,-9.027384031754465132e-02,-2.355335500206877722e-02,-1.024912154954930044e-01,-8.995024446143742511e-03,1.839870323627238735e-01,-9.528637860165281581e-02,7.549574902288777416e-03,-1.878302713803492729e-01,1.176597835630487365e-01,-1.324756371781469003e-02,1.028688609457621694e-01,-1.131455501750562309e-01,-2.624572432197502803e-02,-2.083882333195507391e-02,-3.546173249258136040e-02,-4.736626618020579049e-01,-2.051749232934360345e-01,-4.117776085435252004e-02,9.186177704089699969e-02,1.059541364018506820e-01,-5.177994530761994424e-02,7.038630317354006849e-02,-2.088333324370832411e-01,1.159003525425140596e-01,-2.091928782003674436e-01,-3.912835362799328004e-02,-1.038259625796539576e-01,6.312108800818835852e-02,2.058107899205215141e-01,-7.665241107630084427e-02
1.103799466367463983e-01,2.994314525118983022e-02,-4.433183830540661508e-02,-4.722046282258120925e-02,-1.065639334725499848e-01,1.316297668440153945e-01,-3.987842693529914523e-02,2.789053192209430820e-01,1.320582695015876107e-01,8.690275499680301385e-02,-8.655538753864562562e-02,2.678305302349976227e-02,1.703036550677913818e-01,-8.951892466634767120e-02,4.091681957607305742e-02,-5.086311846916815455e-02,5.135966930800985736e-02,-8.568849615936148523e-02,2.543946364913601821e-01,4.307872577338983655e-02,2.341886860232733070e-01,2.835751520528417835e-01,-2.032171505481615917e-02,-9.141231484900415316e-02,-7.613749377946975316e-03,1.187062185827379712e-01,-6.043548913329977595e-02,1.003041602590479947e-01,-4.481269672514188313e-02,-7.321594055722696615e-02,5.138637173177927620e-02,2.516681557586064599e-01,2.904385774733933001e-01,2.681606115345602434e-02,8.326674102212601458e-02,1.524674874139074487e-01,6.658753101371851779e-02,2.138502168776228451e-01,-3.194779966602435683e-01,1.133502190474915405e-01,1.947685233463622434e-01,1.420109201415258038e-01,-6.378954302148295841e-02,-3.652360242348490216e-02,1.075319489869900752e-01,-4.905903559329771041e-02,1.431457159331606943e-01,-1.465963333998833718e-01,-9.381387195833411352e-02,3.727199055290545543e-02,-7.986030863331938789e-02,-1.071527996243952924e-01,2.104564017432020429e-01,-7.394792138406795778e-02
-7.101348526324635646e-02,2.288124402865443219e-01,2.870438805872150764e-02,-9.225618740761530601e-02,-1.631651671773722834e-01,1.070701237203275195e-02,-1.043086813546837688e-01,1.194225233789304175e-01,4.567158958740564351e-02,-1.157728448892304460e-02,4.999312165376781913e-02,2.155961911628454797e-01,-1.100041652633511891e-01,2.583105821547852093e-02,-3.592882975810473417e-02,-6.249270319217627850e-02,-3.157723086093668086e-02,-1.058768090929339684e-01,1.246749187063734277e-01,-6.502127465934852413e-02,-7.483508230667752781e-02,1.118283115701043662e-01,5.637007869485465700e-02,1.382155528750156070e-01,3.809499936334140302e-01,2.372901544205713031e-01,2.916965378052238655e-01,4.758505839987035163e-02,-2.718861967579000449e-01,1.689367496281388437e-01,-2.704587820143184440e-01,7.659624366085100722e-02,-2.387331073344077861e-02,7.931693745782753338e-03,-1.421863102313627447e-01,3.374654001081354993e-02,-1.048315722820438028e-01,-1.613800516761094983e-01,4.748187555527477732e-02,8.585070704454500490e-02,-1.605523237338504772e-01,-1.153724529897257878e-01,-3.870324206537605755e-02,-9.989389017537571303e-02,2.454087770318488446e-02,8.982275888812887854e-02,-1.883506287638665455e-01,-7.677880577720405664e-02,1.211664385633134944e-01,2.344338242423532614e-02,1.491196436229998978e-01,9.550428539224398161e-02,2.151020135658777144e-01,-7.124343169183279534e-02
1.933539179721394663e-01,9.733825309075670729e-02,-2.199709555438788405e-02,-6.980742734280434916e-03,-1.497213132496571231e-01,8.114139709521761903e-03,-1.152255350911915166e-01,5.124060443939961601e-02,-5.217552175559016236e-02,-1.558069866376672044e-03,4.727426647435124807e-02,8.407024399024716488e-02,4.122847210690923359e-02,-1.213233189046194864e-02,-9.110765223887141995e-02,5.993999491113516896e-03,1.220884644347299819e-01,-9.934644472160727990e-02,2.917821133698644265e-01,-3.792606376595982209e-01,-1.978292984533162879e-01,-1.950329066260671207e-01,-6.498842943944864448e-02,2.633186840968070735e-02,-6.446997330018490457e-02,-1.214715033007110478e-01,-7.517665132217818402e-02,-2.540772255406614222e-01,1.500159073186387304e-01,1.254149430215229788e-01,5.228501072677628481e-02,-9.859991860507183459e-02,8.587613546730353542e-02,1.806233973472408938e-01,1.235740474817927509e-01,7.028275166553053788e-02,1.985255837477967467e-01,2.403775837195714846e-02,1.688681682869152823e-01,-6.246017568807300108e-02,-7.196441009890104656e-02,-2.394912802145577821e-02,4.106366225064463082e-02,-2.702491382550153975e-02,-1.515888480173137598e-01,-5.957349904648984867e-02,3.304138547367678758e-01,-1.923801280118385415e-02,2.780245029776581833e-01,-3.092300040591408616e-02,-1.025783524791659684e-02,6.349917038363828148e-02,2.197476253885557174e-01,-6.853894199959920108e-02
1.638945458890763707e-01,1.355010038818979246e-01,1.158161869452468407e-01,-1.428170454819912560e-01,-1.448968630572396166e-01,-1.079493820939190184e-02,-2.347295005710800173e-02,4.734748021817859059e-02,-4.896045023300362592e-02,1.537458129975080301e-01,-1.425853425220675319e-01,-1.511013496247192722e-01,1.467899447200176621e-01,6.174914856466717089e-02,1.761742652304860643e-02,1.879692182244706647e-02,-2.691119888834211937e-01,-1.105281178853747132e-01,-7.268244416180344447e-02,-1.093387169587448499e-01,-7.342442510288556268e-02,-1.140920239773967199e-01,1.395428784647823328e-01,-3.004271499416613297e-02,1.132425492209356982e-01,9.857140804632014142e-03,-3.162670554686086710e-01,1.046926416310919455e-01,1.728109377730766838e-01,9.342344344985873891e-03,2.308719849295248483e-01,-1.277333800750796444e-01,-3.451295239408068080e-03,2.745981704037107896e-02,1.080100976972435123e-01,-7.032912715816438953e-02,-4.775737080137672230e-02,-3.120256932794829852e-01,-4.129806427080476988e-02,1.932238762501668206e-01,-4.246821266694530972e-02,7.771471066370604086e-02,-1.636530454070072443e-02,4.196909192813890604e-02,1.427786880568107653e-01,5.236320862379959667e-02,-2.457916885799504292e-01,1.948346148515434917e-01,-1.150420692007671081e-01,3.356840077603778089e-02,1.798906727073061040e-01,-2.072052422908856606e-01,2.243932372112331652e-01,-6.583445230736199860e-02
-2.245149085835817723e-02,2.146631281801130997e-01,1.184642456092632190e-01,-6.164718250592964022e-02,-1.891517876999272707e-01,5.928384040830767671e-02,1.509428785280124419e-01,-6.558245828861627991e-02,-4.732197784063003204e-02,6.231474461782510882e-02,-1.303932770901698457e-01,-1.894383522291540334e-01,-8.937355341199426650e-02,-1.742974964363959434e-01,-9.852548667887095490e-02,6.222007695371496033e-02,-5.801226195433036026e-02,1.392514849919641862e-01,-1.921146257178360517e-01,-1.639190560228639404e-01,-1.687695095661873312e-01,1.043780792974835503e-01,-5.167943204890754899e-02,-1.197012145231264868e-01,1.165228110362769437e-01,8.174959030280190553e-02,2.682369979041810196e-02,5.563625671117691102e-02,2.857851133525095289e-03,-5.222763093027499304e-02,1.119574532397933919e-01,3.097455143564271235e-02,-9.385760445066415603e-02,-2.489523212218043013e-01,-6.233660232150835950e-02,4.419076199402683681e-03,-1.398644213394767931e-02,1.246114533672831454e-01,-4.676620546292763192e-02,-2.843031791071018444e-01,1.123312347107163212e-01,-4.076231324633528552e-01,-7.663826188682009571e-03,8.552139619034994367e-02,1.252414995920919476e-02,-1.771387065133948613e-01,1.247241031950874490e-01,-2.587479555484482538e-02,-1.623078659792987766e-01,-1.437198760197677672e-01,-2.112516905234001763e-01,1.085647235293636381e-01,2.290388490339151650e-01,-6.312996261513027785e-02
3.019779997190981669e-01,6.225608243288458660e-02,7.509510268359166629e-02,-5.076933256866817540e-02,-4.127465014852820663e-02,2.265929702850073280e-01,9.539907582909057382e-02,-2.713059090485186453e-01,-2.766027567196539527e-01,-3.473914889055583315e-03,2.521474609842736664e-02,-1.727580982282381494e-01,-7.664997013099512924e-02,1.005203307420351327e-02,-4.029238436670552759e-02,6.801990863126189391e-02,2.844216771134169264e-01,2.356718877140641377e-01,5.588068724693379119e-02,3.696990181473510106e-01,1.804530848717413594e-01,-2.559161581671206068e-02,-2.281099127886493383e-01,-9.278258891656376850e-02,9.874543670522051286e-02,1.325389227619352683e-01,-1.203336700839141050e-02,5.197420052256663398e-02,-2.446479407833200212e-02,8.071519214875912118e-02,-7.404199116716740636e-02,-1.617862733653629703e-01,3.578348479074487665e-02,7.521433034966838738e-02,-7.740198943796823550e-02,-1.456104161131751840e-01,1.380809302190280294e-02,8.458546083577615782e-02,1.220962275066370256e-01,6.754883093040298103e-02,-1.209505657956979341e-01,1.493819787640912888e-01,1.061333554593455603e-01,1.184929125044683305e-02,3.617583880627368853e-02,1.794949752889840253e-02,-1.111347189239789666e-02,-6.001940560263790969e-02,8.726440714767105811e-02,-3.450884306339937341e-02,3.019229739635924045e-02,-1.011971529329076108e-01,2.336844608565908088e-01,-6.042547292289458805e-02
1.910740204636080519e-01,1.877229136820041944e-01,2.038787944914399741e-01,-5.267703957656744845e-02,-1.339858663637160108e-01,-9.984116393794964517e-02,-6.911978694008419355e-02,-2.835323547837478309e-01,-1.265180866262467785e-01,-6.998443295556309486e-03,1.120406923482557965e-01,7.093092329561324905e-03,-1.245497190170051643e-01,7.306837172218541565e-02,8.165255289342863987e-02,-4.110454627349602319e-02,-1.116597198822559533e-01,-7.679814999603414016e-02,-1.543413832438646494e-01,-1.219484454231157568e-02,1.467254348620744553e-01,-7.843923931778282177e-02,4.848257944530941915e-02,1.962554719583167739e-01,-4.199610385659360290e-01,-1.759313367881254753e-01,2.118773123863540997e-01,-1.458616065386551808e-01,-1.095635275248763169e-01,-1.850408902992894122e-01,-3.178432553648694731e-02,2.484216772752354252e-01,-3.536117898929102416e-02,-5.511515161115543987e-02,5.906483109202762677e-02,6.194417033266554767e-02,-1.004810006180259924e-01,2.774880940886566630e-02,-8.036980251301682754e-02,3.039302614805376723e-02,1.204850154490385433e-01,1.079560836520787048e-01,-1.464477436810874278e-01,-8.521055915492362076e-02,-1.139081375269282714e-01,1.196393804436931829e-01,-4.863941377548553630e-02,6.259048393159188928e-03,-6.153534125738540500e-02,1.385622053305059498e-01,8.144137609872748734e-03,1.003634903195197714e-01,2.383300726792705881e-01,-5.772098323066127828e-02
