1.284655590397958957e-01,3.132303737995241755e-01,2.340532668916459613e-01,-2.020424665858280566e-01,2.732266600918734634e-01,-4.377512631565163431e-02,-2.051303754185795358e-01,5.004355808959148194e-02,6.435985114528244497e-03,6.791586954982856139e-02,4.109141653424798479e-02,1.431646797713599997e-02,1.477143023273504163e-01,-6.281121870423826518e-03,-5.131467557251346845e-01,4.345710415919554204e-02,-1.879065451857071800e-01,-6.344684934447784863e-02,-1.370951609133655713e-01,6.333948866082052265e-02,-4.955246312848721885e-02,-3.906734470142035620e-02,-2.217007310729924088e-02,2.755138953789790929e-02,-1.116944332913440557e-01,-1.532809877598638737e-01,1.094928264855410255e-01,-8.507183421696920544e-02,1.071170266421060391e-01,-1.329251123776986968e-02,-7.893560818496406228e-02,2.558672434248392413e-01,-1.066054458830305827e-02,-1.220404881345297232e-01,7.001793823116247983e-02,8.983215449775813766e-02,1.752054980825527852e-02,-6.354782973022683377e-05,7.801753095794319859e-02,1.420548608880748964e-01,1.553419777895751266e-02,-1.455274987140131246e-02,-1.296928180874366322e-02,-8.970873354148836687e-02,4.618654935475298429e-02,-2.097790013144533450e-02,-5.370773105847904960e-02,4.126339742390149924e-03,-1.197990666908291812e-01,4.468580436461635358e-02,-1.019203355830140129e-01,4.009687647301928698e-02,-1.201702688237466649e-01,2.390109102807076724e-01
-1.415390863980852364e-02,1.691917404600653541e-01,2.773721037214681440e-01,-3.049437061497881421e-02,3.235946562572740159e-01,-1.980249623544796944e-01,-1.454014801432788884e-01,-1.694695913743630294e-02,8.968983835328148135e-02,2.579232901670781147e-02,-5.979493319333265000e-02,-1.717129772300357571e-01,1.054708236002911415e-01,-4.914826499520674741e-02,1.369552424160946635e-01,1.555206723192919249e-01,9.261223637612428505e-02,-7.232768922574220327e-02,5.348871652375784130e-02,-1.138891553993633260e-01,2.402383219366194533e-01,5.026438061546114472e-02,1.191300564668113654e-01,-1.365056717613519488e-01,1.546754793802770089e-01,2.341146761388078479e-01,-3.705655830469491152e-02,-8.498493676889033732e-02,2.200726527763597479e-02,9.293797243537106623e-02,1.233652271744657553e-01,-2.087183498152654360e-01,4.784080583007922771e-02,-1.284861945533397574e-02,-2.371252705542692407e-01,3.751391383338589791e-02,-3.700196536372508949e-02,5.674041296036002463e-02,-9.042230908377286644e-03,-3.095515213304572688e-01,1.643634488967496768e-02,-9.513910249547845310e-02,-1.372482395947400846e-01,1.425400771469341465e-01,-5.929796533256866814e-02,3.122592436402515242e-02,4.642869750085807691e-03,-1.304940373230798478e-01,1.418525253295294941e-01,-1.448975008294751780e-02,1.709046647787977602e-01,-5.939851280006216289e-02,-1.207590511829099572e-01,2.302949433892348130e-01
-6.459618248201827451e-02,1.677616526339256176e-01,2.252493994007244149e-01,1.019171956783037486e-01,4.572055094040892997e-02,2.303104920925113860e-02,-2.036756766862662243e-02,-1.614158119527731028e-02,1.153420796743920701e-01,-2.100809890298174776e-02,-2.233564575504053684e-01,3.938148252987948017e-01,-1.646249111309797952e-01,-1.593379886203126761e-01,8.560811831802381949e-03,-6.795434172748580914e-02,1.135448407466906201e-01,-4.593840322974121482e-03,2.298610807696831737e-01,-1.394739584216532491e-02,1.150915086015646266e-01,2.265102252281421535e-01,-1.388702025244721583e-01,7.319500129658666754e-02,1.774299414193082070e-01,3.587213044365487186e-02,-1.993495554777267864e-01,2.742244344812430068e-01,-6.396522190824956156e-02,-9.838777146193060374e-02,3.916031408834081545e-02,7.940744700077874418e-02,-1.605104438078061024e-01,6.163701511551136075e-02,1.910564952751888368e-01,-1.052763479945116182e-01,-8.078514743839407264e-02,-6.202190203427444121e-02,-2.592534111617629256e-01,1.718102284976046612e-01,1.731559901812191812e-02,8.022188814535974322e-02,8.273201447461187019e-02,3.786876432664942199e-02,1.065233077116378192e-02,1.269372325965809761e-02,-2.622912188676035025e-02,5.039219860533837581e-02,9.109824266927020464e-02,-8.436019595558738593e-02,-1.429456382181269192e-01,2.270496172722061799e-03,-1.213478335420727500e-01,2.215789764977619536e-01
-1.116504807710588937e-01,1.450033219565285969e-01,2.451134172872987127e-01,1.019307688841645521e-01,3.887760462273587292e-02,1.746451016817797755e-02,2.374375092267520457e-02,1.571579558463416515e-02,-5.001979503244207564e-02,1.520886820038215848e-01,-6.535879439871404573e-02,6.795873337758227828e-02,-6.390492312155435228e-02,1.359264993401226584e-01,2.787291156055881625e-01,-9.574828485002649658e-02,3.659263155957717673e-02,-3.572913735205020258e-02,8.978025810177342469e-02,9.961591253264534540e-02,-3.024571207297800379e-01,-2.539076044262326137e-01,1.091556091356460922e-01,-2.645851600523516090e-01,-1.485132366018165617e-01,-8.526223820703988932e-02,-5.020290459920732223e-02,-1.681654578527923272e-02,-4.211246867918357756e-02,-3.609401350770856387e-02,7.448314153925995884e-02,-2.702236337386397236e-01,9.868185138408666623e-02,6.335532791702552791e-02,-3.063813613291757609e-02,-1.528690298110991774e-01,8.687139163615537063e-02,1.340884431132654542e-01,1.739911943348300960e-01,2.050272641704639076e-01,1.223379523152074294e-01,1.171665687976924421e-02,9.149912184775289836e-02,-1.797725374100324069e-01,7.128972752892343001e-03,-6.158100545115716834e-02,1.438927748788009220e-01,2.009213418360582259e-01,-1.969145814555993412e-01,1.229641917776456705e-01,4.159390693063957228e-02,6.615101999350030126e-02,-1.219366159012340439e-01,2.128630096062893995e-01
-1.499092528538488456e-01,1.761487162931194284e-01,1.894804378618766827e-01,9.119696423836366750e-02,-2.864931518171724978e-01,2.052497548603740285e-01,1.482952229788287724e-01,-2.896804014936040644e-02,-1.401319394138988983e-01,-9.977897807538961550e-02,-1.896750265506672029e-01,6.315845839482817081e-03,1.040396458230511134e-01,-7.204029730576958987e-03,4.747667897364436090e-02,-1.062428020647850635e-01,-7.408832203391944871e-02,8.338952014223180442e-02,2.322890428478468008e-02,-1.200954611226152102e-01,-1.329814454787051348e-01,-5.992781575520035597e-02,-5.124516083931902194e-02,2.102757393223801119e-01,1.891134976864209880e-02,-1.348115719170501492e-01,-5.576857143116045051e-02,-7.213915844454217574e-02,-1.519285560396488599e-01,2.746382541909691000e-01,-1.705448925482598299e-01,2.203149752590787269e-01,1.246519163296236493e-01,2.258629777706537556e-01,-1.245269750205037079e-01,1.194462648593227067e-01,-1.856333840394062268e-02,-1.672354796968049950e-01,2.112051390873717627e-01,-2.389313784780708605e-01,-1.166522543613679325e-01,-4.169586009894304252e-02,-9.786909265894311663e-03,3.209869452379614935e-02,-1.369289411783348176e-01,-4.826579731968654030e-02,-1.016655121346639878e-01,-1.144349164959241882e-01,1.100362772813779921e-01,9.202347148485635897e-02,2.995819510473695518e-02,2.847827365312980905e-02,-1.225253982603964342e-01,2.041470427148147915e-01
-1.603691800154937175e-01,1.495496014697183240e-01,5.217518951549102862e-02,7.266075009657370354e-02,-7.397717616097958249e-02,9.303421840116021801e-02,6.216175175922466350e-02,8.428957357900142278e-02,-1.447940971803594323e-01,-6.079945683463423844e-02,6.127083484653688544e-02,-1.394924014879037610e-01,2.541793322478719946e-02,1.864542836418531802e-01,1.196005004374435243e-01,-3.783242034404674103e-02,1.302369538012992656e-01,1.851830340134092978e-01,-2.483378268084404927e-01,9.683643711298688117e-02,-1.677743005936679077e-01,1.002658680471082697e-01,1.213082635496755685e-01,-1.281456969271154572e-02,-4.829816489527572615e-02,4.859463896459804283e-02,1.345160813097966979e-01,-4.325926475897376444e-02,9.374022872539099216e-02,-5.723694946173433530e-03,-2.578719969428124315e-01,-7.314623243977853850e-02,-3.018430027458187531e-02,-3.023069000021967878e-01,2.622337603683698726e-01,-3.936798966041930165e-02,4.806000064023564083e-02,-1.699864236074645832e-02,-3.064591582077861309e-01,-4.492347278198353944e-02,-1.879201669448215817e-01,9.962443492954982036e-03,-9.581094862116540378e-02,1.226098386509132387e-01,1.264625168734491989e-01,1.202504830570733929e-01,-1.010082587881404488e-02,9.242380665567076492e-02,6.405949522048851041e-02,-2.899071900087573650e-01,7.454520106968129389e-02,-1.781714616747632485e-01,-1.231141806195578392e-01,1.954310758233430423e-01
3.238779778146222421e-02,1.879011852142624950e-01,-5.371261466445829968e-02,3.313765788178552746e-02,-1.694392342217382330e-01,4.988949600763887410e-02,-6.317735620767902897e-03,4.658153625526337271e-03,-1.876173249252484909e-01,-1.415823463510038904e-01,1.049136366923848346e-01,-1.093331128055609197e-01,-9.052800817689594937e-02,1.861616595557102627e-01,1.030375291327384341e-01,1.283011788421979660e-01,-1.152531675608271799e-01,2.543747634957552739e-01,-1.508005361959375012e-01,-7.238407568978702522e-02,3.023902315375401884e-01,-4.731847622458727060e-02,-8.713983204073472155e-02,2.734639609779546121e-01,2.835026313374420029e-02,6.906105548501785540e-02,-1.520198513395629343e-03,-1.118739762491403472e-01,1.127709806173289586e-01,-2.123098293354198918e-01,1.876647489454589257e-01,-1.093009688282076675e-01,-2.650439745335804176e-01,5.758474101547447072e-02,-9.177636455279568339e-02,9.135090976209478408e-02,4.891062369785656797e-03,5.605552398885454285e-02,-5.604415852106929552e-02,8.068926770214743249e-02,1.164225553813067054e-01,2.971317174652316484e-01,8.108288470484953381e-02,-3.234431908194772970e-02,1.048587523803512359e-04,2.316986623776506188e-02,1.385424763686323169e-01,-8.911100729448455382e-02,-1.222591643506642789e-01,2.319784563954539192e-01,-1.727076416337839510e-02,1.236613347923003203e-01,-1.237029629787207013e-01,1.867151089318662971e-01
-1.445541694012466294e-01,6.088591984849997529e-02,-1.181126484277102845e-01,1.055536400389592150e-01,-9.645032200378958476e-02,-9.716472263194049497e-02,-4.410338643001717059e-04,1.071189990291552679e-01,-4.173621159190424312e-02,-2.193097549198010643e-01,1.982471392867923843e-01,-2.185847340353051504e-01,-1.578203621184206540e-01,-1.632229576829610784e-01,-3.508221823052280058e-02,1.352241417216556163e-01,2.690820586776493384e-01,-9.822731830677378095e-02,-9.328908879292369116e-02,-5.608976685281626129e-02,-2.444800586511612639e-02,9.139494588560785615e-02,3.130213435354501500e-02,1.379586768754495207e-01,-6.622015769653244455e-02,-1.227997974085682543e-02,5.689496125778883973e-02,2.154906998014371189e-01,-2.097865110919128889e-02,-5.680713101493044953e-02,2.610414516357212333e-01,1.409245225340068353e-01,4.099416662758702534e-01,-4.451692849867166374e-02,-2.184127862798316069e-02,-1.594039837323611430e-01,7.449436263355101173e-02,7.732377560714981390e-02,4.518513787750323696e-02,1.474860260716145000e-03,1.689556870638712904e-01,-2.258816376216399580e-01,1.479670353002494054e-01,-5.997700738088254657e-02,2.544323059427754108e-02,2.201804278378053856e-02,-1.681744863710763205e-01,-7.199248119545455238e-02,-8.952045562096194731e-02,-3.913322843758422487e-02,-1.871759458911681218e-01,4.603778690493334769e-02,-1.242917453378810239e-01,1.779991420403924940e-01
9.735736973768385760e-02,9.978284975568577075e-02,-1.541540207591562961e-01,-1.174310170215299987e-01,-7.164996637399870250e-02,-2.025091545027704332e-01,-8.842407128947619988e-02,-6.113814820133574301e-03,1.167770984817313729e-01,-5.348672191728458258e-02,3.502456346406573329e-01,-7.620865334130368096e-02,-3.451041372042831790e-01,-7.757377881786527152e-02,8.782087435905143458e-02,7.033141758373530339e-02,-4.826604243037301012e-02,-2.934086238375403430e-02,7.517251059174596961e-02,2.860523382154102692e-02,9.112614018599607402e-02,-1.695467284229470184e-01,-1.100270795173609040e-01,6.984452707700049279e-02,8.545288391530712208e-03,-1.477633161869879030e-01,-1.214912843930422426e-01,8.499707085480694146e-02,1.767793110108895061e-02,1.478600010654423647e-01,-1.522002785148648951e-01,-9.811426920955347575e-02,-8.366796901171036360e-02,1.411079130868731768e-01,6.115231716206762785e-02,1.271403522055574997e-01,-2.430064433390554390e-01,-3.449909897937699504e-02,2.222326710262484406e-01,8.675996737244788537e-02,-2.332967973580702126e-01,-8.628950858354222930e-02,-6.411944807097841315e-02,-3.459948247748214495e-02,1.036450184071635930e-02,-1.553816482351335071e-01,7.066714460124123853e-02,2.201336189308245317e-01,7.776591506098948225e-02,-2.264956953706063481e-01,1.102878485145422499e-01,-1.439769073455388348e-01,-1.248805276970445521e-01,1.692831751489206615e-01
-8.305643677316409956e-02,1.324897422277126341e-02,-1.572290843951207606e-01,7.582984658203588413e-02,-9.129098083926545648e-02,-2.339881108591405634e-01,6.281475540356067089e-02,-1.361534942798631187e-01,1.473812422814876621e-01,-1.474011852031423264e-01,9.063215144165465142e-02,3.447917737402973748e-02,-1.834291400920211035e-01,4.617871259517927068e-02,-7.432580971163123273e-02,6.581494805075799315e-02,2.928549756867372331e-02,-2.651043844977262753e-01,1.275046926058602814e-01,1.618728541577921509e-01,-2.432092824413062959e-01,3.719052043389381446e-02,-8.061898456913732525e-02,-1.809260818123677172e-01,-1.269808502168151554e-01,5.450428049409534320e-02,2.008279439743665129e-01,-1.792045838076169462e-01,-1.994977297764265745e-01,-2.268009060646277997e-01,-1.739405059404430520e-01,6.783946170266733078e-02,-1.796161792199453822e-01,-5.261829377621755205e-02,-5.700060309200390141e-02,-4.867462874307653536e-02,-3.361085513766844113e-02,-1.967067006816551333e-01,-6.105434102674768548e-02,-6.753944901129378675e-02,8.209300967232464885e-02,5.350199538017903766e-02,-1.267144178952326616e-01,1.586861413910827315e-02,-5.290419714863182910e-02,8.844041506893694782e-02,1.115901512582473387e-01,-2.647067853709781926e-01,1.862809354888703972e-01,2.330869928681223446e-01,2.862457406475807029e-02,8.871280819207753854e-02,-1.254693100562060404e-01,1.605672082574462201e-01
-5.763744810406434826e-02,6.186744677529079812e-03,-2.234404140012562767e-01,1.707466683519190120e-01,-1.962246432646081729e-01,-4.908835297071536402e-02,1.014195659826422624e-01,1.882509376205898644e-02,1.032784573324535410e-01,-1.424909885130518361e-01,-3.732445138364644949e-02,1.664873821142553167e-01,9.430191349110704502e-02,-7.864364839301263288e-02,-5.118376100333048295e-02,-3.307233214098207613e-02,-2.363888925758116100e-01,-2.686029911081601051e-01,-4.084708044675281619e-02,-5.907096856432602489e-03,1.945606186119586967e-01,2.737450889645688945e-01,1.598696896417344665e-02,-2.356488570019356632e-01,7.018640377568955736e-03,6.388901885278480512e-03,8.742289408832032774e-03,-3.492346704064218377e-02,2.058924824981467616e-01,2.772681902843897594e-01,-1.358587675244099791e-01,-1.249913067574058151e-01,-6.158371344678360143e-02,-1.465520170659627766e-02,-1.252203044593834247e-01,7.103034604648537920e-02,2.100192103207145500e-01,5.021740597886988761e-02,-2.917885167475665550e-02,-7.548090125264048100e-02,1.002878772523623507e-01,6.862245033903292823e-02,4.005837629048793896e-03,-1.768351784324620826e-02,1.081599101154220727e-01,-5.030863438785504460e-02,-1.821002000289818346e-01,2.093952279592972421e-01,-3.152255362080386147e-01,-3.188741863283689471e-02,6.841148762404482275e-02,7.422731728170171850e-02,-1.260580924153683613e-01,1.518512413659730553e-01
7.302163497269102167e-03,-3.849633075310579695e-03,-2.189741054696301981e-01,1.733878333539848882e-01,2.106387060058114921e-02,-1.308888135602813696e-01,1.114589418335238946e-01,1.324157950607839605e-02,4.329125111017796679e-02,1.097806582866774211e-01,1.654425239520613822e-01,2.460410117280713016e-01,3.124149114372886671e-01,-1.557483923549565497e-01,3.933903204211469662e-02,-6.704196433546599776e-02,-1.278414205821338523e-01,2.546627813818618247e-01,-2.096801030424158552e-02,-3.621615046586290076e-01,1.482309127152928729e-01,-5.403889468684548031e-02,4.645343268356037780e-02,-2.179511982636122558e-01,-1.251190087407055840e-01,-7.203527224753127067e-02,9.098863095205897422e-02,-8.582292219758370921e-02,-1.946601154400181555e-01,-1.426843909495946194e-01,5.436300062082950746e-02,1.420792332828794795e-02,1.529106066004172482e-01,-2.440579973426054358e-02,1.684289393841471166e-02,4.502697476066216953e-02,2.142207940190689330e-02,1.335501063343837169e-01,2.009568338897893200e-02,1.335818217236897643e-01,-1.525644501690683885e-01,6.851290367194040609e-02,-3.080131942998233854e-02,-1.247984541013838072e-01,-1.374012159988973747e-01,9.808520770818561496e-02,3.515941542612017329e-02,-6.007658774773939198e-02,2.048650218762638753e-01,-7.120643692710007522e-02,-1.595801663923722691e-01,-1.635614353817737565e-01,-1.266468747745302936e-01,1.431352744744980587e-01
7.961784700954887412e-03,6.602727597068577814e-03,-1.380654282828608914e-01,-5.002083599686300147e-02,-6.285995429518610733e-02,-1.578939096509305792e-02,2.056272780856574223e-01,4.320472225931156623e-02,1.423788646388939871e-01,1.841374811465502359e-01,6.011684865686890700e-02,1.109616582186940537e-01,1.113217992504567273e-02,1.903550325079358396e-01,-1.409696068046749351e-01,-3.052011326256136026e-01,-9.505263973953159695e-02,1.734737057789112746e-01,-3.612705956468652974e-02,1.288894827118048370e-01,2.146634397206206510e-02,-4.006326656974201067e-02,-4.417461550105654736e-03,-6.719710312126281337e-02,1.175240424658079846e-01,2.195455738934334600e-01,1.043509180246301460e-01,1.205850257211175114e-01,3.591577868699407511e-02,6.576513018548289791e-02,3.650058640879449423e-01,1.417895706743081963e-01,-7.371348725622087206e-02,-5.001422764846444324e-02,1.418592606353068775e-01,-1.442345876115926073e-02,1.709846466390235048e-02,-1.176609394261121100e-01,1.703886063392656691e-01,-8.763424823636932481e-02,1.101057129055461187e-01,-2.535724490807019227e-01,2.048152357074292940e-01,1.468671142237726879e-01,1.245936831815072920e-01,-9.649590801646289184e-02,1.180965761469673220e-01,-9.703108070371486982e-02,5.540536710618720190e-02,-1.658536767852693272e-02,3.068040819657403273e-01,-3.440071410305967775e-02,-1.272356571336935860e-01,1.344193075830264206e-01
-1.967681624346877267e-01,-1.254424665617662471e-01,-5.606715100819385095e-02,-7.703247257792039671e-02,-4.967139622286648182e-02,6.108092354382582689e-02,8.301991872243502657e-02,-1.870421079554598562e-02,6.845297938002702087e-02,2.533195416054791482e-01,1.284077348007785224e-01,-1.242775606192640381e-01,2.490654251250555284e-01,4.936341840919857699e-02,-2.395607626638887599e-02,-1.756912123559735764e-02,4.319175877078711145e-02,-1.513753722485371433e-01,6.518413849823632977e-02,2.648337704803456760e-01,-3.770759293677625884e-02,-1.692306326176195030e-01,2.064090202695456969e-02,6.035804732438364295e-02,2.088887511081083670e-01,9.797869257035035639e-02,2.148290886293470654e-03,-7.733047104343208911e-02,-1.936851621754252795e-01,-2.321562818537782624e-02,1.620151577614106220e-01,-7.216233031694922750e-02,-1.409096965450672423e-01,1.169571633530031018e-01,1.981339393023077294e-02,7.156121811764404317e-02,-2.182975943549950448e-01,1.747870129293893973e-02,5.722773992775704102e-03,-1.011201820875852198e-01,-4.011367368603668826e-02,1.840231237792520069e-01,-8.275133832715719784e-02,5.877749806205953553e-02,7.775191663137243081e-02,1.613248322918340097e-02,-2.567684213230300716e-01,1.360419482533874007e-02,-1.833245291365590557e-01,-1.569648879253477403e-01,-4.342681501039563075e-01,-1.234287222485019875e-02,-1.278244394928530758e-01,1.257033406915530338e-01
-1.364726665555587581e-01,-6.509909887029069475e-02,-1.987130364490343193e-01,-1.261268768328702439e-01,3.557476804160177725e-02,1.778805687025051541e-01,-1.952381998101116248e-02,1.829009746171439410e-01,1.840464895026631140e-03,1.689584715275981863e-01,1.592199009101981921e-01,5.806730385852213426e-03,1.322241284362933589e-01,-2.413639707741004059e-01,-7.611746078005258986e-02,-1.820659703024347931e-01,1.389938297319449345e-01,-4.221268660932368105e-02,1.359534689033342070e-01,1.171219330405243869e-01,7.961801735079876430e-02,-1.235824640580573952e-01,9.342782324215354040e-02,1.658576850559985161e-01,5.632617574286148676e-02,-4.680226787699400676e-02,-1.059321729240412790e-01,1.148360105500511041e-01,1.224273535007124880e-01,-5.909429597190452021e-02,-1.930051960863731209e-01,-8.372480106395359389e-03,1.942272326335723054e-01,6.579225058430333839e-02,3.034879042896861806e-02,6.507289869431810703e-02,4.062156267882031241e-02,1.743585388726707763e-01,-2.385222862037044700e-01,-4.501206866804114554e-02,-5.224097453449239557e-03,1.977428847804709941e-02,-2.112288512087058812e-01,2.156671785027024224e-02,2.645603476823644301e-02,5.208416271908684198e-02,2.035714651992320545e-01,5.297503468916853198e-02,8.662155239201484169e-02,2.935617624420572835e-01,2.270086371368658928e-01,2.875328467197957871e-01,-1.284132218520190605e-01,1.169873738000778568e-01
1.913225546794647958e-01,5.662801235728476962e-02,-1.887947846859061030e-01,-1.408348350143197314e-01,-6.788210342359735083e-02,1.718824315685396342e-01,-3.630159103308816526e-02,-2.188435242968237993e-01,1.045758035631912108e-01,2.163130602458911422e-01,6.088017343838748527e-03,1.959937512645087629e-02,1.463745495288710230e-01,1.229191260176635582e-02,-3.371888547418047666e-02,1.290901182781975798e-01,-2.125914847258841833e-02,-7.726144722714491098e-02,9.157276901954321258e-02,-5.947503132440255108e-02,-2.295677171540209116e-01,4.763978236008416245e-02,-9.048189531693133503e-02,2.600478880956105243e-01,-1.974958463373286399e-01,1.834976709127379702e-02,-5.882763596017787089e-02,3.175213391673015195e-02,1.781351823064605822e-01,-3.066392334203607919e-02,9.588857451605577176e-02,-1.446944009746038429e-01,8.477629652476486449e-03,4.262221687547181753e-02,-2.858471866176144349e-01,-3.254690099248019886e-01,1.909933838793769767e-01,-1.243051234023011820e-01,-1.058000947970171024e-01,1.199061336729948246e-01,-6.566523685654111764e-02,2.350349635497586340e-02,1.271677120342332157e-02,2.165703631696727638e-01,-2.509998574017823780e-01,1.789066856833443700e-02,-3.716131684672208113e-02,-1.240010473582796313e-02,-3.740080877539517842e-03,-1.773414453737469643e-01,9.334921025971902597e-02,-1.244607825432363507e-01,-1.290020042111790777e-01,1.082714069086058856e-01
-1.931243926772146791e-01,-2.111703309340481893e-01,-6.396016717570890409e-02,-1.193046024139132189e-01,1.751677877905328824e-03,-3.093351156729670648e-02,-8.328005827163956210e-02,-3.337444138952690986e-01,6.196087713579541412e-02,2.347062289807457514e-01,-1.638946680320007843e-01,-6.984360148487979425e-02,2.954713179601695452e-02,-1.886913964752102643e-02,1.127343131324927000e-01,2.171670355104997896e-01,-2.495001618145825661e-02,2.335695995342017273e-02,-7.260064768299670512e-02,-1.096777703006208554e-01,7.889376896942884576e-02,6.507915325799502881e-02,-1.132108842683668404e-01,1.009877378811090964e-01,4.770332618261576008e-02,1.070518311636695363e-01,2.806236475331336591e-02,-2.283864085517219311e-01,5.113783010034066157e-02,-7.673563190532357685e-03,-9.282693652169675402e-02,3.939364189265261856e-02,8.891620234465741346e-02,-6.034632092687935989e-02,1.925347372151044734e-01,-7.195111977127040259e-02,-1.647756532861636980e-02,-1.318632938851769520e-01,-1.353432832111164386e-01,-4.357527240567021787e-02,-1.088185557070699278e-01,-2.061767527437682046e-01,2.189911029573505252e-01,-3.702412040979462526e-01,1.221399338918037203e-01,-2.531353429359807783e-01,1.126147817365358468e-02,1.319298912681948488e-01,2.028021373194627622e-02,2.055001100489943777e-01,-8.992800088268478043e-03,-6.333489328905049336e-03,-1.295907865703413431e-01,9.955544001713340085e-02
-5.223387868918504678e-02,-1.249381309044845789e-01,-2.047022385397466726e-01,-3.607278087768535368e-02,1.181828181300090680e-01,1.326681053750128902e-01,-1.618717215235675466e-01,9.278119397478236385e-02,-6.854716831483256834e-02,1.807290281151066325e-01,-1.404663599287070408e-01,7.563933704275684761e-03,-1.050361466309795572e-01,-2.847149939916346351e-02,2.022546683297904435e-01,5.161872385173261329e-02,5.795617689334815748e-02,-5.549589970886774359e-03,-1.292632579546401650e-02,-5.686461510933200209e-02,-1.386649704832046675e-03,2.640269700225201729e-02,9.035854707185339563e-02,-9.445822702497902457e-02,-2.172301460759648584e-01,-1.186563648722677305e-01,-1.491742815602829231e-01,1.952193706055306011e-01,9.925249779964824201e-03,3.946927339364515036e-02,2.749631758720839231e-02,2.125310880026091143e-01,-2.688738372027950629e-01,-3.297288977905326601e-01,-9.004961436190247678e-03,1.646173673543195604e-01,-2.034613766621038988e-01,-5.308107755786054677e-02,1.054292308884280244e-01,-1.781401558834748988e-01,3.995593862506475829e-04,-9.823648467400808090e-03,8.794258602760651744e-02,-1.110925474412138431e-01,-3.022709730088330993e-01,2.380165577582499803e-01,-5.075619608529856330e-02,-1.055597476601247003e-01,-2.342602149721799143e-01,-1.739191593765092303e-02,7.318061997420523268e-02,5.120299943880644161e-02,-1.301795689295025260e-01,9.083947312565897325e-02
-1.529392582843354664e-01,-1.485834376074372243e-01,-1.455936169064054875e-01,-8.211697195533868010e-02,1.139783316551302647e-02,1.944679702418960487e-01,-1.675855519817772699e-01,-2.043083503615139573e-02,-1.465644115800954494e-01,8.917479558581088706e-02,-2.054181217946800253e-01,-1.389366265216044338e-01,-6.723124381356891666e-02,1.524270547129789009e-02,-3.997846342884245341e-02,1.382636734271969030e-02,1.045738987604607206e-01,-4.485544345188665488e-02,-3.060925775917976849e-02,-3.991723534920074007e-02,1.054011901976627252e-01,7.685106622027232381e-02,-1.013510519270723609e-01,-8.874745387408704278e-02,7.624944315286960594e-02,-7.476317157659771728e-02,3.286425007565621243e-03,-1.149909919191988150e-01,-1.765818163344264613e-01,1.236941305532961999e-01,-9.618405527153493784e-02,7.180250352024364346e-02,-2.354744172608877473e-02,-1.008187080711640399e-01,-1.649563465307566090e-01,6.111999984448487216e-02,1.074195096102805586e-01,1.170773405524863087e-01,2.108812875536002218e-01,3.307175288999980034e-01,3.371278830936870197e-01,1.087405137336398958e-01,-1.611845075665699345e-02,1.525476195439658678e-01,1.973070384909312025e-01,-9.566893778235986689e-02,1.657900645913392146e-01,-3.808142147990924847e-02,2.941615432296384447e-01,-2.621480011959786416e-01,-1.752794263769991839e-02,1.129510982702511615e-02,-1.307683512886642641e-01,8.212350623418553097e-02
1.167289504366161856e-01,-3.917129011257777793e-02,-1.924242656037685184e-01,-1.285473292030870351e-01,9.692577216358945480e-02,1.226175413868575009e-01,-1.775916600414653435e-01,2.386852534882660110e-02,-1.621427768842033379e-02,-1.040672218249870037e-02,-2.268800144901023663e-01,-1.377710848089973017e-01,-2.040914725410262198e-01,1.480981870917042753e-01,-4.235481411614554215e-02,-1.804616517528220832e-01,-3.086766194721487708e-02,1.072395797248894556e-01,-8.972069972710177213e-03,-7.193236546075218452e-02,-7.103017722558056801e-02,2.631300198934125589e-01,-3.918170617641852232e-02,-1.714522658625164120e-01,4.595719054376274509e-02,-8.274049927213596167e-02,1.520984689739211526e-01,1.503602507141089673e-01,-5.399362743536872261e-02,6.533180295431410649e-03,9.866089906153822919e-02,-2.349049523267313644e-01,1.436065300725633820e-01,2.645928057702470193e-01,2.006740313151186839e-02,1.627615840426706040e-01,4.640839202121382207e-02,-1.144073800852360989e-01,-3.268779573822478551e-02,6.939827352371158442e-02,-2.655153116456951956e-01,-1.080871812302947460e-01,-1.964610908536155998e-01,6.316320926079366238e-02,1.213976668531694530e-01,1.028822714606656419e-01,5.987065802043788770e-03,-1.061272614601295045e-01,-1.403027396470547528e-01,2.522011782068679930e-01,-1.970468840871222038e-01,-1.245628085723411299e-01,-1.313571336478286666e-01,7.340753934271149195e-02
1.385221910607732643e-01,-7.604630822854981098e-02,-1.183082945133194369e-01,-9.890057729119354143e-03,1.026772616319740761e-01,-3.056430668022505973e-03,-4.732783216340551158e-02,-9.622431692843026740e-02,5.985357261428989745e-03,-2.184774601660911530e-01,-1.754634940653195530e-01,-2.229120934009276300e-01,1.034668130579012718e-01,9.750672731429685380e-02,4.163644957105652744e-02,-7.206417092103546695e-02,-2.484572216674831024e-01,9.881016993222925537e-02,5.187967268988422608e-03,2.382118481304479896e-01,-1.287272048556527271e-02,8.827149427513350521e-02,1.408084827696637065e-01,-8.078904973387102117e-02,6.861805977164883719e-02,-5.603147309653351560e-02,1.174306878968647480e-02,6.848589076466124470e-02,5.617336195079598860e-02,-1.445950630933461878e-01,-8.596685130056998247e-02,4.119615857967458966e-02,1.550386188754545105e-02,2.497837809236735929e-01,9.756113580192671275e-02,-2.292866317299101786e-01,-2.090885196156160863e-01,2.704004286543011393e-01,2.481888450090090001e-02,3.707537327149485612e-02,3.692452840944067394e-02,4.604090067654811880e-02,1.515608343033561234e-01,-1.379384458091850729e-01,-1.474691152939207606e-01,6.098260621888651478e-02,-3.205689619231803511e-01,5.212996162853635864e-04,2.536018767168908283e-01,-1.002314062507157072e-01,1.692811556559339070e-01,1.818734641680350983e-01,-1.319459160069913206e-01,6.469157245123892397e-02
4.998937156149053235e-02,-1.356920694951655737e-01,-1.074499598313439219e-01,7.093248211060413852e-03,1.514641035718697903e-01,-1.434941338534619359e-01,1.621496511105763663e-02,-7.227858312888663095e-02,4.281022955705444250e-03,-3.382269332806711604e-01,-1.623868836397681925e-01,-1.472189392174259592e-01,1.699660533771348847e-01,-1.283350428083979422e-01,3.545205230707840910e-02,-1.311635694554160077e-02,-7.819503703859591315e-02,1.750842872188091148e-01,1.543925842768061607e-01,4.909338481385272512e-02,-5.462892316494093181e-02,-2.730041677251358601e-01,2.446009191026867965e-02,6.416200711457759401e-03,1.346796028735677830e-01,-4.045692437925383494e-02,-1.872506223228134203e-01,-8.498448343572752306e-03,4.002100636450897642e-02,-1.514708111068035490e-01,-1.103003062521808880e-01,1.643967791981036652e-01,-8.272416362975165693e-02,1.204321008513252120e-02,-3.334470179286674885e-02,-4.601376385449741473e-03,2.205036259326068337e-01,-1.549432465169272577e-01,1.869766554493714969e-03,-9.888055706192319660e-02,1.260072358825224947e-01,-1.612503862572444990e-01,8.297763954948761400e-02,1.818211688232218015e-01,6.587795578617917924e-02,1.777375201915916691e-01,2.508359830235843968e-01,2.446040615653810590e-01,-1.641638130536178519e-01,-2.335398872666222952e-03,-1.758231193153430849e-01,-1.991973162191091606e-01,-1.325346983661521705e-01,5.597560555976543312e-02
1.556286788090480433e-01,-1.104686946479586929e-01,-1.077859877481130713e-01,-1.043850716184387128e-01,1.951071872620402381e-01,-1.475855535947276642e-01,7.046270930994118220e-02,5.918011217704792493e-02,-1.563504559228606414e-03,-1.558745693927197640e-01,-1.573331313859596126e-01,8.872087668299065422e-02,-6.756904974698257904e-02,-3.522695822472066141e-02,9.131401065980718212e-02,4.095192603076813070e-02,7.804662294572807524e-02,9.965101203252213491e-02,-2.748389850065104459e-02,-5.851978444054902612e-02,-2.132111098728456666e-01,-2.014711325524556063e-01,-3.015318458707024196e-01,5.481157217106139012e-02,1.021050560114128772e-02,1.175530136190991726e-01,1.153959312261594247e-02,3.098804999649509145e-02,-1.076475481246948369e-02,1.877266335773714878e-01,1.205432356693942192e-01,5.480350894270617085e-02,4.384354265564754938e-02,-8.623867542352724180e-02,2.408716366822125088e-01,-2.561973886112135779e-02,2.626534002517711963e-01,1.598815206336056116e-01,9.939616720554626458e-03,-1.562340945491708377e-01,-2.475372142687082277e-02,3.376830216500575355e-01,-2.771384805873012280e-01,-8.448009521320128112e-02,-2.375740942209391554e-02,-2.722435100307840083e-01,-1.090999800782816720e-01,-1.255644396575558708e-01,-6.289844626297254326e-02,-7.535058323796095525e-02,4.643753150412437136e-02,1.097098725866817726e-01,-1.331234807253119656e-01,4.725963866829141491e-02
6.466381917906097176e-02,-1.893326153545172030e-01,1.032151830516067105e-02,-2.816305981569380314e-03,1.423905159545638954e-01,-1.906301405891734357e-01,3.451627151626701084e-01,1.556881916381929742e-01,-3.843993211059434228e-02,1.002343569162588294e-01,-2.273223070975876614e-01,1.524772247789854818e-01,-2.668497730981476690e-01,2.475386316860133940e-01,-1.935039751899864449e-02,7.486307153214047383e-02,4.685940124786110682e-03,-8.893745561889754292e-02,5.225601788098740291e-02,1.782495231685556417e-02,1.019288040770397474e-01,-1.557807606894466221e-02,1.793105294953929174e-01,1.814182523993056739e-01,-5.415340801146445449e-02,-4.648103530115675619e-02,2.456190103560256799e-01,-1.611900933676861936e-01,1.849211904159600572e-01,5.557719209698655516e-02,-1.369898712446043602e-02,1.585589045333848923e-01,2.424713034174632020e-01,4.215756371577195072e-02,-1.607013898827566178e-01,5.624054995768283660e-02,-2.047461700606822976e-01,7.362484481827005767e-02,-1.065010613963287417e-01,1.367713578919053236e-02,-5.164685431005356514e-02,8.003511107418521953e-02,5.526434661002702087e-02,1.586138867921045303e-01,-1.322237118286182789e-01,1.538678640846380223e-02,1.425455611425202884e-01,1.723391886928979100e-01,3.039679085686982675e-03,-6.069498090757392134e-02,-1.321998162978042513e-01,1.352548271152248342e-02,-1.337122630844768401e-01,3.854367177681724405e-02
1.514987562852859043e-02,-1.810383801461841191e-01,9.808988693775657838e-03,-5.790883863987571906e-02,5.623451039887595454e-02,-1.097560155321890135e-01,2.653916947463860754e-01,1.869524758149646582e-01,-1.465472893905802876e-01,-1.377587099599901221e-01,-4.138838758716055499e-02,-1.967699691351672622e-02,1.136216769754440636e-01,-4.022586514163353257e-03,-1.628075160189760284e-01,-1.096358094929351379e-01,2.059759413590521171e-01,-6.304484125529373484e-02,-1.344014381888596933e-02,-2.985424469527702129e-01,-1.389820066303136259e-01,-4.846674266959737076e-02,1.613200875240427268e-01,4.229468004997343628e-02,2.716576062240102021e-02,9.438928871812793386e-02,-2.302213923419275943e-01,1.802269841658029476e-02,2.445707985121592931e-01,-3.173381639990062453e-02,-1.019254273637443392e-01,-2.198345199548598639e-01,-2.349738644001053145e-01,-9.104761813247776170e-02,-9.663736672379369397e-02,-4.113811205364937412e-02,-1.784395850162582842e-01,-1.472855419850337133e-01,1.179144068097165987e-01,2.621300961664239648e-01,-4.374007455188858029e-02,-8.317637849195569366e-02,6.830457665848448275e-03,-9.441331625582004283e-02,1.339645776687267142e-01,-1.289290916080784999e-01,-2.124461237134971092e-01,-1.620525746928906941e-01,9.137304561376841106e-02,1.354369772978341324e-01,-1.147018285397429817e-02,-3.147327806836327374e-02,-1.343010454436376344e-01,2.982770488534421810e-02
3.096584713343724649e-01,-3.589566046804699984e-02,1.149091143445636447e-02,-2.910534934187649081e-01,-9.672282404869075867e-02,-2.015139735641894182e-03,1.362943466477989085e-01,6.666256809939585803e-02,-2.367908586969847407e-01,-3.005789441572364468e-02,-9.674277226400529450e-02,2.112059681462036820e-01,1.320116551332361360e-02,-1.740225883046897515e-01,-5.271520475612769679e-02,1.717545309468257453e-01,6.010315483388698615e-02,-9.679224556459109508e-02,-1.524935490005739358e-01,1.386669509769838937e-01,1.274618453740937740e-01,9.325235147598445046e-03,1.024170778869409049e-01,4.998246617611346032e-02,-1.693769878391075123e-01,-7.615717901206102425e-02,-1.117734760115489806e-01,-1.670096224427123077e-01,-3.899931949192093628e-01,-4.780133607933900156e-04,3.189582825067450306e-02,-3.054352124682023217e-01,5.694205709027026080e-02,6.025488959529749083e-02,2.524729779626405657e-01,1.594313917826818347e-02,1.949299672668629996e-02,-7.827727747910963318e-02,-1.035839582091788169e-02,-1.153213537209060030e-01,1.231079334239514878e-01,-8.924178523379849848e-02,1.394818646744702129e-01,6.595558776979050519e-02,7.239174751106140782e-02,1.750391412097147825e-01,-3.568262774854819019e-02,7.991996674546999330e-03,2.438110794365597883e-03,-1.434954340329267983e-02,1.096927650331869092e-01,-1.136514156506584529e-03,-1.348898278028017317e-01,2.111173799387118175e-02
6.031649880126064428e-02,-2.248768582940756100e-01,2.690888841106108265e-01,-2.509160711894890539e-01,-7.954326859892303647e-02,-2.337114064067675329e-02,1.858645237151277663e-01,5.341557608493713305e-02,1.098954137515008728e-01,1.864967342144834006e-02,2.105075698468330814e-01,-6.412701697141236223e-02,1.429980556671164686e-02,1.331050694927444766e-01,1.306706789115214262e-01,1.379775005973555291e-01,-1.904376968685166926e-01,-8.842995040757117842e-02,-1.871063303666251065e-01,-7.664536534834562320e-02,-1.185795368268905414e-01,1.815272257264159139e-01,1.142910409959083384e-01,-2.497575818523655594e-02,2.756576096502455150e-02,1.145064247080328917e-01,-1.509738318169881188e-01,2.559082783621715040e-01,-1.992995025697556766e-01,6.034410291240242113e-02,-8.085595273745675715e-02,2.370511319597903843e-01,-1.467096827030124062e-01,1.661926878564502774e-01,-1.162539992816550988e-01,7.307981368477410589e-02,2.125335282498800049e-01,2.272867602014647936e-01,-1.668504995749746089e-01,1.033943619558878174e-01,-1.183043488802416887e-02,-1.002662898345792752e-01,-5.262560097777307239e-02,-1.308484036807437967e-01,-1.604988139041973322e-02,1.933041398537433883e-02,1.806721887567564744e-01,-9.294181432025191980e-02,-2.981308689554397137e-02,-1.401700671268798354e-02,-3.002515533157044600e-02,-3.838469644742934644e-02,-1.354786101619630811e-01,1.239577110239632740e-02
2.401071252406559477e-03,-2.419830265433946526e-01,2.513237741642607714e-01,-1.392195029771074732e-01,-2.058087723474924524e-02,1.525519170398460800e-01,-3.536306362734350367e-02,2.153057754948134728e-01,-4.430049954219862640e-02,-5.455987520635941640e-02,1.733117934484918188e-01,7.088635168159453624e-03,1.174849389748920531e-01,5.238362583697581815e-02,2.007698042024197438e-01,-4.569009152151780329e-02,-4.687980307018436293e-03,-8.323058232069589779e-02,2.884319103749113239e-02,-3.041643765164471838e-02,2.130731818035887515e-01,8.702499618187162223e-02,-3.906159063431446365e-01,-1.753334387494416002e-01,-2.748725385440856095e-01,5.170502093684852668e-02,8.148992157475888620e-02,1.587627344135035187e-02,1.542932131021916287e-01,-2.091069798046303330e-01,-4.965946394925486312e-02,1.455846909667094513e-01,7.286713833714179855e-02,5.795090274388131624e-02,7.542719280195789300e-02,-2.075376506861072168e-01,-9.203717142672601659e-02,-1.157527419482358155e-01,1.928742555974257145e-01,-8.564376673368599702e-02,2.946802715798654479e-02,7.737605756010239311e-02,-7.242262547285981122e-02,2.095163404726479162e-01,5.484321339731008937e-02,-1.365716432144205121e-02,-1.105272163972974148e-01,1.590927184414808460e-01,3.371835291851409816e-02,1.397830560886599571e-01,-3.953433104708231789e-03,-1.119016521554336563e-01,-1.360673925211240143e-01,3.679804210923844857e-03
3.236988964561074433e-02,-1.847414887272445239e-01,1.252876421002108720e-01,1.082020412001229170e-02,-4.190272097645984795e-02,1.680819011182101141e-01,-8.036697872335454851e-02,1.036040205160896205e-01,2.409294651221531233e-02,-2.048325937118513906e-01,1.178772354782354759e-01,1.039292820719325272e-01,1.364526898844510006e-01,1.410990438000998271e-01,-2.309827780943624845e-03,5.609717990138479021e-02,-5.162907486450760836e-02,-1.417368086340351774e-01,1.659415037626150446e-01,1.009804953662182397e-01,9.480935877098068884e-03,9.619986524020307517e-02,-1.931064950417108600e-02,1.860505572808194077e-02,3.568964921693026371e-01,-1.594986182563768728e-01,3.641759056507379994e-02,-4.715912560390117525e-02,1.221986201635845287e-01,-1.438548499837592198e-01,2.171678463954071145e-02,-1.867160641798406295e-01,2.463498435529066777e-01,-1.634221976508043184e-01,9.817646102831747990e-02,1.356223000969185577e-01,5.015858015269557268e-02,-2.039693875466372652e-01,1.005585710247255821e-01,1.540202472141299732e-02,-4.824488085993554332e-02,4.732943037694029714e-02,8.533528049668771820e-02,-2.273946775674892118e-01,-2.287148295779995733e-01,-5.759412943773455779e-02,2.424729133488753297e-01,-2.563788729663695753e-01,-7.626123813711112309e-02,-2.337849265117033781e-01,4.743890581956715369e-02,6.788369897720381366e-04,-1.366561748802870568e-01,-5.036162680549312494e-03
1.665350937622606942e-01,-1.063901357655865076e-01,6.696264184444322698e-02,4.723166640033078789e-02,2.335546366849321556e-02,1.381952160047846823e-01,-7.094564889264434737e-02,-5.739454803289457258e-03,1.041881443379520829e-02,-2.250126392094569938e-01,1.035800294620067563e-01,3.189233933223174777e-02,1.058093894500565790e-01,-4.918174717199346596e-02,5.583608985950836053e-03,-2.504356588129071776e-02,8.753814547787718003e-02,1.846330998311081911e-02,1.650597887171442180e-01,5.368471907557741812e-02,-9.376042269816781127e-02,1.113802453643695789e-01,3.430012417781181516e-02,7.192328086813440380e-02,2.330686565024847265e-02,-2.778407544027017839e-01,1.871509544907015432e-01,-4.218755976273612374e-02,-2.124797681118270054e-01,1.507489122266822967e-01,2.786971353083403935e-01,2.806765599206607203e-02,-1.997252195419469689e-01,-2.907993806651824609e-01,-2.563622308260585236e-01,-9.049520812634742617e-02,-8.854332050091989759e-02,1.893078727330504973e-01,-9.411912847425089879e-02,-9.214940002081190018e-02,-2.719671394017065258e-01,9.375627907434290129e-03,1.314889241554104415e-01,-8.535939329249191479e-03,2.107278073361993909e-01,-1.402653311649835755e-01,4.165695794425033210e-02,2.132324893293073287e-01,9.941752230142363034e-02,1.816607539265864268e-01,4.718288655775906837e-02,3.572418679639570264e-03,-1.372449572394499606e-01,-1.375212957202338361e-02
1.135056622598343834e-01,-1.399644131870461938e-01,1.890946303878674739e-01,-6.516950898084138133e-02,7.688259183732040888e-04,1.117901562628088458e-01,7.662966465647259862e-02,-3.586607282145558018e-01,3.372810228489391826e-01,-6.515138146049995194e-02,1.784008637660466912e-01,4.407778178901633481e-02,-1.747902029505471466e-01,2.940830238555329143e-02,1.759388689706134490e-02,-1.382439562270027233e-01,1.010012554462840911e-01,3.909620595467079851e-01,6.679807484969225995e-02,1.251864802982771141e-01,1.599584682936213420e-01,1.001970838093626907e-02,1.784612519002075348e-01,1.172835588285744274e-02,-1.431125604636637738e-01,-8.994909330981851886e-03,-1.018809619700609403e-01,-7.874661032726817944e-02,9.022816620058172685e-03,1.101654225662206110e-01,-1.197784924068911877e-01,-5.455921556594326566e-02,1.539853575956230403e-01,-2.215415788612395687e-01,-6.953999462810861454e-02,8.606125024032991455e-02,4.399345631279409641e-02,-9.277003624526512782e-02,4.285346339310020652e-02,8.786131166390510894e-02,1.725377886710515452e-01,1.022267608075853526e-02,-1.330599654135489474e-01,3.900162711197435045e-02,-7.577188001150929504e-03,3.041473966918001315e-02,-2.248466400279000577e-01,-6.730695711556144989e-02,-5.243508860682930678e-02,4.552506622164732147e-02,-1.242854216301391146e-01,1.426161697186694721e-01,-1.378337395986124481e-01,-2.246809646349721967e-02
-1.292295025218357374e-01,-1.826743283065232204e-01,1.465291761006726479e-01,5.936979239914726147e-02,-8.490260782806670348e-02,1.788558393259698787e-01,-4.198566657565071941e-02,-2.843436183465445910e-01,1.149829277990377895e-02,-1.675787758212337886e-01,-3.565292201681258266e-02,-6.494747736870147732e-04,-8.186913575363702344e-02,-2.927634580018035476e-02,-3.780815566331640620e-01,2.314094384074964067e-02,1.893741162825007818e-01,-5.845139472079795284e-02,-4.126675382185363700e-02,-1.348566473963678791e-01,5.473419657726504538e-03,-2.611107859887050187e-01,-2.980494828909284466e-02,-1.801871850517396123e-01,-1.779854466542132863e-01,1.140335514927291322e-01,3.340227395611616856e-02,5.577335850292137326e-02,9.996378455486357173e-02,7.397367210146985061e-03,1.648344999111008291e-01,2.427398053792892071e-02,2.542520018242212798e-02,2.376463431453563202e-01,-2.526094587159800897e-02,1.563410950416236900e-01,-1.058220480578593442e-01,7.202829391881823695e-02,-1.485479612503577407e-01,-6.084193922697448548e-02,-6.225430670465575966e-02,1.872080368140202067e-01,6.613546758546419435e-02,-1.517054619708796404e-01,7.373608225250684323e-02,2.072793309809803919e-01,6.801864025394252500e-02,3.969577746767525422e-02,-4.157752537420954242e-02,-1.536562200902801545e-01,2.447867130396169932e-01,-1.566908622663943929e-01,-1.384225219577737143e-01,-3.118406335496932968e-02
5.410229349573839747e-02,-9.660281105140468283e-02,1.441065900195841361e-02,2.281087836995633888e-01,8.342281620265207254e-02,2.150678897846831916e-01,-1.133061828128513471e-01,-4.029721766212764067e-02,-1.158331013540865317e-01,-3.433953791399568106e-02,1.235836823085675745e-01,2.177661895592075680e-01,-1.361123944113597911e-02,-3.474771747806965766e-02,7.142406848670063146e-02,2.062482963374867029e-01,-5.785519021714087551e-02,1.756137017046565871e-02,-1.393706535914757405e-01,-3.315951048540439344e-02,-7.872077410582987989e-02,-2.272462020738245936e-01,-4.742065920899965481e-02,-1.306715107056022895e-01,1.039144541705959559e-04,-8.198557872040861116e-02,1.476264462505758879e-01,-1.604680940231468372e-02,1.950865068186370677e-01,8.681850940933956429e-02,1.480831965878040730e-02,-7.648191139396938454e-02,-1.850688638579366108e-01,1.738204114384462318e-01,8.120427517424637365e-02,8.152641240852921689e-02,-4.789763268134337310e-02,5.587247587138822330e-02,-1.853459401433414089e-01,-1.993348986414093457e-02,1.155501436928930703e-01,-4.363469566879469297e-01,-4.403274387910783433e-02,2.261998888682833497e-01,-7.095394174345447114e-02,-1.678729450507386867e-01,-2.468318746749286960e-02,-1.202671499786709675e-01,9.177072360196218692e-02,-5.544123498919802800e-02,-2.010141547362551406e-01,2.529392732598157445e-01,-1.390113043169349805e-01,-3.990003024644375035e-02
1.109482253570403393e-01,-3.797163384938453956e-02,-2.764404063024458388e-02,3.003753209149854775e-01,1.609233131650420479e-01,1.705552947007750730e-01,3.310366249801695304e-02,-1.780065478576498550e-01,2.396520115942735521e-02,9.861627894491181712e-02,8.505920184281579033e-02,1.651606559969934773e-01,-6.733039591992034945e-02,-7.119299194234524064e-02,-3.339628109649889903e-02,1.902441902910578519e-01,2.502715971715966867e-02,-4.410752705550106956e-02,-2.172374042966432606e-01,-5.172805238141848366e-02,-1.391269564005840620e-01,9.260152602724647242e-02,8.058431395110550455e-02,1.861870625395228851e-01,3.205328863223891322e-01,1.067786591237867705e-01,9.902222433465993068e-02,9.774333448936987911e-02,-6.071777006589491876e-02,-1.068866932442043421e-01,-1.973086912495962963e-01,2.700819881679303053e-03,3.276759975134122677e-02,-1.664971784331898200e-02,8.377949819331938219e-02,-6.594753708384595847e-02,-9.710409023028289399e-02,1.711424523116973073e-01,3.582183525797581480e-01,-2.397381257491878331e-02,8.297157506622143686e-02,9.089713581448823077e-02,-9.749238857137965120e-02,1.108660471929979047e-01,4.078780004021706485e-02,9.969985413372339789e-02,-2.227161550551013183e-02,7.314864671143500585e-02,-1.237948756639385833e-01,2.207378590083230174e-01,1.385074038239272887e-01,-2.588176098415783666e-01,-1.396000866760976622e-01,-4.861599713791803917e-02
2.268436977447788605e-01,3.777888107303972037e-02,-1.328694954470876002e-02,1.690884178215150691e-01,7.630135721867332965e-02,8.990383754792741211e-02,-2.962471849734082258e-02,-6.716379529510992097e-02,-1.397580954894165062e-01,9.333792710780552948e-02,4.011031823500826182e-02,-5.728012003757091547e-02,-1.235931787368361595e-01,-7.144050421031057641e-02,-8.704727711025610215e-02,-2.670331702424623144e-01,5.760752224007183869e-02,-1.138851207561717704e-01,-2.914198882667614066e-01,6.814505880724201770e-02,1.500888262409664220e-01,1.046086984788056722e-02,1.843479440741842557e-01,-8.124598874166652496e-02,-5.036199002830627630e-02,1.096657496042479502e-01,-1.082928278225722546e-01,9.849472463350404661e-02,-9.181211605961485736e-03,-6.944835381389574680e-02,-6.384269868233101441e-02,2.829990237866423022e-02,-3.993618436719589826e-02,4.649172225130188824e-02,-1.187638347956451457e-01,-2.544978446634402203e-01,1.039940411203732901e-01,-2.225350500109974927e-01,7.310687742539775935e-02,-2.932763008300758312e-01,-1.255049865409238186e-01,1.501118945956644579e-01,8.992485722010471307e-04,-1.795749523228553080e-01,-1.852089278068243944e-02,-2.184869669944389803e-01,2.418899539529425213e-01,5.682738746054513679e-02,1.210974804271126026e-01,-1.186277399531413118e-01,-2.611491352585990633e-01,1.318500147148256307e-01,-1.401888690352563471e-01,-5.733196402939036429e-02
1.334496391904600454e-01,-6.680376358650930158e-02,1.061816850358876241e-01,1.599408073232095051e-01,4.837960707482485967e-02,-1.425622054638784331e-01,-2.684156654298304467e-02,-6.493864095131890446e-02,-1.879613619762303678e-01,1.705722492286296799e-01,1.435525286593736516e-01,-1.842792698289348885e-01,-9.548245350356206196e-02,-2.308059511441553358e-01,1.662575216407400358e-01,-1.275720824831036160e-01,5.712789037558897200e-03,-1.407441383240923549e-01,-6.420189409376883538e-02,6.669359493304762021e-02,-3.516698373402275118e-02,-4.221462583640758770e-02,1.380082061973035221e-02,-1.213693743793026608e-01,1.768924390031380023e-01,-4.259794884910411000e-02,-3.766772006432943937e-02,-1.504612585475499642e-01,2.774770385025545141e-02,2.765957564952005801e-02,9.766532104956181237e-02,1.956260735427694242e-01,5.500521558725941090e-02,3.018993260859325484e-02,4.714082175947868075e-02,2.111603048760119228e-01,2.097344489213106289e-01,-1.877792678751640520e-01,-1.493251821846733607e-01,2.809961006694530750e-01,-1.729840797020605059e-01,1.836445126852820908e-01,2.504969228125023539e-01,2.240511609514913849e-01,-8.237252188693572341e-02,2.063380404890037892e-02,-2.290341114839943570e-01,-4.617465248398761740e-02,-2.413969530322276295e-03,1.072898310394287263e-01,1.726495958307166789e-01,1.080435645145330290e-02,-1.407776513944238583e-01,-6.604793092086368167e-02
9.476772269335866083e-02,-4.788840745020906536e-02,1.610970988375514112e-01,7.509088701390949361e-02,-7.869876992532032212e-02,-1.015453185136952902e-01,7.864322081900054773e-02,-2.987454610036424998e-02,-9.796084462762690015e-02,1.803733673558077788e-01,-4.862830214170641568e-02,-1.074009893535536608e-01,-1.691375992641573345e-01,-1.323627794864256080e-01,-7.422689786714188609e-02,-3.293021956852770771e-01,-8.881899019358059644e-02,-1.375896594641038166e-03,8.833023029446226970e-02,-1.114161461806194714e-01,-8.352906094060365272e-02,8.046622383208811013e-02,-3.625641670468536248e-01,1.640276429142840386e-01,2.627998062302276325e-02,4.104262627676823899e-02,6.188554565889244768e-02,-1.285053398573461347e-01,-1.438157086663858532e-02,-3.014793780653164945e-01,-7.939871989918907691e-02,-1.524570342561437086e-01,-7.126303440250295052e-02,-1.254309718723208011e-01,-1.311649597422615554e-01,1.394906024417367496e-01,6.079070490414934663e-02,2.850640423017888891e-01,3.270399919723242926e-02,-1.524097723904390966e-01,6.960511723494596653e-03,-2.698845573310232893e-01,-1.893382124740851727e-02,-9.961320138071803887e-02,4.191558666314209713e-04,1.543244228838636101e-01,-6.824234488732554282e-02,4.409236796826469795e-02,-7.429458282632284138e-02,-2.138495583869512717e-01,1.197579057601155794e-02,1.306126125362281620e-01,-1.413664337535846527e-01,-7.476389781233844234e-02
1.481676242905968222e-01,1.233359113781448690e-02,6.247657794890974087e-02,2.247025580260720579e-01,-9.219702419516170866e-02,-1.363280686910743264e-02,5.623023745028044723e-02,-3.807405576564178162e-02,-1.608646454425564920e-01,6.715360169898401677e-02,-9.832693874801061440e-02,-2.114815202998522603e-01,5.763274402041764638e-02,-1.613809724452213712e-01,5.080428564529654301e-02,-6.948142161771451997e-02,-2.880314125176876017e-01,-8.371028209074589388e-02,1.653043780714557598e-01,1.433969584467729430e-01,1.086997661261670800e-01,-6.772267029726168619e-02,-2.974280427499262271e-03,9.187977358729976229e-02,-1.649271802464332415e-01,9.758981064821014781e-03,4.751177144474327124e-02,1.279120374694083795e-01,-7.466487536715655376e-03,1.840792999089943260e-01,5.357728575856953585e-02,1.563975227001043397e-03,7.267448642797248726e-02,-1.286613404875496247e-01,7.293548998282714524e-02,-7.559602011119501142e-02,-2.579826148123198215e-01,-2.797235489090179120e-02,-2.194527605662440761e-01,1.170358862808295736e-01,2.472541605892120409e-01,-3.634462064222037520e-02,-2.646737898057449634e-01,-1.311053440450480889e-01,5.838137569515289282e-02,-1.300570925384789689e-01,1.070447507773137630e-01,-2.132403620469935923e-01,-7.268172308077482102e-02,5.158650449265843319e-02,1.904423315420121152e-02,-3.449135368800677059e-01,-1.419552161127435319e-01,-8.347986470381052460e-02
-5.871672781397325319e-02,-1.152281465170970215e-01,5.676965998720282652e-02,2.482730172135831637e-01,-3.666576732855757886e-02,-1.732787543461289936e-01,-4.765391531249676960e-02,-3.642295952855728602e-02,-1.656106617780545298e-01,8.221211658921108445e-02,6.921768711561193665e-02,-1.380932020149835404e-01,6.604008843251669980e-02,3.056610877744436738e-01,-2.513785349711897266e-01,1.648830047205628313e-01,-7.896512469269637013e-02,1.449836901505155949e-02,1.593112018720984902e-01,-1.289124413610013842e-01,5.696362861890227891e-02,5.987742681117967647e-02,-4.103844009640331136e-02,3.535455461729609256e-02,1.471461872903679496e-02,1.742272740368478595e-02,-1.500602372701306531e-01,9.469337989009629641e-02,-1.439886017965516796e-01,2.047703796618541294e-01,1.312619710856625932e-01,-5.415754081384310109e-02,-1.299236480741860870e-02,-7.988480688104887539e-02,2.167858757189787822e-01,-1.375204994720272966e-01,7.794625001025308475e-02,-1.499051455826238555e-01,7.871206093465457632e-02,7.739301913440256586e-02,-6.084991537722601873e-02,-4.133536915436219344e-02,-2.366561589254445874e-01,3.617733475852517866e-02,-1.276536557350669565e-01,2.392834792160801749e-01,2.719072935560926108e-02,2.790051149275862841e-01,8.654938281410437528e-02,5.226181456835655992e-02,2.983742218011420713e-02,3.105254525920328468e-01,-1.425439984719085729e-01,-9.219583159528503546e-02
-4.038630728987430835e-02,-8.758145041165878164e-02,-1.999195573144472993e-02,2.348114553182273634e-01,8.370043587844445965e-02,-1.824647973588791050e-01,-2.406810062598252198e-01,1.970370125833695307e-01,-9.573571912301942488e-02,1.633408334641575088e-01,1.275864661567951419e-01,9.135941661665009095e-02,2.528903432967122625e-02,1.886954586064751860e-01,-1.354621738300936240e-01,1.050131081259829124e-01,1.129891044480225565e-01,2.420980745698390335e-01,2.770308971452299374e-01,1.596554622935284773e-01,-3.007795769897944616e-02,1.407082691374306471e-01,3.023628489874188863e-02,9.861765434137198527e-02,-2.220497671748732915e-01,1.044718188602934868e-02,-1.109211606613998563e-01,5.536158635312667282e-03,-2.870490993008958241e-02,2.812922806330702546e-02,-2.170196976802910849e-01,-3.209372801572076689e-02,-2.727587291448508103e-02,2.254341867855040038e-01,-5.335640672412277768e-02,7.552947840322377093e-02,1.660239573644657629e-01,7.544452580514947326e-02,-1.376259065724239408e-02,-1.802102730806768027e-01,4.113410699570780454e-02,6.645496014151371089e-02,2.611829055825620194e-01,-2.112207100750164088e-02,1.457018299613072887e-01,-1.544825791052808761e-01,-8.371720849879932258e-02,-1.889616452389698831e-01,-3.675549804603809451e-02,-1.591486774730331566e-02,2.030268846834864041e-02,-1.857569734795354588e-01,-1.431327808310690064e-01,-1.009117984867570761e-01
3.297248682764619687e-01,1.752989668795330025e-01,-4.821532746910336259e-02,-1.487148782561196758e-01,-4.422584716239820191e-01,-1.577447381211198041e-01,-1.802941886831873619e-01,-6.324207810924326045e-02,-1.598062950636499058e-01,6.234961906925692854e-02,-5.889194134762476551e-02,9.666023339375962031e-02,1.540437919485269092e-01,1.054746248589351620e-01,1.916891844607409787e-02,3.427651575581527887e-02,3.875911763165260093e-01,9.332081308976854228e-02,9.728368988385011074e-02,9.549950649215864854e-03,-8.529912954125969810e-03,6.800116386578106478e-03,2.000598331721755926e-02,-2.471368171073925202e-01,2.245831589245578797e-01,1.456053876600818808e-01,4.065622716444094314e-02,-3.712899178603005362e-02,9.274450812457576965e-02,6.547320395397943256e-03,-9.043171018005094486e-02,2.286140297417176281e-01,4.333977400292221560e-02,-4.099088328419044427e-03,-5.561456634468964211e-02,-1.747262026693639433e-02,-1.365373407357852731e-01,1.224011770263293136e-01,-1.644452676416688353e-02,4.130430738861022577e-02,4.160479686580289410e-02,-7.637613610237345418e-02,-1.060838119690544340e-01,-4.809263111371304272e-02,-9.566577066848135080e-02,-3.389712999544778477e-02,2.391710834156014764e-02,6.415033092615540777e-02,-1.199320749101052269e-01,3.240005873548564008e-02,-4.187785352103019776e-02,6.262470264228792508e-03,-1.437215631902302448e-01,-1.096277653782322531e-01
-1.227510373898805379e-01,-1.166623704194678507e-01,1.663520669229969773e-01,-1.003538397385312503e-01,-2.526616090844952534e-01,-3.586201530043578445e-01,-2.242301360256906406e-01,-2.648884289121598845e-02,1.670075909931169611e-01,9.617820400033259831e-02,-1.004515694758514599e-01,9.384987775347174502e-03,1.038202229799607273e-01,-2.181226245717382550e-01,8.105018745241139577e-02,-6.317108663040257865e-02,-3.430433371214970661e-02,7.327104025305963830e-02,-1.768104174345977719e-01,-9.916008043074700518e-02,-1.706845822126937529e-01,9.114627962553559226e-02,1.943915925149772572e-01,1.476495631876146020e-01,-3.515529421131034088e-02,-2.595763663637992713e-01,2.413704482621675529e-01,1.743594398288675906e-01,1.985377142370754744e-01,3.265015767372490222e-03,8.967141641732612189e-02,-1.320378917899811821e-01,-9.225042576818492934e-02,6.888331497105820711e-02,1.057240740842916860e-01,3.539818705218475414e-02,-2.986475975966386420e-02,-8.761943827834170473e-02,1.067643744239798465e-01,-1.056137108390296647e-01,1.639555184814502353e-01,2.017960269292045361e-01,-1.182750658223801279e-02,9.934125625796971781e-02,6.409495971031861639e-02,3.722584347355571699e-02,1.110883478953784836e-01,1.430403947673135855e-02,1.092235610601149653e-01,-2.095005288514010036e-02,-4.242959787679538575e-02,7.675790949585918621e-02,-1.443103455493960630e-01,-1.183437322697058897e-01
-1.520846197296870372e-01,-2.751058198053536394e-02,2.019504945814550381e-02,-6.885622442655651987e-02,-1.675069157264700292e-01,-5.107421913121695453e-03,-2.372764260839229089e-01,1.624138626866232504e-01,2.436610582447208684e-02,-7.899920432321794195e-02,-5.672855280791855997e-02,1.362129133919407209e-01,-1.542063354481998383e-01,-1.761978882864735085e-01,-5.884832393759172747e-02,5.017431033929729833e-02,-3.252999874858821250e-01,7.507530844433756012e-02,-6.303396285187988501e-02,1.262771178823124674e-01,-1.034313303155669078e-01,-1.024255375661849987e-01,-1.455948871136143741e-02,-4.580629558869018375e-02,1.552945919324550707e-02,3.680778396543693542e-01,-1.895148090086203885e-01,-1.216524069865813351e-01,5.778993586256050974e-02,1.530662404148810385e-01,-1.070383057488223481e-02,-5.504374337980753873e-02,1.549664919339364955e-01,-1.859536711164539724e-01,-7.880973764687330962e-02,-1.927126143545729586e-01,-1.146412016165837822e-01,1.528181048319131041e-01,7.603068167184635906e-02,6.518718520181644716e-02,-2.773394222787200492e-01,3.466292636520044990e-02,1.453762309281927956e-01,1.410369432687588465e-01,5.019593257511956175e-02,1.716137132686205713e-01,9.262542006945882755e-02,-1.543814328097366240e-01,2.668159242056745983e-02,7.135367041803458710e-02,-1.505613993786306948e-01,4.754467881906970783e-02,-1.448991279085557193e-01,-1.270596991611779025e-01
-1.025565763372049966e-01,8.507919319903444952e-03,-2.265470321562218156e-02,-6.310003748467062079e-02,-8.792774378619901132e-02,2.847472996361846698e-02,-2.431438960226921520e-01,2.116547682311535894e-01,6.239028262316515666e-02,5.289750202325852434e-03,-4.686002095659341088e-02,1.369786850984007487e-01,-1.901829222735571534e-01,1.628358928188744781e-01,-2.619056094620940411e-02,-1.887016988332324355e-02,-2.101633961987181276e-01,-1.491183239956652903e-02,-5.256327240393978556e-02,-2.028347905258094941e-01,4.557970526958914081e-02,-2.787606668992506087e-01,1.981059915186863807e-01,2.067594999185380991e-02,1.610535443460322513e-01,-7.763754325181325411e-02,2.214844883195612665e-03,3.847299942235956997e-03,-2.405242989337385839e-01,-2.755420057512324439e-01,1.102393797692540790e-02,6.215847307767694702e-02,6.760486339786203613e-02,-6.742557011045893778e-02,-1.828769816836908202e-01,-9.799711752679572674e-02,5.342555533810424556e-02,-1.789731472906235521e-01,-2.092406370917844205e-01,-5.795477863552472159e-02,1.101115444129729809e-01,-2.571870065713269607e-02,-1.738018524250213026e-01,-2.201888822915985464e-02,5.418265134110435838e-02,-1.600530530591060818e-01,-3.177182488844267905e-01,1.185946795253790126e-01,-3.872410788045146934e-02,-5.018705160684302363e-02,1.895352951489096827e-01,-7.683421475637222664e-02,-1.454879102677195390e-01,-1.357756660526520665e-01
-6.497585556982081283e-03,4.759391344547549141e-02,-1.419983019683919261e-02,5.179953125240480127e-02,8.791205560220670401e-02,1.095383151864609272e-01,-1.651840753369296921e-01,2.580380944810442001e-01,2.253752514531142948e-01,-1.553018448320685752e-01,-3.459738529577009725e-02,-4.582033659395949587e-02,7.026010267302075507e-02,-9.593354427701390741e-02,8.801152288313597583e-02,-1.681444991162109603e-01,1.536241163525998987e-01,-4.836392080859669429e-02,1.007837345311099822e-02,6.224269485637127022e-03,4.971200020538992653e-02,1.223319053067705928e-02,9.369452612199596908e-02,2.406112937623539894e-01,-1.237490790218062353e-01,3.712712997122294412e-01,3.150505215994509611e-01,-1.946220280644543610e-01,-1.420853997170966887e-01,1.578990370591850378e-01,-2.270496713276501377e-02,2.162206831910189349e-04,-1.843431830749655553e-01,1.591787543808413086e-01,8.609042323195646718e-02,4.805047257452387671e-02,9.009338138731101675e-02,-8.976854862476257857e-02,5.545380461723039417e-02,2.285605826083728087e-01,4.155828331783183172e-02,-1.024737278963470805e-01,5.858603053744984579e-03,-1.700842231743216748e-01,-2.597299325155985050e-01,5.805442744047719511e-02,1.558226048872648865e-02,1.549681835145376718e-01,-3.757148254219656869e-02,-2.729615086020122441e-02,1.730261829183146055e-02,-2.031691714969142623e-02,-1.460766926268816657e-01,-1.444916329441258973e-01
1.227620026887053101e-01,1.691207611396882970e-01,-4.821024015222431097e-02,1.001727465702752506e-01,-1.158035166679592803e-01,6.533251442228631134e-02,-2.945067332583823153e-02,5.262631640194403819e-03,3.275666372193740683e-01,1.931326954976078300e-02,-1.277331785426681354e-01,-5.660381405863558479e-02,1.193749597366293262e-02,2.931461502644500117e-01,9.489873318497521471e-02,-6.898368208042542082e-02,7.982245242428005760e-02,-3.619967816731044508e-01,-2.163742180038906102e-02,-6.260758425191105536e-02,1.283472366842893231e-01,-1.834160799359809413e-01,1.414790410137278798e-02,9.186742909836879967e-02,-7.026379436686733260e-02,-1.684470673779316918e-01,-2.218470263540901211e-01,-6.910744246354967590e-02,1.450456124650434664e-01,-7.880291673723989129e-03,4.852478031579393614e-02,2.990946433512542413e-02,-1.496478670946009212e-02,-8.923855056154825216e-02,2.307543590728587390e-01,8.728579694733980265e-02,1.865814258455206764e-01,2.370794461510414286e-01,4.304152289978562668e-02,-6.991329094448626991e-02,-5.014604335973508326e-02,-4.587733669997850344e-02,6.430996702239218099e-02,1.405238658649517539e-02,1.050968603741747331e-01,1.293911444501455177e-01,-4.958926399343434321e-02,-1.009955890366467240e-01,2.478644669224267794e-01,1.324905412483797229e-01,-1.520957182925851692e-01,-1.523359903003806137e-01,-1.466654749860425988e-01,-1.532075998356007829e-01
-1.027780015597224220e-02,9.038543995643062712e-02,-3.023889717190032800e-02,1.750316404744305387e-01,2.449554077747137515e-02,-3.289924260857948757e-02,5.588007260723720782e-02,5.572064038689410886e-02,3.132398967723927785e-01,-5.736722592166947771e-02,-1.328336890881011700e-01,-1.657363406203911649e-01,1.802303213233223123e-01,2.301650169954055566e-02,-5.450165842909510810e-02,2.877436063200649805e-02,7.788760044766857016e-02,4.055003192874245821e-02,-2.252000229310101298e-01,-5.497726349635659315e-02,-6.571907532056429913e-02,1.350447285988408130e-01,-1.234136411532072986e-01,-4.340482466906658149e-02,-1.447847727622082747e-01,-4.886622879963076205e-02,-2.607538294584562100e-01,-7.133403008988481453e-02,-2.028765981123983042e-01,-1.702723472565035312e-01,-9.455076157084166613e-03,-5.137103654786339367e-03,1.232193687885319022e-01,1.726345267846371781e-02,2.243977313037238963e-02,1.051880852854787385e-01,-2.991305002206509078e-01,7.675537662338620219e-03,-7.353605076816137343e-02,7.924521742299153737e-02,-6.311767861929076795e-02,7.855465777096948266e-03,3.184621633592299439e-02,2.637737188377764497e-01,-3.080743201804919326e-02,-3.102377678850574139e-01,1.784725010024428016e-01,1.459851087283824990e-03,-2.533970988276949554e-01,-6.360777127583193413e-02,1.307982886591063376e-01,1.904704044741741542e-01,-1.472542573452052528e-01,-1.619235667270721712e-01
1.883139489055454807e-02,1.155193057299373216e-01,-3.563479975382061876e-02,1.062504758102428837e-01,5.621915864031548637e-02,2.628208491744763592e-02,1.724572554268373747e-01,2.164825392679279592e-01,1.329091844438137493e-01,1.058627959434240151e-01,-7.859866782454731637e-02,4.852216493939266739e-02,3.799806087468375615e-02,-8.921911227823654811e-02,7.022894776159631369e-02,2.610154297535830503e-01,5.583821291752940480e-02,1.787988732402553960e-01,-1.935463471434707428e-01,3.187452427237155717e-01,-8.717062482797233169e-02,4.378844587766003021e-02,-2.351099872749722042e-01,-6.374753407892438939e-02,6.580212132844957817e-02,-8.631908159403420266e-02,-9.325678201646020460e-02,-1.744642701491904216e-02,1.460199080956008089e-01,1.395574207184700722e-03,1.456241528259927531e-01,3.811901994888063777e-02,2.877563120570011956e-02,6.374126742467710327e-02,-2.764043971837683022e-01,1.045470981965944540e-01,3.146338310033402856e-03,-2.219148430945632189e-01,1.355229098785303401e-03,4.148309249943556848e-02,3.153723575413162894e-02,-2.818693856955694146e-02,-1.599614402856906759e-01,-3.164356480925922255e-01,1.675974864236295658e-01,2.308248726497992842e-01,-6.455467337026700447e-02,1.046669441908567311e-01,2.143160555703886028e-01,-1.898048855135196777e-02,3.986594746452510468e-02,-3.420689392120841634e-03,-1.478430397043680178e-01,-1.706395336185462797e-01
-1.414610424472901029e-01,7.530029326934951917e-02,3.551165499658924529e-02,-1.082724777569950420e-01,5.101013898380484662e-02,-1.669176429022353747e-02,1.889481834337304877e-01,1.022190198822423984e-01,1.185667983946144394e-01,8.633576365409220688e-02,3.581144636368733397e-02,-1.513609020186933718e-01,-8.959026074841935916e-02,-3.374143110173962595e-02,-1.572169755855062911e-01,-1.662564932949343877e-02,1.219673580925910855e-01,1.204956228977914906e-01,-8.079970978823526606e-02,-5.837224319903758230e-02,1.808971719556901059e-01,-1.231681614150528237e-01,-2.126748404425221894e-01,-1.559599202835088572e-01,2.214786034581947283e-01,-3.082741492178477927e-01,1.445238744402767839e-01,1.102965884911071871e-02,-6.395330567459171778e-02,2.312270429712458830e-01,-1.912511177415009145e-01,-1.212632735979798926e-01,-1.268208775103437380e-01,2.626309092505990997e-02,-2.923100321185765574e-03,-3.988772095888316049e-01,3.038383448064504305e-02,4.704947807791617920e-02,-1.075229204224003726e-01,-3.385089015183793959e-02,3.938170093670175648e-02,2.696380685121496992e-02,1.851949372464187504e-01,-2.030399000769194176e-03,-2.278659039764560634e-01,8.296920210078584379e-02,2.584207644862321698e-02,-1.538073461990476509e-01,-1.398093000635048377e-01,8.849889386903775357e-02,-7.519595538990347591e-03,-9.537779223073956925e-02,-1.484318220635268415e-01,-1.793555005100169186e-01
3.269315785211411585e-02,2.283266206925515518e-01,-2.218581097978596442e-03,-9.518810034102617723e-02,-3.250738032527290822e-02,1.403970916427848825e-01,2.141297561632199975e-01,-2.041681651435532522e-04,1.200770209503202422e-02,4.151424824400791469e-02,-8.865756624372360395e-02,-1.638668810775436580e-01,2.367494517161069026e-02,-7.627557306076757082e-02,-2.208142848783242046e-02,2.704288220388719743e-01,-9.881217935680272624e-02,1.032345404995184054e-02,2.556623808433279299e-01,-5.656528129110037495e-02,2.259264948942151310e-02,-1.219831084321372633e-01,3.736483424503352080e-02,-1.196667200222736871e-01,-5.711040845259302001e-02,2.041861425056001045e-01,2.675941604147407116e-01,4.139811168120449691e-01,-4.927973928932657954e-02,-1.166885284283758206e-01,-1.610605169217554089e-01,-1.236753240964433703e-01,3.376208616452051198e-02,-1.606919111459094440e-01,4.778827461431846974e-03,2.495731533485787690e-01,8.883387034548878569e-02,-5.853571051410470100e-02,6.461877586301947862e-02,-1.866235990160371519e-02,-6.125072011237769204e-02,1.004863686850300392e-01,2.281236809112794084e-01,6.331760686925613779e-02,2.904197983890824050e-02,-1.286656507618536838e-01,-5.997554168881201464e-02,9.465480137720107268e-02,1.204903817064686550e-01,2.298615704523352191e-02,-7.719737655917519037e-02,1.291865033745421554e-01,-1.490206044226939641e-01,-1.880714674014934695e-01
-2.254141674606893186e-01,1.153875949904055037e-01,2.053309717130860981e-02,-6.844909933393525381e-02,-8.346448683111592701e-03,6.404137256482572704e-02,1.688332594258776798e-01,-7.594178325667354235e-02,-8.417123466358444883e-02,4.116340572728768507e-03,-7.548638462266736571e-02,-5.372384912126170614e-03,-8.595993562628972962e-02,-1.792519069381101615e-01,1.449357078138207092e-02,1.562416371665450165e-01,8.447737864236840380e-03,3.645093165042220806e-02,2.123230207596094044e-01,6.761326092051446468e-02,1.534405966106235364e-01,1.194932843627756480e-01,2.742164896798696128e-01,-3.596185221817326666e-02,-7.159440623554572114e-02,-1.217474611355311570e-01,2.130337372226927262e-02,-1.931833061957180797e-01,1.086495707780473496e-01,-1.958932716973003918e-01,1.507348386843103127e-01,1.727230334430492065e-01,-1.707347092212622708e-01,1.158663780504819996e-01,1.239886195015506010e-01,-1.567940887208241485e-01,1.760533863060616266e-01,8.832920760494859802e-02,2.193735434698540210e-01,5.532387122251872236e-02,-2.706432109593829849e-01,-1.004811077992570911e-01,-2.712154889082079579e-01,3.229610703627467522e-02,1.023947896860726847e-01,-9.085715817785879056e-02,2.264562741799860945e-02,-1.586268741774254087e-01,-1.642324573614611649e-01,-1.297272084286695271e-01,9.568613994641790577e-02,3.292702901057340675e-02,-1.496093867818533707e-01,-1.967874342929669951e-01
-1.741418010599664890e-01,1.725681565782989924e-01,-7.539772067405649258e-02,-1.934538961609746921e-01,8.322844575808037437e-02,1.048861598285696917e-01,7.842378523146385783e-02,-2.437101193605855851e-02,-1.264258544661877592e-01,-5.885754637121217575e-02,1.803907301662467100e-01,-2.200369556182776160e-02,-1.282838547785774830e-01,-4.077522931734745004e-02,-9.780224140726032078e-02,-7.333536018133594847e-02,-9.534480017208322999e-02,3.378891628077509285e-02,7.205033704350539969e-02,-7.305942428734218952e-02,-2.455710561265876390e-01,2.631850563518004504e-01,4.796229763174014032e-02,-1.104693499878407204e-01,2.900445152265835463e-02,1.593049881510696930e-02,-2.119271533972359178e-01,-2.024532601429787360e-01,9.972775911494081991e-02,2.081877019101105800e-02,1.812605274441292380e-01,-3.071862255851445789e-02,1.083212113099303250e-02,1.162395201239601873e-04,1.152455816040019454e-01,1.429640499331434333e-01,-5.949081383977605775e-02,7.181349218298768711e-02,-7.564656019129263609e-02,-1.660670350026657860e-01,2.751867012077432451e-01,7.504425573048632836e-02,1.913291654390167828e-03,-3.436932576723665750e-04,-2.930052442713986793e-01,-1.513604522998908131e-01,1.095936560055647650e-02,2.389725074151784479e-01,1.752431825063667792e-01,1.100445516334851714e-01,-1.180790040530429047e-01,-2.152657518376800971e-01,-1.501981691410145814e-01,-2.055034011844413810e-01
3.544943011383762388e-02,2.317916053891508621e-01,-1.094801601286786996e-01,-1.165697283423099417e-01,2.479562834807547411e-01,2.048908779830451235e-02,1.018102869364173255e-02,-1.213750336840741934e-01,-6.459666649857991050e-02,-3.503943127733027962e-02,2.070167800164195160e-01,8.001031095453620123e-02,6.065016452282036979e-02,1.053881709600246047e-01,2.435529807839934280e-01,-1.083220089470012526e-01,-6.924935631058333485e-02,-9.339421530608094102e-02,1.391565010591489238e-01,-2.930019795667228588e-01,-1.072043063269385726e-01,4.366009958147154535e-02,-1.584622623475626449e-02,6.112799600865744670e-02,2.251380080785444354e-02,1.409408679656672103e-02,3.562867402745549528e-02,-6.957094602060823196e-02,-1.730622661451863570e-03,1.479936537220499504e-01,-6.287434321413001848e-02,1.044325680473074391e-01,1.003458068254539926e-01,1.015234388732653287e-01,9.644587727642940297e-03,-1.007223891041225949e-01,-1.851109630381231053e-01,-1.349784684326084394e-01,-6.420912278623924774e-02,-3.723820364331681398e-02,1.058474862091747654e-01,8.258046510505040461e-02,1.083337676514271875e-01,-6.055293732872176621e-02,3.999064109069080941e-01,2.516455297723784179e-01,6.724575443227902294e-02,-1.187689356033852228e-01,-1.197479454222996204e-01,-1.639728612651916717e-01,1.908360958004122129e-02,2.211691566781560925e-01,-1.507869515001778460e-01,-2.142193680759107710e-01
-3.170242743164993771e-01,9.157266260891573639e-02,-5.221850695216628119e-02,-1.301801862043949765e-01,1.623016415766662390e-01,-2.270920747441882437e-01,-2.547962506357897075e-02,-3.065912021302508728e-01,-2.502606729732230195e-01,-1.646666658634724778e-01,-5.429249498104548634e-03,2.552519231495192220e-01,1.666442323544166104e-01,1.620465889350106714e-01,8.483071305582381982e-02,-1.746112371050807521e-01,5.281534909810664535e-02,-1.191433832145017829e-01,-2.065719431707883635e-01,2.560520935746054549e-01,1.563668055383339306e-01,-3.843685027290553308e-02,-1.364119943883714270e-01,1.322927704899143353e-01,-7.346244016492543827e-02,-8.622039361814468755e-03,2.250526758840332500e-02,2.509915705246396622e-01,-6.443023476537133865e-02,-1.571734752737892482e-02,-1.137964391084425250e-02,-6.813465811732070943e-02,3.815862946259297034e-02,-6.892851463684679381e-02,-1.649965607628474384e-01,1.037764534482077255e-01,3.547826601673619712e-02,4.771348276719375447e-02,3.089150731354135815e-02,1.125939065991717614e-01,-1.060716442806184934e-01,-1.033009769897110242e-01,-3.042720578046236718e-02,3.000855965975074077e-02,-1.313211800642335725e-01,-4.425144162622492855e-02,-4.028606516658087694e-02,-8.739963086163132083e-03,6.598179598066558973e-03,5.282888228160016741e-02,2.233217275565407139e-02,-7.366019681837503164e-02,-1.513757338593415269e-01,-2.229353349673900697e-01
