-9.517531517538983798e-02,3.603203958101590665e-01,7.712481508501273231e-02,-1.975376400313571743e-02,-2.632349251932351586e-01,-1.695662689367194789e-02,-5.064794744093949891e-02,-2.614170072739918083e-01,6.797102564919885181e-02,2.181108802698743521e-01,1.158720787797588164e-01,3.663297045186498790e-01,1.859481640591238716e-01,-8.600882318845319563e-02,1.007929314716184133e-01,5.407482392996212917e-02,-7.796265039113396689e-02,-4.300158744112919651e-02,1.306438335107807935e-01,1.828687551977575126e-02,-8.223314746899666738e-02,-2.447380217658479684e-01,-1.265868084535563733e-03,-7.718258837494748614e-02,-2.985233441727810910e-01,-2.191844297587415558e-01,-4.339663130654650841e-02,-4.872193110977304092e-02,-9.198013685916002491e-02,-3.047853544419288491e-02,-1.978967142146250205e-02,1.828400135066911847e-01,1.773790623822087131e-02,5.717104170355305492e-02,-6.912217109567703188e-02,-9.537900708048520360e-02,1.249791193864137756e-01,-5.795580241884091405e-02,-5.681022705659662109e-02,-7.272536519860593740e-02,7.274256047264930636e-02,6.295320912208324238e-02,-1.251880118563538369e-01,5.168255331955788623e-02,-6.682289388348203185e-02,-2.708192711416814672e-03,-7.511772247149348103e-02,-3.706126764577123006e-02,4.312102688718203944e-03,6.461799210064725352e-02,1.250857332377635078e-01,-3.010853819141788221e-02,-2.671963187789652694e-01,3.645022573639821600e-02
-1.199908200978707790e-01,2.287032133714810289e-01,-3.508028220167552780e-02,-2.133104376243024625e-01,-4.965069848966231075e-02,6.398589983390023939e-02,-5.518233808012503600e-02,-3.053535558797223493e-01,1.251721302480104658e-01,2.653875800372407778e-01,8.637675037493761088e-02,3.302724072768187941e-02,-2.009546579683196554e-01,1.336278699730903408e-01,-1.414103716225448559e-01,-2.683842116798320493e-02,5.078908194109107987e-02,-1.653080145937739220e-01,3.001094991951028246e-02,-1.127118279316081106e-01,-1.309753173672395243e-01,2.443381616717022475e-01,-1.726764798563475492e-02,1.449083184710574235e-01,2.817612937648577009e-01,1.025255101534212759e-01,7.797690886484197337e-02,-1.273142867103907727e-01,1.831876411869111099e-01,-4.882498080444759581e-02,-4.754506899318291374e-02,-2.213443522955117482e-01,2.236667226024541821e-01,-1.049247828476585626e-01,1.064966041351920467e-01,2.525537546725456842e-02,-4.728397271949537350e-02,1.195445849197191018e-01,1.069601444751635405e-01,-8.026803276764775397e-02,-3.372606528157444383e-02,2.392712461816846881e-02,1.262947184630743291e-01,1.791738771637511884e-02,-2.301979658412882726e-02,8.414247138953556693e-02,1.139770710152524097e-01,1.167488188367849997e-02,-9.475980408337371375e-02,-9.619954734593624823e-02,-1.491521948612319626e-01,-1.197940107801794551e-01,-2.601284683603452552e-01,3.104287393139035928e-02
-1.313483064620738494e-01,2.095365800501761411e-01,3.934145357693467904e-02,-2.103031560035729108e-01,-1.777322325039287429e-02,1.043638085551651107e-01,-4.064833637880729822e-02,-2.810841307819809953e-02,1.095169974825940459e-02,1.658714998949014641e-01,6.957829284471564457e-02,-1.210027170276029157e-01,5.443479328757655500e-02,-1.492966357599612437e-01,-1.554101005117518586e-01,6.523993337567658701e-02,3.591060420058146685e-02,6.416473111657136630e-02,-6.044733645914919518e-02,8.436115146781118790e-02,3.493032672416478968e-01,1.122801673372676029e-01,4.365848553012553757e-02,-1.447034152163083898e-01,-8.458185670909060955e-03,1.394715034381760199e-01,-1.395831109130611647e-01,1.822321299528295302e-01,-1.852942748314670707e-01,5.324270845681956799e-02,6.653414529594352256e-02,2.625293741681576989e-02,-2.565493188840687333e-01,6.828028080121589793e-03,-1.588209150276758130e-01,1.325368726328987334e-01,-2.626013011916407680e-01,-8.165742798403921240e-03,5.949133331199821240e-02,2.885666468107802030e-01,-6.939913782049916824e-02,-6.603216695415541071e-02,1.385841278777230345e-01,-1.552632593460844534e-01,1.233919620404164419e-01,-1.017853861611202615e-01,-5.321974604389737018e-02,-7.449707358586003803e-02,1.466712402695139750e-01,-6.672763296117556475e-02,-7.814743034001313260e-02,2.078454219043329165e-01,-2.530606179417221324e-01,2.563552212638332828e-02
-1.761058746951455756e-01,1.610565372162990061e-01,5.309765200170078053e-02,-2.358547184134658359e-01,3.875243792548123400e-02,4.652661550596935702e-02,7.158592112848884137e-02,1.290006006555634854e-01,-1.317975468891175450e-01,-1.218295177269246854e-01,1.134510635341100110e-01,-3.477707921740770258e-01,3.576176710398600717e-02,-6.622230078107509132e-02,-1.430175153755755268e-01,-8.881844927161385017e-02,7.855362552346953353e-02,2.318557932051869552e-01,4.021395904458568288e-02,2.778708156237807373e-03,-2.877152394496891238e-02,-1.164634627540525741e-01,-1.081591247334892369e-01,5.204915651168978002e-02,1.324768804384002518e-01,9.485474770939932021e-02,6.784083869582764603e-02,3.962585751485533936e-02,1.821242290288030419e-01,2.613754483774884396e-01,-2.084209714096129928e-01,6.947841764170598067e-02,-1.244119216713860387e-01,1.438181084514997821e-01,7.574145680774398148e-02,-1.192598256999999051e-01,1.880086936957196253e-01,-5.926331432173109065e-02,-1.372482662235544049e-01,-1.409629123793818273e-01,1.805523512724826196e-01,1.441693595599251032e-01,-1.242472022092928341e-01,2.864108776708291365e-02,6.224751256649598691e-02,-2.858671666816420959e-02,1.141695917371886998e-01,1.155714673223713074e-01,-4.572394660122679200e-02,2.728422522420445584e-01,1.133169533749706359e-01,-4.360324259048745793e-02,-2.459927675231013133e-01,2.022817032137540910e-02
-2.107184110562258517e-01,1.012246465643709403e-01,9.642871260555260782e-02,-1.342952311745381766e-01,1.250040259000675946e-01,6.180537197238219344e-02,2.075445979123917341e-03,1.534946781299268148e-01,-7.257919114221546286e-02,-2.133425448230474863e-01,6.607864070618363339e-02,-1.255809208553899936e-01,5.512598295098025680e-02,1.039349578814956071e-01,2.091538516934732250e-01,-1.133813292767525266e-01,-1.530263258176842341e-03,1.031478026520641217e-01,-2.736359085532029736e-02,1.094201923382570329e-01,-2.175852314684418864e-01,9.491483126398690684e-02,-1.010652695568791705e-02,1.208857383616175063e-01,-1.016846165628480653e-01,-3.258397984510159051e-01,-5.839578107289577352e-02,-2.529391993452700590e-02,3.119589647451939673e-02,-1.350951334639451662e-01,3.213295635268065831e-01,-1.358440005205542311e-01,-4.392053772405490886e-02,1.448130948247927652e-01,1.303630768642233817e-01,1.948186119046498577e-01,-2.101667223026273956e-02,-2.435241008290338696e-02,-1.681475293700984974e-01,1.432571412342324157e-01,-2.330345277313707331e-01,-1.675310136262181671e-01,-4.104714720940659534e-02,6.777163675720991598e-02,-8.435110953398984590e-02,2.193622168632219371e-01,-1.216234371947336745e-01,3.107924621852723931e-02,-7.333020667339061605e-03,-1.587432271569928777e-01,-1.801823936387033503e-02,-8.780977598157013730e-02,-2.389249171044791342e-01,1.482081851636818381e-02
-1.935957377112756672e-01,4.510435610802227685e-02,-1.253507915770007419e-01,-1.227406478924672473e-01,-3.884988631299103514e-03,-5.744864314221513613e-02,7.211171885973159668e-02,1.478253615784520247e-01,5.387676154430690121e-04,-3.452172429758972871e-01,8.429069344943797282e-02,-4.953337516848578537e-02,4.349752974091655733e-02,1.445273268130936595e-01,1.745528171500635994e-01,3.588880284573302965e-02,-7.000087637741798929e-02,-1.181396777240266080e-02,-2.349269505438927874e-01,-1.921638565274427779e-02,1.398952541823020312e-01,-2.190259555757446963e-01,5.504588645156494736e-02,-2.024220833973151001e-01,9.193040350408211714e-02,6.110392383689100537e-02,1.796251458225234243e-01,-2.181850241659598899e-01,-1.480593783029295618e-01,-1.953731390317353656e-01,-4.145861159026953749e-03,6.646286469531482999e-02,3.387979533972427792e-01,-1.427590544591214872e-01,-7.399648319360950521e-02,-1.105037942177747035e-01,-3.191272179042521639e-02,-9.636224431137363489e-02,2.604634334894052050e-01,-1.892269584295244722e-01,4.153598323853328368e-03,-3.005732741121782542e-02,-2.640762255489134680e-02,-1.202972989805189130e-01,2.837814551394948759e-02,-9.066968804615460620e-02,1.063781385788927641e-02,-9.950654192720584379e-02,4.501476453715593656e-02,-7.541833885868021170e-02,-7.214625370523305992e-02,1.368586572662300327e-01,-2.318570666858588702e-01,9.413466711361381800e-03
-1.596337605895728484e-01,3.172278946082823792e-02,5.426731473001697448e-02,1.147221908728514039e-01,2.051479532142909123e-01,-7.137189980383752685e-02,3.031217770453240035e-02,-1.272397824760643226e-02,1.432789175937179823e-03,-2.527089227197268917e-01,-8.003033936693304540e-02,1.920993283769131532e-01,-4.085086494549311498e-02,1.465835975836365379e-01,9.745406296960792969e-02,-1.928471570855146144e-01,-2.012958821488340377e-01,-2.890035336520297427e-01,9.170252697599001745e-02,4.966262311961460590e-02,-8.884662136838221425e-02,-5.930952557504444445e-02,9.001040199807987252e-02,1.896471858294929147e-02,4.536789165245208588e-02,1.487732426204347591e-01,-7.692881815024421588e-02,2.657891660993746963e-01,-3.547001646438564804e-02,8.682192924409111445e-02,-1.123633454596429104e-01,-1.233373749137051667e-01,-3.145884902407819483e-01,-3.723567352878074388e-01,9.722310609629473271e-03,-1.540138318046659939e-02,6.951994306971741311e-02,-2.689948400826475128e-02,-3.634109106458650179e-02,4.878936688227794582e-02,4.040920101888316462e-02,8.493992032370053374e-03,1.852210347618850894e-01,9.532518553552452034e-02,-1.497343242156178589e-01,-2.390165717101176424e-01,-4.552878239577051733e-02,-6.220835743913215614e-04,-9.942202375235147105e-02,4.701996788851764419e-02,4.652687676359445329e-02,-3.477027243723600225e-02,-2.247892162672371352e-01,4.006114906352726233e-03
-9.337491705374124928e-02,-8.890054513993035645e-02,-1.664733012222916197e-01,-2.346644323744425525e-02,-1.578467734720260807e-01,-2.113381071015774382e-01,4.726482946244073280e-02,8.816503474482258185e-02,9.367181153927961468e-02,-2.465385623204621179e-01,-2.153562882844032023e-01,2.720564819955091918e-01,-1.520840193103934757e-01,9.165886669294366629e-02,2.712617597667654062e-02,1.186650647893322391e-01,-1.825627767887305283e-02,6.101785371507294740e-03,2.489466613908958015e-01,-3.818929755000048665e-02,2.319876003780075024e-01,1.306642140830129861e-01,5.694353363427814146e-02,6.547067243906137639e-03,6.338948078517553202e-03,1.306240837456703052e-01,1.766170013772623212e-02,2.367883551089130026e-02,-1.383424549859289809e-02,-2.368897119534434104e-02,-1.261281205100935610e-01,5.257773463310104478e-02,-4.255328744920464090e-02,2.224073889795716852e-01,1.151264110069088603e-01,-2.991127752637069356e-02,1.150091412521669009e-04,3.196168114283399753e-01,5.123625197134321768e-02,1.823847449901376261e-01,-4.047578247693241205e-02,4.805157904835209021e-02,-1.925401589109847211e-01,-2.987002910472912748e-02,1.590003073455669436e-01,2.454332329427388604e-01,-4.572641418135663105e-02,2.113400069261676673e-01,1.352997277477411275e-01,2.579520623192771075e-02,7.766381691055830594e-02,-1.169865472352305674e-01,-2.177213658486160663e-01,-1.401236898653525223e-03
-2.722796028727497708e-02,9.284238882972083162e-02,-1.323032372644821208e-01,2.099145265345612743e-01,6.184245390614596244e-02,-1.359535463093433649e-01,-2.885943569280865345e-02,-2.228927744529354132e-02,2.142714482895453354e-01,-3.602920060307557987e-02,-3.140163273767992980e-01,-9.917820692148109074e-02,-2.071190674467570381e-01,9.342830452435693656e-02,-1.035656018501318748e-01,1.566829878432986489e-01,4.230952696918895833e-02,-7.377535141700480859e-02,-1.330520260967736068e-01,-3.222676884377524004e-02,4.700862596597028126e-02,4.514682740183054849e-02,-1.162876121425027859e-01,8.758118529857640555e-02,-2.277258581314546004e-01,1.338816445660569454e-01,4.305168912139266391e-02,2.451483001624849556e-01,6.528320100639611878e-02,5.308551482462590260e-02,2.792686722241736752e-01,6.055231525545913540e-02,9.359613053413669281e-02,2.738049515204915574e-01,-1.371891760973518448e-01,4.081897322296815234e-02,3.551067925961726157e-02,-1.551604822306220932e-01,-1.811081577088727579e-01,-2.554188694537421478e-01,-1.302796029647933056e-02,6.071743231821906395e-02,3.063730332498562983e-02,9.622808672531658891e-02,1.080837196489801109e-02,-1.696014660320383644e-02,7.874580494361291261e-02,-2.051140883144122185e-01,-1.745340089189938437e-01,-2.266888681127306182e-02,-2.220530485976443189e-02,1.568060284696432549e-01,-2.106535154299937762e-01,-6.808588703660742487e-03
-5.762599752021470983e-02,-6.549438164652124361e-02,-9.985343424010993674e-02,1.810577763136906326e-01,1.146052686014823602e-01,-7.460015929253803468e-02,-1.717659825158955877e-01,9.439337620099286924e-03,1.111478653218849616e-01,5.044799784937192139e-02,-1.790799402622585412e-01,-2.047396006174183325e-01,-4.341065701999097248e-02,-2.545943736991311268e-01,3.141002977827127979e-02,1.015275438763317967e-01,-3.216573964164570060e-02,-4.294135465847864004e-04,1.583001266697059706e-01,-4.345773811993884350e-01,-1.825130761467845808e-01,-1.091854310357693453e-01,-3.718759205521911942e-02,-8.499114419930121900e-02,-7.226808591026182005e-02,-7.826999500586756531e-02,1.604849687853663331e-01,-2.445768973320390505e-01,1.419442202143829102e-01,2.142260904015673706e-01,3.312214696603406339e-02,9.537227139913624641e-02,-5.629319004463159692e-02,-2.222678330643178268e-01,6.827084985865596034e-02,5.551251314351157012e-02,-1.956742720538709457e-01,-1.557521737656055727e-01,2.249494989782396814e-02,1.148149550954865872e-01,9.303156284701631640e-02,-8.006037691009937340e-02,3.298413675883304919e-02,-2.113534155446150989e-02,1.937429265997679326e-02,2.570190812404021460e-02,-1.649473237835205608e-01,1.126536003043478312e-01,2.265667230780983588e-01,-6.729060069135499311e-02,-2.462466015198434832e-02,-9.944939276923154409e-03,-2.035856650113752331e-01,-1.221594050866868335e-02
-7.285795404491526850e-02,-1.146775682506995936e-01,-8.667475007020591926e-02,1.645543204618154232e-01,1.817005440429165231e-01,-1.052145437042868586e-01,-1.693833052871957789e-01,1.455159164648442138e-01,1.481747834255767726e-01,-2.956254653686582121e-02,1.271559144247684792e-01,-7.768870344260597749e-02,1.536055102654552973e-01,-3.494357077238010589e-01,-2.584118397864338182e-02,1.023266567365763158e-01,3.346905148117331752e-01,-9.236627822974149971e-02,1.535551625411712626e-02,6.076922157409070380e-03,-1.107884258752377948e-01,1.435526166603451059e-01,1.966787358120117013e-01,1.449920722559473740e-01,-1.267576598572799605e-02,-1.802940599572738500e-01,-1.210765411265961183e-01,3.014325545146654198e-02,-3.001349871564594762e-01,-1.706950126868457263e-01,-2.081410543293157056e-01,-9.859345822924026059e-02,1.342189345008580892e-01,7.724944568004213363e-02,3.850167845490667234e-02,-8.579490365765189697e-02,9.626235093438839652e-02,1.764818500734452178e-01,-2.576539425754939203e-02,4.191993823185460183e-02,6.625652087242001054e-02,1.154940423683213924e-01,5.001594701962840117e-02,3.685173676722271890e-02,-1.290910378624752532e-02,-1.582623983589543926e-01,1.182450629977814111e-01,-1.173658024068908734e-01,-2.484857508113809052e-02,9.359374809269610518e-02,-1.293115466673769587e-01,-4.041053974015045014e-02,-1.965178145927540809e-01,-1.762329231367521995e-02
-1.746393670624887275e-04,-3.344663107928422946e-02,-3.376281235592210050e-02,1.538354901946268338e-01,-5.064473845074682866e-03,-4.162641091080548222e-02,-3.860299120747526930e-02,1.746645622700836176e-01,-1.899137984144551317e-02,1.232138776188714951e-01,-7.136200448413783370e-02,1.454542811029924387e-01,-6.776327135279586189e-02,-2.833247534227287256e-01,4.832790551133815671e-03,-1.715407946719715859e-02,-5.543636106362005711e-02,2.056369692875625321e-01,-1.530437714267360028e-01,4.498979655263252164e-02,1.369953799968017527e-01,3.430417027081958392e-02,-2.304110560699588472e-01,2.404260318057451218e-01,2.729580642464372042e-01,-1.518625030709436496e-01,-2.650455658085426047e-01,4.560446348414068374e-02,1.701373842291641625e-01,-6.714104076516025366e-02,6.227123096894864734e-02,8.410214038348473586e-02,4.444746882288155149e-03,-2.504003869469194066e-01,-1.504024425627080996e-01,9.731462018410275139e-02,9.782090477537097595e-02,6.445543250187471540e-02,2.625815940825015904e-01,-1.249403772688455760e-01,-6.858457357061080450e-02,-4.821575339992940912e-02,-1.439478857667488843e-01,-8.671271729527232908e-02,-1.230422706560705126e-01,4.718184359965550689e-02,-5.050191624382432964e-02,1.052982414343771045e-01,-1.793547923336664407e-01,-2.140997612879097858e-02,2.391412226344236114e-01,1.066916256497406207e-01,-1.894499641741332618e-01,-2.303064411868287198e-02
2.038405640127564748e-03,-2.651973691622157986e-02,2.167014551820418966e-01,1.812680380153805504e-01,1.976252500595020167e-02,6.973131125333405234e-02,-1.285171934632061141e-01,1.899360731102886224e-01,-2.669017719673613676e-01,1.320843141605067550e-01,-1.420202377093990331e-01,1.455838529383318147e-01,-7.886244551490748100e-02,8.421373568678999083e-03,-1.244737138993881435e-02,-7.355344341123844221e-02,-7.920095331332598076e-02,1.407824883515038372e-01,-7.272720173347720085e-02,5.584369221657937976e-02,5.290422194109171278e-02,-1.101216046154174094e-01,1.259757673070838746e-01,3.670702976030452286e-02,-1.661510238207263290e-01,7.946497565602383961e-02,-8.565957793077015603e-02,-9.041467853098938967e-02,2.179663340940507510e-02,1.184799598228639256e-01,-1.388615406180143119e-01,-2.755052514520527074e-02,5.749181642253201052e-02,1.227932328459922784e-01,-3.626880452415939121e-02,-2.164328280430590778e-01,-1.821594198186867464e-01,-5.472896084796893823e-02,1.438101657737539917e-02,-1.090509888626317869e-01,-1.977309098334782966e-01,-1.225767266696578539e-01,1.890223167763417367e-01,-5.276640850298814495e-02,-1.274444951494239364e-01,5.306340001541188373e-02,4.550543270924625738e-01,8.700975422304463303e-02,1.540690414097710959e-01,-9.539040791744773928e-02,-1.156164906216983479e-01,-2.172289252886191457e-01,-1.823821137555095284e-01,-2.843799592369019441e-02
-8.831209577548108924e-02,-2.632356372089468266e-01,1.080162579884282881e-01,1.714256406273705069e-02,-2.523420997717243635e-03,4.875656882713414603e-02,-1.740963373299569683e-01,1.184166325931031577e-01,-1.634130153265457019e-01,1.616277582659928214e-01,-8.058913341615572823e-02,1.488969371719769674e-01,5.400039095905992403e-02,1.087695278160673469e-02,-4.462734879866239734e-02,-8.102997868821142091e-02,8.318279552816240305e-03,8.703646992416777528e-02,-8.094547705859100883e-02,1.971690852641352909e-01,-1.980194292481844698e-01,1.095210887186911369e-01,-3.793760397140125140e-02,-1.961792136565125855e-01,2.315246029782089959e-03,2.045797662651904769e-01,8.954035239224202025e-02,-1.784558608530837920e-01,1.448234278785010543e-01,5.224940519083131479e-02,-1.155179636443956215e-01,5.778690506142631668e-03,8.926876456788046532e-02,3.891597231962234255e-02,2.019160844387019732e-02,-1.387971258857250700e-01,4.989183543322515263e-02,1.236995029842732907e-01,-1.220426179534565697e-01,8.775789904245290263e-02,-3.635934163451166878e-02,4.797769330680825423e-02,1.010324095765996327e-01,9.217546161747418310e-02,2.156324185462756837e-01,1.826309789737440639e-02,-3.608942597132727137e-01,-3.590436840945956942e-01,-1.218969515314487495e-01,-8.959932539393097861e-02,1.735802800699848825e-01,1.576435269439023790e-01,-1.753142633368894865e-01,-3.384534772869840502e-02
-2.384010769533774846e-02,-1.879683110155785652e-01,-1.638397925271140865e-01,5.784219398524668293e-02,-2.581378667112282366e-01,1.292250912251756249e-02,9.925799450155949055e-02,7.479979480737689035e-02,-1.179147634984645532e-01,1.643486032928669072e-01,-1.024373661257101248e-01,-2.274538780190684881e-02,1.335491052141175028e-01,-5.215767302788713866e-02,3.470501291232287733e-02,-3.088937378131364486e-01,3.574857469053950576e-02,-1.389325545756482649e-01,-1.928379529200989762e-01,5.660052061547816288e-02,-2.479004513425417389e-02,1.509405622227607546e-01,-4.313068533487580264e-02,-2.421452591170813740e-01,1.993738344780964303e-02,1.704511519281017295e-01,-4.857943305048463556e-02,-3.316819465315122561e-02,-2.695611809325039118e-02,-8.021059915304031007e-02,1.625861402871854877e-01,1.387748000351205491e-01,6.350982580333164318e-02,9.715109900296894918e-02,1.099491535429095862e-02,2.524856761783429437e-01,2.724323177196422488e-02,-1.236857470223430289e-01,-1.298333760191364324e-02,9.561568812583182142e-02,2.282792910478068649e-01,1.455809190388648866e-01,-7.270334343659859422e-02,9.121383513930270137e-02,-2.084298617518739738e-01,-1.274507770922246319e-01,-1.756474872764871020e-02,2.391144620621884209e-01,-2.803482721667235542e-02,7.041710637870962630e-02,-2.108877251203243874e-01,-2.539890286322587509e-01,-1.682464129182673629e-01,-3.925269953370511683e-02
5.342227246395649110e-02,-3.370234518198841900e-02,2.414806993010694958e-01,2.186401118525646559e-01,7.440711541738985468e-02,-1.092761465215272149e-01,2.745886691734785723e-01,-3.438256359958528907e-02,-1.392282140325313833e-01,1.982804167343472368e-01,-5.047463484778584586e-02,2.199694104493631758e-02,2.465544906575141068e-02,-2.077733086001154472e-02,-4.709340189490290179e-02,-8.911380566001145254e-02,-6.677677431149084408e-02,-6.530939676857495935e-02,-6.711161718046418367e-02,-4.325036999896410272e-02,1.567823140247137648e-01,-8.781506166630299870e-02,-4.677157963170936600e-02,-6.852711954116695418e-03,-8.578254061254064755e-02,-1.156463147151167437e-01,2.921249751603655076e-01,-3.408243797751214776e-02,5.759393880898950463e-02,-2.309248927550867914e-01,-1.077606713680827159e-02,-3.107170447374791866e-01,-7.808593892715237628e-02,-4.299839476214672301e-02,2.061530604149693635e-01,2.542567486055862247e-01,1.212340164836767931e-01,1.295599231963689146e-01,-1.124156154819793557e-01,-8.828458832501022424e-02,1.764186856056860347e-02,2.038088456137683233e-02,-1.034226959369431570e-01,-2.140997009195888534e-01,2.081129709957170448e-01,-3.551616235331872540e-02,7.710688324137889016e-02,-1.548813455079331436e-02,1.486233006616112795e-01,1.843521966054494921e-01,-9.122807037435669286e-02,2.114706075882889225e-01,-1.611785624996456556e-01,-4.466005133871097516e-02
-1.572045223744534745e-02,-2.842049573001069196e-01,-3.861386612480507269e-02,-4.020630944493003289e-02,6.148338040118424275e-02,-1.439424032649783657e-02,5.584246814398699521e-02,-2.718811788837902435e-02,-1.080925154207016403e-01,1.528254467504300829e-01,2.638921305255538807e-01,-4.122729919395495130e-02,-6.312435134589808317e-02,1.728117646647207573e-01,-7.825772073893802472e-02,1.934864243674201123e-01,-8.507044440472710800e-02,-1.965343850700327077e-01,-1.054986624919273253e-01,-1.422100114707081087e-01,-4.902835957967922875e-02,2.338993080928825630e-01,-9.524145995590638236e-02,-7.620820953145780730e-02,-6.036820225870700996e-02,-3.639590451623258421e-02,-9.440442939703212744e-02,6.340439089609535735e-03,-1.865405634317399419e-01,-8.621246814634804523e-02,8.837539221741780304e-02,4.565865862739442588e-02,-4.923454982645542044e-02,-1.308669884672942207e-01,-8.147014450903228289e-02,-2.216358147620259567e-01,-8.706576878034808648e-03,-1.795638083413481634e-01,-1.009636750182784648e-01,-5.319633940312240225e-03,-5.769382366836263432e-02,-2.778762506542258315e-01,-1.549716086852219454e-01,1.748631609309578838e-01,2.517331688111151822e-01,3.743385002694797625e-02,1.718191126487235709e-01,1.738358476760898108e-01,-4.121733150841604652e-03,1.885716590778171164e-01,2.616147761504535874e-01,-2.332691915966735030e-02,-1.541107120810264741e-01,-5.006740314372033068e-02
-7.467403834170344840e-03,-2.446236776924138601e-01,1.061869811278171316e-01,6.888407994457211581e-02,7.524644334939567525e-02,-4.911570224845947241e-02,1.842910943834389359e-01,-5.752412682713612530e-02,-1.450515793167929390e-01,1.050698831519463472e-01,2.012635425180890059e-01,-2.189335015053345615e-02,-1.264594268665424071e-01,8.888312621299823690e-02,-1.121580731718596208e-01,6.665273051585270114e-02,1.364192619174004195e-01,2.002707710043126824e-02,1.147578334475228279e-01,-4.623017148492596790e-02,1.752716203421909036e-01,-2.111089745628906833e-01,-3.221602763609006381e-02,2.462096393540062073e-02,1.500080626529373962e-01,-1.578493398872884701e-01,2.141543449015328171e-01,2.297866326181309815e-01,-1.116063916910835091e-01,3.841505112325403065e-02,-4.149841950053222150e-02,5.646196750355798183e-02,-6.945237109101470852e-02,1.083004090658742646e-01,-1.270901155897753154e-01,3.823469748786677280e-02,4.960524540260193016e-02,-3.945269042160910039e-02,1.553684359709802398e-01,-8.032838899240699743e-03,2.431608461471268245e-01,-6.684437388291439297e-02,3.854240905755260821e-02,1.660307727946243594e-01,-1.570741750478210630e-01,1.951212402613634878e-01,-1.466237455606871631e-01,-2.320237717323498927e-01,1.506281381664631089e-02,-3.199413993815982682e-01,-4.169160974539748432e-02,-2.564047167919336623e-01,-1.470428616624061546e-01,-5.547475494872697310e-02
1.561822148931802517e-02,-2.612380533889435696e-01,-1.728290460762351155e-01,-3.546584811330166006e-03,-1.722007406006343389e-01,-9.807683125500996513e-04,2.236739176275655550e-01,-1.350204175367701598e-01,-2.158366566775309081e-01,2.280243497020041643e-02,3.567404601603452186e-02,-5.460956504031028863e-02,-3.810506451886051804e-02,1.155274113827718802e-01,-8.275846280690479784e-02,-6.040828775650712579e-02,3.855477416459705126e-02,6.035503460100170858e-02,2.505032319341651825e-01,-7.337183255956220007e-02,-1.479815695462824710e-01,-6.668062001053705334e-02,1.898479347791328653e-01,-2.362085027643108862e-02,1.946360540696339889e-02,-1.911322833993979176e-01,-1.828390929821899769e-01,8.419298668788247064e-02,-3.143446339113306620e-02,2.407433882797923030e-01,1.068034450748136244e-01,-2.731957211928268126e-02,7.067206380753136841e-02,8.761161132052643075e-03,2.286078461775730916e-02,-1.303768856913674612e-01,-6.834888120415877344e-02,2.570984410410234386e-02,8.356417792868382766e-02,-4.966102779832026054e-02,-2.896726271969890520e-01,2.244558415710538601e-01,-2.308000269683820396e-02,-7.192920212365060129e-02,-1.458834863368078383e-01,-3.328532138576693195e-02,-4.404633343624487357e-02,3.809763538223501222e-02,-5.959232053183117356e-02,6.752391372267735337e-02,-1.850212802559411673e-01,4.156885940599088780e-01,-1.399750112437831151e-01,-6.088210675373335878e-02
9.628078859260558175e-02,-2.076895359227021176e-02,-3.061729904843320249e-02,1.522369100699913769e-01,-1.145589005145390277e-01,-1.666281155014378082e-02,2.048573273643728432e-01,-2.185276572666517425e-01,-6.819310338128743709e-02,-8.481362668473618749e-02,2.259714209819462492e-03,-9.308829878311311590e-02,2.415889467512811473e-01,1.837140565034611484e-01,5.160147319763899731e-02,2.216219492852646578e-01,1.133991489035694883e-01,1.845096932894251807e-01,-1.734237572553162798e-01,1.298980674766228582e-01,7.999876331785555142e-03,1.369934496269029946e-02,1.036631084350338738e-01,3.205480889976228265e-01,-1.614118955716362103e-01,3.514836469525985108e-02,8.526735289879132373e-02,-3.452338790892389014e-02,6.217060719179247352e-02,1.710571778146233179e-01,1.217870167613846061e-01,2.274249326094742590e-02,1.642356629251294775e-01,-1.594533574179921032e-01,3.427882452960637899e-02,5.834807502346772701e-03,-1.414865664749908325e-01,1.524257925033067895e-01,1.925644942658374936e-02,2.290793382713455784e-01,1.791888125339032578e-01,-1.813953767348424825e-02,2.247370553384990255e-01,-1.636533814394700026e-01,3.003093546541514558e-02,-1.202731923475132275e-01,-9.730286786671184240e-03,5.617891405367322205e-02,-1.116025849335077758e-01,7.415452384620775661e-02,2.403763278562586481e-01,-1.738709481810999102e-01,-1.329071608251625736e-01,-6.628945855874240900e-02
1.093629134583174595e-01,-3.741568428619924253e-02,7.444336244251933965e-02,2.233397524530142675e-01,6.693471331167268057e-02,4.576381847857090290e-02,8.254115961105917831e-02,-1.773440129234089557e-01,2.170336993128788861e-01,-6.571302072748604062e-02,7.015617864796876157e-02,2.716721197076564856e-02,2.358178793453347410e-01,6.834398163032037732e-02,-5.174398977074613770e-02,1.761581633780134881e-01,9.264360850345641774e-02,2.772156272132789701e-01,1.415835645438615620e-01,2.368534464676013696e-01,-6.897314654128830491e-02,3.450410188540492529e-02,8.022143284305273403e-02,-4.684368190116186548e-02,1.624283453755501205e-01,2.701463398356050427e-01,-9.733670570184756177e-02,-5.717948193386703654e-02,1.545140016146391744e-02,-8.682811808543533516e-02,-7.765522274515095080e-02,1.442962039956753317e-01,-8.977047279647229483e-02,-1.672107331245434592e-01,4.211688614924367913e-02,5.802950483226456541e-02,1.046312584961071740e-01,-1.742345964646100087e-01,-2.001975129894526806e-01,-1.802048426808401660e-01,-1.052564561473449400e-01,-1.297193887893875464e-01,-1.775587943679194092e-01,1.624043755667136171e-02,8.647398718201616818e-02,6.755925366623680151e-02,-2.967425916392541288e-02,1.467819601273850083e-01,2.965609910850850253e-02,-2.124268627736888571e-01,-3.086378162125082980e-01,1.528187421811521077e-02,-1.258393104065405887e-01,-7.169681036374811467e-02
1.040686816815206278e-01,-8.278440035906155237e-02,1.350996826288862994e-02,1.776771827828798611e-01,-9.708570484725456695e-02,1.214943255420418561e-01,-4.891055424873878843e-02,-1.812557610073112779e-01,2.166401812179945541e-01,-1.422084392056214286e-01,-3.510063869280787008e-02,-9.595788048652105495e-02,5.754775988897477962e-02,1.802579111621443464e-01,4.485438555901707230e-02,-6.523942354808706656e-02,-2.023268058954553472e-01,1.983982657575601438e-01,8.182143575010961123e-02,-3.232274500994390676e-02,-1.374268382772257380e-01,1.256391022197058394e-01,-7.106069391875979857e-02,-1.482357423158498222e-01,2.341121716543179687e-01,-1.406619140514587252e-01,9.448743796546638443e-03,-1.256528744616290938e-01,3.446250881944469546e-02,-1.804076297151310515e-01,-1.603448075484542323e-01,-5.184647139753746636e-02,-1.537875179351346211e-01,2.388355230010721919e-01,-2.596772482312764141e-01,1.332456731346200740e-01,-1.195068841300110651e-01,-1.853440910245088627e-02,8.587989283666123963e-02,1.101383212272336459e-01,5.215057568123947912e-02,1.592450401379159539e-02,5.215977320319946375e-02,2.490925106168058456e-02,-1.620619145707002939e-01,-2.933393563833232298e-02,2.431549072215752338e-01,-2.414267441152818383e-01,1.133269800571448382e-01,2.114601037426123709e-01,1.890979723941688673e-01,6.421666151979354975e-02,-1.187714599879205468e-01,-7.710416216875605466e-02
2.199351766033660338e-01,2.695030901260926301e-02,-7.414215104172326709e-02,1.625235407370638485e-01,-1.386519183763064156e-01,1.933801779117655106e-01,-1.950307187045241530e-01,-8.403940433078495309e-02,2.894942563272127553e-02,1.536645690632359833e-02,1.116499617901884484e-01,-2.340402899112839497e-01,-1.000675047628067499e-01,8.843477639575673954e-02,9.582709781684695116e-02,-1.375095130351156880e-01,-2.214446936525760468e-01,-7.108750330326497890e-02,-2.127606180502860656e-01,-1.284617984506921384e-01,2.075370212122692182e-01,3.265319619884202856e-02,6.188569858657241851e-02,3.081636098013301739e-01,-7.153592653126981948e-02,3.323637340075496355e-02,3.033047846782393336e-02,-4.816661265496144373e-02,-1.201296046902777664e-01,-7.391650669218965877e-04,-2.517264285640395394e-01,-2.861920688099336627e-03,-1.018165366340392231e-01,1.575782784538830306e-01,1.059820998670516212e-01,-1.329292524798821873e-01,1.769003069753607715e-01,-1.175765895260358351e-01,4.357558227691295943e-02,2.682622843591965511e-02,-2.196603232807262940e-01,-1.847026064444019658e-03,-8.105919775388235882e-02,-7.239320571391420767e-02,-9.334185600513557335e-03,-6.180941237016574635e-02,-3.809590263398019983e-01,1.874439580761521132e-02,-3.425806210239147609e-02,2.798866684661695508e-03,-9.119189072015333741e-02,-7.822607075833463985e-02,-1.117036095692973824e-01,-8.251151397376471630e-02
1.699239621765479824e-01,-3.102701682671413219e-02,9.960869723215771965e-02,1.161174021781669480e-01,-4.226821463122699268e-02,2.654531451442314616e-01,-2.887989691653178315e-01,1.416260436698195124e-01,9.877014185932891932e-02,-3.924152104214079922e-02,2.247028183885556585e-01,-1.230096964476050658e-01,-1.785238489922022220e-01,8.518882904527531885e-02,-5.470524079574998200e-02,-2.130097555451635274e-02,3.878604786516989117e-02,-8.215868072809144607e-02,3.058298444944033134e-01,1.895254761744708805e-01,1.005855662802187800e-01,-1.295863263354876116e-01,-1.507389408646148642e-02,-7.702252677696280747e-02,-1.493060013584803780e-01,1.091640788896651587e-01,5.675092636463677405e-03,-9.644820411085955336e-02,-9.005227911542729516e-03,4.677459973688703060e-02,3.307488557515236294e-01,7.611486023816262970e-03,2.856824333081370987e-02,-1.152297853896285806e-01,2.175142408621670020e-01,1.283861723627543749e-01,1.217059941562157049e-01,1.150505675269136441e-01,2.312545989365847321e-01,5.476840604226535653e-02,3.347459207288373817e-02,1.590492991186639449e-01,-1.339735340410172781e-01,8.928325411189130811e-02,5.545124726649847818e-02,-1.256894032805888628e-01,2.080433878896351119e-01,-3.162341435034700388e-02,-2.112528562315861211e-02,-7.362836710110091942e-02,1.488762511528068100e-01,1.079370816384198593e-02,-1.046357591506775486e-01,-8.791886577876971420e-02
1.629646183906984791e-01,-7.070200752305132175e-02,-8.142346430495495113e-02,-2.750971913190648072e-02,-2.287654025426381355e-01,1.947422333496905966e-01,-2.105943216393751649e-01,8.536594991266885368e-02,1.729040926296877834e-01,-3.080071022329493660e-02,-8.294688158221995289e-02,-7.874885575905303525e-02,2.583600084267945185e-02,8.639883695525818474e-03,6.662722724915683126e-02,-8.720500656933150734e-05,6.398661523951960917e-02,-1.048399058132300915e-01,2.106257170851728866e-02,2.036076823707705652e-01,1.594405123357808263e-01,-1.178665178198384650e-01,-6.230887746931371152e-02,-2.344226603736906944e-01,8.280922925948053237e-02,-2.544091019760059691e-01,3.289266981722503008e-02,2.093911792474707212e-01,4.814953689896013522e-02,4.715859867311679443e-02,-3.338222073128419704e-02,-2.596663429633615516e-01,9.833526788249871697e-02,-1.379257046732412784e-01,-4.319882169870675748e-02,-1.583058305014918288e-01,-4.321675169555995455e-02,4.698786101981627245e-02,-2.554926258188159327e-01,-1.251804808208972775e-01,1.853465410369957156e-01,-1.582279848381980547e-01,2.323680200277596364e-01,-8.960380128798217658e-02,5.020131202293605203e-03,2.754565592529553686e-01,-8.562180440616126709e-02,1.989395172135180467e-01,-5.580100434672962545e-02,1.152885360578028429e-01,-5.827413781249118213e-02,4.082071970349822332e-02,-9.756790873205654913e-02,-9.332621758377815380e-02
2.837718371520326355e-01,5.180545985333101511e-02,2.606513548617655496e-01,-7.116968646557235434e-02,-3.329636790382869971e-01,-1.420846536418182982e-01,1.055903336217316330e-01,1.613950822668871743e-01,-5.760496769363707831e-02,-1.910313301285469223e-01,1.199704334711830522e-01,-7.256708856058502466e-02,5.753051619297574332e-02,-1.256058627637313407e-01,6.971285655651671131e-02,-2.436972649924283585e-02,-7.324656480536471947e-02,-2.470138579355687369e-01,6.864968586544371865e-02,-1.335253500589654030e-01,-1.176777633035716170e-01,1.294205657284558941e-01,4.130287987965620077e-05,8.486953269144419110e-02,-1.930991356987492996e-02,-5.390077882268138817e-03,-1.391191294762631481e-01,1.770126109220158672e-01,2.685915704413804339e-01,-3.511670064014692921e-02,-1.651962218034437602e-01,4.667288103884085354e-02,1.145424182430125476e-01,5.161965290781855842e-02,-2.070927852044690542e-02,1.118358413111335790e-02,-1.985843492615601280e-01,-2.924850580120852764e-02,-5.712106285869638506e-02,-1.391109713012429229e-03,1.495538369232788101e-01,-9.455666366522741395e-02,-1.136757280854639313e-01,-2.454706807629034905e-03,1.404194685192949876e-01,-1.603739265654793300e-01,7.388862364643486447e-02,-7.703403953320710207e-02,-9.582946491756828139e-03,-3.423266316047842150e-01,-2.064718175178292987e-03,1.180422766077699054e-01,-9.050005831343613250e-02,-9.873356938878546929e-02
1.809583450000934179e-01,-1.184737077672039368e-01,3.040535388976291498e-01,-2.890209499440973828e-01,-5.966203615385887171e-02,3.152446651569933145e-02,-1.173091629798130447e-01,9.834709068643165963e-02,-4.383310420806860175e-02,-6.034301645740463432e-02,-7.712084873907451565e-02,5.141584943939273705e-02,-1.087707269888914773e-02,1.060307549235847691e-01,6.536426427248920312e-02,3.812762823389739819e-01,1.851252093986867076e-01,-5.826030634241207568e-02,-1.225717370441019721e-01,-1.586660703846980158e-01,-3.048410774198406781e-02,-3.798587619433700657e-02,-7.665464642988073507e-02,-8.413952779431212864e-03,-4.882099787341610125e-02,1.670514402439083126e-02,-2.954962201169677050e-03,5.522429006476203828e-02,8.909614130515838837e-02,-1.556162582970777586e-01,-6.304298541471706208e-02,2.351222445277234285e-01,-1.304305503784994602e-01,-1.566206587155304919e-01,4.924495472901031096e-02,1.814387174744422071e-01,-1.915360710767089608e-02,1.415900674011146172e-02,3.045485500512425114e-02,-6.487747098571772231e-02,-2.210825794689852408e-01,2.412831609514205222e-01,1.320437933434240318e-01,3.631354108477809900e-02,-1.615166805973155262e-01,6.587549575424021808e-02,-6.999493966186552674e-02,-7.865769276169297386e-02,1.907659239598777368e-03,3.031885586398688770e-01,-1.464775184850785894e-01,-9.434392348110690052e-02,-8.343220789481251010e-02,-1.041409211937928542e-01
1.469049434985857661e-01,-1.291902234188033460e-01,1.058115296897000762e-01,-1.838271333522243089e-01,5.950389471978119460e-02,9.726398373783043394e-02,-1.067256735231799647e-01,-1.155808436889225327e-01,8.094608240890918682e-02,-2.666988208458822771e-02,-1.014600464856165452e-01,2.038586964962788017e-01,8.037171607009499508e-02,-2.879441044275063422e-02,1.226703111901312759e-01,-8.606776771749813371e-02,1.686231068454350501e-01,-8.542075338890933733e-02,-1.663736519412845893e-01,-2.266073494898523388e-01,-9.920208029977713171e-02,-2.975002234687094127e-01,1.585283888737273328e-01,1.035750319224771482e-01,3.313957917712964663e-01,7.755939179379177373e-02,-2.105925309047561658e-02,-2.001946827458647368e-02,-6.619239220552394776e-02,1.653822286468579206e-01,2.742562886805909317e-01,-4.618737530862601637e-02,-3.465638238986723518e-02,2.477286418565427528e-01,-1.797567533593988076e-01,5.010508406638262968e-02,2.339079383818668811e-01,9.321068317784922397e-02,-6.677416649420532535e-02,2.436340882537139929e-02,-3.279045801322477000e-02,-1.175694397218303711e-01,2.296717181122331572e-02,-4.719613614985745942e-02,2.024671944566980575e-01,-1.661223158634237418e-01,5.337387469930801598e-02,1.283325830472310525e-01,1.198014425539176420e-01,-6.679009435661757699e-02,7.450271320348757220e-02,3.297253496471691525e-02,-7.636435747619248204e-02,-1.095482729988013076e-01
1.367379389361655095e-01,-9.155256690571782208e-02,1.917779576547129147e-02,-1.335170842624720799e-01,1.198921478137020963e-01,1.061198955747430922e-01,7.633724732011432090e-02,-8.524756374173468598e-02,1.476247883582034459e-01,-1.336136354141892746e-01,-2.697614111985744551e-02,1.215275810217016639e-01,9.855751184595444581e-02,-1.227339339015456471e-01,-2.001863742245119926e-01,-2.874858832004714704e-01,2.448228623792605974e-01,-1.295263531825230907e-01,-1.254349545142688892e-02,1.457265972742506806e-02,-1.216899851018135303e-01,2.778572378030304095e-03,-2.079767983775634987e-01,6.950525821434316853e-02,-1.753183446493863096e-01,2.030461283984311971e-01,1.075679127612322317e-01,1.122184261923201559e-02,-1.554007570012771455e-01,3.228261563290799746e-02,-3.399889361864386235e-03,-3.275619793518982220e-02,-3.551134734473972848e-02,-4.125632913674418846e-03,8.154931882131212506e-02,-1.117905128854330965e-01,-2.559418568251199400e-01,-4.171155745453872243e-02,7.669080511901350816e-02,-7.751639125752293746e-02,-4.020325079142096636e-02,-1.511491681166375889e-01,-2.663847492523120919e-01,-3.252567181943712415e-01,-2.649802591902747362e-01,1.788317495267010837e-01,-2.950118228855996838e-02,-1.249555026720027134e-01,-1.123650768652872771e-02,6.641251775162149151e-02,1.437028414627836703e-01,-9.814546588000358854e-03,-6.929650705757028906e-02,-1.149556248038067496e-01
2.403216764584309995e-01,7.487696939466523260e-02,-1.276184977093309560e-02,-1.074494666788946146e-01,-1.241197766987791468e-01,-1.438646478294865541e-02,2.554297409901602478e-01,-5.534672470557222557e-03,5.579283465651455748e-02,-1.956703875471026144e-01,-1.002330521230171689e-01,1.232865321314428469e-01,-3.588878603877472540e-02,-2.060371729770410498e-01,-1.463066059448298595e-01,-8.117033000232973250e-02,1.296626334780657782e-03,2.483509456772141633e-01,-2.400811495840754484e-02,-1.532926851116853950e-01,5.967532461585341175e-02,3.775214467881728153e-02,-2.817734876981521364e-01,-3.711227129647144685e-02,-9.340057730152584448e-02,-1.137446650903792267e-02,-6.326669218714636722e-02,-1.548248967867425496e-01,-2.026935417178897247e-01,-1.937415757475957623e-02,6.086251950667904281e-02,-2.483996937345583633e-01,-1.038433845609747566e-02,-1.222198142778291308e-01,8.644360896524382054e-02,-1.544937575417829889e-01,2.197690308990403185e-01,-1.880935147769674520e-01,2.654032880645922077e-02,1.776543254071435152e-01,-4.911615143512847864e-02,1.287931682497392427e-01,2.709963554394025920e-01,2.834101079394023559e-01,1.086340461176064642e-01,3.844674295526021718e-02,6.877786861377656324e-02,-4.929330552558874173e-02,-3.788707190381317147e-02,-1.017857463237080012e-01,-5.391063438403629476e-02,-3.505423324805789775e-02,-6.222865663895131572e-02,-1.203629766088150782e-01
1.356830213242411487e-01,4.797332986547373640e-02,1.709316523532536380e-01,-1.326434181651036381e-01,2.636732758779645192e-01,1.428643165657531577e-01,1.617553131339681260e-01,-1.128173618890972452e-01,2.788873837945333306e-02,-6.095566573870763588e-02,-2.059206281837611674e-01,-8.118256871859858004e-02,-3.337998909414839899e-01,-6.391414337662761069e-02,-2.803483275065270508e-01,3.797289413932481567e-02,-2.229270278352835644e-01,-1.328861549847979188e-03,-9.769501775176035741e-02,1.217608659534968885e-01,-3.841481658770850433e-02,-5.794416318604727473e-02,2.548352003470245042e-01,-1.060851138538671662e-01,-5.325793325840164766e-02,-1.095997095771347046e-01,-2.497356503471463429e-01,-7.864161145378543993e-02,-1.006622451207793006e-01,-1.458395042152325904e-02,-1.270000886279330221e-01,1.123112849324959805e-01,3.336069934876231269e-01,-2.123139405349319664e-02,-1.899566419620587338e-02,1.349666107679628746e-01,1.605743317031991732e-02,1.027479277876813812e-01,-1.185879020253420152e-01,5.898025677681609236e-02,1.523261673297007512e-01,-3.496622598557036499e-02,-1.105833197204515866e-01,6.951749215368235868e-02,-9.747836905769992344e-02,-2.597280621418412289e-02,-1.610735444047373954e-01,7.836464631748851772e-02,8.253949182687471409e-02,4.343109685081583682e-02,7.845289369673520696e-02,-1.729124570626390175e-02,-5.516080622032949743e-02,-1.257703284138225464e-01
5.293626749552839128e-02,-1.554919088782750758e-01,-3.689972316405497332e-02,-1.941891212994422966e-01,1.920986393668109027e-01,7.187548015053696338e-02,1.200914512257929972e-01,-1.084023176240911934e-01,1.229459114169521167e-01,-2.501943099733217393e-02,-2.748087688733999705e-03,3.316389803372066930e-02,6.069558643076013171e-02,-2.361267597005600460e-01,9.487587997928052796e-02,1.160820186929646669e-01,-2.346076982821736767e-01,-6.528006227782398585e-02,-7.096028053653741230e-02,9.487711856534573884e-02,1.467499971290135707e-01,2.260004234741181395e-01,1.581498296356410038e-01,-1.705927614866633024e-01,-6.938854540424396755e-02,-2.181874014185396782e-01,1.929188601163856209e-01,-1.618005473817763495e-01,1.658528349017549808e-01,9.260325629624291399e-02,9.736121714048914799e-02,7.336758261671974535e-02,-3.062613146658361152e-01,1.025430283302264239e-01,4.279040729406811266e-02,-1.605711228728431972e-01,-2.510412557481826040e-02,1.051700509681491452e-01,3.197364345929968460e-02,-2.000094295319878313e-01,-8.241889680865119999e-03,1.545741881955342845e-01,1.297219887264965468e-02,-1.032968255647790101e-01,-2.368057638816836036e-02,-1.139457192466996338e-01,1.043995266815525846e-01,3.951982460037432865e-02,-2.803656569619603078e-01,-2.037570491301279041e-01,-2.252974813144682786e-02,-1.182254073469501399e-01,-4.809295580170702689e-02,-1.311776802188286684e-01
9.875698024860408986e-02,1.604206391407114740e-02,-1.605054132018591539e-01,1.121728910177094592e-02,1.632681401824518097e-01,1.135719208682692549e-01,1.266411413341431980e-01,-7.952261124559402428e-02,-3.458051837327841271e-02,2.313349462244653279e-03,2.060548617612414091e-01,3.554047131646569796e-02,-9.689422521470077154e-02,-3.018428674957985836e-01,2.815927103633433237e-01,-3.819437108181591295e-02,-1.713421405803279285e-01,-9.846272951375270588e-02,-2.394136561029453977e-02,1.949322622451649389e-01,-1.213671933713160178e-01,-4.474324457580732689e-02,-4.475333745663893220e-02,1.460323526701083896e-01,-2.414685065349819748e-02,1.781237252494494994e-01,1.960920674306866340e-01,1.585006976244806298e-01,1.543465200249271307e-01,-2.574441443811398625e-02,2.427213192080852205e-02,2.541058561130593585e-01,1.082068498708732979e-01,2.354363377181623376e-02,-7.609643196421836397e-02,-5.253369118674217769e-02,6.790528069787180043e-02,5.710235096030547020e-02,6.368642156267553811e-02,2.274500444833341406e-01,-1.551683238000137362e-02,-3.148096173095771971e-02,1.328310255939060269e-01,1.406813121645835718e-01,3.122718864659707397e-02,2.901885693072704386e-01,1.329719341438380664e-01,-1.703425670730682878e-02,1.479127273706103141e-01,1.832057103068382709e-01,-1.818295914740432895e-01,1.927917471544989825e-01,-4.102510538308710292e-02,-1.365850320238364279e-01
9.089709303363610604e-02,7.841014373823548822e-02,-2.627880752106107054e-01,1.205073255023393977e-02,1.407825100932534046e-01,1.171412575800045014e-01,1.644519737042967888e-01,4.387901540976262699e-02,-1.250622035683085498e-01,9.556378727246667149e-02,1.953056670396150288e-02,4.441166794895433367e-02,-1.936172679732105772e-01,5.327895775510073720e-03,2.775061927638258763e-01,1.603216530577881160e-01,6.229719204377804492e-02,-6.718825313349041650e-02,1.432097348894459110e-01,1.820601013769765075e-01,-1.288277495574443043e-01,-1.253704783508345633e-01,-3.915550589167806073e-01,-1.108236311402432950e-02,1.011037139985758310e-01,-1.060619157130966196e-02,-1.306579206054873654e-01,-4.841813886645370685e-02,-1.497898850136060445e-01,1.798796256328367982e-02,-1.410299399192858349e-01,-7.676792577056679168e-02,5.333942652439188983e-03,1.251705255958501239e-01,8.666753095812973137e-03,1.264127590541041790e-01,-2.401486906354469708e-01,-3.556005362674057729e-02,-1.146292647698671369e-01,-1.418577351843913481e-01,-8.873110956546710615e-02,1.672228871953928275e-01,5.504450866793696856e-02,-1.487993827556593207e-01,1.836833640487969543e-01,-2.446845332349222579e-01,-9.248279705523669569e-02,1.325836832203439695e-02,7.786685307759959318e-02,-7.009142088908854040e-02,7.360854334725050463e-02,-1.870616319773119873e-01,-3.395725496446575647e-02,-1.419923838288447149e-01
1.951459341547386039e-01,2.197509468507564401e-01,-9.016244741705438381e-02,-1.796496309602833852e-02,3.802726624472234970e-03,-9.826103459216918579e-02,8.275014682986416015e-02,1.443226300596347489e-01,-1.051912531851022653e-01,1.279036816171530977e-01,-9.740875034723797676e-02,6.184414183283731825e-02,-1.182584416444086434e-01,-3.479078041491820428e-02,1.816289284202272369e-01,1.412669295112385648e-01,1.174440589355127962e-01,6.277399331568959961e-02,9.969743363703187367e-02,4.111228395401011343e-02,-2.426534051733016811e-02,3.382270063329264470e-02,3.516146731099111800e-01,-1.008999163171183239e-01,1.297283423526823243e-01,7.613483654152312929e-02,-8.601366477315591785e-02,-5.696849733319058612e-02,7.429507937722663879e-02,-1.258893440176351609e-03,1.147794708522423268e-01,-1.730716423451396646e-01,-1.159685490100724747e-01,9.758400247755709411e-02,2.022143892412673893e-01,-7.210210945540339311e-02,-4.626881331052688957e-03,-2.565761717910489126e-01,2.152045758856466207e-01,2.084096909311368082e-02,1.506683225244824231e-01,-3.173449451698480694e-01,-9.664691055696819633e-02,3.097886920772794056e-04,-1.963564890286996836e-02,3.437235096539996339e-03,-8.249304642932664411e-02,-2.337418064884254076e-01,-1.669800009405698338e-01,2.858881977667173113e-01,-3.210400729356434335e-02,-4.921230431544663247e-02,-2.688940454584320960e-02,-1.473997356338531406e-01
1.772904382399169143e-01,1.850902872426928858e-01,-1.003599788894238704e-01,-1.000779650429971385e-01,4.544865397705352000e-02,8.080538606016197251e-03,2.201447743790617764e-02,2.256906188383330236e-01,-7.080714301242986564e-02,1.714413132645163651e-01,-3.728481805651159831e-02,-5.512003954207608802e-02,-3.109495202497632171e-02,1.779719137637656157e-01,9.816340694742621553e-02,-1.093086638822650045e-02,3.930382620407787270e-02,1.852535556780757764e-01,8.524075357913316053e-02,-1.028509570812130985e-01,-1.705256524855986167e-01,3.201613590399289833e-01,6.763431588122240101e-02,-1.215001644311805920e-02,-1.312896939926364581e-01,7.879186511035694840e-02,1.594968837953020802e-01,9.245012794675484813e-02,-1.217601980598243538e-01,-9.415389961007618325e-02,6.434514722300668788e-02,1.771249400908389907e-02,-7.925310339963431705e-02,-1.230998023748101633e-01,-2.010643047824450802e-01,-1.343263446891324320e-01,2.656548216532334528e-01,2.008931717698065889e-01,-2.847888447507773008e-02,-1.630835378873424779e-01,1.494941887854315532e-01,3.593628338684103779e-02,5.407860171299366803e-02,-1.303404988752869809e-01,-2.245299027807121095e-01,-5.382923674091657368e-02,-6.524614534902539731e-02,8.937108893732798043e-02,3.201143598253616829e-01,-1.725166319392791581e-01,9.928236778199225898e-02,1.018886007151481587e-01,-1.982155412722322319e-02,-1.528070874388583467e-01
9.972647470344953025e-02,1.330872898023681694e-01,-1.051820061668941875e-01,-5.289292929554641892e-02,1.407113278288356362e-01,4.332911439157138139e-02,1.143425086633079873e-02,9.431085900688479517e-02,-2.651070081750906207e-02,2.034021713824876454e-01,-2.362054487844759965e-01,-2.022895541086884574e-01,3.304067361097547950e-01,1.198961095894408302e-01,8.706537502294171837e-02,1.070721258389289087e-03,-1.028808010861902156e-01,-3.436088439190067290e-02,-3.981604549083587324e-03,-1.318677113700334746e-01,-5.460278339397329345e-02,-2.034709160963196206e-01,4.505770202527464158e-02,-5.404998780845561568e-02,-6.226124562157681064e-02,7.822899780627989852e-02,6.272612762468099401e-03,8.425771599290123037e-02,-1.124203990613586862e-01,1.842670133956274270e-02,-1.633489059937388299e-01,-1.428888696942140213e-01,1.357940541129936708e-02,-1.115474398570703712e-01,-1.960228318127393843e-01,7.900557642084643506e-02,-7.345087324268222140e-02,1.770268122122112264e-01,9.540710936717911039e-02,1.376350370294658343e-01,-1.006105621797613592e-01,1.269764302882143980e-01,-2.816515412896287152e-01,1.810254605662224014e-01,1.182809627550924364e-01,2.361314794095904224e-01,1.387304830527897048e-01,-1.084207925910599286e-02,-3.347072968066471810e-01,-1.132306015717684244e-01,-1.627313115452417441e-02,-4.588584122062562554e-02,-1.275370370860169286e-02,-1.582144392438649960e-01
9.241271451000337978e-02,1.046135186594854688e-01,-7.127456862607892130e-02,4.219020898673470771e-02,2.931151278419792949e-01,4.818097367417448901e-02,9.613215094318579290e-02,1.239186564901326865e-01,1.255054673717573566e-01,5.987071151965030202e-02,1.142672460379239446e-01,1.344793430691487712e-01,2.919160266366536693e-01,1.250203718332828784e-01,-7.123767064118882719e-02,-2.440344708814665142e-01,1.064841704819101259e-01,8.913651873773735523e-03,1.797156179857740399e-01,-1.835380649739354053e-01,3.324570151850639865e-01,8.968423136250096295e-02,4.669625259945638096e-02,-7.760266717953918925e-02,9.455748745748093417e-03,-8.946784343291259989e-02,1.374384185516955292e-02,9.153907986201487157e-02,2.673250061678230094e-01,-1.204537815010223688e-02,-1.188564451996265356e-02,1.383418704767461760e-01,2.651723128845296928e-01,7.142417157507739700e-02,5.166983170084265414e-02,2.169212988943323983e-02,-1.101779764088203079e-01,-5.046033424389399780e-02,-1.542162036748241649e-02,-7.119927997256758623e-02,-2.223636732994762333e-01,-3.077400351055722960e-02,1.586185979339226615e-01,2.152860592968878217e-01,1.574377266647830620e-02,-1.470012736891777305e-01,-1.333916556672574139e-01,3.862118781853701721e-02,8.082455966786043777e-02,1.230867076774446872e-01,1.399506032136420275e-01,-5.795454396664678764e-02,-5.685853289980713314e-03,-1.636217910488751703e-01
2.591990041876202772e-02,-1.635462900348341742e-02,-1.467289996504652916e-01,-8.395627287755740020e-02,2.089753373290697547e-01,-1.690623799274281261e-02,-1.528684418643018461e-01,1.918770783627501975e-01,5.870740411499795336e-02,2.371692881825349444e-02,1.242978187208881174e-01,3.096214690709693240e-01,5.024021934664643640e-02,3.486846422600486384e-01,-1.789727910127155985e-01,1.880699628420792399e-02,-5.502224008616177220e-02,7.217838716732287961e-03,-1.232008870704198733e-01,1.464983723059263285e-03,-1.989163669392459213e-02,-1.711699454260544317e-02,-1.241517190105933394e-01,1.758994080928547588e-01,-9.926314043368927864e-02,-1.809353754474817000e-01,-1.266558374870188630e-01,-1.502440027995308180e-01,8.692618039593032198e-02,1.108300176960667488e-01,-1.003449427551359324e-01,4.738980923178089111e-02,-8.646506416593975619e-02,7.876268882028734930e-02,3.899126307343529774e-02,6.651462724043503971e-02,-1.989677708571938562e-03,-1.552504721421512912e-01,3.755854602883413468e-02,1.820586135716075749e-01,3.766026831941367004e-01,7.333318015364373443e-02,-9.072291434514417191e-03,-1.407519464899604777e-01,5.734083810781429730e-02,4.482186937693338757e-02,5.984827622736435537e-02,4.660920733108838560e-02,-5.039295077941963880e-02,-3.795179192821644676e-02,-2.780411373841501499e-01,2.225688106588527559e-01,1.381997128640931501e-03,-1.690291428538792939e-01
7.616732004395557198e-02,5.815694470905626934e-04,-3.940147790360475355e-01,-1.122169805965086836e-01,-1.784672419501963925e-01,-2.394948822085662399e-01,-7.853777734348248163e-02,1.094448131070267644e-01,3.860750540228925082e-02,3.633866730586832877e-02,1.176436311483269326e-01,-6.434286497090659432e-03,-1.920804527508961426e-02,-5.277771587178464729e-02,-4.237630928588880241e-01,-2.740037838126066234e-03,-1.355208647107745412e-01,4.951638599748812986e-02,-1.250108962349806008e-01,1.326938289439424934e-01,-1.727222949029303956e-01,-3.291774834229728719e-01,1.572922942279115777e-01,5.166160343092516399e-02,2.300420046265233900e-02,-3.853407814400129899e-03,1.321817895647418029e-01,4.843515489944732327e-02,1.169972482905763528e-01,-2.450455872649854872e-01,2.528175027493657565e-02,1.324525570291476377e-02,-1.860938562105301231e-01,-3.940575254936959371e-02,7.718047886421983139e-02,6.043914253347835996e-02,-8.844212442497773052e-02,8.604273797359260345e-02,-1.241658910260149268e-01,-1.471459342837982964e-02,-1.871457629085288565e-01,-8.407582343110073242e-02,6.517186396790458636e-02,7.056084367515763622e-02,-3.092430732056250867e-02,-1.121908072223399416e-01,2.736787362175599134e-02,-3.499023149803564409e-02,8.259136551361326295e-02,-5.117978372792579556e-02,9.548151214789084296e-02,-1.119493220317671067e-01,8.449847547262126154e-03,-1.744364946588877752e-01
1.541726771747566338e-01,1.639034451929157199e-01,1.891728118845915907e-01,8.364380034583156209e-02,2.397581027704415776e-03,-5.622913312392786578e-01,-6.188925609447130244e-02,5.509378306883523646e-02,6.654748704438266660e-02,2.851840332984636409e-03,1.963173449637317380e-01,-7.974979111787774966e-02,-1.723548693270667009e-02,3.001541748207737711e-02,1.255549775974777391e-02,-1.132652500525097444e-01,-4.507300197416459764e-02,-1.309839426531924367e-01,-6.272236755500938676e-02,1.856728036219469913e-01,3.644008519266831586e-02,1.023780272789389240e-01,-1.940835771357387121e-02,-5.039709057985249790e-02,1.679801588308237614e-01,-2.209773855261701683e-02,3.150280141109079030e-02,-2.505523912091587868e-01,-2.090245961690227749e-01,3.781884884070855213e-01,9.075654307762275053e-02,3.141906121721595169e-02,8.086038640036569136e-03,-2.386853489114788493e-02,-1.504783960102603069e-01,7.342797203322370958e-02,-6.242130564950143512e-02,5.413662127911535171e-02,-7.221331275272201144e-02,-5.839133290719770303e-02,-1.218851488463590371e-01,1.214815155013013737e-01,3.348707596797818181e-02,1.500917313016831255e-02,-3.580069383347032896e-02,1.851694505767330634e-01,-5.209205357168437966e-02,2.572184521303704993e-03,3.290805699236853260e-02,1.066723869022134230e-01,-2.334986992850050271e-03,-3.207191155750739597e-02,1.551769796588336851e-02,-1.798438464638961731e-01
-5.598772340307112128e-02,-1.556532473334457378e-01,1.186138338865245362e-01,-1.977422098956940488e-01,8.507228315622170078e-02,-3.021661481298265617e-01,-1.789240921791719341e-01,-1.323306288634413241e-01,6.378612757125090571e-02,1.608557720273365299e-01,-6.890987761687956958e-02,-1.264852299709427197e-01,1.088362308984001381e-01,2.499680556351758717e-02,1.370040041314393164e-01,3.723826337801557085e-02,-3.026177562735475890e-01,1.917067515219728902e-01,1.573178054685738236e-01,-2.771200711762182231e-02,6.527205337788226369e-02,-7.870561889260907495e-02,-2.977067220649786128e-01,-1.248265882753940223e-02,6.184022933209368245e-02,9.030660385518911315e-02,-7.014846366240211351e-02,1.745200930165229647e-01,-1.163085629943847038e-01,-6.331031667984030054e-02,7.789989371806045615e-02,4.292601742024001327e-02,1.934484471838560371e-01,8.784773176250129656e-02,3.147302070502169813e-01,-1.375958329795897439e-01,5.122566050294245776e-02,1.030784195837948641e-01,-3.931410544384984079e-02,9.949017338987745096e-02,4.203816180543831077e-02,-1.874880136605968917e-01,2.341414004362166526e-02,-9.080514250663225539e-02,-1.852396782182392787e-01,-2.057007184575357361e-01,4.246570746866675655e-02,-2.568533821107350096e-02,-7.127585968260095883e-02,9.253165039631132405e-03,-9.886985870865398762e-02,9.001787386759269385e-03,2.258554838450370361e-02,-1.852511982689017400e-01
-7.349629248491759692e-02,-1.669909151627691490e-01,7.232236392737939612e-02,-1.692951789373934868e-01,6.476135840112030861e-02,-1.902437239191805407e-01,-1.909769495583362175e-01,-1.648984813576036823e-01,-3.026646206891141829e-03,4.752758632910145803e-02,-8.223457894423934211e-03,-1.405908581142666786e-02,-8.918150260872706458e-02,-6.428965954030446683e-02,1.320594568772403554e-01,-1.188717476262296097e-01,4.756613890056781563e-02,1.221853371931454213e-01,1.093310553053353923e-01,1.011358372639972469e-01,6.525135764509218395e-02,2.516537830240742589e-03,2.406432057828561122e-01,1.227054940887542661e-01,-8.430716365199039664e-02,7.034999623257240375e-02,4.242656712131951530e-02,1.064595279397093780e-01,6.438065040129783978e-02,-2.350745032121166478e-01,-3.534063287730483671e-02,-1.783710747876315894e-01,9.443297489011501233e-02,-3.890892925350027814e-02,-1.261920389504120610e-01,4.025949613069872146e-02,-6.453506693249290438e-02,-4.775729065819859231e-01,5.966156978293455163e-03,2.843189289945792161e-02,4.798375283900564725e-02,3.688402943335675199e-01,1.495258181467674615e-03,-1.074333329663526154e-01,1.010705781127358427e-01,1.053992945399352260e-01,-3.793147788591391591e-03,1.516618989756916003e-01,2.506146294455483328e-02,-6.048830928391742134e-02,2.278071587235931950e-01,2.947947472609758427e-03,2.965339880312500495e-02,-1.906585500739098327e-01
-7.835187592094061682e-02,-6.018314385675375966e-02,1.936601779443270594e-03,-1.169824966955851503e-01,-3.109045979155329251e-02,-9.247557773270626003e-02,-1.220176852384646099e-01,-2.407863020452936653e-01,-8.394834290720040726e-02,-7.179983891187934064e-02,-1.282658429480298401e-01,-7.009692619792623480e-02,-3.838118980513416378e-02,1.779297714750065554e-02,8.582728681308134100e-02,-1.270571394735839077e-01,2.070705735896698763e-01,6.238800178405781022e-02,-2.473080911112397404e-02,1.813045338925336480e-01,5.001480615096488141e-02,1.688404403942470045e-02,-1.015597806071169978e-01,1.174926958622529993e-01,-2.466333635922317302e-01,-5.901440636421614871e-02,-1.417661163724766478e-02,-1.164043146341785101e-01,5.985124091638940880e-02,6.638308674176016328e-04,-9.358332013102461933e-02,-8.687341590227522226e-02,-1.446038239539822190e-01,-6.076416288553750621e-03,-1.252929127731929881e-01,3.488586076618900578e-02,-1.377875344832705240e-01,1.849345185049094675e-01,2.653583095369154154e-01,-2.484858321650123547e-01,9.305464030751915694e-02,-2.260650135941042749e-01,-6.164986846993687070e-02,4.360054900876662032e-01,9.324094847654404439e-02,-1.771249276719933929e-01,-8.810900933828617887e-02,1.186683131070307567e-01,1.157414144113008414e-01,6.179736362442190406e-02,-1.497156240714518360e-01,1.118004592307354772e-01,3.672124922174618139e-02,-1.960659018789177033e-01
-5.371527426526913340e-02,4.237454610589212051e-02,-1.643734487550653767e-01,1.112748719087067878e-02,-2.217956527396087313e-02,-2.896414032463753840e-02,-5.790856255493741223e-02,-1.930386477927476807e-01,-1.746373273865204634e-01,-5.106806034366686425e-02,-2.008861975709970438e-02,-6.311908398173299295e-02,-2.006626544044689264e-01,4.128335570700440021e-02,1.623544687326362590e-01,-2.593859744373538945e-01,2.497437571822241908e-01,2.518520606280061358e-02,1.533213990367562202e-02,-1.663260100655711282e-01,2.372704986625921442e-01,-2.388289057987558542e-02,4.057583828417744842e-02,-3.788392703114767945e-02,-7.891231400005987605e-04,-6.260801876461632998e-02,-1.767137501880974293e-01,-1.653665046569541275e-01,5.447075569579817172e-02,-1.079398910203245021e-01,-1.797407819142829433e-02,2.881638885239533043e-01,-9.066788290076398249e-02,-2.255176068427930391e-01,1.193448779435277683e-02,-8.992176294792939353e-03,5.783821116755621938e-02,1.259845843364245377e-01,-3.880340041198566126e-01,7.440691648367035727e-02,3.732992521733247832e-02,-5.213566592000858091e-02,-3.464869454719331915e-02,-1.216216080441999831e-01,2.662298672850578821e-02,7.356940550692525616e-02,2.022006621201712928e-01,-2.857807650686794432e-01,-1.081978778193817686e-01,-6.376240255906956422e-02,-9.583831838752098278e-03,-2.567821331229667645e-02,4.378909964036759722e-02,-2.014732536839235477e-01
-6.078444514970022389e-02,1.139575224921648006e-01,-1.806993019459373490e-02,1.610876619526234454e-01,9.348045195078075187e-02,-9.473198891912022745e-02,-5.428538852926296371e-02,-1.955541767454260504e-01,-2.022746743911616185e-01,-1.367881356416221772e-01,3.749180747775138212e-02,-1.519983461781210243e-01,1.262264531418793578e-01,-1.063086798645467880e-02,-1.544793903666968338e-01,5.216830232183840982e-02,6.002807626780550659e-02,-1.892522317735717829e-01,-2.867341250732773072e-02,-4.889124909467092855e-02,-1.270510532258591618e-01,-2.372851349787968162e-02,-7.855433922929233592e-02,-2.842460892454424792e-01,-1.014745538694287325e-01,5.955365343154273017e-02,-2.717850714892227071e-01,3.540146387029761282e-02,1.250432936871405110e-01,-1.167986657659860761e-01,-4.478898195869431692e-02,2.572273695928937315e-02,-5.285123222824175682e-02,1.917889632588603288e-01,5.982907478442785199e-02,4.288667879861262494e-02,2.706440781883263647e-01,4.031005201236763369e-02,3.136406521256390190e-01,-6.689604033166116070e-02,-3.042579835468525729e-02,-5.355161192704014500e-02,2.905052208159261684e-01,-2.383375282904713066e-01,7.796915935291676147e-02,2.079601952234906292e-01,-4.392569251064287750e-02,1.396447777786699040e-01,-3.056429746784293175e-02,-8.796423189606190907e-02,1.091589160926686036e-01,-2.242025891098300625e-02,5.085695005898845794e-02,-2.068806054889320012e-01
-5.410591140137784028e-02,8.899306360287997930e-02,-1.142006532639732036e-01,9.948004692946293970e-02,3.626101369715408612e-02,6.887955047698199329e-02,-2.204718943531722430e-01,-1.734879969777119446e-01,-2.813633843188209083e-01,-2.038509688233598738e-01,1.218954903701185005e-01,1.626099194212350108e-01,8.400842615259157542e-02,-1.001167766971573503e-01,-3.758207256484506764e-02,2.597538497461040485e-01,-3.367908708437954146e-02,3.000352758985628393e-02,-2.021523901468077478e-01,-6.629602583195824683e-02,1.028262416216730590e-01,1.190120830007396213e-01,-5.997835746700100334e-02,-1.542628650931892331e-01,6.521890824439861845e-02,2.235557291845492386e-02,3.759692805662678827e-02,1.504707312222179627e-01,1.523570764576241410e-01,1.918024381148016044e-01,4.921794133660666037e-02,-3.256853745967633884e-01,1.181903070275073936e-01,-4.606145255702807223e-02,8.591978673824361007e-03,-1.824372492970845238e-03,1.898300030244432987e-02,-1.261387622484689544e-03,-1.211304225741248741e-01,7.480674062533299029e-02,-3.347686792715239001e-02,1.131940384134815791e-01,-3.393917998506053579e-01,8.723297700063942228e-02,-2.101062746779751300e-01,-5.618131496418055787e-02,9.591111238027427016e-03,-1.045739275304964355e-01,2.304478991940429322e-01,-3.013690128079811459e-02,-2.374583245766919218e-02,-5.284032094112530581e-02,5.792480047760989459e-02,-2.122879572939385950e-01
-6.246198149821501067e-02,1.397556687596019642e-01,9.676019275257746743e-02,9.836916674485819689e-02,-5.512593190558680994e-02,8.593334102114202899e-02,-1.369985943124430727e-01,2.738037376308379359e-02,-2.270371031078667334e-01,-1.509044126100454464e-01,2.530894768308854584e-02,1.451468963455964378e-01,-1.381486056894092318e-01,-8.749402844055138850e-02,-1.476533877939860961e-01,3.245433521126371568e-02,3.435579099750390303e-02,8.961784283504990734e-02,1.966191765768164623e-01,-7.853097761787181108e-02,-6.847867363295921661e-02,9.405149694632855550e-02,-2.440691125608787995e-02,-2.819967658784769751e-02,4.435628889405267283e-02,-2.960188253471142047e-02,4.177841999223524949e-01,8.507077862538446958e-03,-1.898600113917080778e-01,-6.628514155799601626e-02,-4.821563489755444076e-02,1.078044266932779022e-01,8.371702258359876858e-02,6.533114198143412377e-02,-1.814132748406067364e-01,1.437381989437505336e-01,-3.928918430548099944e-02,-3.388168789618313526e-02,-6.144397593138207353e-02,1.045672122665444181e-01,-7.810504952054957151e-02,-1.720234542093758701e-01,4.371738112946080279e-02,-6.787279032422295633e-02,-5.906865781834405669e-04,-1.643563319595816030e-01,-2.031691708957453907e-02,2.585173556624749680e-01,-4.440875269327162478e-01,5.694180566791311182e-02,-7.123884295726753968e-02,7.968774922010518624e-02,6.499265089623328107e-02,-2.176953090989478257e-01
-1.291324586961247467e-01,4.158638991708651228e-02,-1.190530540488395767e-02,9.672830696669824577e-03,-1.230252093339107289e-01,1.632607577143662669e-01,-9.410774765523657881e-02,-1.062562887182233982e-02,-9.733741438585259698e-02,-5.414888669161450202e-02,-2.299308748964218052e-01,4.532648076167929835e-02,1.586566906901557827e-01,-1.924725911543902906e-02,-9.568328792884302214e-02,-9.807275220233534208e-02,-1.933589341507400972e-01,1.176750766020067188e-02,9.504305186481886575e-03,1.892714497388518075e-02,-9.788179632311425071e-02,1.889550682702742790e-01,7.968243385673011436e-02,1.484066462105003148e-01,1.649948225402103064e-01,-1.746841940689226880e-01,5.715224796420644016e-02,2.126012179598335272e-01,-2.698590273159811037e-01,1.136738562750680137e-01,9.120529488311936162e-02,2.325238978138940149e-01,2.518680713529559620e-02,-1.115660133690832556e-01,2.509877265095097898e-01,9.144576968062578803e-02,-5.454509092509340212e-02,-7.886942214308642618e-02,1.215860029977082479e-01,-2.605767218732062962e-01,7.508360613832272545e-02,6.243526494050673226e-02,3.209459042796915240e-02,-7.341691764593019122e-03,3.311882219439841735e-01,1.209059759466608180e-01,5.444219594438810123e-02,-2.080523558518502514e-01,1.672301519356672594e-01,4.369072706642702919e-02,-1.260502725915559931e-02,-1.081934296137024021e-01,7.206050131485186583e-02,-2.231026609039519770e-01
-1.669924333197903010e-01,1.024383528117148445e-01,1.373440403477384775e-01,1.358059025838287415e-01,-2.146460100935309104e-02,1.361767326106664289e-01,7.817684260339052837e-02,6.808490724527847815e-02,-1.012106847401042925e-01,7.026873491402833675e-03,-8.276087969941260669e-02,-6.428953883845749118e-02,1.330190722616616528e-01,-2.661045399889750557e-02,-9.055639670986637135e-02,1.330468989010465952e-01,-4.752967505416105798e-02,-2.158649492624737376e-01,9.024270612000866165e-02,-2.958209128262076146e-02,1.175148367999564736e-01,-9.831679036149150452e-02,-1.189551408377921733e-02,2.325260644966637424e-01,2.177287805103725882e-01,1.399139144192050876e-01,-7.632753207107161042e-02,-2.542668818986912882e-01,-4.183837232294182473e-02,-2.808007778717673264e-01,2.193509944894070640e-01,-1.029667716475313015e-02,-1.245729738929813590e-01,1.053322161163559451e-01,2.809873895662335502e-02,-3.054955757411030315e-01,-2.238723556774982471e-01,4.978823806684027492e-02,-1.381033403817049088e-01,-2.030423661592363829e-02,1.655339365163279730e-01,1.731215680130795409e-01,5.223352489314171676e-02,1.620545394467301781e-01,-1.713629062190931418e-01,8.989340318277351527e-02,-1.146575429053410533e-01,9.307065568448197324e-02,3.024833242698113378e-02,-1.228594365395955720e-02,4.963166675865120225e-02,1.675391287071072433e-01,7.912835173347373963e-02,-2.285100127089607358e-01
-2.453415650735248643e-01,-9.244418259631953516e-02,4.312744904184433181e-02,-6.946974635911074003e-02,-1.133034868676793400e-01,5.612821631798022015e-02,1.366599920773300669e-01,1.303881282017029519e-01,1.084556120852748634e-01,1.822633203704987145e-02,-1.054408555681825427e-01,-8.615672733185802956e-02,5.474384322514033729e-02,-1.112871760081883890e-02,-1.285699544722595511e-01,5.679691763487743073e-02,-7.222144492513520031e-02,-1.690834647002890101e-01,2.495281778389877858e-01,1.171237373823111882e-01,3.390713170597576404e-02,1.161161828005589404e-02,-6.777832184070345378e-02,1.382444133249474960e-01,-9.163050942380455977e-02,-3.454099090471313832e-02,-4.108148676816386624e-02,-1.199136153612030825e-01,1.879499674628022643e-01,4.915651069228003933e-02,6.965595125114322494e-02,-8.831058566061054937e-02,8.330309941312334654e-02,-8.985048829671049564e-02,-4.068694575954106551e-01,-7.066889993921939006e-02,2.701765232558349106e-01,-7.143045312510515332e-02,2.647679001740053939e-02,1.161857632882242197e-01,-1.339483443594139678e-01,-1.033343581856072946e-01,-7.538428474554458025e-02,-2.145938612070118212e-01,6.528020985554353062e-02,-1.142952621396110952e-01,-4.500347933786039839e-02,-1.913046828023741985e-01,1.021199683288225996e-01,1.277510109876804634e-01,-1.951385797666656263e-01,-2.626351632035472949e-01,8.619620215209604364e-02,-2.339173645139694946e-01
-2.147911156910855823e-01,-6.898564375079806882e-03,1.101286733598873420e-03,-2.612924519889369898e-02,-1.501428046684457618e-01,4.627426520356170414e-02,1.467427275821190646e-01,6.613222393224178763e-02,1.665041203202702880e-01,1.417771465291811084e-01,-1.567878643964373819e-01,-4.573276633908671118e-02,-1.405990244049697743e-03,3.583503069579053318e-02,9.515739251608543170e-02,1.321374994829518645e-01,1.951217483820343324e-01,-1.852369662760453561e-01,-1.135691525328212798e-01,1.520219983783922257e-01,4.462019378846893841e-02,2.126247826712698852e-02,9.763078924155064661e-03,5.667493912757923019e-05,4.958962544519410209e-02,-8.195670889514480861e-02,1.359210628382921116e-01,-5.278611235498171378e-02,-4.478598482010587301e-02,1.836208791039346255e-01,-2.861307649948966469e-01,6.018337427269408041e-02,-1.553757695513340834e-04,1.429684512080844558e-02,2.490820059658242491e-01,1.305677670376225175e-01,1.896470015059978642e-01,-1.852307484680716099e-01,5.336683495660642790e-03,1.439325177827070756e-01,-1.578742633549609919e-01,-1.122353851182129741e-01,2.148468554769594058e-02,1.039610440573873890e-01,-2.265954830039325074e-01,-3.124851591663637546e-02,1.758905425867377248e-01,5.956418750194154149e-02,7.231251749283566788e-02,-1.900346070401221221e-01,2.525695766640027595e-01,2.496653864105735643e-01,9.326405257071596067e-02,-2.393247163189774762e-01
-1.775741358112018498e-01,1.137001755648709284e-01,2.168864980947516896e-01,2.088054160212041155e-01,-3.496165609009656283e-02,5.699425096905564453e-03,1.138321654109327313e-01,3.688001397882923610e-02,2.963099190123604232e-01,7.183756220054514363e-02,5.756214106048453127e-02,2.312977197675785378e-03,-2.435911112143408219e-01,9.425936682442319359e-02,4.436367914128098999e-02,-1.104126589423461008e-01,1.627258777585487148e-01,1.580086252645460376e-01,-2.759988779940919512e-01,-3.775360684478618750e-02,-1.901392171768895856e-01,-5.828713700204067594e-02,-2.348324483224735124e-02,-1.972532775464158894e-01,3.739885714819832230e-02,-1.129395102893779590e-01,1.334767363369007524e-02,2.422167627515166288e-01,8.738320734772973830e-02,-5.534714654380016446e-02,6.186969838744824091e-02,6.049974000055776541e-02,-5.856729067955850770e-02,-2.687018067180944186e-02,4.913164320912071642e-02,-3.334591620624927089e-01,-1.422134429413290657e-01,9.198030993760415719e-02,1.246539104037371060e-01,1.762355653825566637e-01,-3.943968507201484064e-02,1.508300294835236977e-01,-1.416932856917525463e-01,-3.917792512560065027e-02,1.527806993158046800e-01,-9.247812449120705602e-02,-5.163990962994931960e-02,9.123537660444884512e-02,4.420768156850846814e-03,1.288198680110174896e-02,-1.030838266765424643e-01,-1.033197602692201983e-01,1.003319029893366687e-01,-2.447320681239824880e-01
-2.755136365709449087e-01,-1.364589629331787457e-01,1.209308725448258494e-02,1.632523633696267296e-02,-1.399776300793907913e-01,1.157157679975414077e-01,1.276169783195884588e-01,1.276062666440134774e-01,2.151733459883738153e-01,2.377863348622099443e-02,3.264377708449602844e-01,8.293806904095722687e-02,-7.100790572256329702e-02,-9.801662329038401955e-02,1.215361669179800402e-01,2.551614018354659424e-02,-1.506237209992523640e-01,1.797032802524466399e-01,-4.284762493336273514e-02,-2.765256534220816298e-01,-6.555925824823458439e-03,-3.421721230975323380e-02,1.216173452110303477e-01,6.175565310712767195e-03,-1.885195907648455071e-01,2.539080322949108237e-01,-1.671389973079481506e-01,-1.836086502447989433e-02,-7.214601666587028284e-02,1.268667112209503900e-01,-3.636265659838573000e-02,-1.777855205245391645e-01,5.556560352460131712e-03,3.196289471639996577e-02,4.675990629986641507e-03,2.928812652397179694e-01,-6.103940508454323149e-02,1.367380157686594044e-01,-8.210864820612744086e-02,-2.523774830161228389e-01,8.952141262806742605e-02,-5.931922896362675640e-02,1.261744325337524619e-01,1.250276423899935110e-02,-3.905600677987766667e-02,1.275031786624001573e-01,-4.940177321334755789e-02,-3.961299663760847745e-02,-1.049648899858618145e-01,6.110941195295148398e-02,3.627254438567451000e-02,7.402678719503021608e-03,1.073997534079595140e-01,-2.501394199289922460e-01
