-6.914611447628099539e-02,-3.497289176450831816e-01,1.785260940020792775e-01,-4.397373582422565291e-02,-2.768759430913105835e-01,-1.939621343130402964e-01,1.272129320079829762e-01,3.190339881495032198e-02,2.275173704543414221e-01,-1.557678691998438392e-01,3.295807225700240171e-03,6.040335043794910208e-02,-9.508550262018079791e-02,-2.283848806476638515e-01,-2.751832046819678301e-01,-1.978700330753565828e-01,-6.942728978455291189e-02,2.850841891616958113e-01,5.294140141480543904e-02,3.809999640184751069e-02,-9.384731497973931857e-02,1.985916651900951069e-01,1.262696427399774279e-01,-4.135247584445965463e-02,9.293255964414257053e-02,1.769385989850386365e-01,1.578010908123536060e-01,5.274968828750274674e-02,1.254164605762844997e-01,1.271294840608520049e-01,1.077850228998105397e-01,1.856626902141879365e-02,-8.749535513093461073e-03,-4.161749722675314733e-02,-9.466554780302395555e-02,-2.131412024651348908e-02,5.372038172496664682e-02,5.506166355086788804e-03,-1.196745722334063705e-01,6.747210829678920718e-02,-7.955105891859068357e-02,-2.020859459779517642e-01,-7.812115347072134952e-02,1.691410449446636988e-02,3.638909694754963869e-02,-1.011189250007182572e-01,-3.651408474445413162e-03,-9.928208013315022173e-02,-5.757921179290714786e-02,-1.559980641151704518e-02,3.568920292884064822e-03,2.257645935958043498e-02,-2.664771386762443406e-01,2.641406492495273692e-02
4.438798197873406598e-02,-1.935559074852477579e-01,1.882932322670844150e-01,9.218714716075020188e-02,-3.409515140142889700e-01,-7.309001767059289389e-02,1.089262323724507486e-01,1.485916126485019861e-01,1.322358618716670819e-01,-7.971416106700993792e-03,8.968898246477365055e-02,-4.217469019831420612e-02,1.017128071249936982e-02,-6.088024574172873349e-03,1.540476530508097797e-01,-2.227821832697055582e-01,-1.833603671366488830e-01,-1.535094991347007443e-01,-5.679400216310004357e-02,-1.287445574957250816e-01,6.208205750861164884e-02,-6.676706373148368068e-02,-5.046009326535383366e-02,-3.803081613154320195e-02,-3.672275298684087030e-02,-1.821122926938985032e-01,-1.813089478855759440e-01,-2.347141688130669479e-01,-1.214983856490531589e-01,-1.010789513641409815e-01,-1.703517255475330838e-01,1.329192030895721965e-01,-1.043163404623134640e-03,-1.137631735721407605e-01,-5.650440406655000969e-02,1.619731538004459404e-01,-4.666154904789574474e-03,-3.082223326004069914e-03,2.124123043195259575e-01,-1.009701765075293606e-01,5.129902310334709392e-02,3.493845961661034560e-01,4.089394571109444126e-02,2.451775488004284687e-02,5.532142558163977153e-02,1.657006449987223351e-01,9.939365696476248901e-02,1.857681891648405859e-01,8.470119460859312430e-03,8.792761507033571011e-02,2.775529792679494109e-02,-2.253623390778801416e-02,-2.595385754022194735e-01,2.126858397463099806e-02
8.669730134744273176e-02,-1.681679106798247558e-01,1.552623415117276306e-01,1.767782150976068278e-01,-1.065027583738938355e-01,-2.942238159293116689e-02,3.937584266159515484e-03,9.145877540755446844e-02,5.395097122304644277e-02,-4.492720546243474805e-02,-5.247204138564583870e-02,-1.890840041205919461e-02,2.689394335142505921e-01,-1.307031018077124684e-01,3.143916060112479649e-02,2.821076963529248194e-01,1.644300124116947481e-01,-5.388337958391416216e-02,9.499192892378173492e-02,-9.612516876280362277e-02,2.001729360763121815e-02,-1.579858694446466538e-01,-1.700629214843539516e-01,1.587383127867121047e-01,-1.285500253796846570e-01,-1.656369490080849272e-01,-2.138286888609670089e-01,2.318781026685728108e-01,1.158840534411596512e-01,9.375737188641834752e-02,2.466542815674587497e-01,-1.922697064499739872e-01,1.647270413917538978e-01,2.226373909684546959e-01,1.242260843227873252e-01,-1.139149765871598774e-01,2.542637611101621758e-02,7.295262861363925599e-02,1.883389314693149907e-02,-8.840486635222684353e-02,-2.879722910867443114e-02,2.553378192422315479e-02,1.351198029774107467e-01,-1.804551562240591100e-01,-7.640912146689674000e-02,-6.301986142450591299e-02,-9.912726818038010423e-02,-9.982281504946621808e-02,1.198561442627759932e-01,-4.097431107532130239e-03,-1.968249774628864079e-01,-2.278074718375747501e-02,-2.526000121281911093e-01,1.612310302430945003e-02
1.329112667259335634e-01,-1.222175476765710450e-01,2.037017196989709955e-01,1.833411272016544913e-01,-5.907690224240007802e-03,1.488704410021824721e-02,-2.834217976076030751e-02,-4.637174406633122470e-02,6.714049413089928642e-02,-7.841716461581109410e-02,-1.414614308698490530e-02,4.690989312127042538e-02,-9.115136758079515206e-03,2.087384356447560818e-01,1.150612618859353509e-01,2.910752762099511060e-01,2.233131028921485628e-01,1.374511357655700764e-03,-1.087227746004500450e-01,2.880968456446626469e-01,2.118376256113635447e-02,-3.088731881416869052e-01,1.619724539768818417e-01,-1.874447321522168253e-01,2.698039724624864966e-02,1.229739294519746479e-01,-5.647740615708644191e-02,-1.066546703081245988e-02,-1.892491958174163935e-01,-8.416799083222669189e-04,-1.737951420827712479e-01,1.983230240986194326e-01,-3.601216399335138707e-02,-6.114570035294884798e-02,6.593130770358891779e-02,8.932381022625540679e-02,-8.767762332494614952e-02,-5.018458156826012539e-02,-1.304389415840359612e-01,3.162060151357372340e-02,1.615190354638138537e-01,-1.998006395980625183e-01,-6.802584988146015421e-02,1.270359090722495699e-01,-1.847991459117961643e-01,-1.443861867658543519e-01,-6.311308723029459937e-03,1.204617018116023452e-02,-1.076293308000657138e-02,-1.507882597114387768e-01,1.906010014640427408e-01,2.536708254536623394e-02,-2.456614488541659369e-01,1.097762207398924467e-02
1.621847943279053905e-01,-1.598010912619891588e-01,1.467694832074243894e-01,1.568171777877934159e-01,1.933011665477072649e-01,9.431493159586273878e-02,-1.015754060817123244e-01,-1.477927240513567941e-01,-8.188348200871575777e-02,1.006104867396688703e-02,8.572433796207667989e-02,1.267512525929098133e-01,9.479682354332784333e-02,1.375151208947267001e-01,-1.439314671435370230e-01,4.670489602399716805e-02,7.202564950277855205e-02,-2.664242912370974881e-01,1.067641366584989593e-01,-1.458722103367242062e-01,-1.502395344140836086e-01,1.148944042025774048e-01,1.314000734489016546e-03,2.934158735930747150e-02,-8.228349007611321375e-02,-1.884646187613107648e-01,2.574836362823739733e-01,-1.332687804846649782e-01,6.512056305153318680e-02,-8.139889460292726309e-02,-9.803929372020482591e-02,-2.745953269519650353e-01,-1.498870943963709068e-01,4.421207448959910830e-02,-4.494316820131388779e-02,-1.665409587919686740e-01,6.847101321720558409e-02,-1.547723669401085689e-01,3.829013846701491419e-02,1.210944809207430556e-01,-2.002565273096282988e-02,-4.781468177145879045e-02,-5.160328486873041326e-02,1.658069928531235859e-01,2.504855062243566133e-01,9.776126248250099904e-02,2.195699122086276212e-01,-1.442213225955188693e-01,-1.621923477617590315e-01,1.292973977339103610e-02,1.347955478221506409e-01,-4.695811864774440680e-03,-2.387228855801431515e-01,5.832141123667357492e-03
1.741753287344998957e-01,-1.098070274918589578e-01,1.128324792657417475e-02,1.348438556525831111e-01,1.042574487948887546e-01,-8.295620825858456351e-03,-6.374280617397894144e-02,-2.434175349511487341e-01,-3.233337253910049947e-02,1.540693547158838161e-01,-1.746011388342862429e-03,6.347246850363114090e-02,-1.496043107364781466e-01,2.643187387357546769e-01,3.945306945881509736e-02,-5.559731737231932841e-02,2.713964683789039239e-02,5.116461106026207184e-02,-1.910256563048298023e-02,1.497361150951959929e-01,1.350070913602014200e-01,3.570924375033655007e-01,-2.634095832182418301e-02,6.052740126247902613e-02,1.975915889672526238e-01,4.416993330133038576e-02,5.897990725863180156e-02,1.135823886779668973e-01,-2.574146577882875375e-01,3.967988109106521111e-02,6.709063377823971941e-02,-1.261642332741674255e-01,-1.020081016457480561e-01,-1.384555663864595332e-01,-6.454504261682335320e-02,-9.783121523607192505e-02,6.699236514716561119e-02,1.068440509907234992e-01,-6.949996622526641299e-02,2.221229653207148699e-02,-7.683309688217156153e-02,2.095363087278999115e-01,3.307080717022130301e-02,-1.309430092392625533e-01,-9.980334229700379978e-02,1.100636753252083738e-01,-3.116851857829321393e-01,1.876569725398064548e-01,1.849392968883435961e-01,1.995881099402840864e-02,-2.036289113386247351e-01,-2.482538276369711597e-02,-2.317843223061160363e-01,6.866601733467616025e-04
2.671343237992053476e-02,-1.788557795607189638e-01,-8.014123343513408423e-03,-3.165296674149756934e-02,1.958167887375703853e-01,1.359982076887684688e-01,1.612249911275742426e-03,-1.154345936067546902e-01,-1.052173013678552732e-01,2.175468566176011753e-01,5.407616732953299254e-03,1.449647324607341095e-02,-7.671340717430923106e-02,8.107506235680864148e-02,-1.829780291564270939e-02,-1.567953646762244857e-02,-2.137209084373464241e-01,-1.370442243523853909e-01,-1.040229981782481716e-01,-1.518046653098663878e-01,9.761603038786717534e-02,7.040871123021544276e-02,-8.887084011319978938e-02,1.993951998026726683e-03,8.318922567875498830e-02,2.773545221047061804e-01,-1.236084834303301655e-01,-6.398058012256531424e-02,2.057118126639467803e-01,-4.637567585027907446e-02,2.585915775172590095e-02,2.779351615304103129e-01,4.225531822320485742e-02,1.855250524865986461e-01,1.858240003799145890e-01,9.581675916417814465e-02,-1.927003801451135923e-01,3.134277677200604795e-01,1.138558232549209681e-01,-9.997688307965203747e-02,-1.679757689508614704e-01,-2.847553542038861463e-01,7.304870073706860867e-02,-8.602808373558526456e-02,-3.333378821404162778e-02,9.028022648370044589e-02,1.892312532120321300e-01,-7.936543715220033268e-03,-7.666629006373119892e-02,-4.202932016106970814e-02,-7.423575878742913470e-02,9.457943467029751583e-02,-2.248457590320907251e-01,-4.458820776975126222e-03
1.317436033554901242e-01,-3.964472013651658411e-02,-1.455973174940278225e-01,-3.603375767051446299e-02,1.198556011920805103e-01,-7.291564747084031128e-02,1.334596185263788592e-01,-1.123348086468708151e-01,-1.407675913525958666e-01,3.909995306379271951e-01,1.675748529307877904e-02,-1.384758843339679857e-01,4.449354355176402681e-02,8.608842312150673248e-02,1.945860098426129350e-02,-1.630241002185123800e-01,-7.803465406768690660e-02,7.178529445744384618e-02,1.151520453882031239e-02,-1.228713509164289577e-02,-1.098300876886599831e-01,-1.515777695690062599e-02,9.498521718203142838e-02,-3.261030757899669591e-02,-1.338580314842618135e-01,-8.687398052056661754e-03,-1.683528495758150056e-01,1.352871549513446348e-01,1.091721637731814659e-01,-6.408816114922680218e-02,1.935521739811469077e-01,6.987716404326374531e-02,2.586884131096017780e-01,-6.715650359064685715e-02,-8.882387001105470151e-03,1.959012258467502376e-01,-5.796081391667096128e-02,-3.473104065807248175e-01,-1.515004003636136742e-01,1.134379563995301238e-01,7.984166567963323080e-02,1.835702410582209787e-01,-8.296746606502178323e-02,-2.202782011798906994e-02,1.964656267809463362e-03,-2.190320716638860521e-01,-8.486024510874311255e-02,-1.579588688302526744e-01,-1.743297190411206565e-01,1.313270815362611310e-01,1.308461970121201356e-01,-1.162813387866312581e-01,-2.179071957580640539e-01,-9.604301727293807628e-03
-5.203317042137503567e-02,-1.041646165107604632e-01,-1.307818182846520738e-01,-1.419141907123544488e-01,-2.292875065103540388e-02,6.870419158694893169e-02,1.753794957952632683e-01,1.724347643641952477e-01,-1.668613154806709298e-01,1.735330522981564372e-01,-2.417210621501601764e-01,-1.395868059414326345e-01,-1.907428025711407071e-01,-1.002068639020995827e-01,1.603848216086674328e-01,3.378721126294600280e-02,-2.351294822477986990e-01,-4.096785397702244758e-02,-1.315738624046405569e-01,8.924565143008672541e-02,4.051608819636872555e-02,-3.818884492023636584e-02,7.236630724362828893e-02,7.193211591528589355e-02,-2.183842551205488203e-01,-6.763714741203050163e-02,1.212451897843731391e-01,8.296286781401873700e-02,-1.392812789538381939e-02,-1.440166057362647634e-01,-1.135512312019883036e-01,-1.148786762924890181e-01,-1.464023412627485088e-01,2.285005014961320469e-01,-1.254403583065204775e-01,-2.325964362776347938e-01,1.658959043509307674e-01,-9.695017132620060984e-02,-8.322962027727807965e-02,-1.784323455003326842e-01,1.263365770930104104e-01,-1.763606162458817295e-01,-1.441165627910236946e-01,3.352629188180240166e-02,5.012235960263768109e-02,-7.766849101742209771e-02,1.157391199802815067e-02,1.642685709525185944e-01,2.767828565507245986e-01,-1.095988789005871850e-01,2.409195689705391150e-02,8.667586075678393800e-03,-2.109686324840386873e-01,-1.474978267761679548e-02
9.083965166321263107e-02,4.008347641418827552e-03,-1.533986551694957179e-01,6.449876371503393373e-03,1.550304532852795347e-01,-8.350404357459792481e-02,9.708105016729710879e-02,2.409216429259901371e-01,-1.319840266849740817e-01,5.296976442995397771e-02,-6.266307131509633865e-02,5.712003037328474558e-02,1.207326588206572571e-01,-1.416704868497879466e-01,2.910078328766412259e-01,6.557974128013351056e-02,-7.720797027763731668e-02,2.546245891569789421e-01,7.810450952607587982e-02,1.670925449133937313e-01,-2.241836313522046348e-02,-2.325931824200415665e-01,2.876767339190304876e-02,3.042110796462910507e-02,1.337860402755171874e-01,1.798660951861991153e-01,2.102900145658996578e-01,-1.117876637978163501e-01,2.072549133732779214e-01,9.243033552696129640e-03,-9.337432826757868787e-02,-2.158723763990881006e-01,1.525622664623126935e-02,-2.646628114184499392e-01,-4.925552215522269184e-02,-3.434355893692701139e-02,-4.646657143740356988e-02,7.934717035737501312e-02,2.009341306176045394e-01,1.220555603451632110e-01,-2.270934609798101050e-02,1.275635743492555853e-02,2.925151096152866503e-01,4.265284529023808530e-02,-1.050255508127276999e-02,2.366835653601148393e-01,-9.413346022087454301e-02,-6.602070283685977647e-02,-1.140309607629989980e-01,4.645464573663556085e-02,9.066829230699676584e-03,2.161355701756729336e-03,-2.040300692100122937e-01,-1.989526362793771902e-02
9.197875526916586553e-02,5.247730950424776830e-02,-2.009371655921522448e-01,4.219956150418176927e-02,3.332369764626180175e-01,-1.178337004356192208e-01,-3.491639832724505871e-02,2.566077005990311313e-02,1.059289481918742129e-02,-1.303172098486690966e-01,-3.192330701251341191e-02,2.094347894968286716e-01,1.213969893268682654e-01,-3.633664903961706383e-01,7.105232457882684760e-02,-4.748769340848123070e-03,-3.255480684069991804e-02,1.423336981676507906e-01,-2.051296426565982489e-01,-2.298544207328463151e-01,-3.802358032792235026e-02,9.694168001116594546e-02,-1.603173378635193991e-01,-1.492805674696712388e-02,-4.325931500930357138e-02,-3.041747108038134750e-01,6.955632473698883378e-02,3.699573682267173758e-02,-1.624657082491710591e-01,7.379278498003301323e-02,7.115241813747170962e-02,1.839406532124150395e-01,-2.345757628922476856e-01,-1.255263032027930936e-01,5.570477077529695925e-02,1.172666179599910208e-01,-9.110055595823808583e-02,1.637108154450712671e-01,-1.629448066284334418e-01,-2.711964408550740502e-02,3.620980403318774937e-02,6.344795400563331411e-02,-9.033086796926931283e-02,1.176410658943137788e-01,-1.352351875232755685e-01,-1.514509476042647795e-01,8.362277080308781751e-02,1.639743340430030796e-02,5.145278234436060499e-02,1.834040080036652282e-02,7.931954889656721297e-02,8.525351825667729089e-02,-1.970915059359889532e-01,-2.504074457825833031e-02
-2.840763665322795783e-02,-2.969040994143716874e-02,-2.828325317998904853e-01,-5.953490034615686183e-02,-7.017898274230821576e-02,-4.519509294390400972e-02,9.719977194799727868e-03,2.921713294501676605e-02,-2.592354614802385715e-01,-1.661295937118725252e-01,-3.309431489282632088e-01,-2.185800856416820204e-01,7.141884151038754847e-02,2.388412760017926198e-02,-1.672722523858189980e-01,-1.719253416816913724e-02,2.373603756393604380e-01,-1.902722952493017261e-01,-1.291672671978388344e-02,-2.120425343272057950e-01,-6.349899656827875938e-02,-1.387857584376530340e-01,-2.751636940067024931e-02,-2.329631960167622418e-01,2.486595933005074643e-01,1.338530482379574893e-01,6.757953651195006128e-02,-9.798080525955238373e-02,-1.746951170323738922e-01,2.686660735192494265e-01,3.384223933901515154e-03,1.137877356258728684e-01,-4.461203492285941569e-02,-4.223738370461214975e-02,2.528090387039181805e-02,3.344110847427222283e-02,6.060840237682052489e-02,-1.306447208632675328e-01,1.691507927409909712e-02,-1.195759935012003089e-01,-1.048026919739363516e-01,3.295963190807271043e-02,-5.823757178031985920e-02,-1.213956215442268949e-01,1.746886258787182511e-01,8.787293541084048587e-02,-4.174231532493432456e-02,-8.370513573605133095e-02,6.785541779126592898e-02,2.639255578957783264e-04,-6.835036726593878009e-02,-1.763108133616614059e-01,-1.901529426619596730e-01,-3.018622552857967711e-02
-2.671026407974775446e-02,-3.102493789822733522e-02,-5.562505233425278639e-02,-1.142430346060463314e-01,2.095131343861742212e-01,-5.094582879179804236e-02,-1.717948137277290066e-01,5.728979856988205416e-02,-3.941504534742412691e-02,-2.203875960467316375e-01,-9.012234753750610061e-02,-1.237378478040619262e-01,-2.348906379517170795e-01,9.835075673854540290e-03,-2.320104002135183752e-01,1.480077615941941538e-01,1.298565718903405830e-01,1.473231619310048923e-01,8.572963327592945937e-02,6.496390486197310687e-02,3.529605393081140449e-03,2.764826375477060644e-02,-1.185631117888638342e-01,8.685295573633765309e-02,4.067989773396445824e-02,-6.304093735072481552e-02,-1.767437573509477236e-02,9.642983793908536938e-02,1.024518424882655127e-01,-1.106963717856669638e-01,-1.816320885567353771e-01,3.024615918266566547e-02,2.579640466524324993e-01,4.537095484524616279e-02,1.871540901583302469e-02,1.317377927079849409e-01,2.470789101657137610e-01,-6.567621470030515773e-02,2.066570470826346595e-01,7.286046380406246969e-02,1.509894567839060453e-01,9.375583621402108769e-02,-1.003962035696656790e-01,-4.764107492420231044e-02,-8.557459114072279993e-02,-4.039123631810492832e-02,1.513772741803592892e-01,3.580099216286098396e-01,-2.142667947945250118e-01,1.456329070052646280e-01,-1.253608076668884797e-01,1.813122883329376656e-01,-1.832143793879353610e-01,-3.533170647890009758e-02
1.719233387612563446e-01,1.721578773926854544e-01,-2.858259939970259761e-02,-9.316111977760842267e-02,1.190841979642080495e-01,-5.876811211277963021e-02,-1.065995402824420485e-01,-8.576825844705475432e-02,5.860224911718286273e-02,-2.297759604090534591e-01,7.632844416050407754e-02,-1.177054548558052333e-01,-9.883278465503081422e-02,1.973147022171702590e-03,1.210785982070512572e-02,-2.248035142564498712e-01,1.187285883469140629e-01,1.134113491723167666e-01,6.359281390193723127e-02,-1.260369744589973778e-02,1.334204800527910850e-01,-1.082872069797332915e-01,5.521507828636639664e-02,4.333901453888700656e-02,-2.349665810063085170e-01,7.224341261262183511e-02,-1.538277257019784183e-01,-9.482499149377300596e-02,4.783563003478850939e-02,-1.467231918475568886e-01,-1.790726516467497087e-01,-8.658661367203515646e-02,4.317955885459248688e-02,1.893479157856562678e-01,-1.130965584767508469e-01,1.826829939515330625e-01,8.662921571271500754e-02,3.384737889397360089e-01,-1.000033011530007399e-01,1.895096876370949424e-01,-8.951436420736443023e-02,1.081050708248389863e-02,-4.031386923946204959e-02,7.582771179910070825e-02,1.887663031154833138e-01,-6.917292016575036714e-03,-7.515252021570092977e-02,-1.714889709694655817e-01,2.031820728691791922e-01,-1.170860743013791005e-01,-4.028681495307447069e-02,-3.307176176454106331e-01,-1.762758161139095225e-01,-4.047718742922078866e-02
1.046417765360908025e-01,9.871262754660320438e-02,-1.670317356488871530e-01,-1.663450705358627268e-01,-6.569696848823959601e-02,4.640854685690291859e-02,-6.809644059659360205e-02,-2.742480688253536858e-01,8.311593757221652501e-02,-7.967139509108504825e-02,4.420939945856019321e-02,-2.485133301259415950e-01,4.868028022070224753e-02,-1.785714290225420553e-01,-7.404394711903003468e-02,-7.333774978159533775e-02,1.118392344677520689e-01,-1.158847677207840848e-02,9.594115145404896738e-02,1.406413465436359700e-01,2.666934198788163402e-01,2.735342908105178189e-02,1.178584039418745372e-01,1.619300174735426034e-01,-1.128337381160707115e-01,-1.074293255666462950e-02,-1.327016668738719152e-01,-6.084981519385847942e-02,-5.785306166236630493e-02,1.457822011112281935e-01,-6.593493807347028390e-02,-3.532508942630178950e-02,2.368423574943168304e-03,-2.695753706944011355e-02,-1.204208933581040614e-01,-1.875398037417719821e-01,-3.288223592110244842e-01,-2.055791889617627766e-01,3.844396789657079667e-03,-1.435346401655247794e-01,-1.551304256620130717e-01,3.170363397695481755e-02,1.699754044396575570e-01,1.054793699596372480e-01,-5.035576305371564781e-02,5.340679977584746746e-02,1.032938833708140491e-01,-2.038039503933227609e-02,6.331001802139104651e-04,-4.627150594455648608e-02,7.836785814500486780e-02,3.945627861608845821e-01,-1.693372528398831012e-01,-4.562266837954295773e-02
-1.430230568501805466e-01,-5.409817633447098345e-02,-9.254595977344961047e-03,-2.260256151804599101e-01,1.134339898010599049e-02,3.141992949995111029e-01,-4.003904766482685451e-02,5.438170292835048381e-02,-4.521062945614781961e-03,-3.323432736036106006e-01,1.419251521943882231e-02,6.549710039544147377e-02,-1.138716626567520124e-01,6.090850507735302150e-02,1.439818556128381541e-02,-5.531242687128259949e-02,-1.041528218332192230e-04,-4.024843336358471108e-02,7.096093001582086390e-02,2.612518571982433771e-02,-2.480076912142829826e-01,5.807531103857009602e-02,1.982465823680751651e-02,1.903938806962884311e-01,-1.339422745930972380e-01,5.144092789732417070e-02,5.896259997563293304e-02,-5.302292370351562034e-02,-8.213816645860190502e-02,-1.472679436897867400e-01,2.032196594975121118e-01,1.229235398445627375e-01,-1.136030484810163221e-01,4.261592102670326565e-02,1.926880074671362963e-01,-8.094648094489753642e-02,-3.407128337653912986e-01,-5.548673869800631320e-02,1.600446616719476134e-01,9.859839761353712817e-02,2.477702800720306686e-01,4.335943163066351136e-02,9.262686144586257386e-02,-1.230929608180501844e-01,-7.837175328083107601e-03,1.122263831158754922e-02,-2.976511469603666526e-01,-1.817217713918876584e-02,4.144451185558249012e-02,1.262658859355839658e-01,1.376559290712401629e-01,-1.109927994414678099e-01,-1.623986895658580121e-01,-5.076814932986430801e-02
1.542398409191869380e-01,2.495015878614142424e-01,-3.200673893413271548e-02,-6.215653827761018213e-02,-1.328921146599183756e-01,1.168316812361519241e-01,7.643945171741542421e-02,9.274639227746382664e-02,-5.116896644461681187e-02,-2.028893754474725974e-01,1.430784570400405187e-01,8.804158634706138464e-02,3.864881735916035708e-03,1.027870621146672742e-01,2.895161851149784527e-01,-1.444520852874630612e-01,-1.046993050874408249e-01,-2.768953913996203067e-02,1.208532071997853036e-01,-4.759740229896271962e-02,4.008491288819850118e-02,6.474377737201766903e-02,-1.811750081822672276e-01,-4.773954701639059744e-02,8.668212485515811028e-02,6.924572492662439682e-02,9.269558599312835434e-02,-1.101561232659431788e-01,-1.453348351866984856e-01,-5.792988792268868176e-02,1.127557415633348298e-01,6.984327526085171156e-02,1.097788060060868459e-01,1.592853499986727761e-01,1.083439257347516421e-01,-1.526637000125122268e-01,3.237740545438328454e-01,-1.471275823499068880e-01,4.725678344528005254e-02,-2.223577636686902698e-02,-2.418149292839270881e-01,-4.380726963973898686e-02,-5.097004556747133930e-02,1.221656977700029539e-01,-2.237229735161056499e-01,-2.325623536908072719e-01,-6.794434173887675676e-02,-1.107197114927957055e-01,-2.495778670781877984e-01,-1.588259184280357006e-01,-8.045260418371372180e-02,9.963413471003874922e-02,-1.554601262918307580e-01,-5.591363028018492276e-02
3.540637390052105843e-02,1.561607077492553342e-01,-1.034132352897296353e-01,-1.290114715935408163e-01,-1.277409117620680323e-01,1.971817499565174381e-01,-1.076831591354784033e-02,-4.153375021300837605e-02,1.427216430924895252e-01,-8.448819766249834884e-02,7.793796897112241495e-02,-1.004909552001381212e-01,1.810709852090485253e-02,1.545372931774906811e-01,1.434731258061357762e-01,5.925311698752602080e-02,6.915567641105451781e-03,-1.215182094888807435e-01,2.132687363063989414e-02,3.890381201996796767e-02,-2.129406671299386433e-01,4.068919785163094098e-03,6.360811664111547248e-02,-8.524652802411169378e-03,5.008771842517471817e-02,-7.793176215308385280e-02,-2.906544911534391512e-02,1.477829231792033571e-01,2.229886256673197786e-01,1.092351602335914912e-01,2.176057384344015355e-01,1.789033654053261840e-02,1.587994711810392923e-01,-2.808948217674370751e-01,-1.005366550283685600e-01,-9.776978646222585223e-02,8.484954686036581817e-02,2.507282366807431773e-01,-1.939588911400551841e-01,-1.632054660901866572e-01,4.402084225884848184e-02,-9.731688824768565393e-02,-2.255570904815645261e-01,2.489774302243495663e-01,-8.211482575302612996e-02,2.647450716538273796e-01,1.750964689365850091e-01,8.804268352217495264e-02,5.524872441503988346e-02,2.320389104415981618e-01,7.088538853993214817e-03,-1.057041784486039693e-01,-1.485215630178070567e-01,-6.105911123050643957e-02
1.222507122590726220e-01,1.968200476524876730e-01,-1.123910503911529496e-01,-7.414521586116391838e-02,-9.219943000614876094e-02,1.902785693607355333e-01,-1.869898284000179323e-02,-5.407039475715126609e-02,1.638813733230240210e-01,-2.829139621983032832e-03,2.467070072230125033e-01,9.859200099977950826e-02,-4.003250316144178408e-03,5.017765816270060991e-02,-8.952065277796390774e-02,5.239686879179904222e-02,-1.085938532830424824e-01,-9.184631637742531052e-03,-1.196763421628970064e-01,6.728454401593662870e-02,-3.374287357340968047e-02,-7.455268843736156947e-02,-1.202733546719330637e-01,-1.875421555471362967e-01,-6.458969416774955341e-02,2.726151623118196199e-02,6.680457485870749945e-02,-1.222306598476183837e-01,1.763102705318657648e-01,9.225465186730716360e-02,-1.386584448797296282e-02,-1.093417798145534386e-01,-1.233870439994568663e-01,-1.819998840323051037e-01,2.208749832899268087e-02,1.317942357391927166e-01,1.534359023800458688e-01,-1.077846280294439685e-01,-9.952229057129236001e-02,1.601654780315976689e-02,1.369921961538902444e-01,-4.094290688232047476e-02,1.734428916171320001e-01,-5.357268104483432491e-01,1.336310084596738779e-01,-1.821767011835732364e-01,1.645921453393974221e-01,3.326284628042013025e-02,1.882338842804375800e-01,-4.580909026406065204e-02,-5.122341126424232588e-02,1.177355522334785354e-01,-1.415829997437797472e-01,-6.620459218082644370e-02
-9.468854685579351782e-02,4.803667033511310053e-02,-8.418625255721889911e-02,-1.895016205253939878e-01,-1.823827826900569632e-02,1.776883185015608602e-01,-9.846460672233792524e-03,1.282106363541369032e-01,2.066681067373756786e-01,1.784349194855579246e-01,2.244954270238773142e-01,3.677395993653968104e-02,-7.630852628739967503e-02,1.190002864738455221e-02,-1.707194297179220888e-01,1.893360771860455594e-01,-6.579030025792092888e-03,5.103380411722609200e-02,-6.710048974732397802e-03,-1.173738888069738619e-02,1.742337615377856364e-02,-7.791145120661931156e-02,-1.454500484807956517e-01,-1.520186334681934426e-01,8.953458308546115296e-02,-1.276781948472298922e-01,5.219431816978147530e-03,3.508201739673892927e-01,-6.746237814333633231e-02,4.146436687232901534e-03,-1.519818099118290695e-02,-6.927540172297663723e-02,-1.562227913506158417e-01,6.564090109275025342e-02,-1.709542024139132088e-01,2.107366154185477403e-01,-1.144268307486884101e-01,-2.529215229405081325e-02,1.618696510157398016e-01,-1.600565931937972530e-01,-1.656622407914220829e-01,2.640489863101906989e-02,1.566163031689033272e-02,1.672954091120240072e-01,1.648506530288623151e-01,7.100519076660351259e-02,-2.269515888149184757e-01,3.647597101158610994e-02,-2.319207266660305577e-01,-2.905335216115120800e-01,4.201168012595990486e-02,-1.320596857292072601e-01,-1.346444364697544638e-01,-7.135007313114734295e-02
-1.560291534221351917e-01,5.653320082861897772e-02,-5.998265068824322477e-02,-9.601743932630911471e-02,-2.051435863541944959e-02,2.107371033541037206e-02,-6.788661675330939782e-02,1.742189687668866671e-01,1.056952133301553159e-01,1.520981264529962518e-01,1.175850214249687248e-01,2.351772590833968168e-01,-9.465255550209987490e-02,2.241145000297161544e-02,-3.632639882533688497e-02,-6.550190993114989035e-02,1.662361911277101534e-01,3.632481768042371273e-02,-9.089004596489684562e-02,-1.740252510555576754e-02,3.142613997906310574e-01,-4.714258391749431149e-02,1.449462456694584345e-01,-1.524507831759370213e-01,2.817316917953313071e-01,-1.120057940220832993e-01,5.501253825853787138e-02,-3.340858194314842017e-02,4.137456842347797537e-02,-4.480708394749004925e-02,-8.112026635518343465e-02,-8.147024584045534090e-02,5.174920259757062602e-02,3.146298229527907941e-01,2.119148783368005606e-01,-2.961044116569970519e-02,1.308819218337653120e-02,-5.861553310143061135e-02,-1.246174333156615383e-01,-3.347429810986337489e-02,8.633382550805918099e-02,6.918562124551740078e-02,-2.710707862606864110e-03,7.684996589835051128e-02,-3.167814859855300202e-02,9.428752593935127435e-02,-2.727599097643313569e-02,-2.485865884088827027e-01,1.480468205992303554e-01,4.414070084648006320e-01,4.444714408764070118e-02,1.038476107943327870e-01,-1.277058731957293747e-01,-7.649555408146940794e-02
-7.561496909038112335e-02,1.024298238819314616e-01,-1.135462501207634006e-01,-1.281972540690501927e-01,-1.068242864434730405e-01,-9.375311117102531899e-02,-3.078912719976526630e-02,2.400062159089491332e-01,-4.837494238200266278e-02,2.316235348222935586e-01,6.619268191739050011e-02,1.141760811562790301e-01,1.850810998302621357e-01,1.952501167520512629e-02,-1.733562873249698821e-01,-1.898400718903114071e-01,2.603061950134630265e-01,-1.415740398861568272e-01,-1.066359179069198554e-01,2.641594262387399715e-03,2.135855197047097781e-02,2.524887007348549858e-02,1.843804480667952383e-01,1.130655202783789476e-01,4.975979454498118126e-02,-1.345123252306410777e-01,-1.250127466743658766e-01,-1.584890039885467339e-01,1.448111006714043400e-02,-3.184838079137346928e-02,1.921210040447508122e-02,-4.915685992331959159e-02,-4.596997766552743392e-02,-5.089540959441771206e-02,-4.804615043994118345e-02,-1.971798183119121139e-01,-1.085915070788081999e-01,1.053691695070407969e-01,1.662298972160925273e-02,2.873909881277995071e-01,1.037154884386290027e-01,-1.318657340297643976e-01,-1.163941501924315447e-01,-1.365855322924932613e-01,-2.610720912885106104e-01,-1.148023258128588742e-02,6.283207291426609609e-02,1.938264300386314531e-01,-1.734509867921665283e-01,-2.764680227856348704e-01,-1.497372546678089333e-01,-1.327316835898218195e-01,-1.207673099217027729e-01,-8.164103503179016841e-02
-1.740606159176394663e-01,8.706980170388999019e-02,-8.633958682064730994e-02,-1.151198128482010252e-01,-1.478298722735977289e-01,-1.953763804798099579e-01,-9.474721215198949123e-03,1.085550337846270391e-01,3.892357805598246033e-03,8.976772582984211823e-02,4.247044725796650377e-02,2.292145864673882441e-02,1.417072851395425326e-01,1.040244524783437291e-01,5.152013337182269337e-02,1.922496286144175226e-01,-3.554877328438811601e-02,-3.861684199575456805e-02,-1.563311589525557266e-01,1.295258895399807042e-01,-1.915747501803962138e-01,2.192300094465317040e-01,-1.634100773150451436e-01,3.239535388990219533e-01,5.508625224947177879e-02,1.450476973672584491e-01,-9.863099038743375346e-02,7.925524947936612996e-02,-3.764720005844696682e-01,2.071523823606492929e-03,-1.049820883114810227e-01,-7.847918280859253470e-02,1.857570828106558103e-01,-4.297048666282672624e-02,9.022434267040652101e-02,1.047653074159092951e-01,1.392216488782139529e-02,5.827284593865289519e-02,3.961410655133696529e-02,1.996778520684336644e-01,-1.017884774071168702e-01,-9.079298407166568052e-02,3.373712215626188671e-02,6.795819163275641783e-02,2.689159272056492744e-01,-7.097500948486612504e-02,1.956110283794681437e-01,-1.256221209398319938e-01,1.513274247603988432e-01,5.906240454037470916e-02,1.334278300066132072e-01,9.329729850241551270e-02,-1.138287466476779614e-01,-8.678651598211185869e-02
-1.221915425465917304e-01,1.599715519429405208e-01,-5.719563610523431540e-02,6.826730893475950468e-02,1.149833750058967471e-02,-3.867850157193626348e-01,-1.668079701359325706e-01,9.316956435826667660e-02,7.576234736315305696e-02,-9.866821227272849770e-02,-4.215727587070421806e-02,8.449059644655351753e-02,-5.144957151022492431e-02,1.509807561544770915e-01,7.642204749838477085e-02,3.022315810326549612e-01,-1.935306428125764810e-01,-7.071943806508451669e-02,4.884261002807491897e-02,6.028981568581909256e-02,9.777755800061185831e-02,2.363168677288234876e-01,1.412339831643991961e-01,-2.352389676327561185e-01,-1.603029483422268031e-01,-1.541334364107616560e-02,1.193155942053699264e-01,-9.787405790561748420e-02,2.692621296586391044e-01,8.594943532754394100e-02,1.102846544904020343e-01,1.643785946291925482e-01,1.225071852121119714e-01,8.831263326189291163e-02,6.581024764513289382e-02,-1.335109474372527527e-01,-2.075589822930585526e-01,-9.407497797665169414e-02,3.080356632327883523e-02,3.787159011888815291e-02,-8.548848449066073774e-02,2.311042414910042253e-01,-5.859062728499508238e-02,2.262799931522111244e-02,1.098831438610820971e-01,1.546350029344038465e-02,5.722488705434687628e-03,6.949779864321969924e-02,9.864607839510504406e-02,-2.065997558334758955e-01,-8.554803562897783653e-03,-8.511051056356952471e-02,-1.068901833736510404e-01,-9.193199693243207793e-02
-6.867767470153460230e-02,1.536499702647464161e-01,-2.829257972480964806e-02,-5.797134232391591008e-03,-5.330406093692357378e-02,-3.305568266000227240e-01,-1.342054279594501465e-01,-9.610781971911719346e-02,-3.239899352451477976e-02,1.766098146177669803e-01,8.476653302626482867e-02,-6.619604899893810623e-02,7.197426324496751515e-02,-9.209417715386261638e-02,-1.220131118018787930e-01,6.514224123514102127e-02,-6.281651187662404268e-02,-1.819262424083297747e-01,3.743712349021517949e-01,1.001549515992876116e-01,-1.316979077804474596e-01,2.801588977337059194e-02,6.463176778485618668e-02,2.092434589891146134e-03,-6.101419045528350127e-02,-1.458173781057798234e-02,-3.436313801311962485e-02,-1.932948498767931081e-02,-3.949288427180671496e-02,-1.431776573552282217e-01,-1.106213529008475693e-01,2.374427533772091314e-01,-2.424535937442720002e-01,-4.535051234440745649e-02,1.474821685434144630e-02,-4.332834392533864432e-02,2.520573191208241859e-01,2.025400844360133179e-01,-5.109584905047693387e-04,-2.581266821189622251e-01,2.025858355033154645e-01,-1.106824015333858213e-01,1.645845592159611848e-01,-3.234854451978013551e-02,-1.781915142218843881e-02,-4.260435362438235590e-02,-2.330392701519357623e-01,-1.409266118323671546e-01,-1.242876835760601678e-01,1.401175712327902834e-01,-2.142907517769221479e-03,5.703342842179945360e-02,-9.995162009962653415e-02,-9.707747788275332412e-02
-3.070089352254108950e-01,4.398809130076406643e-02,1.841796758836902470e-01,-2.482215476776409302e-01,5.252676889475219740e-02,-1.433986264949057010e-01,2.605377938936362034e-02,-2.442097541351866130e-01,-7.873019630557565041e-02,-1.473366387409452694e-01,-7.780119512307588766e-04,1.424517632592961769e-01,2.482801665707362326e-01,1.210604126632038313e-01,-5.543432337919390433e-03,1.268930132867632232e-01,-2.207356576789770986e-01,2.442052920871573898e-02,-1.388450668492100248e-01,-1.838487540867065340e-01,6.435558895898914333e-02,-1.786491059208658028e-01,6.577375360599987952e-02,6.308680863888965762e-02,-1.415135512724800815e-01,2.326153607879258844e-01,-1.116244875898727423e-01,-3.166602250759911752e-02,-1.393052731515341362e-02,2.495683995346564127e-02,-1.729111462741388149e-03,-2.177529037603331274e-01,-2.323351175555208870e-01,4.003831555017467458e-02,-7.904277743791671140e-02,1.353687737086963494e-01,8.001335718232628624e-02,-1.576667273156722449e-01,-1.568749430293133462e-01,1.252264580365322448e-02,-8.877959395532716846e-02,4.804458077101442237e-02,-8.643162437305881851e-02,1.856607959846256692e-02,-2.010337379806785285e-01,1.430409578908559687e-01,-6.402648695868026762e-02,1.189795715996242870e-01,-1.161704909457986629e-01,1.411877654039930263e-01,-1.263215626802281499e-01,3.404250738882326575e-03,-9.301305682559986299e-02,-1.022229588330755973e-01
-7.782474007442845287e-02,2.084544933742920880e-01,3.808039824906204740e-01,-9.689627985029979074e-02,5.930827758360413676e-02,-1.345366966177344858e-01,-9.646531238757567739e-02,-2.599015441855050818e-02,-1.410686884046594702e-01,2.818252058873478919e-02,1.382709190704439588e-02,-2.001281616218087145e-01,-1.818233840336550833e-01,8.755112784342679311e-02,2.128747323021071003e-01,-5.805783338879846878e-02,-1.353528678092667413e-03,2.118936041045090812e-01,1.447394225239870269e-01,-2.864216170087432456e-01,-6.980478338746494427e-02,-4.934566118688764151e-03,2.170591729656920765e-01,-1.133060870291769176e-02,2.416690976415904191e-01,-1.777345650073694494e-01,6.135723091672836554e-02,8.781357157929524371e-02,-1.250646643266492830e-01,4.858196262561951390e-02,6.411813269898464229e-02,-1.981654880594653501e-01,1.757285996163901118e-02,-2.616788897399540889e-02,-5.674491799634471742e-03,3.614136100052549316e-02,-1.608522192316878263e-01,5.069736774107081595e-02,9.218206708786427783e-02,-1.786961250201725415e-01,4.557003117847156087e-02,-1.024355082157093200e-01,7.099124801049001843e-02,-2.152630849510436817e-01,-4.032658956322958399e-02,-1.213558413926851404e-01,2.222574359456467863e-01,-1.387636183935314106e-02,2.919853407208451712e-02,-9.504116665837306077e-02,1.398386095043900601e-01,-4.677534066033042781e-02,-8.607449355157474613e-02,-1.073684397833956500e-01
-4.775583665518970400e-02,2.266484222252146408e-01,2.565833985652815619e-01,1.704471480115609186e-02,-4.160558473955854042e-02,6.360405774231087626e-03,-9.998630269408573246e-02,-1.835964460271250487e-01,1.319529054485598374e-01,1.009786201726513011e-01,-1.794679855823985148e-01,-1.159849767354958622e-01,-2.943458794571566020e-03,-1.197739165148003354e-01,1.638070308787903384e-01,-2.028945527728920617e-01,-3.594505812544826484e-02,-2.092568312254590446e-01,-1.558966712259811371e-01,-4.482913884158037238e-02,-7.624782292900854352e-02,-1.012831319157199983e-01,-1.878849830644257757e-01,5.896288759355648029e-02,1.711900727286289892e-01,1.096744683169004891e-02,1.361050396673334772e-01,2.102365953950265376e-01,2.199054868565530063e-01,2.254635834464610300e-01,-1.752371220441141242e-01,1.269146891892684592e-01,-3.971827027837508683e-02,5.916932127281895881e-02,8.380997103414715432e-03,-3.630474498627416641e-02,-6.244362861616534199e-02,-6.137465441531499144e-02,4.651706911869862848e-02,3.235206130728052742e-01,2.048753096854024347e-01,7.530243916306533086e-03,-5.126574384644415339e-03,1.603592500281405819e-01,1.171216988191274844e-01,-7.546965441147369946e-02,-1.843066167281504353e-01,1.403839295633822759e-02,2.169507435417485086e-02,-3.285306260555424795e-02,-1.888526088580023687e-01,1.290635993216453226e-01,-7.913593027754933784e-02,-1.125139207337157721e-01
-5.291682003422185782e-02,1.907703783917451268e-01,1.233834349633999850e-01,9.765904505649380951e-02,7.338842425395160352e-02,-1.001354534787138838e-02,-8.844199768728890076e-02,-1.757781993054995107e-01,1.894600109966477763e-01,1.248518776449756007e-01,-2.051732721055219977e-01,1.517935879061784454e-01,-7.543380030864957342e-02,-2.880576797537937606e-01,2.921680682242228794e-02,-8.021940720509562750e-02,7.312773969007538288e-02,1.010946847201355109e-01,-8.094725040708393438e-02,1.054560866355229026e-01,3.800271879179086681e-02,-7.826004511635410721e-02,-1.652129514537526156e-01,-1.044841790927449471e-01,-3.967811597383826688e-02,1.002613708490173727e-01,-2.176635037058275157e-01,-7.041925910047264203e-02,-9.763249745808390279e-02,-1.056579531187956528e-01,1.532234742068611377e-01,-2.281999683410323998e-02,6.547044550439183597e-02,-4.654834519605207527e-02,1.475940118350619057e-01,-2.824719931085518110e-01,1.320975744668687613e-01,-8.527798391881477591e-02,7.756122685926308824e-02,-5.033676952130588383e-02,-1.176419215675601343e-01,-9.400094541409755033e-02,-1.376386605612138492e-01,-1.711088443540893511e-01,1.910237226713200898e-01,1.988855059727344943e-01,-8.145406794084908073e-03,1.734494979966823835e-01,-1.413306913435364576e-01,4.703602387757663955e-02,3.207239193703376734e-01,-1.716067024577986599e-01,-7.219736700352184788e-02,-1.176594016840382673e-01
-1.964603814864767095e-01,5.462996125483585153e-02,7.830410401101682571e-02,1.882101472834710881e-02,-1.280092054093719990e-02,4.257397178565600765e-02,-3.739100868882477141e-02,-8.306649495012756457e-02,6.672999242260942154e-02,1.844076640348068508e-01,-2.070109368630854707e-01,9.640131872965851390e-02,-2.433376521755006502e-02,6.142107295283904915e-03,-1.249600656570561685e-01,-8.277768441776937880e-02,1.984817956084979074e-01,4.297324582971245865e-02,5.396366293949381165e-02,6.848336591826033326e-02,-1.385745591826495204e-01,-1.669856787949449972e-01,-1.422311704137851629e-01,-3.782209518988233904e-02,-5.416765732406328415e-02,1.323548630145721383e-01,2.377916720991648802e-01,-1.611148034024933728e-01,-6.391739681156749509e-02,-3.566790215309717516e-01,3.210158659850353979e-01,7.371675253313850207e-03,7.269669218714293335e-02,-2.380047806131108112e-02,-1.326335813857700829e-01,1.209538296437911442e-01,-3.455597545047996849e-02,2.699618105034112814e-02,-2.770399849004086604e-02,-1.301910530061713422e-01,1.650974828782304435e-02,2.143523254725120952e-01,1.332915303891772374e-01,2.111642535952518440e-01,-7.631975721738558371e-02,-4.139063485913966473e-02,2.214103145643785409e-01,-5.845236797640893794e-02,1.910741184705503082e-01,-1.652082700518194558e-01,-2.225954537822729395e-01,1.199402846009547524e-01,-6.525880372949728614e-02,-1.228048826343574734e-01
-1.309195774105347820e-01,7.540663949774877028e-02,2.742497834219648767e-01,7.021502343147627279e-02,-3.448540542944092402e-02,2.505722353593621832e-01,-1.836142725102301587e-01,3.150132133358869990e-01,-2.770876401493622687e-01,2.544079717685798422e-02,-2.115787825620548401e-01,1.004294090874580624e-02,-1.263952975284345359e-01,1.202769536338968714e-01,-1.111855780058099985e-01,1.260495001405812637e-02,-1.969075580587054813e-02,9.559180766258942863e-02,-7.494275934298956499e-02,1.310157389220208413e-01,2.321458571290871409e-01,5.715744311431040364e-02,-8.248727722780065108e-02,1.892306291324965806e-01,-1.520437376556924847e-01,-1.130504028469347250e-01,-1.221992482117914280e-01,-9.867382326339187160e-02,1.124132087552321690e-01,1.873545537396469618e-01,3.071203047193340335e-02,1.344976026169034666e-01,-1.174278391349935502e-01,-2.519712753798632465e-01,-9.699177531924244033e-02,1.852599004934864582e-02,7.034454230896947102e-02,6.365857989571405140e-02,-1.844293633728903148e-01,-4.683192753813538584e-02,-1.256370190351342453e-01,8.000246544475625443e-02,1.028149807358063987e-02,2.211774388729818418e-03,1.089214111714216365e-01,-7.576334842574010409e-02,-3.744167810099171406e-02,-2.273869851239914974e-01,-1.630650736256780420e-01,3.655057843267087159e-02,2.090378996972050082e-02,4.875620730564669825e-02,-5.832024045547141988e-02,-1.279503635846787890e-01
8.667551168388963612e-02,1.991349875129247715e-01,1.028565495779600603e-01,1.287323570663979899e-01,-6.252396450648295412e-02,1.701512237711202691e-01,7.837314102038864944e-03,4.458455288819017370e-02,-1.389525038719471028e-01,1.218951383632679436e-01,-4.489337468910107459e-02,2.412414248719760568e-01,1.642372047213962460e-01,-5.508858844690862899e-02,-2.011147732258863896e-01,-1.352558639056057332e-01,-7.341782946844586932e-02,6.246980452914145665e-02,2.305338725813763368e-01,3.931578223347203388e-02,-1.050039929417083545e-01,-2.008939171261435539e-03,1.231058214694506492e-01,-2.338721134725778653e-02,-2.641740518826788953e-01,-4.164976367136182661e-02,2.168602525253373603e-01,7.793420158418404298e-02,-1.109278680895081776e-01,2.239470068480683418e-01,-2.257946484470891857e-01,7.593808018787047420e-02,2.205998553609659352e-01,6.160042377034601752e-02,8.265454482136273817e-02,1.938640296271283148e-01,-8.844956412847325422e-02,-6.511414263229658994e-02,1.009501212972008927e-01,-5.041050520753341535e-02,-2.157858878275502046e-01,-1.621274479103739508e-01,-1.334799454160503357e-02,2.260980651993929960e-02,-1.305816147639780045e-01,5.649249024029273647e-02,-5.412823572656637328e-02,2.416963735758623222e-01,2.164540816406113621e-01,1.461692300301365433e-01,-2.153042184492385755e-02,-8.690928637971995219e-02,-5.138167718144583118e-02,-1.330958445350006458e-01
-9.759740985402899638e-02,6.495078347889386705e-02,-1.542524645287938478e-01,2.127610459305125379e-01,-1.763621904325521350e-01,2.297261037606365963e-01,1.091165536563206556e-02,-1.635170252207551189e-01,-1.356228017205746844e-02,-1.402566590771381072e-01,-2.760043593056528688e-01,1.231089330560812822e-01,1.967326826575103993e-01,-5.071398671750149828e-02,4.761453396154775169e-02,-1.918541631896620442e-02,-5.808272613004901441e-02,-1.582990817212092966e-03,-9.126414883702937964e-02,6.426072837044558006e-02,6.490367406120379871e-03,2.052869293152734254e-01,2.401296278487212998e-01,-1.091200765662672378e-01,4.725225359912747086e-02,7.714880920751460147e-02,-4.739331479809727465e-02,3.005813610640685751e-01,6.887675070813338574e-02,-1.917499656280820808e-01,-2.148362180274739353e-01,-9.461891782329044653e-02,-2.767484995641476819e-02,4.603704157576902350e-02,-1.175536043921326795e-01,2.116474297442751812e-02,-5.920333593185026985e-03,1.671147411133866167e-01,2.053143878623484297e-01,-5.601151593094108594e-02,5.797796613618148159e-02,2.224686876967759963e-01,-8.873991374408435329e-02,-1.647071705818263510e-01,-1.133348961719619907e-01,-1.083459403540380089e-01,1.433974440316103383e-01,-2.341089212777845985e-01,-1.457101131892526158e-01,-3.499104930700677740e-02,6.790252842240604436e-02,-1.624073674052167737e-02,-4.444311390741911838e-02,-1.382413254853210871e-01
-1.003081943570789114e-01,1.645420314193654643e-02,-1.530615719714352452e-01,2.942668569319302208e-01,-1.021776259914735085e-01,1.846228491937694227e-01,-8.614730558030066210e-02,7.166403085517020558e-03,-9.213124602278667530e-02,-5.782715465355521556e-02,-5.343121876410424076e-02,3.534587474419147168e-02,-8.370601936461141354e-03,-1.210799966759080748e-01,2.998731512700381074e-02,8.636210699148198777e-02,-1.901854063700662290e-01,7.092568403064847260e-02,3.167845191796819782e-01,-1.197160720430838626e-01,4.120338243079159357e-02,1.430880180245479028e-01,-6.027853334095000654e-02,-9.036102030387836714e-02,2.480026430293546802e-01,1.563135498999821196e-02,-3.235488803218705689e-01,-1.683358473493492824e-01,-2.822959201709768218e-02,-6.868103497577132677e-02,3.417551990454993638e-02,-1.556733299289471961e-01,2.347239521905285578e-02,6.079558055510712877e-02,-8.699723097119757553e-02,1.236534590697798836e-01,-1.130188523349504176e-01,-1.203318623677413213e-01,-2.765780086666870807e-01,1.331917231206698471e-01,2.340077035680009909e-01,-1.945958595255760648e-01,1.195370104207043038e-01,1.918256765639015649e-01,1.068690534585853558e-01,-1.223134362249527103e-02,-2.584812460522147026e-02,1.923897453018495740e-01,1.207759771182331972e-02,-5.122296616867756669e-02,-7.866124421792364263e-02,-2.871346242061221729e-02,-3.750455063339316886e-02,-1.433868064356432492e-01
-2.596611729667724910e-01,-1.148488106867719266e-01,-8.166778503940352874e-02,8.004943428080589507e-02,-9.792618150195694926e-02,1.277386792639697843e-01,5.695303692468058065e-02,-2.122642279465204729e-01,-1.477952682146340679e-01,3.366520451537164532e-02,2.272468978615119484e-01,-1.506021841801409855e-01,6.784144369349903725e-02,4.819065257975279487e-02,-1.163936588679337081e-01,6.499715470200426171e-02,-6.543359279761941372e-02,2.856192431675063648e-01,2.974185646686652515e-02,-2.264064484258285492e-01,1.499723868036571539e-01,-1.488116934058184848e-01,1.607051897891458372e-02,-1.126876791561894249e-02,-4.290623012071106968e-02,-1.246098169168820546e-01,8.254553162862018900e-02,1.401482833460292177e-01,-1.787395798187693674e-02,-7.611888293319266086e-02,-5.799071618443633197e-02,2.544467127002199569e-01,5.801980011836969930e-02,-1.712570812225920891e-01,2.164872759906384669e-01,-2.658688268929188525e-01,2.197482670204990163e-01,2.757073720227510780e-02,2.272284183302814703e-02,2.672268934268880458e-01,6.073228206304936636e-03,6.629643270198251614e-02,9.835219693430935495e-02,6.298132434013500869e-02,-2.561444108813965004e-02,1.372022639613878769e-01,3.480525976306957092e-02,-3.711086930753456498e-02,1.696805687766789195e-01,-1.918912944463960213e-01,9.531187071177223136e-02,-1.288810478157166248e-02,-3.056598735936878405e-02,-1.485322873859652448e-01
-1.756275078980147897e-01,-8.640083653439632055e-03,-5.470281226649658518e-02,2.426384685280884024e-01,-1.222415344587745728e-01,-1.901587806794562477e-02,8.576225075970174416e-02,-1.008892122728653612e-01,-2.008841473341392014e-01,1.309921924338246918e-03,2.675221310196547186e-01,-2.176285643420971805e-01,-2.860689882076076010e-02,-3.662320426126221273e-02,1.141242718395146377e-01,2.019341304184062158e-02,1.227281900254085095e-01,1.324422986753982512e-01,-1.678952839887974946e-01,8.616795791455680864e-02,-9.691238881725526555e-02,-4.217385851460687951e-02,-8.262978949500111858e-02,-1.922904102430597062e-01,-1.887408787120390674e-01,-7.290603850794807883e-02,1.672875499375250097e-01,-1.695113495115256885e-01,-8.393698172380278932e-02,-9.481804097494311162e-03,2.635976074181561879e-02,-1.185331333661616415e-01,7.063172239429389709e-02,1.051302537171883711e-01,-3.781211003744903987e-02,-1.315453138679926678e-02,-2.208553928538672384e-01,2.245070809519573996e-01,-1.264628266963725364e-02,-2.046257077613125239e-02,-3.186862347322421546e-02,-6.296005655813821655e-02,-2.797073592846177625e-01,-1.054651817014568005e-01,1.767378723477949776e-01,-2.978473727305928909e-02,-1.632998048563511495e-01,4.636810630375914205e-02,-2.232021392563373341e-01,1.728810752424613517e-01,-1.885385704659645334e-01,2.116761787392655025e-01,-2.362742408534283453e-02,-1.536777683362819946e-01
-1.053545375234848785e-01,1.189150750184446393e-03,5.629341678997735327e-02,1.705734330485100814e-01,5.103802242016831914e-02,-8.935880564475926283e-03,4.636532901187037821e-03,6.103849662507530860e-02,-1.002656006476724676e-01,-3.944620204623853045e-04,2.760035559782642589e-01,-1.472045791309800067e-01,-6.504439366392711364e-02,-2.036424704510190753e-01,4.043040875166061671e-02,8.198403112240647272e-02,1.044417595039146274e-01,-1.150574793625605136e-01,3.794673702107037583e-02,1.014342965606438302e-01,-1.168019181450470068e-01,6.567748434021809800e-02,-2.421674367248080051e-01,1.560599092525776221e-01,1.794872936558803145e-01,1.123350905780954589e-01,5.786608621501793115e-02,-3.483742343405177994e-02,1.649336052232351912e-01,-3.490070325979868077e-02,-8.943264636089730268e-02,1.424463261801690306e-01,-8.436665611553405275e-02,1.685951430305608068e-01,-3.200002913078120459e-01,5.582519387053804655e-02,-2.301587483076182258e-02,-1.639414047642799299e-01,-9.933398799780572552e-02,4.514252336316348230e-02,-1.676150726483803810e-01,1.052768496988347457e-01,-1.076248844723627085e-01,-1.874009566125329485e-01,-3.364214422470962473e-01,1.268831370379998880e-01,5.824752031844712685e-02,-5.821304883374395917e-02,1.721080283445371173e-01,1.939654086265728619e-02,2.522941292356709053e-01,-1.547503743919160513e-01,-1.668886081131593785e-02,-1.588232492866057388e-01
-1.398755845945831577e-01,-3.526330958058797316e-02,-1.134178143099324847e-02,1.993044200444610281e-01,1.342480579709245392e-01,9.457038568621062638e-03,-1.565533620764056333e-02,-8.194680100589691284e-04,-6.867159765415731254e-02,-1.004377478298932591e-01,2.858061507735982221e-01,1.502781821774505817e-02,7.331360722262526570e-04,-1.316451169337028715e-01,5.669991370555516053e-02,-8.615867223707519840e-02,1.848124154591817558e-01,-1.340556290626232772e-01,-3.081507806892813117e-01,-1.414752569323781198e-02,7.201112988414899718e-02,8.302028730070326601e-02,2.647443326233435701e-01,1.598342746596571884e-01,1.154878632618267301e-02,1.693530085055517664e-01,1.868094141186576367e-03,3.781204043809304610e-02,1.095987768354019648e-01,3.282102307472477276e-02,6.947465102937587511e-02,-7.293397173692012236e-04,4.622678982506475687e-02,-1.073465707746607961e-01,4.034879746001363010e-02,9.698789441083818103e-03,1.474907616406854749e-01,-1.262717731899317686e-01,1.333772056765263336e-01,-2.763886083079404310e-01,-1.712556847652753605e-03,-4.336371203086378245e-02,2.676082831456255695e-01,2.086122459644500493e-01,1.488664256724126222e-01,-2.822194354207548384e-01,-1.575795250478650641e-02,1.971809816917241276e-01,1.178611040670911672e-02,4.283103939195343629e-02,-8.424166717095095402e-02,-2.278799190760224525e-01,-9.750297537290493130e-03,-1.639687302369260413e-01
4.503865290879493360e-02,1.035707094982076665e-01,-6.456758464179122858e-02,2.463974689698277820e-01,8.942626660290360630e-02,-1.167426175178786774e-01,1.243983790697673897e-01,1.331800451302931898e-01,-1.168117305442530930e-02,-4.440323736419867634e-02,6.783983363363726982e-02,8.437378830301353605e-02,-3.871535392631529904e-01,2.412973833471226612e-02,-1.739273196080165507e-01,-7.904123589355631363e-02,-4.466037844374741439e-02,-1.201080762655774986e-01,-9.988303534974049547e-02,-1.776151935295992856e-01,-1.490950004702345233e-01,-3.832003172445171829e-02,5.260694314156888485e-02,-3.191036717033839815e-02,-1.764143326766286490e-01,1.517330117868304906e-01,-2.302456332357940560e-01,6.906173817441882412e-02,-5.290338519534314166e-02,1.768766809890275626e-01,6.323425325607462399e-02,-2.004480707695138197e-01,4.048044222533146025e-02,-8.599258111212909617e-02,1.724399981122953784e-02,1.847682765494461019e-02,7.259366962370183973e-02,-2.739063748374975099e-02,1.856780398455162295e-01,-4.964518154386868103e-03,1.718610930549776816e-01,-2.222257251196690930e-02,-7.422250887399101105e-02,8.008429729233840222e-02,-1.833990292151974066e-01,2.396088485902929666e-01,-9.477491755980682608e-02,-2.360452533318671275e-01,1.029093845808255747e-01,-1.605969961575479388e-01,3.996694711949757423e-02,2.768367134528270102e-01,-2.811734263263950765e-03,-1.691142111872496745e-01
1.212453833963674302e-02,9.076860686517583543e-02,-1.936474018536112618e-01,2.617003283985385731e-01,-5.212023152180648988e-02,-1.326885372036626376e-01,2.875449110718227841e-01,-6.556074635425894470e-02,1.843979017363192030e-01,-8.349125833565382293e-02,-1.135269579857510897e-01,2.192423688370146676e-03,-2.931489961260090316e-01,1.249437427661954508e-01,-9.718528678284378552e-02,1.297892107037785722e-02,-1.523241702628564676e-01,-1.341811893437605263e-01,9.329782786695056673e-02,8.103450964393478506e-02,1.287243469283688435e-01,-3.018736476116089529e-01,4.560391049748490494e-02,3.038632658993820068e-01,6.258419004608488379e-02,-1.513147498889464704e-01,1.410752934211516041e-01,9.876406272483902182e-02,-7.281941389102125628e-02,-1.877395461971525722e-02,9.761132848099453307e-02,1.161877533089304519e-02,-1.729559723459471454e-01,2.192074171620688253e-02,9.397042149028204949e-02,3.248795844984118247e-02,-1.147892075784340965e-01,1.963693773825985964e-02,-7.721658133687724079e-02,1.253867917294682888e-01,-1.758010269435793804e-01,-3.715047451245571258e-02,7.425869530765202842e-02,-6.992070966550062439e-02,1.125122428733552450e-03,-8.120483127239025434e-02,1.839779162354518438e-01,3.210610646624530856e-02,-1.790088474960002674e-01,1.635780052954735331e-01,-7.840882135382996887e-02,-1.668862414450204557e-01,4.126829010760367684e-03,-1.742596921375698105e-01
-2.774224933447554386e-01,-1.670680958906542168e-01,6.238284798810198734e-02,-1.916991838277960492e-01,2.838139242556090847e-01,-1.265658358336194068e-03,4.231860675801258909e-01,-1.610061881077179124e-01,-3.855071989001562088e-02,-7.961499638767643994e-02,2.783284693176027880e-03,1.956705969717095484e-01,2.605856992700514643e-02,3.573933034969370426e-02,1.838000643500927594e-02,-9.178669076117303149e-02,-2.787048146547929477e-03,-1.775719426473137963e-01,2.248297757271956465e-01,2.512220563398542272e-01,7.347469490536465142e-02,-1.604830388081833134e-02,-1.596326433968318359e-01,-1.255395682650616018e-01,8.373679816901538620e-02,-1.930114445934076051e-01,-1.269301415566801983e-01,-1.107524191331362567e-01,1.949746323997866501e-02,2.453164660559612187e-01,-8.548198011192985335e-02,-6.784319445925479641e-02,1.923965693078179551e-01,-5.852596224403012332e-02,-7.466028240784412795e-02,-5.850155876568316482e-02,1.003011211098389123e-02,1.477093168769951503e-01,6.333860651114003870e-02,-4.976011673778301531e-02,7.319429425557728852e-02,4.798100362630302457e-02,-2.493595532638484893e-02,2.861267344032230459e-03,2.769133739628913682e-02,-1.852230114798062988e-01,-1.007362834628027469e-02,-3.925607534302512358e-02,7.439161988183537466e-02,-8.959564089132396325e-02,7.262939167873064261e-02,-2.780084209179841878e-02,1.106539228478721666e-02,-1.794051730878887252e-01
1.353443304990826213e-01,1.393691882893209055e-01,2.162453583610076113e-01,-4.457162632918949124e-02,7.893550447897486333e-02,-6.195565427567995692e-02,4.100679726205062603e-01,2.022485277440822515e-01,-1.047991700575721524e-01,-1.195188346792357831e-01,-2.061114432746112991e-03,-1.682323871372673196e-01,1.547590634550653488e-01,1.826133727624899145e-02,-3.376404286255969833e-02,-6.641099828762343782e-02,1.995346100147845358e-01,-3.361627182664064101e-02,7.473469668747165229e-02,9.280536960581277361e-02,8.890703393461031612e-02,2.352225573358438238e-01,-5.146640198018306855e-02,-2.119927319373158536e-01,-2.532204253873161781e-02,6.353492839870181208e-02,-8.662223190545541296e-02,2.535975432130225249e-01,9.774421244254066776e-02,-2.885061232170403889e-01,2.894594489980703567e-02,2.103601399004179431e-02,-2.548412736253339306e-01,-8.455555999163918979e-02,2.481313173630026458e-01,6.131515021392583420e-02,-7.196003225059686981e-02,-8.137304612306808793e-02,-9.357390837587892252e-02,6.053866128258852952e-02,-4.854338371773807281e-02,-3.207638347735367740e-02,2.071765708666387790e-02,2.967750838049931089e-02,1.149866656227612610e-01,1.480808085208203118e-01,8.234994712494710101e-02,9.513519298250305845e-02,6.302259908780277753e-02,2.305276684394470463e-02,-6.824698738187945368e-02,1.158196406816510843e-01,1.800395555881223117e-02,-1.845506540382115535e-01
1.579150294335877058e-01,1.053861876688659549e-01,1.233179614865843460e-01,-5.531628587677971803e-02,8.377874093499401709e-02,6.387915024673944397e-02,2.780787626478175567e-01,-3.984474953559721117e-02,1.146269243749798161e-01,-5.028882250480870564e-02,-9.224243030653582476e-02,-3.387250305307599324e-02,5.914295859933025451e-02,-5.450965177318480709e-02,-8.913959861204599766e-02,1.744022209758143704e-01,-3.520829205919626809e-02,3.866519791553013619e-02,-2.587947592766683957e-01,-6.213530905255074122e-02,-7.631030641273288395e-02,1.431706521643408281e-01,1.700334084186139461e-01,1.338787336317719956e-01,6.630467720495691886e-02,-1.366228413145572085e-01,1.346095057464367084e-01,-1.712029171856040144e-01,-1.103527710751742302e-01,-2.581408788814709351e-02,-5.496985147448606168e-02,1.658889134387902253e-01,3.122184474563688417e-01,1.783267125609387105e-01,-1.216307670358225540e-01,2.927650436430544872e-02,8.562891607196929100e-02,3.645293506511317668e-03,-2.549714706819788401e-01,-9.092228876486564693e-02,1.561448529027809340e-01,1.326562502128563262e-02,2.396047350885723293e-01,-1.156669006850596093e-01,5.735408090886513766e-02,2.927133402839932064e-01,-1.258049961876276934e-01,-6.337731302046048509e-02,-1.915928475966789390e-01,-1.421346989522328519e-01,-3.605796796980163116e-02,-1.250055561324959000e-02,2.494251883284015481e-02,-1.896961349885335490e-01
1.295640059260811938e-01,3.051112964663979174e-02,8.352534483090465200e-02,-6.944561580685845725e-02,7.041922144194184829e-02,1.279548138824485592e-01,1.407749220701883519e-01,7.279592253568262228e-02,2.377393567069702451e-01,1.284062305304649043e-01,-9.911901472791304069e-02,-1.397422603839885702e-01,-3.703726303668418429e-02,-3.289106047109986719e-02,-1.223998780170112710e-01,3.156658814438189631e-01,-7.058776840176824927e-03,-9.148940723461304256e-03,-5.177621681877247681e-03,-3.045710521401437942e-01,-5.577558270305763011e-02,3.066078586926491295e-02,1.002216008611228892e-01,-1.015654324645602485e-01,3.899260387095181135e-02,7.838103441821103745e-02,-9.467665668789115863e-02,-2.220312681155412193e-01,2.226989198988370885e-03,-1.301902430938773891e-01,-9.546981936359846821e-02,-1.128090958373328956e-02,-6.435323321851491377e-03,-1.682133923033685974e-01,-1.586665801575855017e-01,-2.014201264823805848e-01,-4.057891562613150788e-02,7.881468672866615011e-02,1.613679050791205771e-01,1.484477356026628336e-01,-2.311059949889877618e-01,2.606599676775854177e-02,-5.605192562472435108e-02,6.772788347554747901e-02,-7.700059287217274340e-02,-3.522340616034344007e-01,-1.711703650549459277e-01,1.363771238276250547e-02,1.357827272073627856e-01,2.553827101400344413e-01,-1.747250175285070331e-02,2.414843581174895559e-02,3.188108210686350225e-02,-1.948416159388527413e-01
1.386561852002489610e-02,-6.607016076291948037e-02,-6.341201506285909506e-02,1.606913758129938433e-02,-5.840021746453246537e-02,6.522912340378934914e-02,4.176762906688979982e-02,-4.667709495633898253e-02,2.246852521431678129e-01,1.458260937858866790e-01,-1.046642031915104853e-01,-2.362674832079989240e-01,1.426981282291155950e-01,2.385118038089335465e-02,7.331767512739822967e-02,7.136400810043373732e-02,9.491045505862547027e-02,5.439858275653804143e-02,1.054822691677367585e-01,-3.078885092654023645e-02,2.492729416713911350e-01,1.782497837152606790e-01,-2.518240804950802256e-02,2.048509719204134050e-01,-5.306100895570946968e-02,6.044257339735791684e-02,2.048089547680281841e-01,-2.479053858864195270e-01,8.567749687810033432e-02,1.731073584794807496e-01,1.210584304776045061e-01,-1.434693206421904788e-01,-1.243539983832197132e-01,1.289590083468720658e-02,2.781743731841469502e-01,3.451484684359453214e-01,1.334001677198454472e-01,3.363902476525614665e-02,1.601001540859529337e-01,-5.673968473042771687e-02,1.856895551123658450e-01,-1.574813643814238981e-02,-2.472175144823482718e-01,5.569948594620073579e-02,-9.480519979728191382e-02,1.039048758074667157e-02,-6.650018283200390123e-02,6.269557957374314629e-03,-7.751456536788849799e-03,-1.144397652507445351e-01,1.943341352323578464e-01,-3.835770752075590845e-02,3.881964538089001382e-02,-1.999870968891747092e-01
-5.588377137099009156e-02,-1.597330394311503310e-01,-4.511819851736934700e-02,1.452787495923073616e-02,2.195489735185586488e-01,8.096804914834351830e-02,-5.517910810665901250e-02,1.197320447732516668e-01,2.813415224116110336e-01,8.940558617913071937e-02,4.620981487829324552e-02,1.199615729847519630e-02,4.145208171860256807e-02,5.978132512543874594e-02,2.805539435619647248e-01,-3.308549876419234620e-02,9.178493333001151722e-02,1.921233296339723562e-01,1.805185425990122883e-01,-2.007280609448862732e-02,-4.216679675980795211e-02,5.611276974456201605e-02,6.203104202037956066e-02,-8.839326180425580506e-03,-1.672637178780867484e-01,8.534576426777322478e-02,-9.357037779656547649e-02,5.333882818294539974e-02,-1.933287220235148374e-01,1.784788106447202649e-01,-6.655316695759053158e-02,2.341192413278477824e-01,-1.341394582109747546e-01,5.316966454776297230e-02,-1.495457575133566919e-01,-1.035304793561540454e-01,3.099083903633603060e-02,-2.020576801934188538e-01,8.688670729751556132e-02,9.840318682279941553e-03,8.912744767979037530e-02,-6.418708154043319125e-02,-7.921072182174342113e-02,-1.069321912525283552e-01,8.576648983663080761e-02,1.218137493384028047e-01,2.428170878443643710e-01,-1.679337135506524803e-01,-4.430453410106637707e-02,7.077012079018450696e-02,-3.982835461503863583e-01,-8.524451062550542080e-02,4.575820865491574130e-02,-2.051325778394954003e-01
1.823775889586274485e-02,-1.080363271056063723e-01,-9.842187820970227374e-02,9.714098031530202237e-02,1.014489536062267022e-01,-8.339710402686445131e-03,-6.953610545213610716e-02,1.970746407504090636e-01,1.465722335383477792e-01,6.674253657756528714e-03,-2.953217374006475091e-02,-3.318364281447996889e-02,1.739153457118372825e-01,2.895836289948012787e-01,-2.480060723486635782e-02,-2.383782975950111405e-01,2.214878909407985708e-02,1.147279220359720825e-01,6.550829031770862010e-02,-9.161008459805827786e-02,-2.431885941744587609e-01,-1.435496466717954278e-01,1.590351119028501903e-02,5.582759526830970848e-02,3.316373834373156221e-02,1.650856934447123281e-01,-3.817260961131838104e-02,5.025721390965171703e-02,7.551464525457279864e-02,1.206520450480340484e-01,-7.355866817755410403e-02,-1.955432052660446146e-02,-7.366682201102255079e-02,2.313038689880507759e-01,2.539627923017862693e-02,-1.607399344302557487e-01,2.865037570033045211e-02,1.714111203323924193e-01,-2.474832148551437405e-01,-1.053860161563793807e-01,-6.717162212308511182e-02,2.431695761793796207e-01,8.955597728173131378e-02,-1.987929207301952425e-02,1.051072598846798239e-01,-1.005108884463740276e-01,-3.877281295874131922e-02,2.746330377916775256e-01,-5.393982840012203489e-02,-6.151696932695118608e-02,2.934015926274951003e-01,2.314332178466137757e-01,5.269677192894219736e-02,-2.102780587898175624e-01
-2.167527855843112347e-02,-1.320708851061299371e-01,-8.393144340120328728e-02,6.533521322400018261e-02,8.029651895537143202e-02,-1.168740734738168557e-01,-1.992960513949814938e-01,-2.541285931657830122e-02,1.103328853525740588e-01,-1.380162933046981677e-01,-1.235320724481688837e-01,-1.127274131686347158e-01,1.813868940564939969e-01,2.420964524952060881e-01,-2.774272313765884304e-02,-1.922101801174356528e-01,-1.358800335003439164e-01,9.592111017726220878e-02,-2.083029062060663683e-01,1.622233211998756752e-01,-1.181838351661751024e-01,-2.295453552873699676e-02,-4.356823688760866342e-02,-2.704710924932898775e-02,1.234616948212006043e-01,-3.786150603984489993e-01,-1.023375850681159938e-01,-7.711684748757322017e-02,1.339100534114636143e-01,-2.087012918782325532e-01,2.777144419759418684e-02,-4.372405241393544258e-03,4.371723516689636491e-03,-4.397865319061156075e-02,-3.395093257541589860e-02,9.147011256106543642e-02,2.254651932585767862e-02,-1.877338732474740646e-01,1.691160871333452220e-01,-7.560076433684395636e-02,-1.936072044120616953e-01,-3.394884816300454133e-01,2.119964809898285465e-02,-1.192477481841442213e-02,-8.136859358960031596e-02,5.699342401058735130e-02,-1.750797352316738331e-01,-1.105615616299011061e-01,1.655562637784073476e-01,-6.972541140161075957e-03,-2.986341070363125044e-02,5.984642145075794173e-02,5.963533520296718238e-02,-2.154235397401388086e-01
1.537066115336125915e-01,-7.627562264245825452e-02,5.028689072903281404e-02,-5.074011499208111453e-02,-3.151774728718528210e-03,-7.542062296143808853e-02,-1.616617404851886652e-01,8.889476746674584984e-02,5.279501874386817104e-03,-2.937304130098128407e-02,3.331462214966465080e-02,-2.137833031033778419e-01,7.196726325333524521e-02,3.260493756376846297e-02,-2.180797016730713911e-01,-7.700937836096170830e-02,-2.353214014007828925e-01,-3.691339623730000886e-03,-1.454096237610044695e-01,7.687420482753763717e-02,1.387825793680374231e-01,3.413767420387085055e-02,-3.390046495646856783e-01,-2.039187437038736672e-01,-9.758581728017214074e-02,1.391516973332013185e-01,1.212030770581247890e-01,6.333236238803745255e-02,-1.621937815701859076e-01,5.028931346645196254e-02,-6.852125525540463113e-02,-1.739289476416786551e-01,9.519530859664356026e-02,-7.323739682460331420e-03,4.376787621620306656e-02,-2.126270453027674368e-01,-1.585776545321230802e-01,4.421849805076400602e-02,-4.120286928864587417e-02,-7.828779523408785357e-02,2.478125252194157413e-01,2.998151580343682513e-03,1.526933906245901695e-01,1.084395091688849788e-01,-2.260982683236092972e-01,-6.063849750807236150e-02,1.410881762974308673e-01,-7.570140025747536250e-02,-1.018097170837785753e-01,1.118781739390286856e-01,-6.621136277528891483e-04,-3.206205617943428399e-01,6.657389847699267393e-02,-2.205690206904581951e-01
3.917136051374187078e-02,-2.135293809087105144e-01,3.304718617968530059e-02,-7.590624371860363317e-02,1.066145213971774752e-01,2.443586644505512523e-02,-2.451555550834726427e-01,1.341552887680380612e-01,4.964332911298955514e-02,-6.062891315346630866e-02,7.674576988448768289e-02,3.396539084661395064e-02,2.924494664032332991e-02,-2.111664249563497409e-01,6.626263576760331453e-02,-3.937792758529636700e-02,-1.420728903789100772e-01,-3.190960382468560619e-01,1.375167914080778764e-01,-5.903516970019542787e-02,1.645032561209990862e-01,-1.562585641282188131e-01,1.314844260715095359e-01,7.912884156941768499e-02,6.620979011758526545e-02,9.326160414551869227e-02,1.630425253954330689e-01,1.424725649358691559e-01,-1.160764814460386041e-01,-2.257310455034103047e-01,-4.098766255865989722e-02,-5.665091933524678269e-02,2.495541579954315692e-01,-2.808995087528513568e-01,9.164991012231413214e-02,6.144627449924704859e-02,-6.191907964686049759e-02,-9.584468980568404753e-03,-2.226827001962742025e-01,-3.198292460806357457e-02,-7.583895108757270076e-02,2.379684682471956345e-02,-2.718178931079407445e-01,-1.811589947476604512e-01,9.936860567170270608e-02,2.081718706755045570e-02,-1.133103587571121784e-01,-4.134562990292790091e-02,2.935646036773017879e-04,-1.342810789569860719e-01,-6.531708562901115955e-02,1.322524826249314445e-01,7.351246175101994185e-02,-2.257145016407778315e-01
2.669600520384603493e-01,-4.919486132428124714e-02,7.006175890284303820e-02,-8.925525675898851596e-02,-2.485179799643572399e-02,-4.076271623734968423e-03,-8.806534208968359867e-02,5.062141302519433152e-03,-2.093959197972793118e-01,-3.357541788201661576e-02,7.465948369828227793e-02,4.285841807752609894e-02,1.233691214285370791e-01,-7.331752081170918312e-02,-6.381058910875152257e-02,3.992788732612553154e-02,-1.418620629091251750e-01,-4.213830222582730378e-02,-2.185337934567868623e-02,1.546083196761434964e-01,1.437089117941254546e-01,-1.324904668879509084e-01,1.746271087058044458e-01,-7.310003282844042272e-02,1.027446884402257732e-01,2.628170629363051243e-03,-4.358942361953680768e-03,5.794682317812737543e-02,-1.241903737255248136e-01,9.260737800132089192e-02,4.557402639864697180e-01,1.311668557695916670e-01,-8.358158837140325370e-02,2.182034793777645199e-01,-2.908469988539029716e-01,5.458156508135711404e-02,1.360863336935252688e-01,1.109481316896411413e-01,2.565472461983395180e-01,2.329722244290784727e-01,1.005318312106258244e-01,2.652670566583535325e-02,-3.129172909354888815e-02,2.595200927768741284e-02,1.437245797347965204e-01,9.760611554735029380e-03,7.743114838913138509e-02,7.993354512514645738e-02,7.003272152879627677e-02,1.008276133942405811e-01,1.185617323633432890e-01,1.215244597221423473e-01,8.045102502504364317e-02,-2.308599825911030468e-01
1.936783467675108339e-01,-1.310990124809437718e-01,3.883857234547313103e-02,-1.751085664928478947e-01,-1.064107017643912828e-01,5.211968544416621663e-02,-9.097730468967860085e-02,-1.176902846416995052e-01,-1.484696350875123472e-01,7.335107186710640437e-02,4.124691596544003552e-02,1.505453762016572584e-02,-1.642408120190500809e-01,-2.175821298308461549e-01,-7.883883673748476664e-03,1.083987438594217478e-01,-7.573716046903188059e-02,8.637060337260016318e-02,-4.597823156268699557e-02,2.326159018367574272e-01,-3.583173771818074504e-01,-3.965380679946324538e-02,1.361090368132119033e-01,1.101398973845077109e-02,1.275338954573876638e-01,-9.374740395161702822e-02,-1.814889183883686141e-01,-1.288579900731832428e-01,5.612991096570981581e-02,9.144959541791934654e-02,-9.560619623162046332e-02,-8.653454944693848849e-02,-1.561029918465251520e-01,7.732022923320729102e-02,4.037606308981521730e-01,-2.993582394915847694e-03,1.953059038733436989e-02,-8.826271683384009220e-03,-4.959391052763836155e-02,-3.086761320801678643e-02,-1.415457295520902159e-01,2.579279018326992023e-01,-6.180823747153751241e-02,1.170093664720792126e-01,-3.003317039005840364e-02,3.580127081628658049e-03,1.013380574400620238e-01,-4.730321157664485465e-02,-2.911472121401919352e-03,-1.070661834982075677e-01,-2.026988361537482020e-01,-9.555499233303728357e-02,8.738958829907109149e-02,-2.360054635414216284e-01
-2.152160435151321410e-02,-2.434670186984443374e-01,-9.140553488584153563e-02,-1.748472388718265991e-01,-1.906646999805866882e-01,-5.593362457817276090e-02,-1.136616883577376835e-01,-6.917674428645430307e-02,-2.638147234083327089e-02,4.095758010487590001e-02,-1.480777590006252808e-01,8.250076230648951958e-02,-2.379173763361394356e-01,-3.291298990707169914e-02,2.847941485067256862e-01,1.285524864202464319e-02,2.553523120376620659e-01,-1.718015466501346677e-01,-1.236250591466430196e-02,-1.227750485553231463e-01,-1.198376740893233525e-02,1.260814391139474522e-01,-2.960281171522197857e-02,-2.175440660091405298e-01,-2.681449603682655169e-01,-9.442785633403218137e-02,5.101529891672636902e-02,9.190296003464067109e-02,2.162986679383796518e-02,3.353115630051373142e-02,2.393968053838158982e-03,-4.610017871832184505e-02,1.702947920489788353e-02,-8.437002480634203314e-03,-5.399706557415310387e-02,1.508514673646382531e-01,9.767838321092474352e-02,5.081499665645840963e-02,-1.050471172621223331e-01,2.114857396738243633e-01,-1.572669156438074312e-01,-1.087186361610086305e-01,3.716326523082758015e-01,-2.637300347118840330e-02,-1.379780835175227205e-01,4.053033340279669355e-02,-7.668637273577757520e-03,7.730680400994152657e-02,-1.165455653316595924e-01,6.201534884218200955e-02,1.479872470525350481e-01,2.983633938100492544e-02,9.432815157309666632e-02,-2.411509444917451228e-01
2.960206155020851937e-01,-4.270880630729868843e-02,-6.325633765605426229e-02,-1.092822486759081613e-01,-2.634209285368651621e-01,-1.837541310759714663e-01,6.307688119146886985e-02,-1.371331077508866070e-01,-1.819498163965478366e-01,-1.331920279295224253e-02,6.944391486901515045e-03,3.754429248017150389e-01,-5.546375058245989892e-02,1.451969160162939754e-01,3.320040870706896657e-02,5.549219239393615721e-02,1.735903818559652867e-01,1.923763002302639191e-01,1.267621079706938818e-02,-2.002750609348187827e-01,9.166166879504623888e-02,-4.599442364819029960e-02,-2.290887980703024129e-01,2.220463244801696989e-01,4.113970812271699334e-02,5.968289888653760533e-02,-2.697137847156258397e-03,3.206419035314530402e-02,1.900603230748830752e-01,-9.590521453675790453e-02,-1.266826800295325628e-01,1.083726629889678744e-01,1.355934929473398380e-02,-7.193356484324785194e-02,-1.217648919945080593e-01,-8.898670753106328879e-02,-1.651588148251184884e-01,-7.902940625200025049e-02,5.562530116603394553e-02,-2.211402390571014231e-01,1.630256537400444905e-01,-6.391571656928038414e-02,-1.608924099846636147e-01,1.098724034434617712e-02,1.348902455345268314e-01,-3.513042089087773517e-02,-4.540118381723739355e-02,-2.860855818612033016e-03,4.422606933819207137e-02,-3.764630703089657388e-03,1.651245293396780799e-03,-3.309062582472731967e-02,1.012667148471210060e-01,-2.462964254420613175e-01
