4.475233474490020180e-02,-1.265960762750514834e-01,-2.910267064612399035e-01,1.684782957300091089e-01,-1.228321471164367101e-01,-2.064227974026965340e-01,2.922030990883647816e-01,2.394911935711446505e-01,2.096708521023350064e-02,2.731393902263257178e-01,1.077819142949540399e-01,-1.606412260501742240e-01,9.691759214261003175e-02,-1.328713526488795871e-01,-1.687038587804954581e-01,1.022260224264112949e-01,-5.517203547858662988e-02,-9.560899756577505293e-02,1.614422661957002347e-01,1.431985607530658067e-01,1.403365003916647036e-01,3.047431320548628642e-01,-4.856074181278383084e-02,-1.065000782777912880e-01,6.127970595879958515e-02,8.283092833557605117e-02,-1.853625952887079029e-02,3.327146231769500390e-02,1.029848609134101541e-02,-6.389218745924737930e-02,-1.017009388837600697e-01,6.516508112829105803e-02,1.677425319805711801e-01,2.584160120742493710e-02,-8.792235455839415847e-02,7.375195443451666721e-02,6.988242569581723518e-02,-1.201816605110269526e-02,9.813150118216285023e-02,-1.458441039664422900e-01,-1.125332535073347989e-01,-1.703109336295516585e-01,1.465666260653126496e-01,1.589754671485615889e-01,-4.297017222282928373e-03,-1.082366278406914628e-01,1.267580159350706059e-01,-3.068909448013740215e-02,5.825637285112648250e-02,-2.575491686252234791e-02,4.333463359907425982e-02,3.322926909850937305e-02,-1.137624158822849174e-01,-2.284580834461597543e-01
4.270320015418885978e-02,-1.608609804264032328e-01,-2.757744997796675035e-01,5.069052926150868082e-02,-1.072588989850213961e-02,3.700392522328164319e-02,4.396918526100600244e-02,3.013985473942092375e-01,-2.161386567809161219e-01,4.486687129873309643e-02,5.791943958693267225e-02,3.253418116446717412e-01,2.355455100807306856e-01,-4.307850349672392304e-02,6.955995492791007540e-02,3.934200708610884750e-02,-1.143957464133670415e-01,-7.661909309747456931e-02,-7.934200605705793441e-02,1.693575660122613458e-01,-2.657252249443037839e-01,-1.745472537097266519e-01,1.214351753907796788e-01,-3.323255833446174534e-02,-1.762963769011524906e-01,-6.988929766173454516e-02,-1.464256440430423967e-01,-3.677069157331121912e-02,-1.533321770972858877e-01,-5.788678504395299712e-02,-1.838551125455308022e-02,-1.911438017925827237e-01,-9.859421241425035676e-02,-8.492366983897067789e-02,-2.655887897121403732e-02,-4.953959540710488330e-02,-1.750807483057731095e-01,5.411391291256300445e-02,-2.084411561143555136e-02,1.369015629533664458e-01,1.579832940244292883e-01,2.735261772328277941e-01,3.083785964800214024e-02,-5.408115529974084901e-02,-2.175427243692328039e-02,1.354698082081295940e-01,-1.201078548938956103e-01,3.225394192294553375e-02,5.441444320610133722e-02,1.882193860283638831e-02,3.484005675548301068e-02,-3.161000729999796643e-02,-1.145820182879070254e-01,-2.197288116330962937e-01
1.015045494119453245e-01,-1.332255410812690222e-01,-2.800060106613950772e-01,5.263062673792937018e-02,-7.369424399827956274e-02,1.116261399043239344e-01,3.936193424414668497e-03,6.375612791586109107e-02,4.704599658015783115e-02,6.729748454793604839e-02,3.791896048321029972e-02,3.340186775807191255e-02,5.249015508290716392e-02,-8.320553521259253793e-02,-1.139281956931920969e-01,2.177323736380584393e-02,1.688824249795857491e-01,1.522790892060445211e-01,-5.648805613164820799e-02,-1.840917227857170602e-01,2.269339703780668405e-01,-1.443802242635806032e-01,-7.468930870763949847e-02,4.930855691508903571e-02,-3.318015055029505112e-02,-1.248219714388279916e-01,1.216933362693067289e-01,9.348808313456846708e-02,2.435323022836319573e-01,2.918993384204621178e-01,2.655669070549609434e-01,-1.192474760545076881e-02,-1.486682804727227358e-01,1.411685065163900965e-01,1.076956186328358045e-02,4.174738854694195513e-03,8.196666304897985700e-02,-5.695544041883941061e-02,-1.344688648417514676e-01,-1.028263814539673859e-01,1.515943855087789893e-01,-1.406155848399592567e-01,-3.251334731894167662e-01,-2.178280593382055652e-01,4.264148809697405895e-02,-1.018627315436693576e-01,-1.557537478087575866e-01,3.460640803212833988e-02,-1.500964414637390720e-01,-7.960332155725566294e-02,-4.461152364446187291e-02,-4.833696617365936671e-02,-1.154016206935286198e-01,-2.109995398200348315e-01
9.863443021750885331e-02,-2.208342861517839373e-01,-2.444125073388106750e-01,3.900886700392227485e-02,-1.861753328487133390e-03,1.952413825773031686e-01,-1.503258765079069081e-01,-1.135039569738490323e-01,-9.252040142755708907e-02,-3.155804872692984375e-01,1.684511851418227513e-01,7.124727872088211511e-02,6.128791624776400507e-03,2.258894877203132256e-01,4.573565524367955576e-02,-1.539878591728837398e-01,1.244067182058405593e-02,-1.047287579020362430e-01,-1.792176944347190215e-01,-4.457822315080897657e-02,-2.901638629290601706e-02,-6.008414231480136564e-02,3.925160386060293910e-02,8.045620988356033676e-02,1.294148378412647293e-01,4.664655194727292120e-02,-6.946945050505194674e-02,-8.152014439837369786e-02,1.781451265786632709e-01,-4.994376147888189565e-02,-8.922671850358045165e-02,2.639556896231610161e-01,1.113504265017798839e-01,-1.213467670881385047e-01,2.140739691087331087e-01,1.298791009645766659e-02,2.510783172970068033e-01,-4.790319419177056087e-02,8.449801072319257367e-02,1.291508950501691622e-01,-2.952852788828371211e-01,-7.874899058754421255e-02,1.279188946269823046e-01,-1.572266825794338060e-02,3.793383832502904979e-02,-1.102265308725981080e-01,5.388607296818410941e-02,4.486907422913956334e-02,1.100762513729283271e-01,1.514672788981902274e-01,-3.971195242527940372e-02,1.319128193752842036e-02,-1.162212230991523099e-01,-2.022702680069697057e-01
1.795520368202829509e-01,-1.423468055337759053e-01,-1.104554623726351492e-01,-1.608569534999692435e-02,-9.854079362073204715e-03,1.389279724758323564e-01,2.571225617754079734e-02,-6.031626075393480696e-02,1.253639848651694477e-01,-5.220607513957498114e-02,-1.709936349396148220e-02,-1.086586702278533462e-01,-1.291674999306868243e-01,3.231138764244372019e-02,2.814878755575128122e-01,-2.134647292822539622e-01,1.251155639882541026e-01,5.088053275514910906e-02,6.273618994715890462e-02,-9.525901108429939146e-02,1.348293391119191609e-01,1.220102632469877331e-02,-9.002443610504935745e-02,7.024706756958805365e-02,9.902304211224369820e-04,-1.617204638219751633e-01,2.986137294234659789e-01,-2.732329129378928759e-02,-1.871484740084741194e-01,-1.475408627979808984e-01,4.298306222712346830e-03,-3.017685006308778312e-02,2.035096109637587677e-02,7.400923517029128935e-03,-1.364494122545360962e-02,-2.184107032993059805e-01,-2.343785396354397255e-01,-2.901185062300493112e-02,-1.786604322143982293e-01,-2.651437418943310143e-02,6.118602172665014299e-02,-6.511621124114916684e-03,8.894200902477052140e-02,3.286141716794898082e-01,-6.205136948141504183e-02,3.267688579071386656e-01,1.886058766284862409e-01,-6.655207383695396772e-02,-1.420525690664951879e-01,2.430420127415252110e-02,9.423768656560035928e-02,8.958566656827396391e-02,-1.170408255047729607e-01,-1.935409961939060786e-01
-3.370460524573270361e-02,-2.283161540386986488e-01,-9.819463881698761373e-03,3.589447627790512407e-02,2.623074314723240763e-02,1.132905774710019214e-01,-3.910015612742249319e-02,-9.656158959921151697e-02,1.189659133771459459e-01,-1.147972003173031719e-01,-1.389998810941460959e-02,-3.246812532839746246e-01,-2.099811069374320494e-01,-6.023990438542620174e-02,1.814794817521356296e-01,-9.453032042089566656e-02,-1.057062597381681068e-01,7.626472069847850532e-02,9.905375850730170628e-02,-1.753645718576317750e-02,6.746059049048133693e-02,1.924336724945969676e-02,-1.967083913071275558e-02,-1.397905022140219500e-02,-2.455810096123183309e-02,4.210707236737277204e-01,-2.151415446613886839e-01,-6.392350064597580872e-02,-2.243346405077295824e-01,-9.875821786598461272e-02,5.492187591687752724e-02,-4.843659110601745282e-02,-4.249345466412417227e-02,-6.350655518251993592e-02,-6.779793180734738911e-02,2.147584485034546020e-01,-4.351049165667032759e-02,2.956058343503024655e-01,3.549058492388103281e-02,-3.594753183403754521e-02,1.096342320703126982e-01,1.362453754294083996e-01,-7.331650194140659771e-02,-2.180618882628473643e-01,3.943765974329486307e-02,-1.188125259591404637e-01,-1.483129122853995840e-01,-1.047399886175066491e-01,-1.033740407018210461e-02,-1.765190001265689035e-01,-7.127070940516466724e-02,3.841367836580402567e-02,-1.178604279103958180e-01,-1.848117243808424792e-01
1.712508507638540456e-01,-7.089507348457869951e-02,2.285296578920827798e-02,-8.289190837012830326e-02,1.167439420670706163e-01,-1.099262207060829888e-01,3.357773418559175521e-02,-1.328599858222815344e-01,6.186281488920632871e-02,4.279007088386031082e-02,-2.155349585574190541e-01,-2.206118207588710634e-01,-5.125141618068154020e-02,4.456565722792139167e-02,2.392349773403658619e-01,2.673286948655085871e-01,-4.778967428007033225e-02,-1.719860934542014608e-01,-4.065556401076411697e-02,-2.140341029153594588e-01,-2.944370405818076963e-01,1.422395258387049999e-01,5.185752903112695461e-02,5.290416683329763475e-02,5.277411328605229046e-02,-2.539644298642776410e-01,-4.742659450059805853e-02,-1.314867400849872164e-02,-8.811078014013601009e-03,2.045656197709382618e-01,-1.779375111097493689e-01,-1.915759458599906873e-01,-2.553134615877375099e-02,1.231742436109277278e-01,-4.678259591275382712e-02,-1.319764648056424294e-01,1.162708337742944693e-02,-1.277879862066266109e-02,-1.668086875954654519e-02,-4.066266954981326287e-02,-5.206371929401878984e-02,5.636633698303264439e-02,-7.919381163336557117e-02,-8.786221248257260197e-02,-1.546226848783004149e-01,-2.390369428777090188e-01,1.206292019177615665e-01,-1.746118663493493803e-02,1.635500557227652918e-01,1.012527531042305834e-01,-1.236999565798831135e-01,-2.272311060060718813e-01,-1.186800303160180509e-01,-1.760824525677810726e-01
-1.472783644745445097e-01,-1.538395221403313917e-01,8.303480831639872828e-02,1.652885213037917356e-01,1.229228337679998673e-01,-1.074717910677807087e-01,1.627064097382428798e-02,-6.126143188712699500e-02,5.291032028811773480e-02,1.168087295953241095e-01,-3.432931827205089048e-01,-1.034773011597254072e-01,-2.100545304382561429e-01,9.266312976693676096e-03,-9.341886415664253651e-02,1.914818775487715785e-01,-6.517545220707084141e-02,6.441633491399217926e-02,3.563105029907906885e-03,1.571156446877744126e-02,-9.045522863384426737e-03,-2.326389083745662445e-01,1.017324531965042161e-01,-2.256631711577090915e-02,9.955266769130977078e-02,1.302641786769388743e-01,-8.152558064826473383e-02,-8.373617363723941109e-02,2.912417454221947199e-01,4.994301981935513751e-02,-1.117717219580249832e-01,1.207609338578308489e-01,6.905552924368560386e-02,-5.001938900002739219e-02,-1.248907978089300042e-01,-9.263619232780286039e-02,-8.267254443115272522e-02,-2.410503024963303875e-01,1.254953112949703242e-01,1.432579282094527673e-01,-4.246538151180853649e-02,1.166033449703537672e-01,-2.900134367371809754e-02,1.551555289518977837e-02,1.633685410399190741e-01,2.683319153979975558e-01,-5.567650564141145286e-02,1.978002200336701488e-01,-1.872989922137478225e-01,5.708648733759386779e-02,2.215796734202775675e-01,3.867310098471144625e-02,-1.194996327216406168e-01,-1.673531807547159189e-01
4.981716674511502824e-02,-5.457317360702994280e-02,6.797345582179019352e-02,-1.418075471773217466e-01,5.277607122552225444e-02,-2.572310472755310329e-01,1.456783711891818621e-02,-3.010567427259007792e-02,-1.130863050121227315e-01,-1.346167819407129429e-01,-3.087425935091099305e-01,7.068137398924061177e-02,-7.415505487979412447e-02,-1.489194559906672002e-02,-4.877433269725390402e-02,2.633902660988538535e-01,3.389886616572523881e-02,1.709082747215918130e-01,7.807635439885955708e-02,1.216105412960400214e-02,-4.095309476815758853e-02,-6.322759263293255966e-03,-8.867375156785291604e-03,7.810649107531691254e-03,-1.573176913204197835e-01,-3.042825434368268481e-02,1.010661093971992192e-02,1.086892937398634545e-01,-1.224832375768651893e-01,-4.205204991903005451e-02,3.073992175918214831e-01,1.348618602032674307e-01,-1.831927250971433774e-01,8.667682181047837997e-02,3.646482780821984071e-01,1.554604189049435259e-01,1.526232795200871684e-01,-4.806640476465505463e-02,-1.890651632610361801e-02,1.171702506593984144e-01,5.907467335182987195e-02,-1.033453150972474255e-01,3.018396040724852791e-01,1.667736137778937366e-01,-1.952926880480634550e-02,1.626011355917085510e-02,-3.997264396719400065e-02,-6.697016016839092700e-02,1.002032085754167440e-01,-1.507057175203593558e-01,-9.763127869058912944e-02,1.446420919191296339e-01,-1.203192351272650423e-01,-1.586239089416538461e-01
2.223423114003969178e-02,-8.623233665288332350e-02,1.161075863188015256e-01,-2.270061183497224799e-01,6.127125987151624265e-02,-5.349933644860010301e-02,-1.768317478686824429e-01,-3.392608703799424724e-02,-2.067581009579204099e-01,-1.628633469252158128e-01,-9.932254126609682543e-02,2.264785821638984065e-01,-1.075984159826246234e-01,-1.006750980217726299e-01,-1.584015642582308203e-01,-5.066993062239586593e-02,1.979722053407715898e-01,7.306958447116000677e-02,1.740443029373162642e-01,2.225393183953388587e-01,-1.354168450659518907e-01,1.379663288877791272e-01,-8.481908603628371401e-02,-8.990589537133734932e-02,5.062884403665448424e-02,4.867468005660016001e-02,-3.238168405994936577e-02,1.219567341979344369e-02,5.331811681391443458e-02,-2.798481367764036887e-01,2.233883170669648810e-01,-1.125935507087952037e-01,2.069555830689412124e-01,5.407362577257503883e-02,-1.721346582640947143e-01,-4.492393095921789342e-02,-1.905188017402227041e-01,-5.014561631534824454e-02,-4.384344680818094697e-02,-1.751497195596554979e-01,-2.281244260250271105e-01,-7.951637305042301429e-02,-2.961426849698442498e-01,-3.946159189182088523e-02,-1.029549236867845045e-02,-1.098106573176911016e-01,5.887772786291543825e-02,2.813740061708103700e-04,-1.488843730985441212e-02,1.402429108352603593e-01,1.347006853092769241e-02,-8.573187679425066376e-02,-1.211388375328864980e-01,-1.498946371285904133e-01
8.864431044891974559e-03,-5.001136706618557193e-02,1.291314855300269848e-01,-2.393619387595556369e-01,5.982001263204657360e-02,-1.670825921828263672e-01,-2.379266905448139680e-01,-4.985806308698598199e-02,-3.097115881005809649e-03,1.509738232938081549e-02,-1.114154309925737829e-01,6.540659562901970925e-02,1.095635817844140131e-01,-1.732248458376153544e-01,-3.128172126921866664e-02,-4.318932430156151026e-01,-1.155963652091830940e-01,-3.049037355498182000e-01,1.707769939937287540e-01,7.316707206997319357e-02,6.640442060079504438e-02,2.552002137263103057e-03,5.206864909965010224e-02,-8.270320000573518071e-02,-4.419447117017245852e-02,3.660467379111999320e-02,1.219213405427950064e-01,2.090031077254550784e-01,3.236316512808953827e-02,3.280766264619966455e-01,-1.936741328598397538e-01,2.692445862050093716e-02,-3.702852527382331088e-02,-4.660823691126942531e-02,-2.950478607312523663e-02,1.096298283379635863e-01,2.095028175632182299e-01,3.024595023285468753e-02,3.470609793401384369e-02,-1.822282238060980442e-01,6.075214872910247865e-02,3.424573525689669773e-02,8.654647829154929473e-02,-5.680798694638356308e-03,-8.369583743577276025e-02,2.173570527022874455e-01,-1.180627121410291469e-01,4.969158370201112035e-02,-3.242245329356129024e-02,4.156117611742040502e-02,-3.160157329997201336e-02,-3.310913937400332407e-02,-1.219584399385077872e-01,-1.411653653155268973e-01
-3.883369394984206857e-02,-4.095281984997362068e-02,1.376412701146804696e-01,-8.021380748125516227e-03,-2.099222864973690744e-03,-9.882487064220828177e-02,-1.089129573309309401e-01,-1.370600472999836672e-01,7.367347280328766235e-02,1.095966571488230651e-01,3.543280639188075946e-03,2.350739393240486308e-01,-4.925250297519003645e-02,-1.004988495265461412e-01,-5.063483720733467919e-02,-1.304073379540423294e-01,8.999426762040792227e-02,1.384567504301451313e-01,-2.510331669540834532e-01,1.584022210548379495e-01,1.909900214785777428e-01,9.350095107426270591e-02,1.774004984639277471e-01,-3.420189504439902911e-02,-4.242206182326515966e-03,-5.942115414159174908e-02,1.136636796320758397e-01,-5.717953709817598373e-02,-1.000828812501278614e-01,-7.561501755477870353e-03,-3.453383003867400713e-01,-6.413722935439525319e-02,-1.284598000899991321e-01,8.047465700647650488e-02,-7.222552053728802102e-02,-1.433064458905435046e-01,-5.326666239327969288e-02,6.758591472827926716e-02,1.331764273100975726e-01,3.537664928169875767e-01,8.772938839394671395e-02,-1.815448859695650285e-01,-1.031091903534918780e-01,-9.201998893714035798e-04,1.780445967421396825e-01,-2.529766273881534078e-01,1.132264027949586999e-01,-6.588003491917518439e-02,1.221531641390115192e-01,-2.368592449107873865e-01,-1.292366659247648139e-02,1.223320460662988413e-01,-1.227780423441316993e-01,-1.324360935024651298e-01
1.851909103547492441e-01,1.179629260589219186e-01,8.561005298909735162e-02,4.264765305336339074e-02,-2.067671424732056909e-02,-2.282306334756103311e-02,-8.501140298487921965e-02,-2.625964678347808556e-01,1.201443063432399566e-01,7.000322108361752005e-02,1.487520550726733337e-01,-2.477990514119629215e-02,1.713811334229751737e-01,-4.702748172350860317e-02,-1.943771895770327884e-01,5.579782727104758144e-02,5.219923764324538307e-02,2.075138504029124809e-01,-2.888624331814085844e-01,-1.386667074971998509e-02,8.868694200934901239e-02,1.805782387468967132e-01,-5.527581906225972203e-02,2.859793145044768961e-02,8.180271392798171837e-02,-8.579330823297032227e-02,-4.484958792399110911e-02,5.873668662435352524e-03,-3.196565567953518761e-02,-9.283610037509500146e-02,3.747181990581504446e-02,-9.544832889155653588e-02,-4.191519647815939234e-03,-2.481993685715989245e-02,3.154126116693098392e-02,4.958569220968322977e-01,-6.143312069996555158e-02,-3.212757430014924476e-02,1.095638153613971710e-01,5.001728624096313941e-02,5.087208676315702754e-02,2.563851723973957220e-01,1.780240546572242621e-02,-7.967507411774429199e-03,-1.219005441153556135e-01,2.208834581428814892e-01,1.451588341672698790e-01,1.678390077585938112e-01,-2.626319494219143957e-02,1.279347493265272639e-01,3.223761536049175175e-02,-1.997077040022321726e-01,-1.235976447497547925e-01,-1.237068216894012529e-01
1.761305836235614042e-01,6.021847488451767538e-02,2.062367939648865056e-01,6.727790332810901219e-02,1.349520512493039559e-02,1.235421799750124200e-01,-2.081980377304553653e-01,-6.905537913216726331e-02,5.171410187117122387e-02,2.351193819212304414e-01,-2.163738825434707858e-02,3.793881029967804963e-02,2.062685204569202901e-01,1.916804840431704238e-01,-1.641547744801778452e-01,5.199406409993339445e-02,-6.449012461256495299e-02,1.029077367535130849e-01,-1.249712355879990522e-01,-1.877369909678199347e-02,-1.618255016579290551e-01,2.687593737418075487e-02,-2.374932134564221864e-01,-1.493858616327183031e-02,1.289131381793320597e-01,2.078164147480748847e-02,3.590533624080968073e-02,-1.019442595103448174e-01,3.664510461303917212e-04,2.902439115904583561e-02,-3.002437436051516584e-02,-5.962725534204485478e-02,1.585784883496693942e-01,-2.321936273246721222e-02,3.393187855003236553e-02,-1.996473967100804159e-01,-5.260724592972015889e-02,7.183660118374812775e-02,-5.624848806639928117e-02,-2.362013346436550310e-01,-3.234724860290609603e-03,4.387144612907480090e-02,2.807002972481310032e-01,6.589846278291855604e-03,-8.493013649608230700e-03,-1.802567370483721398e-01,-3.566290042449336006e-01,-1.279579679753245214e-01,-1.555086601817913528e-01,-6.947858502243239864e-02,4.747736421758954467e-02,2.889535519063922697e-01,-1.244172471553771919e-01,-1.149775498763378062e-01
-2.102560948910500715e-01,-9.982389078012518513e-02,2.544992263743015570e-01,8.731550165166736266e-02,5.063275630735999955e-02,6.837920756322565796e-02,1.148777540366341388e-01,-1.331256492597914509e-01,8.967669522219716416e-02,-8.277015712777164094e-03,7.815877784439603793e-02,9.686862470700266514e-02,1.959050437757715868e-01,-7.989684752422281100e-02,-2.453360678054760380e-01,4.152994925026598505e-02,-1.734881085760891228e-01,-1.413295710114207959e-01,-7.802060643472535917e-02,-2.064656251754801441e-01,-3.689968497478624682e-02,-1.514883348759187287e-01,-8.764729803300373712e-02,-8.125848981627023515e-02,-6.861773713337708525e-02,8.016559111271318039e-02,3.094501584018923002e-02,-2.195276246857546243e-01,-1.337475247581715598e-01,4.429338184446780444e-03,2.205709718437006139e-01,1.740211529540865998e-01,-5.883255588250137919e-02,-5.604388579145662408e-02,-9.515621286970900317e-02,-1.777796200889634470e-01,1.700133383823406175e-01,9.712538668773672279e-02,-1.473279458160878241e-01,-1.289811241730951241e-01,4.560801520430948774e-02,1.347357776288254580e-02,-1.073110829423186557e-01,1.356420969402485632e-01,1.158096831040444225e-01,7.380577391605669391e-02,2.653372958010083993e-01,-1.654332657392358075e-01,2.422623933852367517e-01,-2.186848557632115400e-02,7.997150510376840882e-02,-2.043054819576053671e-01,-1.252368495610004517e-01,-1.062482780632762053e-01
1.422193559645271443e-01,1.763899881399048630e-01,1.100869030414848571e-01,2.588319241021543732e-02,1.009475213342291150e-01,-1.147005038109222136e-01,2.186573638865930425e-01,-9.910509801310425637e-02,1.098478114119210425e-01,-1.616421456360934983e-02,2.353297700123405112e-01,4.211310207093846986e-02,2.888895812235486166e-02,7.647910462388706268e-03,-1.880384205221655169e-01,1.724700593496623219e-02,-1.199184729877524752e-01,-2.278544558998813613e-02,2.893966802462746291e-01,-9.619985729896171622e-02,7.187780480814917605e-02,-1.606293983829127359e-01,5.583293910326974502e-02,1.349563555491084255e-01,-8.217723364439886991e-02,7.714944987491953454e-02,-2.338589455209591494e-02,2.752710229116279647e-02,-2.642457269510845586e-01,-1.145949822531100587e-01,-1.663967703435255685e-01,1.826636302178862720e-02,-8.300982931226631722e-02,5.706805238747104936e-02,3.655267154080747011e-02,-7.741568911604244929e-02,-6.445444592795353256e-02,-9.776541613796538299e-02,-2.740109843806123879e-01,2.257381401923528041e-01,-2.439636910936157366e-01,-1.702458332615749415e-01,5.252265409728996276e-03,-2.278666773141518054e-01,-5.208683959242196848e-02,8.091679874433880398e-03,-1.734601649628023379e-01,1.273295471275496249e-01,-1.744348105989028119e-01,1.889797412902666229e-01,-1.449397471129472148e-01,-3.404002473127135109e-02,-1.260564519666199090e-01,-9.751900625021193980e-02
9.499626853490750200e-02,8.335477622327393254e-02,2.366823072749655865e-01,-2.132007143172701125e-02,3.053680614655149630e-02,8.344565745546356217e-02,-4.417181966038533081e-02,2.066429451438041576e-01,3.926625882079933655e-02,1.659397171998638620e-01,1.866491792435546748e-01,-3.543126456754351616e-02,-1.273196823062534566e-01,-6.377824570139300174e-03,1.242005694885104511e-01,3.918678233122269844e-02,-4.290563111393839307e-02,-3.572560811464194769e-02,1.075441361004348256e-01,-6.367308972625373986e-02,-3.467005102609697909e-02,-3.226634625034892068e-01,-1.023053548170891891e-01,-1.911884003417938793e-01,7.404853397689546701e-02,-2.517178106794916159e-01,-4.417349448226447900e-02,2.496151042234110717e-01,1.129102078240835777e-01,-1.755400073897457058e-01,2.254472896049012753e-03,8.968106975088238619e-02,-7.735596106388185553e-03,-1.576732358030084602e-01,2.602218994050312789e-02,1.163556413417809188e-01,-9.832707835275242281e-02,-1.728735425841922135e-02,2.677093920346130806e-01,-6.279126142358487650e-02,1.098680197417853943e-01,-8.268848850993869293e-02,2.145905459418788463e-02,-1.423658322157632106e-01,2.392406177547370671e-01,9.838185949036173591e-03,2.122559109326458138e-01,-1.636760301715149135e-01,4.403568990690057139e-02,1.026834922506700276e-01,-2.787347625197275081e-01,1.010527522252003402e-01,-1.268760543722445289e-01,-8.878973443714945069e-02
1.520755810413217113e-01,1.278493633908382998e-01,2.196772907884198545e-01,1.486512904877561672e-02,8.606596523255601039e-02,1.546344375368088331e-01,8.490931559554441843e-02,6.071580984726549640e-02,8.662741264156083310e-02,6.223566645576737721e-02,2.169033127272960992e-01,2.361583559563381479e-02,-6.542342815985566912e-03,1.886944044401186737e-01,6.325595739235716219e-02,4.299688916717013358e-03,5.717521387737460603e-02,-3.955681728865030611e-02,1.838840433979924416e-01,5.722802104236542758e-02,-3.460416505459402992e-02,-6.635462924003857977e-04,2.670843111644590762e-01,1.902313510201562030e-01,4.220214243400285947e-03,9.502331746757916586e-02,-1.471563589550939632e-01,2.211923525282301073e-01,1.029124560131615962e-01,6.360260831392583469e-02,9.554428341111276257e-02,-7.404204010074870446e-02,3.639010762301267410e-02,1.002609148898508939e-01,1.650255402685634476e-01,-4.070244394950453537e-02,5.559960122934606841e-02,-1.458106254167982480e-03,1.235266695379910462e-01,-3.629756371431015066e-02,-2.823348477339224574e-02,8.277156999341225146e-03,-2.376282503338243424e-01,9.813440559965247445e-02,-2.027921272418697629e-01,7.254377400304536094e-02,2.007131291975383300e-02,3.399273642327110823e-02,2.469687853816635303e-01,-2.458768861333349431e-01,4.116226974359719626e-01,1.433149245295636809e-01,-1.276956567778668172e-01,-8.006046262408607339e-02
-1.315589885307063556e-01,-9.765762657175599409e-03,2.677559739898416336e-01,4.775246909829834741e-02,7.800280812342239023e-02,1.057663503386265247e-01,2.282505420816271502e-01,1.422243229912812934e-01,1.865979263801410132e-02,6.772679716333569744e-02,1.507752648529259165e-01,6.782956475600324109e-02,-1.156207542879153088e-01,1.472083670799031740e-01,1.850006793690426310e-01,-3.579812144965761195e-02,1.412924607387770481e-01,-9.942717273232248854e-02,-8.487983738966134450e-02,1.429555370781004919e-01,-5.884269645406304400e-02,1.603452602769407376e-01,9.887657176715630714e-02,-1.077766237423417872e-01,4.768080576239860577e-03,6.839329042471971321e-02,2.408374822081883471e-01,3.446379560816194981e-02,5.243265389251841602e-02,1.177294198793264052e-01,2.989155890853764652e-01,-8.771169300206282937e-02,9.644958547673852800e-02,-2.552207011608398357e-02,-1.412785971196910406e-01,1.826729996591294411e-02,2.203442798989926621e-01,1.383221083722005256e-03,-4.538500597914228718e-02,2.272803745148408716e-01,-6.269178218177462458e-02,1.688970366279658186e-01,1.623299745243053094e-01,7.355683962690423572e-02,1.967570440740406060e-02,-1.262447158181849438e-01,-2.901424597837084021e-02,1.363822942424030293e-01,-3.031053426772634674e-01,-7.146301279453971811e-02,-2.164740394252548106e-01,-1.739054559987193438e-01,-1.285152591834899383e-01,-7.133119081102305692e-02
-1.022890019738845885e-01,4.867581080599426430e-02,1.201742984340410381e-01,-4.418961565905409755e-02,-7.367832932015773439e-02,-2.400226236162334922e-02,2.274261971272382998e-01,1.558234976749562142e-02,-1.109663932280029186e-01,-1.699432461386139182e-01,1.455887403867836272e-01,-1.472684845312502988e-01,-1.468499984834512051e-01,1.047844685009180765e-01,-7.980894561971768608e-02,-2.199032847869549293e-02,1.789941869399665764e-01,9.949173782378782638e-02,-1.999767262413858215e-01,1.436840771287372365e-01,-1.681800969378871025e-01,1.347158678792184650e-02,-1.711438076657564589e-01,8.657514734460998451e-02,-2.293341095680626052e-01,1.228468162420739695e-01,-2.794889460614632948e-02,4.710007736652815219e-02,1.014196138253060653e-01,1.115137446985853820e-01,-2.150866467139384286e-01,1.488223031475723601e-01,-4.203487299955391276e-02,-1.229743852063843734e-01,-1.797195055521171869e-01,2.858988294338708075e-02,-4.071817765647253728e-02,-1.339096399506385093e-01,-1.049548737085485711e-01,-5.845064096697362432e-02,3.840237715799695306e-01,-1.239017557409258785e-01,-5.184035138589079134e-02,1.182675875134958920e-01,-2.205239551946933663e-01,-3.458990276035434769e-02,-1.048220755945712956e-01,-1.939869624838562803e-02,1.509525407327306223e-01,2.644746146063050585e-01,-5.807327371963301454e-02,1.267006903415832386e-01,-1.293348615891125875e-01,-6.260191899795992942e-02
-2.854828907231662938e-02,1.241544995433568055e-01,1.144156255532800121e-01,-1.077232230574824146e-01,-8.386916372851169199e-02,-1.591556716992877651e-01,1.850434739718367638e-01,1.567069800331576390e-01,-1.127192809829410947e-01,-2.847574926967575970e-01,-5.466197080427771804e-02,-2.085683566004986056e-01,1.517907323449357859e-01,1.972430803493177287e-01,-7.277230720474023307e-02,-1.638382744147008629e-01,-4.910847658440013752e-02,2.012582623474449411e-02,1.881586012147157955e-02,5.271086699829532346e-02,3.402007468096508030e-02,1.030882127409972204e-01,-1.230412426708634398e-02,-8.449184672260077675e-03,3.979017713279918433e-02,-2.297236041890538816e-01,-5.991466457406346285e-02,-2.718034569043913384e-01,2.147807839167845817e-02,4.933686458631858507e-02,3.670529022379949522e-03,1.235728313281707347e-02,9.787531896694776079e-03,-2.107978490735052113e-01,2.109625137048765642e-01,-8.722913320851877206e-02,-1.383929447629460019e-01,4.428020700400585319e-02,2.020251335182682850e-01,4.824432627813579795e-03,9.293263928976663868e-02,-1.544590687917156979e-01,-2.900382772593283059e-02,-1.997603232613416602e-01,3.145260257715764424e-02,3.852905600247775314e-02,5.276531762205678017e-03,-1.018416674283886686e-01,-2.630881317871872072e-01,-2.113134583354425444e-01,1.767604403077938369e-01,-2.629537947562735622e-01,-1.301544639947334325e-01,-5.387264718489616355e-02
-1.400757969454167751e-01,8.194796764692532931e-02,1.521451532778509974e-01,5.284757289695034277e-02,-1.603540968916759846e-01,-1.404838572387228368e-01,1.122357273495243890e-01,1.851159605923795026e-01,-9.460262633209706729e-02,-5.487782033696124440e-02,-2.980033018404820017e-02,-5.518397654293322879e-02,-4.630851012830711905e-02,7.884176784232301005e-02,1.108704132201423359e-01,-1.299840702152053051e-01,-1.769171910979038254e-01,7.274029336146972669e-02,-1.945935778174147368e-01,-2.958962430722349157e-02,1.222484721171110816e-01,-9.348101509772456519e-02,1.629104889068278550e-01,3.179679542626238226e-02,-8.395263598798931304e-02,-1.048362596429404103e-01,1.057436025110764233e-01,-2.609180532500852689e-01,1.757141415673841855e-01,-8.796455077456956373e-02,-4.573127662378757147e-02,-1.185063238264986440e-01,-1.243574600350652870e-01,3.144591082367505508e-01,4.626996481248737969e-02,1.746313054428420553e-01,-5.133449740277406387e-02,1.500833189534099554e-01,-1.053655682363782015e-01,-2.981686110244431975e-01,-3.232856855727402334e-01,1.061756205343755283e-01,-7.297985106426731206e-02,5.553938963849846394e-02,5.196845212013174314e-02,5.207529974294056174e-02,-6.365924306210679617e-02,8.945412189311931217e-02,1.253684485567701512e-01,7.524269630773684769e-02,-1.356581594499058629e-01,2.211941460191695075e-01,-1.309740664003567479e-01,-4.514337537183315402e-02
-9.163009907775412910e-02,1.515262802701739797e-01,1.144131624884812265e-02,-1.298102189573651921e-01,-3.042880700736499966e-01,-1.958743195227449496e-01,-1.711998966060440108e-01,5.259055450521910730e-02,-1.683643413380896681e-01,1.143018925904239758e-01,2.222303279800388054e-01,1.171301607898901642e-01,-1.469549581879622258e-01,-1.035261238191020478e-01,2.631277788183590816e-01,2.169142729635938349e-01,1.386136958806574448e-01,5.674164031010259929e-02,5.622359546987634737e-02,1.211528374814808615e-02,2.361093637078177584e-02,-8.081610742596118113e-02,-9.476668989326922365e-02,2.156535589015730336e-01,1.497957921362714218e-01,1.067393562655278155e-01,1.068883612706872238e-01,-6.430352674566337801e-02,-7.380030053277904234e-02,9.885579677231759455e-02,-1.289124428963535351e-01,2.939552491128335499e-01,9.879761731005105851e-02,1.234429375327946304e-01,1.748324975047145166e-02,1.343773062196916383e-02,2.668132821542514369e-02,9.068413057486525083e-03,-1.321407912539849516e-01,-2.934831237643181420e-02,-2.208602006180015315e-02,2.155968797553101390e-01,7.975102685091212118e-02,-1.497314861515780804e-01,6.594757664550876530e-02,1.591875274053672004e-02,4.360244541465839278e-03,-1.968949564674481456e-01,-8.058077707921126528e-03,-4.869606317089475445e-02,2.124303891944797074e-01,-2.195177903191887769e-01,-1.317936688059779260e-01,-3.641410355876983918e-02
-1.590773605179115341e-02,1.811164254030069864e-01,2.535979485756071142e-02,1.181065732458868103e-02,-2.498405915547680933e-01,-1.204804057843256448e-01,-2.418336710853885574e-01,3.395567517975397326e-02,-4.363950802568277582e-02,-9.266032888780953783e-03,-6.804844783052561852e-02,-2.235125423050193100e-02,1.798008710201249027e-01,2.186939141667690600e-01,1.621529279164481141e-01,3.490255646156554398e-02,-2.769513676939121434e-03,-1.210816194147081720e-01,1.165009899875746185e-01,-1.931942415903786792e-01,4.024110233736795661e-01,9.385733159099830802e-02,-1.268816498025225059e-01,-1.854298754473621413e-01,-1.029793899659433992e-01,5.654776790335885178e-02,-1.738565091151791364e-01,-4.247616593783238789e-03,3.069757832885470876e-03,-5.139412864476636950e-02,1.805278337846771830e-01,8.756617598819026183e-02,-5.519496776667506821e-02,-6.914841440673877293e-02,-1.763271424157804856e-01,-2.181464191631014848e-01,-9.950998324159959774e-02,-9.697622733223804081e-02,1.129093402507888588e-01,1.886128264342164795e-01,4.147152514116621974e-02,1.324151827281724314e-01,-5.192501164476486658e-02,1.114797850055830736e-01,-1.186197754770899893e-01,-1.084997694773378318e-01,-1.002177472051567209e-01,2.279420630487923594e-01,1.772523108922103852e-01,7.936784255871279226e-02,-8.345708521742546682e-02,2.366501616428104068e-02,-1.326132712116027401e-01,-2.768483174570642025e-02
-2.976586876717375874e-01,1.476199359532047277e-02,5.373938354164734671e-02,1.619891926811837524e-01,-2.219486816922919548e-01,-3.277772170796572349e-02,-2.764593014314142283e-01,4.491868081061064361e-02,-1.223209404117795440e-01,-7.535191068146748772e-02,-1.963776887451342858e-03,-6.601041715126072795e-02,5.025194085254890836e-02,-7.463664764540321739e-02,-1.568533081661653561e-02,1.418788912092544263e-01,-1.656740331491612928e-01,-1.217082375496548602e-01,-3.385977627045531207e-02,-1.166432271733244125e-01,-1.884105752267831516e-02,-2.528205607423011231e-02,3.259095965355395669e-02,2.480675796875604910e-01,1.975653716370650431e-02,3.758272940510090643e-02,-3.804177560292973381e-02,1.879066533769067071e-01,-8.197154814221207716e-03,2.265410864747412906e-02,1.466582333542632531e-02,-3.715812186656335947e-01,1.836568553020686279e-01,-1.249585687116347849e-01,1.144946252190213731e-01,7.537384138474041706e-02,5.959228102119772108e-02,1.245758424162927147e-01,-1.455961363365187722e-01,1.390297611035773429e-01,8.990105289914292197e-02,-2.381181772207948411e-01,-7.559812844873675663e-02,1.264518498483516717e-01,-4.417209918724778611e-02,-4.760837059372127755e-02,2.247472271253624365e-01,-9.286802464095250328e-03,-2.732976491546089681e-01,1.199409630097266199e-01,3.894196465826919862e-02,1.521141265705446000e-01,-1.334328736172227525e-01,-1.895555993264446196e-02
-9.499074600644862032e-02,2.667957374843343277e-01,-1.442678277163113587e-01,3.484110546782631102e-01,-1.110047352003363658e-01,-1.083539703786692843e-01,-4.712000213678011612e-02,-2.347715362287427221e-01,8.678052838739616637e-02,-4.925744206105403533e-02,1.088932632427617314e-01,1.240885427700577637e-01,-2.796455099781698372e-01,-2.042610157387732550e-01,7.063087327094662304e-02,-6.676004319890169181e-02,1.192051194242875201e-01,-1.607632238972643013e-01,-5.723783782948515565e-03,-8.629277145299286966e-02,-2.315713587115282301e-01,9.853871857228457820e-02,-2.118893437658011039e-02,-1.852652046487442417e-01,-1.051546046436902526e-01,-1.342949141042765748e-01,-7.456498245376312617e-02,-1.463691615654577893e-01,-7.299346118427867298e-03,-3.392801097998453252e-02,4.616928229689816476e-02,-8.778591318135224586e-02,1.276317580748878855e-01,-1.381033985234697281e-01,7.904473899128162950e-02,-2.724311713569903259e-02,5.717071245573123600e-02,-1.805658155651658214e-01,-1.057036954172593454e-02,-1.274077700502496413e-01,-5.773153191021024137e-03,-9.710691536224787257e-02,-7.958185271385970552e-03,-9.402385148702203932e-02,-2.503727692950161177e-02,1.842923720759500616e-01,-1.411363722148175903e-01,9.300827076085929623e-02,8.992176648523647620e-02,-3.107147034311914524e-01,-1.109326750175363280e-01,7.160471825767497633e-02,-1.342524760228470948e-01,-1.022628811957968648e-02
-3.035887207259561210e-03,2.723184240107546228e-01,-8.488088441776740767e-02,2.731069576422984202e-01,-9.348422565679211094e-02,2.118539656582413555e-01,-1.540416259546138200e-01,-1.051688132389456010e-03,-5.879744922193014950e-02,3.943340474914764499e-02,-1.487076205837984111e-01,-1.777170273063005124e-01,1.742338500737559276e-02,2.829528532988526829e-02,-1.228270997018038047e-01,-1.771882805415877782e-01,2.171841620540946038e-01,1.528079208742816053e-01,2.141229382080992449e-01,1.251498089873187732e-02,-1.410499530652532252e-01,-1.071888118496824721e-01,1.704796042483072427e-01,-1.408203616333857933e-01,-1.974607746255874208e-01,9.009433903453754888e-02,1.351792046888720782e-02,2.494878994230869187e-02,2.053311184867793668e-02,-5.527263790869405696e-02,-1.085555429494804575e-01,-1.055375851403544396e-01,-1.504963871320188495e-01,2.006717453100331505e-01,7.718225399423969679e-02,-1.014438517068477243e-02,9.511266535918665166e-02,1.104415256554703434e-02,7.355265926674359189e-02,3.427541416216024848e-03,9.552784192543399555e-03,2.467290645901750248e-02,1.182615933000613628e-01,1.974294272957551055e-01,1.467302525138508285e-01,-1.321146344931900252e-01,-1.930048808804379554e-02,-1.784327140943560430e-01,-1.278851158443684161e-02,1.899579079731976428e-01,6.595069122322522182e-02,-3.488800958906048688e-01,-1.350720784284682729e-01,-1.497016306518914302e-03
-4.180445526040504206e-02,1.869170345628764218e-01,-1.272023148999550102e-02,7.153620424759668528e-02,1.453932932876178009e-02,2.175561856690443052e-01,-1.835006108229449498e-02,2.416306072545765585e-02,-1.529979985071980575e-01,2.389975057040740272e-02,-1.495738331318657299e-01,-1.119909143785636080e-01,1.536953792921763040e-01,-1.904939764626796261e-01,-5.860832720881384988e-02,-1.380025524004104866e-02,1.517464313041345381e-01,5.524665138553652016e-02,-1.011738022785491770e-02,1.040229107298943842e-02,-1.402564152333973246e-01,2.181371897157489415e-01,1.731980415348663982e-01,2.611446659542008275e-01,3.592395559520408094e-02,-1.594754581703720225e-02,-8.338097419070140959e-02,1.053035648585378958e-01,-2.199547905521524391e-02,7.136725985006490969e-02,7.481020403651332529e-02,3.616946538073972373e-01,-1.079832421539559939e-01,1.823663247621882524e-03,-1.440428455248226325e-01,-1.946024584329507923e-01,-1.110536415321729947e-01,2.820943199453160855e-01,1.079096077871940194e-02,-5.159055091425612805e-02,-6.240043868466384203e-02,-1.029804429203418428e-02,1.098653596358781376e-01,-1.994578492027631877e-01,3.114826042539532019e-02,1.466466642849813262e-01,2.121548898586917697e-01,2.383787393837591972e-01,-2.900240444367935266e-02,-5.120792619357900782e-02,-2.002127140312678355e-01,1.630982690548136715e-01,-1.358916808340904503e-01,7.232255506545933604e-03
-1.064510188226416021e-01,1.489439907161746734e-01,-1.564268633293779825e-02,-8.263602010143155513e-03,-5.766491877958013039e-03,1.327900696242150236e-01,1.418054589358743456e-01,3.006432805298083974e-02,-4.539032474388896010e-02,-8.408845447636495440e-02,-2.132674303094358181e-01,-1.004836135369853861e-01,1.852487690483299865e-01,-1.196273974070165280e-01,7.669003518424245824e-02,-8.727034977147050954e-02,5.654589321890027970e-02,-1.022159756441950867e-01,-5.666941865328226080e-02,3.461118876335978183e-03,-1.713036608962306695e-02,-4.599395688659509152e-02,6.258705684375018286e-02,-8.276914256327130848e-02,4.710298138291121317e-01,-2.189563577749886747e-01,-8.058380162630562893e-02,8.721125418144824726e-02,-1.488992752814988774e-01,-1.823166881768146785e-01,2.398617839211747860e-03,9.368367354764083055e-02,-8.049688117564092471e-02,2.796979242982213561e-03,-2.252639668467474598e-01,2.150606335782376533e-01,1.912000336746123852e-01,-2.122903289573916941e-01,-2.037634081033010969e-01,1.432589191646679028e-01,-1.151882067473790523e-02,2.312757243382090530e-02,-1.220117194236482461e-01,4.493546193348420953e-02,-4.500013490239768849e-02,-6.143665863556788120e-02,-2.112774866264790219e-01,-2.134074766067790840e-01,1.808551778904865515e-02,-3.657888090174991197e-02,1.320994874410902908e-01,1.549101834876393247e-01,-1.367112832397148758e-01,1.596152731960877660e-02
-1.669196186739443089e-01,1.483469303741316858e-01,-1.033055664082652148e-01,6.715331850274400272e-02,-4.854768734018869575e-02,3.638638954681647220e-02,3.215111061483466037e-01,-2.285295009227741314e-01,9.936103837713970710e-02,-1.144229829267042475e-01,-1.280386506031880589e-01,1.734128290999361055e-01,1.712209045714238598e-02,-1.071667426978126225e-01,1.164807189268046717e-01,-2.261726895003404389e-02,-1.028720709487685597e-02,5.809597549991657450e-02,-3.040595616617649405e-02,2.816225981906793074e-01,1.530340951770925439e-01,-2.460521336086735067e-01,-2.355882261320524085e-01,2.022228051691857265e-02,2.861880787305663976e-01,9.039249474567506715e-02,-3.177770074700726061e-02,1.566665077734279432e-01,-9.565532309565853708e-02,2.166684809176334658e-01,6.741818208504733734e-02,-1.824466268675802305e-01,-1.308449892084243872e-02,3.518038824118502848e-03,1.889739008716987412e-01,-1.684485827840099814e-01,-1.076380303064793653e-01,9.417693368591951997e-02,2.286347905966400473e-01,-1.319597359417132576e-01,-6.539872415236880343e-02,5.015431168716698307e-02,8.460903352392122601e-02,1.110579934624727518e-02,-7.540338279055473769e-02,-1.003120395351395355e-01,4.790111943878545830e-02,7.141699444798674246e-02,7.648022467884323106e-02,1.670372371485500107e-01,-4.161031534578470137e-02,-3.367469841240500195e-02,-1.375308856453358597e-01,2.469079913267255288e-02
1.132646291215734097e-01,2.221918890914479916e-01,-1.227173351697463943e-01,-8.334990000335232296e-02,1.658632233001596304e-02,1.685280044417415413e-01,1.217648576624466850e-01,-1.264553811948526951e-01,-6.997279702262079563e-03,-2.293552196913086760e-01,-1.123349898404456676e-01,1.993190873277086717e-01,2.083269925704617775e-01,9.228310732352595913e-02,1.591577643931775532e-01,3.077454321881794574e-01,-1.420465334746537911e-01,1.217752881029227768e-01,1.207308693538133443e-01,-2.700375313641777478e-02,1.573007021855962750e-02,8.195520580277336486e-02,-1.710573965744456582e-02,-2.889777317382833943e-01,-1.865291419606185941e-01,2.024983068709533263e-01,2.138232296256094289e-01,2.609500116866842953e-02,1.977907782818988935e-01,4.844082607033913662e-02,-2.497662293095769814e-01,-3.334995830500523707e-03,4.742982265928415847e-02,-9.090031022119836324e-02,-1.245415249511404587e-01,1.196516880391459425e-01,6.723450167811816092e-02,6.861055512735009243e-02,-4.075028593798243892e-02,-1.309834567043376835e-02,-6.535346382067751259e-02,1.998230698338536795e-02,-1.282990387687612810e-01,-4.725934486445574484e-02,1.241562711666600004e-02,1.006135452085436532e-01,1.693828131311007068e-01,-1.588822208088443710e-01,-1.372638747872604870e-01,-1.279109621079089765e-01,-2.499658498068108373e-02,1.339862122546847667e-01,-1.383504880509593971e-01,3.342007094573511139e-02
-1.001482336284935555e-02,1.082805240081240045e-01,-2.253618116731242321e-02,-1.555866083129709143e-01,-8.352351230632176380e-04,3.106890468144152817e-01,2.773299221944556039e-02,8.712272003349058602e-02,2.342267297878163762e-02,-1.888830428543142792e-03,-1.133524913614270963e-01,2.772398259816578545e-02,-1.100658284892297445e-01,-2.238234278810374289e-01,-3.448780655847755172e-02,-9.568874497039912830e-02,-3.295027808819079862e-01,9.519113259635189617e-02,1.353238808221189082e-01,-8.597587530822328739e-02,-8.172188881032538960e-04,-6.141221759288380960e-02,-1.060839160498128209e-01,1.980520226701111830e-01,-1.152047561634945427e-01,-1.184282556193693853e-01,1.988867390442074501e-01,-1.399950509227131934e-01,1.184367042283138022e-01,1.140848650411843516e-02,5.137948685980926050e-02,-2.189790570223942856e-02,2.575661021618158020e-01,-2.780264959127418112e-02,-1.378663336394939376e-01,1.835193797949995209e-01,-1.227494777756668598e-01,-6.585984014991205782e-02,9.135293666737594881e-03,1.632624677743913510e-01,5.784241765279533182e-02,-9.834091314517966198e-02,2.343413980373055261e-01,-1.712849402761187911e-02,-3.236893979650198871e-02,-2.076013546661416298e-01,-5.627489739220493253e-02,2.247062627495246823e-01,2.740096454503131440e-01,-9.838640966720189895e-02,1.407952973300597432e-01,-1.179275297466450823e-01,-1.391700904565811303e-01,4.214934275879846787e-02
-8.588944443267476636e-02,4.954024211653176857e-02,-6.950356628082830779e-02,-3.066995480821910758e-01,-4.876341062763753231e-02,1.589009402530413007e-01,9.658301262719821978e-02,-3.141493126213437681e-02,6.206714592662811864e-02,5.568454799952523432e-02,1.016989424438645012e-01,1.250192152040487392e-01,-9.737987201014511318e-02,-2.047592749857064520e-01,-5.667155915612681486e-04,6.426846255725376586e-03,-2.479373101572737992e-01,-2.462878999344915096e-02,-6.928111634659028795e-02,-1.678373941331288421e-01,-4.769143268301478944e-02,2.874832081433585929e-01,3.664640911499831601e-03,2.019776554876632213e-01,-3.008684278109058016e-02,5.291940314361146674e-02,-1.893973883915772149e-01,4.151222864198126500e-02,9.109262558916657315e-02,-1.501673377743093507e-01,-5.039190460016058914e-02,5.126580750042727258e-02,-1.982945508332538409e-01,3.351547691029998360e-02,1.478668062163433217e-01,-1.414833260261598447e-01,1.907658902963388359e-02,-1.858516784237942976e-01,2.177000637180692422e-01,-9.087998355174602139e-02,2.565184354166471711e-02,1.215288161868911393e-01,-1.376089598118788448e-01,3.074414248703792318e-01,1.615572696322659929e-01,-3.083612595656572489e-02,-1.711884451935692386e-01,-7.763143400358682444e-02,-2.584492158706039322e-01,2.450374852544605006e-02,-1.238934221307143729e-01,-5.602517314551513222e-02,-1.399896928622045844e-01,5.087861457186119291e-02
-1.858140234446561956e-01,-2.697144229443216093e-02,-5.625293696240776103e-02,-2.177068810172206048e-01,-4.277575116370788133e-02,1.221788598365428358e-01,-6.298235228400814005e-03,1.073796025814204164e-01,1.558186049240400939e-01,1.294695697269216961e-01,-5.596919972790503905e-02,1.476144629993340340e-01,-1.488687434603349347e-01,1.820028535154293581e-01,-3.658552731696115140e-02,2.101410709954122658e-02,7.550468391887234232e-02,-6.262737931494878618e-02,-2.342725938032853492e-02,-7.693120694458074893e-02,3.422074755371888599e-02,1.460356101271116647e-01,-3.573460523143320161e-02,-1.601657272407188970e-01,1.705517070168177385e-01,1.221678681741683731e-01,-9.868705647423609006e-02,-3.157002435637611126e-02,1.620119139766863503e-01,-2.417236122570750601e-01,-6.565471777083137228e-02,-1.996615761788521071e-01,-3.162337834478353704e-01,5.348629912234911105e-02,5.080932657393841256e-02,-5.963173552246358450e-02,1.046813036129527058e-01,4.514016938983127919e-02,-2.003286857934101495e-01,-6.800252537877793380e-02,1.426001199843293377e-01,-1.760885191713911779e-01,2.863233572469237598e-01,-3.068777337213274836e-01,-1.077247002366413103e-01,1.271903177728782863e-01,1.302665598039061678e-01,1.227080383290677784e-01,6.131660280785772993e-02,6.670491492053498561e-02,1.625700880212673505e-01,-5.717461274842487728e-02,-1.408092952678248189e-01,5.960788638492320324e-02
-8.871256758077768201e-02,1.097997406315334018e-01,-2.007714368782583803e-01,-1.594901963282852053e-01,2.914281782707370608e-02,-6.537662907964628123e-02,-3.158896820932679487e-03,1.260617701563153392e-01,2.429591967406125874e-01,1.258811764124835864e-01,-6.630240738534227962e-02,5.430704570955081911e-02,-2.071630731163832395e-01,1.824784019414948943e-01,-1.866169629270289787e-01,-1.857595934089378842e-02,4.705369513656668806e-02,1.614117608065359644e-01,1.555091852556052534e-01,-2.694102375417169876e-02,-6.471967471295478336e-02,1.180676972336517500e-01,4.133384984901004172e-02,-5.317713201450420535e-02,7.176472480567026857e-02,-1.856255113855548033e-01,3.330338934426518155e-02,-1.118778950946020118e-01,-1.394655274738717810e-01,1.538420180361431966e-01,1.525390436958585019e-02,5.608693584849327313e-02,1.839531961542720806e-01,-2.360111217916666948e-01,1.277431077571772045e-01,1.083495949913774840e-02,1.557165464961342005e-01,3.518020719579534883e-01,-6.427346597104312276e-02,1.392144616237266097e-01,1.445960138900423755e-02,1.682381246804383057e-01,-2.504710340887579822e-01,7.836652012148459523e-02,1.205507758366924781e-01,6.121187026125431835e-02,-8.344991035047717720e-02,7.100678283932287428e-03,1.173340604877025350e-01,2.620578736512080842e-01,-2.022775173967143736e-02,1.352200788484060334e-01,-1.416288976734488003e-01,6.833715819798809321e-02
-1.358023567854683977e-01,6.995114919067804693e-02,-2.084025127881523887e-01,-4.835783467627362969e-02,3.855483903370976462e-02,-2.683602656555250654e-02,-1.059427509421290020e-01,5.411000584468741298e-02,1.769499035678117616e-01,-2.568195658445594429e-02,-2.856495793030742331e-02,1.029044137830124328e-01,-1.235277861478772804e-01,2.889088987737455927e-01,-1.025464678101027094e-01,-5.525181955545310775e-02,-1.611206264861733406e-01,-8.033543018256376900e-02,-1.798250491061134104e-01,-3.961937394600402451e-02,-1.034417546612194511e-01,-1.142763400698823678e-01,1.117958362733030148e-01,-9.777095998594513560e-02,-9.725564812115114477e-02,-8.449677654299617147e-03,-1.911357274961967417e-02,7.549057849058574132e-02,-3.310125738188537947e-01,7.232862254985010508e-02,9.294517918030584247e-02,2.397907849525560686e-01,1.344575445863797347e-01,3.738928071729767377e-01,-1.609424945105542015e-01,1.144847563291919029e-01,-1.173293184491920743e-01,-1.143172924794104844e-01,2.047928822562238571e-01,-1.146965714855699287e-01,4.414411275457126582e-02,-7.965477330321901750e-02,2.027197886229804499e-03,-5.338560953502576034e-02,-2.016548995734060434e-01,-9.193681275503522154e-02,1.618651825714540193e-01,-2.218096049482564183e-02,-2.343478884361891446e-01,-2.875190986964782855e-02,5.217543816344327734e-02,4.390944548353652860e-02,-1.424485000790713385e-01,7.706643001105051294e-02
-1.501291629494864721e-01,-2.632099075754422424e-02,-1.235515214625491076e-01,-1.511853045011617158e-01,1.424434283266461619e-02,2.979257056363441084e-02,-1.076570594723569030e-01,5.345325867112749735e-02,7.492307850161741833e-02,-2.003689384678995489e-01,1.197524168178494136e-01,-2.415247452349747748e-01,-4.359895748462130211e-02,1.444762876369197480e-01,-3.303339882554418572e-01,1.453647155432728766e-01,5.790018730771864797e-02,-1.185702127050881072e-01,-9.643166065262150088e-02,7.963349784104480078e-02,4.023296678843422958e-02,-8.231492465288030302e-02,-1.123115922168984454e-01,-3.228003488916697614e-03,2.374482565888843752e-02,-5.841188346335831477e-02,3.828451305256518750e-02,3.435490292947152580e-01,4.353827320209899265e-02,3.120392153340129440e-02,-1.225874913159752388e-01,-1.243892883838731978e-01,-9.226273134202784415e-03,1.474842149231674580e-02,-6.103367284730139286e-02,-6.200238565682248543e-02,-2.044524385360495522e-01,1.983101927481672674e-02,-1.516131576178207929e-01,4.018247296233831006e-02,-2.113431351640280287e-01,1.667811949087918133e-01,7.313337681557145753e-02,1.163986717863151193e-01,1.494790170133680207e-01,1.129057370485525430e-01,-8.638183704418908593e-02,-2.158011787113506968e-02,1.627468861490972418e-01,-3.727017033952582103e-01,-1.452636468068000675e-01,-1.406429404553391216e-01,-1.432681024846944040e-01,8.579570182411412615e-02
3.908682590959199760e-02,1.047651112413918312e-01,-1.005326091070857658e-01,-2.673002764186032110e-01,1.071973707814633109e-01,-4.954802845448531834e-02,-2.001313818286884483e-02,-2.806606633273507276e-02,1.844420314368971081e-01,-5.014264437178543588e-02,8.163164500314852579e-02,-1.784240019222933238e-01,1.389951857818294834e-01,-2.022352164557928156e-01,1.954642867167794527e-03,1.542777906612154692e-01,2.779643045960372705e-01,-2.725934850377344509e-01,-1.446830546106194493e-01,2.716309968449757972e-02,1.097632212643071259e-01,-8.177476194462519887e-02,2.995233864320156481e-01,5.945329621571023015e-02,-1.551075846327965857e-01,1.320749965742499810e-01,1.027253243391361981e-01,-2.186895507287648088e-01,2.348321362814449059e-02,2.871253537913535242e-02,2.127603213367263713e-01,-1.599985988967276840e-01,7.889012181017340808e-02,-8.031372938538132444e-02,-3.198544991950859340e-02,-1.922614760037694853e-02,-9.133946951965950245e-02,-1.040076087100046121e-01,1.280444652983932230e-01,-1.668174485213466327e-02,-1.621735390288527381e-02,-2.677574273723570819e-02,1.625162353779640578e-01,-1.095797023644130008e-01,1.516197461457704510e-01,-1.329316267145366076e-02,-5.168447591121586027e-02,-1.908395754352163187e-01,4.455746866200813172e-02,2.191314722433654882e-01,9.022537305084152304e-02,1.943625082759645739e-01,-1.440877048903165258e-01,9.452497363717742018e-02
3.583256080337909877e-02,9.664381982594741349e-02,-5.216994121711130555e-02,-1.198217913090680181e-01,1.628453144113664874e-01,-5.846824227760324955e-03,-1.790015707787650234e-01,1.945442727480134748e-01,1.781649710763664740e-01,2.143239780315051024e-01,-8.900377218572555482e-02,-1.847394760719440476e-01,1.968013726898279470e-01,-8.850020416725307149e-02,1.835017453108261642e-01,2.247799977642986335e-02,4.531796071987442831e-02,1.561705040509430917e-02,-1.515421152524585868e-01,2.877374277563312654e-01,-8.356116185957308817e-02,-2.193140853693465731e-01,-1.982582589733627998e-01,2.481458642940298845e-02,-4.148477354342947759e-02,1.710817987602125390e-01,7.341155279142178372e-03,-1.907429338079725811e-01,-1.666572092379564607e-02,-1.706912657265050315e-01,-7.022675911366127455e-02,8.792509414741182805e-02,4.704747244833457076e-02,-1.163827590318336318e-02,2.013127599991854921e-01,-3.083684163900023145e-02,1.617420115935343239e-01,-3.262043502462264044e-02,-7.362764037209645895e-02,2.309792634456028435e-02,-3.679948671722686748e-02,-1.750966986872317666e-01,-2.509433838668151395e-01,1.207481323120701971e-01,-1.640947278025567113e-01,4.231637981735375531e-02,4.745535677873732872e-02,2.061667514774568888e-01,-3.454069431022935288e-02,-1.486153767820714844e-01,-1.783572851847867735e-01,-1.381573288710170599e-01,-1.449073072959393138e-01,1.032542454502409224e-01
-3.804647069805012216e-01,-1.948994709393574998e-01,2.938495478129516530e-02,1.976572293122687562e-01,3.349891253350289477e-01,-7.096406040056869868e-02,-1.581863876553449844e-01,7.335026053599501272e-02,2.487451377434618527e-01,-1.254133921868335055e-01,1.323633737327155058e-01,5.570713399262394033e-02,2.763918895957331312e-01,3.202899906508336475e-02,2.621975306165462705e-01,2.289178395829971624e-02,1.587873661391757743e-02,2.955394802006044430e-01,1.756589126942176005e-01,5.649619961258279394e-02,2.032879780498687491e-02,2.177941050078280039e-01,-4.782544787543388520e-02,1.103805410334557646e-01,-1.182457740778646016e-01,-1.799170179835460626e-01,-3.915949777653827263e-02,7.252710883321536461e-02,-1.324382027389679924e-02,4.314106115845992712e-02,-4.417301601691389634e-02,3.215009797251328766e-02,-3.452624140705810168e-02,-1.166700346607553278e-02,-1.164679182350417640e-02,4.259799247835703573e-02,-3.064479182991996023e-02,-1.986650679412716447e-01,-2.008273996254926475e-02,-1.284852037834686433e-01,-4.648883207390102495e-02,-2.345442956687832092e-02,7.277632916234669236e-02,-8.197118666879220361e-02,1.179227462861134057e-01,-2.736212181542601110e-02,-6.345318435248090139e-02,-2.628604450117353469e-02,6.674737474552233651e-02,9.368225896380120987e-02,6.292700181568079698e-02,-1.758973167271598442e-02,-1.457269097015625736e-01,1.119835172633052850e-01
8.448619005373393664e-02,1.713994819110114531e-01,-1.750778977656791413e-01,1.739439833236365029e-01,4.287660050423883762e-01,-3.636415659130606826e-01,-4.409638240465509063e-02,2.083869199771016048e-02,-6.461658459638074115e-02,-5.425422430007202645e-02,1.230727838448768818e-01,1.805717514039453797e-02,-6.130537267126736495e-02,-7.007369468806309842e-02,-1.567157500061368974e-02,-1.740835233382673763e-01,-1.084426952899164853e-01,-7.716471956369769236e-02,-1.212393222568718294e-02,-1.171134058942899098e-01,-9.320294227944325716e-02,8.047268200016256812e-03,-1.651944925160347688e-01,5.643306632796376426e-02,1.486707112221729854e-01,1.076307109100400616e-01,1.119065581234365281e-01,5.996304854302017193e-03,3.406561532523431080e-01,-9.327139098913557469e-02,1.280733312945539770e-01,4.044405851393846618e-02,-1.815990860182976896e-01,6.504157363576462680e-02,-6.021219749166088070e-02,-2.312520611398815457e-02,-1.220913471374070886e-01,2.316310209693865363e-01,-1.305478333799442274e-02,1.832431512172158494e-01,8.701808379862700782e-02,1.020298096999111420e-01,1.946846521864341317e-02,7.017664248552543671e-02,-1.274940914633513889e-01,-1.062940461011383231e-01,5.254756623762543710e-02,-1.544918113583101105e-01,-3.707498379468273514e-02,-4.177405416473264324e-04,7.895282229419618714e-02,3.621719798170083826e-02,-1.465465121071830024e-01,1.207127890763661365e-01
1.296935574907469302e-01,4.524431013178345506e-02,-4.675151842208896810e-04,1.343291473473481046e-01,2.924795934972416189e-01,1.006211287552418315e-01,-8.585246665337262217e-02,4.586463209493658877e-02,-2.555962179508932119e-01,-1.320067537264661139e-01,2.334627924599257109e-02,-2.866167163828507725e-02,-1.982234675207356633e-01,-4.296152774799242430e-02,-1.253438578286894534e-01,1.617429606298518840e-01,-1.440370513742153247e-01,-1.619511561750386136e-03,-5.660590144252703598e-03,1.806556470599233744e-01,4.117831661582703751e-01,2.328328294854647637e-02,1.820119184455070982e-01,7.030555314347032743e-03,4.278270017408183218e-02,-1.319450825345507561e-01,-2.351101701138466962e-02,-7.016877917742952997e-02,-8.649342529520204215e-02,-1.074223497163511176e-01,-8.658873672162824275e-02,-3.038440306552604372e-02,1.659301381592683811e-01,3.503625619145670639e-02,6.310390178287587915e-02,-1.883900442338231063e-01,2.431884927296672216e-01,-8.741328956571080278e-02,-9.372222795383515492e-02,-2.147265087014948448e-01,2.985826053105352651e-01,2.024547995887546192e-01,2.599302268004579849e-02,-6.649046975828572237e-02,-7.643644974442351248e-02,-3.491257078794780117e-02,5.086956207604260982e-02,1.660311389622118675e-02,-1.154752888227165465e-02,1.849250453979508352e-02,-1.034276047905054174e-01,-3.414096851598737853e-02,-1.473661145128055405e-01,1.294420608894286950e-01
9.195672775620845896e-02,8.490574557473177728e-03,4.001217783990342058e-02,8.390189659725860727e-02,2.028479169833360962e-01,1.480972120984490326e-01,-6.879450814496003430e-02,1.145843536962403986e-01,-2.663660468754303068e-01,1.021030994891336530e-01,2.536620407008413798e-03,2.432104039066521062e-02,-2.109748595285663719e-01,-2.935023603842721457e-02,2.737936589320765293e-02,1.066390558457808307e-01,5.107192981203714094e-02,-1.410547364566533124e-01,-1.183405559044616862e-01,-4.796862800118065207e-02,9.447228485365749551e-02,6.656231799881950906e-02,-1.386551651623174064e-01,-1.316115139166527392e-01,-6.424253248302126684e-02,1.264935474574561264e-02,1.754727518582159182e-02,-3.941300257451282180e-02,-2.631203429306708252e-01,2.527003794097026357e-01,-4.222938759442711881e-02,2.792525032389733819e-02,-3.415760419347455001e-01,-2.868286149081477610e-01,5.268198598730936683e-02,1.882658714949002610e-01,-1.523011797873482787e-01,-1.818386059670443894e-02,-2.147529000917080405e-02,-1.116714073464772222e-01,-2.761382573722427902e-01,-1.252191211312248531e-01,-6.165563795232682082e-02,1.120827055127769090e-01,7.491816911381318778e-02,-1.177294997374275232e-01,7.391006199143297433e-04,1.309942290454018388e-01,-5.850824476804813296e-02,3.916835553526017144e-02,2.674858788294912082e-01,4.079336697213499854e-03,-1.481857169184299938e-01,1.381713327024944593e-01
2.932449518538371436e-02,-2.863221428977037394e-02,1.204342199488668379e-03,7.209926494607640790e-02,1.015412362860672324e-01,7.332546000198877922e-02,9.291725456597339783e-02,2.876639460405390827e-02,-2.828327730886130986e-01,1.771974231143760570e-01,-1.354108509863502785e-01,7.747399129377727798e-04,2.690607732884877507e-02,1.859542768021699710e-01,-2.037602030832339189e-04,-1.399769028530723214e-01,9.590239457728508277e-03,-8.683187708040737696e-02,-4.391285478397038283e-02,-8.034739170296874289e-02,3.261273698778971442e-02,1.823161247205320745e-01,-2.996330818855550415e-01,1.696742610921128103e-01,-2.109155113527816719e-02,1.745328896033441768e-01,2.074384864153154193e-02,-2.519169203441850788e-02,-1.149433436296453531e-01,9.699498915110839337e-02,2.967344677895118743e-02,-1.687049454584368668e-01,1.681640464867020235e-01,2.555321900836896032e-01,5.034823743279507463e-02,3.627638976627064332e-02,4.713145238651177127e-02,-1.823502396715047658e-01,1.273666459041856436e-01,1.938517157659515600e-01,-3.854815799351285401e-03,-7.060524481876553904e-02,-1.017637860682934908e-01,-1.930755368416017803e-01,2.090633068567750164e-01,3.270628380171011762e-01,-3.941195299809969153e-03,-2.125836761412313314e-01,1.808293835952565487e-01,4.517697705277452791e-02,-1.405424667789030579e-01,3.923404757341272808e-02,-1.490053193240511442e-01,1.469006045155561990e-01
-1.815861480160206043e-01,-2.073721664941390874e-01,7.624059128320447888e-03,-5.142746343354149402e-02,1.260608669540372873e-01,5.445213193928847423e-02,7.848928200255843313e-02,-1.380412921142327998e-01,-2.052566869215712575e-01,1.200227045020479666e-01,6.314046747488290257e-02,1.422271214234468450e-01,1.055331590035197831e-01,5.615340402250144219e-02,-1.129249917596477151e-02,1.098808622344979585e-01,2.933769124616659729e-01,-2.730347099861554425e-02,1.933585616678882013e-01,-2.722295123105757386e-01,8.295239235663902366e-02,-1.496235565886921692e-01,1.703329942436455913e-01,2.044221237364029185e-03,1.585518169880427153e-01,-2.274137701736847830e-02,-3.653169570446879177e-02,-1.893364917203169129e-01,3.908005588563751020e-02,-1.485447408446345131e-02,-1.510081709860109922e-01,1.075751216719312946e-02,1.212577341738303865e-01,2.588999703248866593e-02,-7.808267964704741250e-03,1.728797050277229297e-01,-1.694366939270629813e-01,2.004549726369939389e-01,1.565351805131432184e-01,-5.163388109274374971e-02,8.769176995076453929e-02,-1.573915024166737675e-01,3.835070137738455509e-02,2.204433026227476111e-01,-2.401553877280297455e-01,5.289057654986447504e-02,-1.715111075254416029e-01,7.423748695896286755e-03,-2.702279251240469193e-02,-1.049923092104506767e-01,-2.188905861961275012e-01,-1.025484095554472369e-01,-1.498249217296727387e-01,1.556298763286194931e-01
-7.645060911196667995e-03,-7.707226178526259408e-02,-2.158335782784571305e-02,-1.624916132498450960e-01,6.424788953399039604e-02,-1.198108362623757778e-01,2.082783337303173443e-01,-2.154201975135469072e-01,-1.940259944157099736e-01,8.339567698788029337e-02,6.667972950362723028e-02,-1.288895939360404919e-01,1.198949950893409139e-01,-6.541872162293338455e-02,1.258296197224891000e-01,-1.382637333528589085e-01,8.268170054030098137e-02,3.852401122367432595e-02,-1.273403157209209990e-01,-1.667732252137538729e-01,-4.173157720049417568e-02,-6.972052391221919554e-02,-5.694678545988539342e-02,-2.515362641674279143e-01,-1.944176475067329046e-01,-7.229002101185386109e-02,-1.442142541750031925e-01,2.383042325399405970e-01,-7.307416301057653371e-03,-1.247155790418896931e-01,-4.817235643392114852e-02,3.983836936226154563e-02,2.712512260182456392e-01,1.422124787190017503e-01,1.382470948077129391e-01,-5.386471444393518826e-02,5.874339854288216506e-02,1.287666996535939690e-01,-1.477581741779740165e-01,-7.816341133673458674e-03,8.398672666819233246e-02,7.068579185649116747e-02,1.795958705218560908e-02,-3.021430944551749612e-02,2.736358532456171777e-01,-1.373152121092478251e-01,2.160171066534344320e-02,2.964186030990942911e-01,-7.311019816063185628e-02,-4.231764827678182773e-03,2.593354593075796188e-01,6.076674537676490101e-02,-1.506445241352959707e-01,1.643591481416817324e-01
-3.445486234059678965e-02,-1.138554952844128831e-01,-5.949608495247098866e-02,-1.603288973594936273e-01,-7.076686076706883988e-02,-2.728743704258530106e-02,-2.676675938094837809e-02,-1.110481280646487129e-01,-1.803566932266543188e-01,1.905546464844590504e-01,1.685854749559407006e-01,-1.714384436136999756e-01,-6.241445972504347517e-02,-9.517827531521716455e-02,-1.941465367383930427e-02,-1.051509360773325297e-01,-1.235995701694994064e-01,3.950273352277465233e-01,-7.318943357232524441e-03,1.456512121223864364e-02,-8.686606854587244214e-03,-1.216778288856091989e-01,3.488453053155126521e-02,-1.101341402977897288e-01,-9.642298461229295570e-02,-1.046255422707714905e-01,-1.592752770245961236e-01,-2.864265658318520397e-02,2.298342463079279183e-02,1.239253523350386937e-01,1.140784115739884585e-01,-1.364450186327597347e-01,-7.806606111482934651e-02,-1.333587587314407352e-01,-1.928835684235912507e-01,-1.779193869332401645e-01,2.072788851777332131e-01,-7.809118474075989191e-02,7.652573384288040292e-02,1.062045043780944775e-01,-2.965581404055524506e-01,1.095356721198628182e-02,9.527222578875772785e-02,-5.260072456043652506e-02,-3.343768815424107421e-01,9.957491969496320983e-02,1.057533151834047086e-01,-2.134831750133291128e-01,-3.385560799192609271e-02,-4.127639121033903347e-02,-5.086555777033876027e-03,7.270842409790212457e-02,-1.514641265409186754e-01,1.730884199547459701e-01
1.106191389797832186e-01,-3.362187816133024865e-02,-7.796298422143935203e-02,1.609388815384809115e-02,-1.134668495863386528e-01,-7.859950838267897033e-02,6.817985511852974433e-03,-2.493664557718122954e-01,-2.678505441302757306e-02,2.474047856231484377e-01,-5.805518061036901711e-02,2.434372634466522300e-02,2.979057684669905032e-02,2.246510436131689825e-01,9.308746028915858284e-02,-1.234189909292632975e-01,-2.255792933055161820e-01,1.620305584185685252e-02,3.349361387323848693e-03,2.129792289337497646e-01,-7.857415189685027640e-03,3.982686114201106076e-02,3.267945402711319725e-01,2.514875906180575466e-02,1.017521039484446804e-01,9.743077585104664706e-02,-6.001809758014549356e-02,4.099066870104856042e-02,1.183250821323881125e-01,8.940213181675041310e-02,1.732624419682294581e-01,9.935622015096393089e-02,1.198662059866641020e-03,-2.020743953383732916e-01,7.476425709766812422e-02,9.397487703072025800e-02,-2.936462851184338807e-01,-1.587343531957788045e-01,-3.622323076884162441e-01,-8.383601718018979243e-02,1.028363662761166142e-01,-1.035856710214698440e-01,-9.097167934579167281e-03,4.797770227482475031e-02,1.509646131528182000e-01,-7.070989337402103225e-02,6.369040104888766540e-02,-9.975837204217861964e-02,8.365405526963970440e-02,-1.709893667563458855e-02,-1.469536549281684479e-01,-1.241358923580952595e-01,-1.522837289465421295e-01,1.818176917678091531e-01
-5.250723245870667077e-02,-2.127464086574188395e-01,-5.422021333281164777e-03,7.249903125777527879e-02,-1.944318594740193362e-01,-8.846506453710699077e-04,-4.219676478250932589e-02,-1.516404355872291443e-01,-1.019534655214364705e-01,1.251994501456060900e-02,1.036262852093653986e-01,-1.805424709461911636e-01,5.113145696671204943e-02,2.123867802565392385e-02,-4.607553955112096700e-02,1.275754428188890233e-01,-1.561154260652761749e-01,-3.774092223339793606e-02,7.445219170647264517e-02,8.241314198719157380e-02,-1.856979001481759706e-01,6.227007204516830235e-02,7.541298618875914850e-02,-8.202419194808949210e-02,9.649453869381720283e-02,5.719660410595421053e-03,5.885396190460099319e-01,9.195740768868625181e-02,-8.921582098133028216e-02,-2.113895563229427899e-01,5.501120113976481346e-02,6.031506719275428474e-02,-1.724121862673323458e-01,-1.079370398638807710e-02,1.031342436886934222e-01,-8.838971878799328774e-02,2.146449998153424771e-02,-8.343299079118680558e-03,2.490731075125188210e-01,5.862937239824098437e-03,7.277152523079133406e-02,4.367933480559294673e-03,-1.598975539793819345e-01,-1.490682755424029560e-01,-7.343071658936584090e-02,1.420984108121787701e-02,-1.715040778532679056e-01,1.538160302934957480e-01,8.134906432861215009e-02,8.679163762322225639e-02,6.855685068454615838e-02,3.314865863852579919e-02,-1.531033313521634742e-01,1.905469635808708651e-01
1.952840353104174642e-01,-9.176254779246405258e-02,-3.969626598614952456e-02,-2.728138464786220019e-02,-1.381021705422669499e-01,-7.677637259767282341e-02,-1.133710913304676951e-02,-1.611201230173240906e-01,3.596948847259039822e-02,-8.510014571447600817e-02,7.860046199341808038e-02,2.613992013517993721e-02,1.862490707883403956e-02,1.643543200480840072e-01,-3.069379226812048514e-02,3.037341409632236117e-02,6.192933031683040684e-02,-1.183555038393513947e-01,2.819664051726568643e-01,2.103810218462617843e-01,-1.071405686384371558e-01,-1.296863980205942846e-01,-1.792001041468811173e-01,2.434259780797144723e-01,2.023280491647211701e-02,-1.424338668775194106e-01,-1.294135994724426586e-01,-2.416460096944694491e-01,-1.079940095236309183e-02,3.298209343339855715e-02,9.908547114632276082e-03,-1.199063419754743537e-01,-2.205044154470361395e-01,9.292107502217550330e-02,-2.977331122139260655e-01,1.115879306927618220e-01,2.251066908159018165e-01,9.845467745828175368e-03,6.674829565525271236e-02,-5.056968207026711626e-02,1.083830759074673744e-01,3.085385053328189298e-02,3.496248045985713565e-02,1.133238531089770934e-01,2.708129940442060568e-01,-5.857692281403225482e-02,1.494002703429946621e-01,1.995208512262155454e-01,-1.147421557751449744e-01,-9.617310928962354011e-02,1.109982733821303531e-02,1.456203688312696642e-01,-1.539229337577897316e-01,1.992762353939382114e-01
1.528562802422251399e-01,-1.351964972480692861e-01,9.607225746642647501e-02,1.651496056327467765e-01,-1.267139673548988432e-01,3.560835798571567595e-02,4.055065729808875197e-02,-6.972816594671052415e-02,1.686194848704477001e-01,2.203561662198589774e-02,-1.634719629581946054e-01,1.160447268980874247e-01,-9.418602863129130198e-02,-2.892568870450881041e-02,7.770841021263558135e-02,1.084539023900225052e-01,-2.448953172685526536e-02,-1.891399590477682024e-01,-1.538256140103314851e-01,1.957088232776819925e-01,1.416872103430440177e-01,3.433988936968541961e-02,-6.322870920174301912e-02,1.060556789266379335e-01,-2.711125173349630546e-01,-2.231293443168365365e-01,-1.236532681319461313e-01,1.528483663444751561e-01,1.265104476134455702e-01,-1.573483569881542199e-01,3.527886622251760057e-02,1.444840661365928980e-01,5.535558004453686176e-02,2.230228448251203588e-02,-1.194876803486623756e-01,1.737410312472217151e-03,5.039797700117697871e-02,3.485235258467633268e-01,2.199673309260942455e-02,6.582267490970386548e-02,-1.116809159498631937e-01,-1.599445926143291674e-01,8.493604071386388205e-03,-3.673748293457745895e-02,-9.145761880228643614e-02,1.269361457931503234e-01,-2.527435265097267569e-01,-2.122322086128271001e-01,-5.148136369585345345e-02,1.070888422596321665e-01,1.112655542036655038e-01,-1.873034609938488693e-01,-1.547425361634083285e-01,2.080055072069975919e-01
3.302484544538793025e-03,-2.093999256377457596e-01,9.623636424014889168e-02,1.087429566220434046e-01,-1.547768295976836572e-01,7.288976673253805966e-03,1.078253145478061670e-01,9.646552503406349843e-02,1.328436600808907131e-01,4.954830934710997836e-02,-2.158784843036571643e-01,9.027908704837393772e-02,2.231982666148615499e-02,-6.091926684383823509e-02,-1.707798775235764288e-01,-1.556329721820531309e-01,2.173618404398926229e-01,-1.298224711157427991e-01,9.496321565998042113e-02,-9.947343639036869412e-02,1.688188985107707402e-02,-2.918731183470468782e-02,-7.219064496098287487e-02,1.129219297492059654e-01,-1.668617519544874916e-01,1.698911878286810118e-02,4.519196748022824561e-02,-3.365124637136878132e-03,6.087991525697949297e-02,-7.778359960321791500e-02,-1.243722943037429002e-01,6.081581375134484380e-02,5.494887523655501288e-03,-1.445392128395487363e-01,2.275907740098803700e-01,5.646886835332613069e-02,-7.675735304166862727e-02,-1.879599339426595572e-01,-5.875821974561860200e-02,1.102056369999769060e-02,-7.310245680166689575e-02,4.089505549296983955e-01,-4.043875591434194922e-02,-1.515044133310828878e-01,-2.252911941805859630e-01,-2.491274257416601912e-01,2.362128430343386210e-01,-1.049070657702458192e-01,-7.190652740489705819e-02,-9.007101180948791364e-02,-4.583273076649575783e-02,1.388457944444637382e-01,-1.555621385690319769e-01,2.167347790200606639e-01
3.061485458284469718e-01,-5.586102182690027423e-02,4.915970722177034208e-02,7.251439140263167549e-02,-9.175720284434410456e-02,-2.349314143064053229e-01,4.711065119316282940e-02,2.851115473356597985e-01,1.033510650270802328e-01,-1.840156361100545590e-01,-1.103062789931375104e-01,1.434157932309912398e-01,7.710745648846978936e-04,-2.177489024464063574e-02,2.212464219883218675e-02,-6.325874366826807205e-02,5.294443519991650499e-02,2.517296380024020563e-01,-1.771922142120311294e-01,-3.095703686685323808e-01,-6.414369003024078530e-02,-6.835786927663173307e-02,1.491211671037782349e-01,1.081161991547871654e-01,1.487285482302631301e-01,2.333540240191303572e-01,4.785675355958756566e-02,1.710953374690175055e-01,-1.409767093983541886e-01,-5.062131138932207675e-02,-3.174663898554080932e-02,-1.103439044830171051e-01,7.532987263532316125e-02,-2.006720725239052872e-01,-2.004153766865270359e-01,-7.958727810283001969e-02,1.379260472576797902e-01,-3.525901723863055642e-02,9.286922492367676030e-02,-1.711325036584585568e-01,-7.077888401112772399e-03,-9.352872595680590539e-02,4.820549816584512870e-02,4.581799119643265722e-02,1.038909677772693191e-01,3.476063332773599024e-02,-5.131559692407904744e-02,9.661210557850317959e-02,7.708792284798636485e-02,-4.284040094819363542e-02,-2.829176214530868330e-02,-1.475094557526901995e-01,-1.563817409746523501e-01,2.254640508331233195e-01
2.021820713305877981e-01,-1.856013549023149689e-01,1.741964600607751879e-01,5.598950173573977174e-02,-1.565726339241494125e-01,9.968665507320137453e-02,-7.423895008942947571e-02,1.810100211986066243e-01,1.350422644891303425e-01,-2.436996514622251642e-01,1.397281313793062030e-01,-2.675170262710126895e-02,4.500763603924443079e-03,-2.740322815372642218e-01,-2.548421922899826719e-02,4.934528167018081835e-02,-5.757124636676747009e-02,2.326314569330895435e-02,5.422869678743719168e-02,3.901757796750497664e-02,-9.635227077883737334e-02,1.042574769591219641e-01,1.413715278106957235e-03,-3.438905387422615534e-01,1.933770725804938861e-01,4.865551356967176555e-02,-1.624706668000740206e-01,-1.414678319338229517e-01,5.071837448257540681e-02,2.965704086337713208e-01,2.042220761619626714e-03,6.487165419894855289e-02,4.375141206199628652e-02,3.188348949514698272e-01,1.552281130893452543e-01,-3.400702181694405940e-02,-1.664379139450552769e-01,-9.858174411959710198e-03,-1.045535265451487533e-01,1.994013381937741747e-01,6.552104379419067259e-02,-3.976266139919771431e-02,1.982277076474963512e-02,7.489714393786758850e-02,-1.546966054849302843e-02,9.123505161194696289e-02,1.182011292311027292e-02,1.616198821832504073e-02,-3.119481134284751624e-03,9.695365291571375610e-02,-3.703638015051827215e-02,6.138531353103580251e-02,-1.572013433802749161e-01,2.341933226461871409e-01
