9.806746612615734049e-02,1.360229263639275710e-01,2.895344611518284594e-01,1.658739449344016903e-01,-2.034387004949510525e-01,-1.092231835872914392e-02,-9.974911737549675694e-02,-3.748165749453855056e-01,7.652456320576643545e-02,1.155328306480764844e-01,2.850099687123078818e-01,1.376781378165373507e-02,-4.774062376343433250e-02,-1.194803364006840479e-01,2.201725059452397937e-01,-2.761523401283078605e-01,4.975570660787116684e-02,1.073745928442581795e-03,2.559707212128989762e-03,-1.098048914421325128e-01,-1.508262748643510454e-01,-1.934469030829882863e-01,1.570964656427495942e-01,-1.123454624538211544e-01,-1.163981957789938515e-01,-5.190298802257587579e-02,-4.059440514474434158e-02,-1.441470679893223639e-01,-5.161766427378591121e-02,1.568417872907762189e-01,-2.749142872403336976e-02,-1.053506709419769066e-01,-4.090461336441579554e-03,-3.438258962395920881e-02,-2.691805331166341464e-01,-4.053914090065361547e-02,4.986769784462410926e-02,7.623589019450770221e-02,-6.844454927442691905e-02,-5.612081102343958322e-02,2.482141868660258516e-02,-2.439336535258228300e-02,3.150412299217850848e-02,1.473539878016792148e-01,-4.696541535235184556e-02,4.562282037049076450e-02,7.919767382974875203e-03,-3.183360360000015571e-02,1.301698660597303547e-01,-4.066247702536577441e-02,1.415372290929216570e-01,7.403395435201130803e-02,-2.353320693370072603e-01,-1.697918119965835804e-01
9.787820176319747545e-02,1.534381368591815897e-01,2.252017892937113186e-01,9.138431330204779823e-02,6.922548925610001735e-02,-8.699687265168308536e-02,-1.535681052121397605e-01,-3.741167020665159271e-01,-4.191262532678783487e-02,1.515687453565832676e-01,-1.599416513925060734e-01,1.024968369603103668e-01,-1.328886639503761014e-01,-3.845309220317631206e-03,-3.605540916156217690e-02,1.333093017818304804e-01,1.083844683252593866e-02,1.238030026800674838e-01,-4.251754551844339619e-02,1.612378195540885018e-01,2.689523392945730035e-02,2.982008114193439585e-01,-1.712762597376109308e-01,2.104340955978414307e-01,-2.467343859138436749e-02,-2.471354578765201093e-01,5.658403197466597978e-03,1.552114673145714996e-01,-1.068850784571430401e-01,1.218469593697120608e-02,-1.176027993384664433e-01,2.527550440882819216e-01,6.767930640317304514e-02,2.641563637703409420e-02,2.258598445674193100e-01,-1.439699404764505086e-01,5.432452816096341314e-02,-7.588111167132918777e-02,8.198078780608766825e-02,5.921527693706222367e-02,-1.393253816994237393e-01,-5.048244400720933167e-02,7.937533106648113346e-02,-1.000123157738847385e-01,1.707663041577570096e-01,6.697653431641291399e-02,7.758361216855460749e-03,5.475165811676723643e-02,1.267726037617505387e-02,5.334162410259749021e-02,-4.596526861495240507e-02,-9.272705451103413488e-02,-2.266047414336265498e-01,-1.684596491289584719e-01
1.448285275725273158e-01,8.049042689556382135e-02,2.691959175450963637e-01,4.794353096275879439e-02,8.845300880071908789e-02,-1.402459679822549155e-01,-2.695262977236033766e-02,-8.465354401723243494e-02,1.410544645351237067e-02,1.541973578029589287e-01,-8.620477717218549829e-03,-2.806642329130550756e-02,-8.130100111112079087e-03,1.298477442628624134e-01,3.248531669217184087e-02,5.313475200651046615e-02,1.082591894273158273e-01,-1.098529405285833017e-02,-3.903525944931132002e-02,3.207820065263009696e-02,1.509389936679829125e-01,-1.860786124512317508e-01,2.797721597922038159e-02,1.380001191685234323e-02,4.807948706953422968e-02,3.305133674392856102e-01,1.816711972150346008e-02,9.677066322013766486e-02,1.777780834589992309e-01,-3.051266604788565595e-01,2.359726348709765831e-01,8.059787143962361677e-02,-5.857923879256297928e-02,1.432952246769719495e-01,-2.030602808416916150e-02,2.398498129829504111e-01,-1.544930285661944569e-01,7.308477013595290894e-02,1.959650625700369228e-02,1.165947082483015790e-01,1.956885351663968653e-01,1.650549593304806092e-02,-2.021663090586234002e-01,-1.744209808847617393e-01,-6.059172861762110451e-02,-8.849193354136387912e-02,1.248612170566494248e-02,-6.373191209344650221e-02,-2.572554699030927261e-01,-1.331256818347805460e-01,-1.906173588700660337e-01,2.563427323797567992e-02,-2.178774135302479209e-01,-1.671274862613345569e-01
1.684898217227695227e-01,1.241134529269096592e-01,2.309727524936376897e-01,7.298858945471542459e-02,1.500011784995760877e-01,-6.800047878827251979e-02,4.479849819610047523e-02,1.979811045430369121e-01,1.218611219680544727e-01,-3.212306152400425802e-02,-3.472801515459714716e-01,-1.031017627760769800e-01,1.122104094384646367e-01,1.646041897628771622e-01,4.681936281702224478e-02,2.676589046795650462e-01,-1.237766231877897860e-01,-1.763633786614406118e-02,-6.413455249014538007e-02,-3.690838324363236722e-02,2.653432043117474881e-02,5.939799944725770997e-02,8.550751521896578222e-02,8.641592278923880543e-02,1.285796236058816926e-02,1.082281154624067654e-01,-7.146174799083233886e-02,2.824309430112069419e-02,1.892046184803002906e-01,1.413216763106181495e-01,-1.683702883008162399e-01,-4.146106782838677729e-01,-1.549695272409677693e-02,-1.120289139371481585e-01,-1.031627544209853531e-01,5.881125456725856682e-02,1.333682669733256554e-01,7.647819784097301555e-04,3.023104037889638458e-03,-5.274310899442338080e-02,-1.020144614619037382e-01,1.072030484243848523e-02,1.838920924841781213e-01,1.579982502108845943e-01,-7.334172418591017317e-02,-5.894249696366052338e-02,-7.692328857731342562e-02,-1.267927060831020372e-02,8.068275907646759587e-03,2.220473846617314062e-01,8.280580990282045140e-02,7.808511687199506945e-02,-2.091500856268639907e-01,-1.657953233937078108e-01
2.223252749977392417e-01,3.774763695235418964e-02,1.250405633885304790e-01,1.750201795036396626e-02,1.172487579362040122e-01,-5.728189816997365097e-02,4.710565540364121395e-02,1.994376813904180645e-01,-3.622965902065474093e-03,-1.288884435780978110e-01,2.656399286309380284e-02,-1.892477234469606973e-01,-1.086883518123819316e-02,1.490116956902925484e-02,-6.550668455691095737e-02,4.684042967891751535e-02,-2.962390717685058419e-02,-1.472423801093044882e-01,1.295897983042428314e-01,1.271839674266417586e-01,-1.873761015202391467e-01,-2.989079378377338531e-02,-1.939801916975094076e-01,-2.746535030859719173e-01,7.470678809760004924e-02,-9.040428704100746116e-04,-1.768051304076501407e-01,-2.260780126435941173e-01,-1.491727337562067934e-01,6.363310535312682870e-02,2.118134772097538809e-01,1.107462737695409510e-01,-1.115144385676595249e-03,8.603678873790464310e-02,2.937217099683320232e-01,-5.525522207522585300e-02,-1.632905999369069772e-01,-1.152627755215204497e-01,-1.018338282407403317e-01,-3.296097808967197729e-01,1.194080323737035654e-01,1.064736073524345239e-01,6.042378014794182878e-02,6.681722840781322004e-02,8.844961334970100064e-02,-2.011626010009966506e-02,2.339140611960689124e-03,1.718779626335709687e-01,8.552177956643011725e-02,-1.453228551585731831e-01,1.381676063094044726e-01,-8.013221927667882327e-02,-2.004227577234830582e-01,-1.644631605260823415e-01
9.545193960139584932e-02,2.272235727062830446e-01,1.914325912500573768e-02,7.793534955584613400e-02,9.610719108494258922e-02,4.587323814167421770e-02,-2.019407195980168004e-02,2.824761327549014656e-01,-1.194186215315014565e-01,-1.759070083029461717e-01,8.822010162017544788e-02,-2.763670994035713480e-01,1.432199935893411005e-02,2.807966185152703867e-02,-7.049315480326058536e-02,-4.657403203615719661e-02,-1.740456029187920778e-02,3.060761954827616663e-02,1.114141720408828584e-01,-1.864213174877938917e-01,1.924897630475592633e-02,-1.324481028060737198e-01,2.852364146707335544e-03,-1.412259484290324940e-01,-1.077987940954513446e-01,-2.452507018504077319e-01,2.773975352166033748e-01,-2.871663119348858047e-03,-4.413414217846632626e-02,-1.197507576728434192e-01,-7.104365478568804015e-02,1.112610508692723071e-01,-1.472884821352213325e-01,-1.776084222719115646e-01,-4.062732674299453402e-03,-2.492957062992376405e-01,1.423555230357859136e-01,-1.394676474707615306e-02,1.540440621795158282e-02,2.682163823472931141e-01,-2.389465188042123600e-01,7.279900281088158565e-02,-1.847886130087516010e-01,-7.500617063267984996e-02,-9.740407236756816467e-02,-5.648522125534641281e-03,8.723411955102965132e-02,-1.257475125930375415e-01,1.362724803245330893e-02,-5.491650669069813445e-02,-1.864353879956127114e-01,1.411801060464957548e-02,-1.916954298201029028e-01,-1.631309976584579269e-01
1.928236351894721257e-01,-2.193926466047103549e-02,1.585749976399385489e-02,-1.424565351123534551e-01,6.257068076362410497e-03,1.484407884662984900e-01,2.577943856674982243e-02,1.263602625765742060e-01,-8.624276664779489954e-02,-2.235747929389072242e-01,9.471452753942291580e-02,-8.282255735801524743e-02,-2.160232087394090006e-01,-2.668875222233503819e-01,-8.504844615881862468e-02,-1.321672853016542248e-01,-2.338819738517794455e-01,-2.735848205792372825e-02,-1.693635695547298647e-01,5.674717004955317536e-03,1.766017500786582761e-01,1.954775202588228122e-01,1.297789261513662973e-01,1.698685034306881003e-01,1.090547982991830617e-01,-1.113128361172106007e-01,1.410628003208325154e-02,-3.210416977780990860e-02,-2.256422998131434043e-01,-1.010988401297753005e-02,-1.094719919524784202e-01,-8.017568638915487100e-02,1.847307932099976902e-01,1.392002005047933422e-01,-4.732062168067441288e-02,1.871493607436472695e-01,-1.223800313637325443e-01,7.596294778550186089e-03,1.828005204975965414e-01,7.486729906928168976e-02,2.808459549938351341e-01,-8.560291746056566953e-02,-4.859732920086159459e-03,-1.417198303598876663e-01,-1.950288563533777719e-01,1.818367332991542920e-02,-1.378691622371394643e-01,-1.489685486743764498e-01,4.457173995380932924e-02,8.851064959073012481e-03,9.530016540050414986e-02,2.509616097857261113e-02,-1.829681019167201661e-01,-1.617988347908325408e-01
-1.920365825502007989e-02,1.964232385074261844e-01,-1.409079836151981846e-01,1.907970126832007063e-01,-1.310103459554660434e-02,2.273273443480679779e-01,2.341520422091453862e-02,9.533727518172424586e-02,-1.921357859502189347e-01,-1.333598415469166854e-01,2.690023429642608432e-01,1.328782844446114442e-01,6.455250478518768931e-02,-2.187138887775943452e-01,-1.672744538824968707e-01,-2.092028604176060513e-02,-2.178394842268016954e-02,-1.919639620760648160e-02,-6.974755679913040296e-02,6.647554835692659134e-03,-1.339234240205920967e-01,-3.406630300907032005e-02,-9.346408979201994982e-02,1.204554849212758766e-01,-9.245475265759330735e-03,1.646359973434240176e-01,7.915983503564924528e-02,2.658748073673623535e-01,1.916824579054402788e-01,-4.774453928621458232e-02,-3.228312350155083943e-02,-1.278704377431105210e-01,1.016911788618348883e-01,-2.074073653179054344e-01,-4.805359990862817510e-02,1.053456073543518473e-01,6.293130933720940921e-03,7.927990919621227470e-03,-8.782182740258276388e-02,-8.730771288779914929e-02,3.109796403893284530e-02,-1.587432602836566786e-01,1.173426960053229745e-01,-1.117900046713050585e-02,3.081921247598772284e-01,-1.055610613911473969e-02,1.211197777728849623e-01,2.890110461492044203e-01,-1.630970750063371888e-01,-3.109424555071332169e-02,-8.564279668443390212e-03,-1.371343182852098053e-01,-1.742407740133427030e-01,-1.604666719232071548e-01
4.461382051893913320e-02,4.072059401998945338e-02,-4.261773419743720981e-02,-1.665997887466784400e-01,-1.749150015865742203e-01,1.310929332316018714e-01,2.239704525179981795e-02,-8.489578546244877510e-02,-2.804447226459370612e-01,-1.118176059266936945e-01,-4.169846677431754411e-02,1.832370502156931424e-01,2.004017645004136927e-01,-1.853908521527710129e-01,-1.139968235920874873e-01,-3.543373756869862626e-03,5.610596237715146511e-02,1.476019167065867888e-01,5.862106151685481797e-02,-3.256188786603197993e-02,1.351156917727766305e-01,1.647753298071888764e-02,1.141932558529967501e-01,-7.247074114284991243e-03,3.532874719487059667e-01,2.397325872569994742e-01,-1.021825709566631379e-01,-3.566022896378062690e-02,8.073806288330198644e-02,1.578744190841114559e-01,4.578747457649804536e-02,7.410919004645845354e-02,-1.742790067801208431e-01,1.656799371621677230e-01,1.220045002809769658e-01,-7.026974985192437073e-02,-4.107761286069663148e-02,1.217618010012801316e-01,-2.341138830332073484e-02,-1.321051413264993646e-01,-2.949453597003798277e-01,1.342988808354220187e-01,-4.874959295257555447e-02,1.189964091002695540e-01,6.650138163424395427e-03,1.044131190783898627e-01,8.467238109876264532e-03,-1.862288230259713795e-01,1.318749982807181920e-01,7.803626534647006840e-02,-1.814984288018162140e-01,1.508282835291909763e-01,-1.655134461099592169e-01,-1.591345090555817965e-01
5.762860651944647083e-02,2.407400915864527785e-02,-1.293560315775842406e-01,-2.384083760348571224e-01,-1.529549401160846742e-02,4.355195196369178456e-02,1.627435488467368629e-01,-4.614946206499317277e-02,-1.431013374458670329e-01,3.337817789882302488e-02,-1.893441231118730417e-01,2.402048941986050512e-01,6.429813360240815845e-02,3.612424870518309017e-02,-2.018460895067662464e-01,-8.651083360878504547e-02,1.998787682364572826e-01,2.732134227921213521e-01,2.478424659602572987e-03,-1.804111612491578753e-01,-1.743200403242213259e-01,1.208518083500425139e-01,-8.035036074392702676e-02,-1.626931193267562858e-01,-1.966827793147721271e-01,-1.273529384236158635e-01,-2.175137823314513275e-01,-1.471568509526446633e-01,1.361551188009008928e-01,-2.515853541487804088e-02,1.553031750665473387e-01,-2.840315272080374057e-02,-1.753089969129892345e-02,1.126910773518517879e-02,-1.420587420545682267e-01,-3.773542696692552129e-02,2.057337028991655659e-01,-1.307858216808135410e-01,2.280098959564103855e-01,1.130089066459968178e-01,1.821034712817919399e-01,2.239082390139974024e-02,-7.626239202006376838e-02,-1.458274715195796191e-02,-1.469834525829225580e-01,-1.144296549343548630e-01,-3.358869120730578750e-02,1.594757359674720820e-01,-1.489823367758606742e-01,1.290793921245195208e-02,1.329081492450505386e-01,-2.942695933914270950e-02,-1.567861182065787840e-01,-1.578023461879571321e-01
4.214664798463137879e-02,4.142029963070208848e-02,-1.625325782086346205e-01,-2.231567787311700135e-01,3.660667589179067340e-03,4.110268370889259143e-02,1.557920882186941969e-01,-7.566697292681690348e-03,-1.665662354220976971e-01,3.779503988754967514e-02,-1.497799362512114256e-02,1.162227332495974069e-01,-5.033782584415043282e-02,5.584185799572967124e-01,4.057519739028334071e-02,-1.418975313805725391e-01,-9.418513221626591270e-02,-6.409012021888327477e-03,6.522886484979553701e-02,1.777437563633525175e-01,-7.258121075107705489e-02,-2.862733648413794824e-02,-1.264278405281709164e-02,9.561534240325869627e-02,-1.158648963094145862e-01,1.507616973941073024e-01,2.123791380763578873e-01,-1.532999405845775209e-01,-1.822290990212541706e-01,-8.029726629159937568e-02,-1.598490963751636740e-01,6.553310215654256643e-02,9.214317141842739978e-02,-1.525909743000319549e-02,-2.565150852252602309e-01,-3.112154176878685966e-02,-1.778785658956639482e-01,6.502424513388611882e-02,-7.479027034310162247e-02,-1.258121823366320502e-01,-4.260337165254538677e-02,2.996214483783328150e-02,-2.067277084791199759e-02,7.749777092514917830e-03,1.694441002455678580e-01,1.610379499511583878e-01,-2.284387761673634804e-02,-1.170521103510990396e-01,-7.192282835768923181e-03,1.353407863838599900e-01,4.261032106130156760e-02,-1.284172868768416742e-01,-1.480587903031974351e-01,-1.564701833203301362e-01
-6.690449166356484366e-03,2.274635176402017150e-02,-1.131053720082682706e-01,-7.089821846277938322e-02,-9.655719751094463121e-02,7.286823794616113792e-02,1.432624011946831977e-01,5.670181480545274932e-02,4.572928168932665488e-02,1.467489164169264448e-01,-4.107223663467989699e-02,1.999780681653095527e-01,-3.971893339810970980e-02,1.044569144961653845e-01,-6.834830091289166576e-02,4.212925312423027729e-02,2.699736613853247480e-01,-3.580196230741543584e-01,7.821473172447802880e-02,2.136422225479226670e-03,2.500063380513084521e-02,-6.888209634728867381e-02,-1.308069394056136057e-02,2.664990809694608442e-01,-1.100988244626185941e-01,-4.886802639467913850e-02,1.000946374203404432e-01,-2.722678538413090057e-02,-1.016205734693008816e-01,1.579464553668608884e-01,-3.172174649577739342e-02,-6.414683482608114773e-02,-1.733379503680670397e-01,-2.129922011669986223e-02,2.526613803908847045e-01,1.008118091168892921e-01,-1.253141225563917868e-02,9.652707016169599641e-02,-8.996880584770793055e-02,1.942045692614481900e-01,1.345660265032318781e-01,-1.655757194075898331e-01,7.811070619972977636e-02,7.985954048678586825e-02,-1.493477085638803270e-01,-2.225807896986790047e-01,1.558091801781718022e-01,6.789810760354657304e-02,3.347607780225710372e-01,-1.531525088092467179e-01,-1.007767691688907646e-01,9.253163280063653184e-02,-1.393314623998170299e-01,-1.551380204527064988e-01
1.093814335916137165e-01,-2.335923118699438084e-01,-1.141684724630070112e-02,-6.422759543598287324e-02,-8.290205317268972696e-02,9.534369832252692981e-03,2.025365127443171653e-01,1.674437095806889375e-01,2.057127598616442510e-01,9.875102162588889065e-02,2.578365754094935278e-02,1.303854244451723710e-01,-3.250276046145910563e-02,-1.101342885528233811e-01,1.834030575883729697e-01,2.094881540611995274e-02,7.817494877996959690e-02,-2.104893835833129001e-01,1.890187418373216396e-02,-1.922333305470940445e-01,-1.146726683387986646e-02,5.051092586050594246e-02,1.131331385048609667e-01,-2.899762425166690916e-02,-3.843226003481529235e-02,-1.184727088588435340e-01,2.159621786156124684e-02,9.562570943423075176e-02,3.985732573098203779e-02,4.064986175253301054e-02,3.321457719672951114e-01,2.055095651990256900e-01,-1.785797665773873263e-02,-1.638896676760940863e-01,2.330861765994704515e-02,1.469974878885609015e-01,2.065105154282825470e-02,1.173348455952172575e-01,-1.278406499938493715e-02,3.810662644473841038e-02,-2.492200335727274563e-01,5.903104108727280641e-02,2.324715277733384600e-01,-2.498102909209318490e-01,7.625503713875741996e-02,2.488245420322056090e-01,-9.531267021849061660e-02,-1.031299980699094399e-01,-1.296113050238526521e-01,1.769907379150926774e-01,1.320545935730395026e-01,-1.283907440224282270e-01,-1.306041344964373463e-01,-1.538058575850820564e-01
1.285210386642486324e-01,-1.782013629206881666e-01,-2.041172723536407718e-01,2.158824873021835886e-02,8.855671410250215425e-02,-6.340480541089350830e-02,1.694899742124539033e-01,5.548502119260695364e-02,1.135939998682437557e-01,1.438593050633134307e-01,9.800684572413291551e-02,1.522561858273513979e-01,2.691972044934147143e-02,-4.029254605395340277e-02,1.491396019008739415e-01,1.534693384845592923e-01,-6.681711518482968959e-02,-1.279539756483510649e-01,7.110864695323625660e-03,-4.136882503094578556e-02,7.367455815735785007e-02,4.365454907459839079e-02,1.024673177116279810e-01,-9.375777229304639582e-02,-7.243173834312313653e-02,-1.429829059642906131e-01,-1.852169457516316953e-01,1.571895901414172014e-01,-5.983234488293865880e-03,-7.155038333548106866e-02,-1.951395662000569575e-01,-2.956706101383729801e-02,1.429491749619194729e-01,4.110200368872676119e-02,-3.848543229891942391e-02,-1.422234191399388559e-01,-5.197780711641779294e-02,-1.752018397147001028e-01,-1.267235241329993118e-03,-8.369550518548546370e-02,-9.107229691967215837e-03,-9.135113465113853248e-02,-3.224768757523966967e-01,2.099038044946341941e-01,1.481372650683352443e-01,1.916249904857913744e-01,-1.011167544492382053e-01,6.925673339270657647e-02,-9.613700344048267676e-02,-2.057640875249099055e-01,-1.925257167531922997e-01,3.713521456692498446e-01,-1.218768065930551370e-01,-1.524736947174565038e-01
-7.126603518099883239e-02,1.443939557014032593e-01,-2.693222998374730781e-01,1.243805566009699298e-01,-3.619327720833530326e-02,3.877806139236272820e-02,-1.378101916177852659e-01,7.951180463199980508e-02,1.716849096878484970e-01,1.469931291206698909e-01,-2.667419110265870433e-02,1.581297541267078777e-01,-6.594439562403021926e-02,6.627248731513585289e-02,1.218714730495690790e-01,-1.799645110430210804e-01,-1.304678461573686998e-01,-9.439844380080987529e-02,-3.692612937245336874e-02,-6.670166370127735000e-02,2.280044868670340064e-01,7.173835684053767037e-02,-8.994100305533508921e-02,-3.029294820974757219e-01,1.439357233457158325e-01,1.287506931552959144e-01,-5.264110600549369579e-02,2.176809797348457920e-01,1.828110917666074253e-01,-1.238003435336055419e-01,-1.334300389538361220e-01,1.706773843358483367e-02,-1.736850826883702334e-02,2.177766799442489853e-01,6.732809272586819105e-02,-1.685891789208299185e-01,5.669408210157682315e-02,-1.360362186326152523e-01,-1.066991936143987935e-01,8.787959644896672917e-02,5.572972648695283249e-02,6.693298363791697070e-02,2.329000300527275553e-04,-5.367157502978398692e-02,-5.543898731880610165e-02,-1.182334330850857984e-01,2.579753444835478082e-02,-1.217513333362218314e-01,2.091447849055375896e-01,4.234158192481582428e-02,3.023819491626177913e-01,-2.240876371225394570e-01,-1.131494786896743293e-01,-1.511415318498300631e-01
3.962491917497455718e-02,-2.443197587398432957e-01,-2.626161039287938648e-02,-6.190635426605398811e-02,-1.137596970030278765e-01,1.923951126827515568e-01,-1.764981229090787918e-01,2.156728637356353229e-02,2.451989415591389332e-01,3.699613777830070699e-02,2.039007818266559344e-03,4.588847129385854179e-02,6.756234738109721805e-02,4.332938687937931688e-02,5.947861149832973926e-02,-9.270806873926956682e-02,7.344690357394662028e-02,7.874161079915482919e-02,-6.165139678666502893e-02,1.715086298861575598e-01,1.700296366634647394e-02,-1.451239880038019403e-01,-2.411038573345987979e-01,-1.492016276728900803e-01,3.233221858775097157e-01,-2.199073580345392021e-01,2.556235621207607056e-01,1.751482585611800410e-02,-9.067569222868966661e-02,5.739191847083041642e-02,-5.973067337219391260e-02,-2.908857633756799232e-02,-4.324230558513435935e-02,3.338113147311473974e-03,-4.509284680832849335e-02,1.519177605670995503e-02,-4.565069800698055846e-02,-3.711537829009801254e-02,8.483950614606827756e-02,-3.846207445340461828e-02,-3.949025585097050450e-04,-5.797185109700619954e-02,1.460958859010613176e-01,2.474296342359161849e-01,-1.228579273288710055e-01,-2.111507171930522564e-01,-6.522561180440197837e-02,6.211038255595261598e-02,-3.490218994639574523e-01,1.141076247167115282e-01,-2.283357418495875202e-01,-6.213754211079406536e-02,-1.044221507862928139e-01,-1.498093689822065921e-01
4.515269839678781594e-02,-1.293386989689967737e-01,-2.502869019451910426e-01,-1.980423141538541904e-02,8.811531070517816810e-02,-4.135374231270080164e-02,1.309000563467662900e-02,-6.742097151115857001e-02,7.185609436984792542e-02,1.209647430294489706e-01,9.595457332012539975e-02,-2.983703062559134311e-01,-2.112252688718915111e-02,-6.768277464239479818e-03,6.107544981008999202e-03,-7.217687456213410513e-02,1.029067938235205537e-01,2.389268533217981660e-01,3.625620823174850738e-02,2.273341536459656531e-01,1.726326970992365928e-01,2.135695710256392543e-02,3.749394869456049162e-02,9.317935733513063590e-02,1.061959622191706032e-01,1.287924119383042484e-03,-2.915750509872757634e-01,-6.881899902737252661e-02,-7.444819618632754488e-02,-8.712511991950418200e-02,-7.821127822353521331e-02,3.677749505725569357e-02,-2.403789187740400929e-02,-2.852584286545278291e-01,4.728126341245329073e-02,1.597957185647175538e-01,2.256838636471660831e-01,1.331144515679754392e-01,-2.878728411704237766e-01,-1.166311371913047873e-01,-8.757901826619339525e-02,-1.126193127621598067e-01,-1.749025342431426433e-01,-1.039442270951611708e-01,-2.064756100790321736e-01,-6.364460366091851881e-03,2.227988837556606483e-01,1.110897191837784403e-01,-1.427162012539036698e-02,1.315979043066784204e-01,1.087822001577308517e-01,-7.781131575557295559e-03,-9.569482288291299155e-02,-1.484772061145810396e-01
5.790776761948793205e-02,-2.120988088219303846e-01,-1.834519695377534454e-01,-3.983914081770859733e-02,9.760746465479727685e-02,4.679977404398667079e-02,-1.155564381539419816e-01,-1.148396972779539005e-02,2.097631953763255119e-01,8.642173269811975755e-02,3.557219884844518842e-02,-1.309118593404859365e-01,4.017295862739780898e-02,-7.712130974421549379e-02,5.428895186473072648e-03,1.793875876577140649e-01,4.138931571272280556e-03,2.598416913817936935e-01,-1.073445753323570007e-01,1.180755798148551243e-02,-1.341677919815473519e-01,-1.082686544468362960e-01,-5.070644542795976067e-02,2.365277184072134276e-01,1.126059518479391314e-01,-1.492400587886625121e-02,1.707769125315225234e-01,-1.389448228220853121e-01,1.143268768156824877e-01,-6.081633499021853184e-02,1.095188645626445495e-01,-7.030707277313383297e-02,5.183276742634802120e-02,5.230171596836796777e-02,-1.169730867501234256e-01,7.080895006007968673e-02,-1.955884727447539453e-02,-4.014261442340122388e-02,1.549616832161311852e-01,1.886510513666509459e-01,-7.781542110200679978e-03,3.578370680399948212e-01,-2.142842120347568033e-02,5.712471823894432060e-02,2.946974340297696671e-01,3.032564648371943034e-02,1.355596779223089132e-01,-1.205019706185531288e-02,3.282768933949471446e-01,-2.041468041596902483e-01,1.424247797148548988e-01,9.891371474794819277e-03,-8.696749497953164265e-02,-1.471450432469524339e-01
-9.843573846423776808e-02,7.831336117500112270e-02,-2.895174936285343503e-01,8.411988099102464533e-02,5.386050128804367731e-02,6.904292958860648588e-02,-2.511420458120506849e-01,-1.587499284708530911e-02,2.258858370442403396e-01,6.819989489643270286e-02,-7.639933100823793899e-02,-2.331143161769164487e-02,-5.984756292478177891e-02,-1.471521412505384097e-01,3.573314480739740034e-02,1.270464441290660718e-01,-2.329809236173014178e-02,7.354052451456752348e-02,1.015718587971751324e-02,-1.667408800014822112e-01,-4.598192332014414824e-02,-2.509642252294831330e-02,-3.247589416860112432e-02,5.532107214070868667e-02,-2.687456497554575052e-01,3.297057728620722550e-01,3.238460199927627181e-02,-2.813398642119225301e-01,-1.552401038913497067e-01,5.160549048268834454e-02,8.243121800686468992e-02,-1.049868952692604024e-01,1.511662450184150797e-01,9.234523918784444396e-02,7.625911830511337974e-02,-2.009514767625489307e-01,1.189818865290859576e-02,5.121549917445984701e-02,6.894956375462189813e-02,-1.695175691261970041e-01,-6.004968270786729956e-02,-1.280002126607239499e-01,9.217580918662550415e-02,-2.106070010857052921e-01,-1.748782764065165696e-01,8.747242397667628899e-02,-1.331523329474713913e-01,9.539635218279029702e-03,-5.164112476287703590e-02,-1.096794603178635405e-02,-3.083562286265352226e-01,-8.080229088940661664e-02,-7.824016707614962762e-02,-1.458128803793292683e-01
-1.105398487866674218e-01,5.912691812723525064e-03,-6.639370006242595323e-02,3.633284070719220056e-03,-1.370088150182081910e-01,1.082694984653042626e-02,-1.031657277814326812e-01,-4.921571756403218811e-02,1.802160849732492021e-01,-2.198147145200064767e-01,-2.903892218374650586e-02,-2.037749273641022985e-01,2.786449256446372758e-01,5.770234504230506434e-02,1.026377916989836860e-02,1.297409670486620974e-02,-7.247595813220894523e-02,-4.594522907028068814e-02,3.565767061239007996e-01,4.995348019022020913e-02,-8.035670051862631169e-02,9.836881290796475885e-02,1.015328649356185831e-01,1.281800226177840230e-01,-4.376292622069666294e-02,7.408832322672770365e-02,5.554924905278654096e-02,1.612077658728453267e-01,1.112109218455069048e-01,1.646716608454940889e-01,1.129268827014075216e-01,3.820662938028935862e-01,2.157867517821468184e-01,2.022421821307588893e-02,-7.622347887779060138e-02,-9.234383546080060512e-02,5.014208877514882839e-02,6.608869715496570874e-02,7.250273445327003359e-03,7.332187810368781533e-02,2.621293969956923209e-01,-6.518529180333847151e-02,-7.918632798708462317e-02,2.252229724584327644e-02,5.366267646310874523e-02,-1.827121023488329499e-01,-1.158405560715714128e-01,2.789568012283096324e-02,1.835803281721709243e-02,2.113665752229149097e-01,7.617253890877705158e-02,2.344146295716905415e-01,-6.951283917276844526e-02,-1.444807175117048259e-01
-7.213038629162932258e-02,-1.242481241613196397e-01,-7.421000206595931847e-02,-1.131230209191391028e-01,-1.906110283337471845e-01,-6.167174760038723891e-02,-1.581400024171435437e-01,-1.304954072781289720e-01,-9.350145262045077288e-02,-1.974442608307128422e-01,5.808095691716745612e-03,-8.262730408930223092e-02,2.521859085027829406e-01,1.265126534893281640e-01,2.101460877486484580e-01,1.000316051869796774e-01,-1.577659844069491668e-01,3.631636519386934742e-02,-7.280425578502321138e-02,-3.386662243627479307e-02,-7.972267974497557197e-02,1.496044778943829701e-01,2.289874186235920372e-01,-7.221638999303067741e-02,-2.443899582273107995e-01,-2.052144502350732730e-02,-3.714116115691074721e-02,1.908610292149867382e-01,-1.187096263991400391e-01,1.237511412855858001e-01,-8.669241543443718945e-02,-9.152019280841064419e-02,-1.235684565807943641e-01,8.963168110262707475e-03,2.032396426536586254e-01,2.437903210977999946e-01,1.181045698340602371e-02,-9.290406081457116411e-03,-3.266585819699737575e-02,1.543934141349534613e-02,-3.807442606556369485e-02,1.522189595042832133e-01,-7.155121369229242023e-02,4.683691007773847781e-02,-4.514263337626100991e-02,-7.359768137578993896e-02,1.546792110475024920e-02,-2.094643932094772745e-02,-1.356635406253994813e-01,-3.290946331369025146e-01,-2.751901142899120661e-02,-3.483324058241767385e-01,-6.078551126938811638e-02,-1.431485546440795509e-01
-1.313114397182769955e-01,-2.232286979613481992e-02,-1.688656541992120397e-01,1.022135295982581210e-01,-2.212424698835115944e-01,-6.869276114284009194e-02,-1.468154486514030299e-01,-9.605595489111971863e-02,-1.208323484915381357e-01,-1.940988199772543943e-01,2.310847253197560736e-02,-1.488388656262984999e-01,3.557061834955274615e-02,-8.073698274424877599e-03,2.991576251201302425e-02,1.542487294979980883e-01,1.104703459215504030e-01,-2.107844587276010428e-01,-2.142034466283815608e-01,2.110278400089595219e-01,-6.758672296532182433e-02,1.349887145488069540e-01,-2.197354852125472380e-01,-9.214270222841794422e-02,-1.859474593408302623e-01,-7.423923700312415330e-02,-3.465971674975114325e-02,-6.089318244907168144e-03,4.696882711458420789e-02,-3.040084400581693491e-01,7.735491886196371736e-02,-7.279489496301135010e-02,-3.158164739674817478e-01,7.451976450476847924e-02,-1.369061518116322929e-01,6.857380946171455494e-02,-1.128886185137131515e-01,-8.218561677720941094e-02,6.142395643558869883e-02,-2.177257315554543410e-02,-4.932014352993644921e-03,-8.629046491085215487e-03,1.417613307671359291e-01,-3.251785665653675328e-02,-9.403588206272442407e-02,1.887591384143122719e-01,4.572851316066962879e-02,-5.767017404683381226e-02,6.472484887777360529e-02,2.021009023626676726e-01,3.741789985239492994e-02,3.051760257806803711e-01,-5.205818336600782914e-02,-1.418163917764563853e-01
-1.851223696384712292e-01,-4.496319881370935967e-02,4.106200462448107540e-03,-9.617894309249816476e-02,-2.893621040962943147e-01,-2.064567152099648362e-01,2.005179892648205342e-01,-1.565157794720660467e-01,6.414628943067950118e-02,1.821366553321117701e-02,-2.069095719526327093e-01,-1.772872145929219878e-01,-2.008015566014702269e-01,-2.045545530472030471e-01,-1.927056809313038577e-01,2.883464126876032763e-02,6.266651611238789610e-02,-3.585880753732097193e-02,3.265888434362492765e-01,7.298419396673616610e-02,-1.568965933650214584e-01,-6.375277515916008553e-02,8.454758297209144513e-02,-2.647747254266450898e-02,1.922897947284865905e-01,8.270439202576318483e-02,1.218679461794042046e-01,2.110363650177255260e-02,6.648869343452834535e-02,-1.978922401221256400e-01,-1.342859183740325313e-01,-1.988879375083738854e-01,7.205513383323151194e-03,-1.832910716760009773e-01,4.246243595013782235e-02,-7.244811765955624927e-02,-1.295460767785497902e-01,-1.908455968283532811e-01,1.798923014165549825e-02,4.072037918569044318e-02,-8.172012850451673693e-02,-1.324799049587343791e-01,-3.702026717816615797e-02,-2.134977954545520459e-02,2.772691576848444316e-03,3.513129941119329941e-02,-2.176087799823564484e-01,-8.046231539471604410e-02,-2.929148686511538410e-02,-1.492887877959475085e-01,1.021997017562599197e-01,-1.410149873757234051e-01,-4.333085546262605003e-02,-1.404842289088288343e-01
-1.011603168226932192e-01,-1.790836779376461241e-01,-3.000528148904288775e-03,-1.708951524867543745e-02,-1.993647585040649317e-01,-2.602318251583177755e-01,1.709779127497023377e-01,2.731179672372679654e-02,-1.843014699704637882e-01,4.945484824040045219e-02,-7.280798667869821383e-02,-7.933600381845366811e-02,-1.336982390515452368e-01,-2.339701949690256577e-02,4.478393002584257071e-02,1.095326703201665447e-01,-2.230098009117276459e-01,1.779263929483627382e-01,-2.705418521685943878e-01,-8.741227215247576732e-02,5.751148228699273779e-02,-3.664000706869592894e-01,-5.181280314092275019e-02,-1.997194664397707597e-01,-4.492606770865659876e-02,1.143076577609885430e-01,-3.246154171816646034e-02,5.801778480497084278e-02,-9.617030479731429604e-02,1.868005003812588660e-01,-7.822163817769144101e-02,8.245276479190262464e-02,4.089002224015955006e-02,-8.926295356262209379e-02,1.812864670220885044e-01,-1.282935048811935097e-01,1.810834243842416105e-02,9.130065715264551462e-02,8.775401935584208057e-02,1.605657698631082764e-01,2.534459355851405582e-01,-7.222887842387883117e-02,1.067370020261792368e-01,-3.194436744876705259e-02,1.616614207727531949e-01,1.579763354156075994e-02,1.808426514564550336e-01,3.959980046319100389e-02,3.002445172101269114e-02,2.214801588037037805e-01,-5.990044963174649684e-02,6.300479706976604144e-02,-3.460352755924540891e-02,-1.391520660412058907e-01
-2.369846362142920271e-01,1.140052489670339286e-01,-9.648483368782975744e-02,1.545075722795534734e-01,-1.169957056940141293e-01,-2.358830963031831041e-01,1.970908369590717857e-01,1.167143751323396379e-02,-1.659306096642728101e-01,1.163769614407926187e-02,-1.673538021699561840e-01,-3.743571834573358736e-02,2.614539943683842280e-02,-5.621558770990560394e-02,3.764928127442276201e-02,-9.155587853426662426e-02,-2.458176675921723911e-02,-1.582381679820106801e-01,-1.496115641312019406e-01,7.227117531157882524e-02,2.538802919364713806e-01,-1.204692094225647686e-01,-4.254763658439853630e-02,1.435025650257297225e-01,2.621987002948548626e-02,-2.388843349034679153e-01,9.735143726744226178e-02,-9.102946127348961192e-02,4.184938308307694504e-02,2.513259018860332025e-02,1.049621462498996627e-01,4.007775812201436888e-02,2.547376659991582026e-01,1.306321706617674661e-01,-1.546207432657571157e-01,1.913822461120621293e-02,1.978710770121308027e-01,1.036704207854874660e-01,-1.986967997397717171e-04,-2.900032611135512917e-01,-1.331673789553648457e-01,2.665185653694763790e-01,3.851579161308908011e-02,-7.274102093453689577e-02,-3.243577091104475618e-02,-2.270343870640634254e-01,-8.291990110101694900e-02,9.276832663584774763e-02,-6.962781976914454718e-02,-2.099150074436917646e-01,-8.032868419430226961e-03,4.075145924400173231e-02,-2.587619965586458737e-02,-1.378199031735763969e-01
-2.200007275575290855e-01,-1.947700642202523924e-01,1.646582076104106118e-01,3.581945398862950714e-01,-1.343521525146461892e-01,1.264273317735471469e-01,5.805552040516147316e-02,2.246863946855914840e-01,1.036800397626730791e-01,4.505293008852813419e-02,-1.031914289309005806e-01,-5.930551705441177573e-02,-1.611760168593246445e-01,7.342130344190583857e-02,-2.460876354103423980e-01,-2.575475213035674504e-01,-6.449285937228789456e-02,8.890549580902271098e-02,6.289870629237423461e-02,1.329646731896567957e-02,4.314475444532572812e-02,9.676521469986909540e-02,-3.943758963668618500e-02,1.459842369979619803e-01,-1.730156569613381934e-01,6.102708307296322160e-02,-2.521009831528273071e-01,9.296689656865567922e-04,-3.422597436075509175e-02,1.267914871044335257e-01,7.951684785424237289e-02,9.150545323984084212e-02,-8.315830742476208737e-02,8.163865948565236785e-02,-1.206147257273792184e-01,1.409159528997574740e-01,2.489674873804681270e-03,-2.540638983659621597e-01,3.527856871387262394e-02,-6.134360299347696097e-03,-5.408411053505408211e-02,1.640938896198521416e-03,-4.666563332586366047e-02,1.827986655838041152e-01,9.293341379832539828e-02,5.947286136103311499e-02,1.742771936760198204e-01,-2.221728506698893990e-01,-1.682898065438382523e-02,-2.561288214140029426e-02,-1.833158664551455541e-01,-9.069857057964081370e-02,-1.714887175248245091e-02,-1.364877403059537586e-01
-1.364093804886201133e-01,-2.564472291671195392e-01,7.502475236594198515e-02,3.157763237215613916e-01,1.623141573568924467e-01,-1.248458050128284230e-01,1.995123196090848872e-01,-4.338865368480864654e-03,-7.847715070960115114e-02,-1.930565584535746948e-02,2.815241149182453606e-01,1.596356708888104631e-02,1.770263097421338472e-01,9.872094373022283209e-02,-4.979539435589666607e-02,2.135722821032013524e-02,4.701453376610879170e-02,2.059376289852006270e-01,7.697965124930837566e-02,-1.368754198111236109e-01,8.875135587527203940e-02,7.912621780611260591e-02,-1.690711519534021656e-01,2.736466917439826264e-03,-8.604921196920916823e-03,1.169161898099901030e-02,1.350636685087522881e-01,-1.240934536606110999e-01,7.141793051356701283e-02,1.249265670082691237e-01,-1.963004324352098096e-01,-7.395083873816202767e-03,-1.638427025794478020e-01,2.062562442340314106e-01,5.380927675818843181e-02,8.657031244567318928e-02,-1.626237315028054853e-01,9.717694926891436158e-02,1.240199126578670104e-02,8.345829271215497724e-02,-1.025338322221089754e-01,-1.299572451351566904e-01,-3.847115308589837968e-02,-1.282029284109643674e-01,-8.487164222350659926e-02,2.148334586668327641e-03,-3.649184250604555202e-01,1.916507772874476712e-01,7.877462257768511056e-02,3.297830996643942580e-02,1.461670811207788356e-01,-3.007422613552513876e-02,-8.421543849102342341e-03,-1.351555774383284003e-01
-1.267955706120890980e-01,-1.580065918076826725e-01,-1.764447430975526684e-03,8.866167579863779014e-02,2.050381920479749653e-01,-1.485626662557160971e-01,3.965102526698711244e-02,-1.164534813260374585e-01,-1.199494319464808161e-02,-5.807584682768417855e-02,4.936672113472311864e-03,8.717823666780315228e-02,-9.130586286018685382e-02,-1.275059752104627797e-02,3.028315638302476673e-02,-5.472976269969477559e-02,-9.220929545805907346e-02,-1.590574437394010748e-02,1.182371288999897879e-01,-2.040784202559996208e-01,-3.598612626840146794e-02,3.197179611043308722e-01,2.960923501682516043e-02,7.102290740291224147e-02,1.019547783777993433e-01,-1.437796829897206308e-01,1.155152687452164900e-01,-6.788130704696547502e-04,1.000300585488648752e-01,-3.156142417247940340e-02,1.483114014399482539e-01,-2.276847648868642604e-01,-1.053300350299030269e-01,-1.130715184987249045e-01,1.205636221453012906e-02,-2.994542502842713061e-01,-2.449944879888683313e-01,2.790241701343543768e-01,-4.686422269407392038e-02,-1.738098719056845876e-01,2.312986109743185581e-01,1.086666844582383357e-01,-5.239765447110308200e-02,4.142325495780074807e-02,-4.675819412761748894e-02,-6.701453894162598401e-02,3.614622331124014432e-01,-1.172997734205267206e-01,-1.189449401907702458e-01,6.341896452002999951e-02,-5.035689624234689077e-02,-3.377878819052446829e-02,3.057840542795541299e-04,-1.338234145707021538e-01
-1.371870857186592019e-01,-9.714823653973334028e-02,-1.319699987176637225e-03,2.998995699675601379e-04,1.352192619460824141e-01,-9.544188913325413193e-02,-1.982577319368238611e-01,-3.743376939333716708e-02,-1.756613272019411642e-01,-1.807354902590756207e-01,1.315847703760956652e-02,1.577130770439704455e-01,-1.687381166625460394e-01,2.021250460772396340e-01,1.285034164679956514e-01,-1.098964758030199634e-01,-2.515305586164059970e-01,-1.349489398951658932e-02,-5.601079310648110487e-02,-1.350778034612614142e-01,-1.073445627976835626e-01,-1.616187720613580098e-02,1.403701351153748521e-02,1.363031023888693349e-01,2.408272371406674495e-01,3.940163330541406050e-02,-1.182283383888131922e-01,-1.277185843793705589e-01,5.965331550322020004e-02,-1.739629776485676904e-01,2.398391655063432937e-01,8.991152663915509546e-02,9.315302590436304320e-02,-1.870224107992363716e-01,6.790417925441073754e-02,1.964812470766522101e-02,1.208144592297249881e-01,-1.369518265036500648e-01,-2.029952527074569690e-01,2.433399706658823103e-01,-7.772964509785618148e-02,-1.130981742580739052e-01,1.888050305243181570e-01,2.023403108721722743e-01,-1.430140308644624048e-01,5.416370365613941418e-02,-1.977048318258481929e-01,1.161288536457233261e-01,5.714157707818891263e-02,-1.356093492146281942e-01,-6.992818845191628441e-02,1.159720767528856639e-01,9.033111957659616456e-03,-1.324912517030785719e-01
-2.511236120636761715e-01,1.030382707507480206e-02,1.179307261532371032e-01,1.268072763278851045e-01,-1.560874534150573541e-02,7.481108163018790336e-02,-2.309937109936494870e-01,1.396040391389564428e-01,-1.053024007204302406e-02,-1.882007249581878761e-01,-4.087871575944561353e-02,2.087555886924932769e-01,1.436306511554324462e-02,1.533142749253830484e-01,7.380435952945263445e-02,1.013380261560466178e-01,3.237160020339952538e-01,-3.287236906694371991e-02,1.154662274794626409e-01,-1.322517411972388701e-01,-1.261123642762135566e-01,-2.273499420303218277e-01,4.388881429416971458e-02,5.913589289179346786e-02,2.372547319232171381e-01,-1.363869680949081065e-01,-2.606432879979227457e-01,1.886215989821742392e-02,-2.561348432140697629e-01,-9.320671191299000069e-02,-2.001842125820198492e-01,-1.317532905016166045e-01,1.233213980452442654e-01,2.087312779152367646e-03,6.286558076556146568e-02,5.090014006060274848e-02,5.762827301261492369e-02,6.159415127847921861e-02,9.433199257526742043e-02,-4.015294108933906148e-02,1.042872860179074185e-01,1.330295395939035952e-01,-1.362403757102165491e-01,-2.737153788779646546e-01,1.218560820833719804e-01,8.387585560424933029e-02,1.191693778910647011e-02,-6.124205511435604904e-02,-3.971904031943433028e-02,8.744082697461146025e-02,8.094619030828284489e-02,3.668533824150505690e-02,1.776043986103997482e-02,-1.311590888354517703e-01
-5.491083772926893397e-02,-2.189156914321335745e-01,1.888980025316586986e-01,-5.564606528783917760e-02,1.401120636554113175e-01,-3.504597005262894555e-02,-1.873705555432883252e-01,1.050329608335131698e-01,-4.717219488976244490e-02,-2.039648264554838886e-01,-1.485038587793209297e-01,2.276706627178759212e-01,-1.039932825654585752e-01,-2.029743057888764302e-01,-1.906890265922587396e-02,1.724504091122219251e-01,2.393026077262911944e-01,4.372133487992312800e-02,1.090130666770989729e-02,9.614089579418459708e-02,2.394746993151507519e-01,-1.890014245214130875e-02,2.350768060028715079e-01,-1.618516020443555026e-01,-1.926020677144190396e-01,8.226483549142056539e-02,2.466886871974091899e-01,-9.506219411873771674e-02,9.281333630828560166e-02,-5.743104476905425138e-02,-1.728043949076744079e-01,2.705803708475434943e-01,4.885441394085460187e-02,-5.372882193926353800e-02,-1.849966549636317681e-01,1.681862950637462309e-03,6.818372665772014403e-03,-8.975789900556954692e-02,-1.497032327056266876e-01,-1.310652811450575272e-01,7.782377858651921831e-02,-3.012778802337555059e-02,5.282962439546962097e-02,1.178659519162060937e-01,-8.573682751936868851e-02,6.491738035462513157e-02,1.372506687139471993e-01,1.241147366750469383e-01,1.073277005979872967e-01,-4.886155996312516181e-02,7.851667575925443121e-02,-1.040999536663474306e-01,2.648776776442143821e-02,-1.298269259678263010e-01
-5.977705738249493306e-02,-6.830144765528269046e-02,-5.063939873964051763e-02,-4.967830142215001743e-02,2.731418039874296544e-01,-1.436839313570413001e-01,-1.613105193045154817e-01,-2.230437312787180749e-03,-7.195077529736197686e-02,-1.819616934291977059e-02,1.305807693916277989e-01,-6.062633619937924344e-03,-7.111526834137885111e-02,9.662159006141134154e-02,-1.869718721483580592e-01,-1.443990594921968906e-01,2.099815584165191373e-01,6.237271790568427524e-03,-3.246901514755495127e-02,2.915957357371771197e-01,6.653314058266285302e-02,3.588435365263606402e-02,1.460398922071550476e-01,-2.761417954481456549e-01,-1.017178671171338616e-01,3.514031302832119116e-03,6.386391849078938698e-02,1.335125545961096949e-01,-1.592700628233319898e-02,1.647914793062523753e-01,2.568411317433759167e-01,-2.663216691983818496e-01,1.668615762730923102e-01,1.114351169374965195e-03,1.121639835887011383e-01,7.076696198130620792e-03,1.347051882347026219e-01,1.136561674816851664e-01,1.476363423171229150e-01,4.314678856509925053e-02,-1.285349402049172085e-01,-2.010644506848854873e-01,4.050031959267253595e-02,1.952138830428636063e-02,2.256671270758486558e-01,-1.004215061447719937e-01,-1.114890390518062518e-01,-2.779713211758222946e-01,4.851953378142534468e-02,-3.924279939077688489e-02,4.666758845295766733e-02,1.075530705381335522e-01,3.521509566780251649e-02,-1.284947631002029966e-01
-1.109781469456845304e-01,3.040887717327272338e-02,3.156662059856142621e-02,-2.437534183054035353e-01,8.766333197558251467e-02,-1.347285702937243701e-01,-1.631319949304814165e-01,1.606747143919672050e-02,1.306575559034677536e-01,4.950776514323370486e-02,6.962634246190110843e-02,-6.481557109209828971e-02,-2.028054258917108277e-01,6.617436059269068971e-02,-2.464406199034352429e-01,-1.012973235906613756e-01,-8.266441555729610313e-02,-2.338946765733210253e-01,-1.876475367653696880e-01,3.514340504256753539e-02,-2.008833810545365972e-01,-1.420338346037975340e-02,1.537933355085393528e-01,-2.069585301498621729e-02,1.149777695525956711e-01,-4.503575050291749871e-02,-5.074620961349203541e-02,1.166320427794794723e-01,1.813427245043257030e-01,2.711910058166005499e-01,-6.315589876462929242e-02,3.757073894570114869e-02,-1.797268360761057338e-01,8.781754443507508445e-02,-1.661145594266562053e-01,-2.228319378439525033e-04,-2.568113824373164517e-02,1.245897798891141238e-02,3.711445471461784218e-02,-3.878409273461246032e-02,-6.634287036335892451e-02,1.200263725871737602e-01,-2.129267541707156597e-01,-1.822705411641163398e-01,-5.168368080929196251e-02,1.034231472051363038e-01,-5.010145198990316462e-02,3.705294311439658594e-01,1.054208236468321680e-01,1.290687190056076517e-01,-2.091687542976892189e-01,-9.217094245854398626e-02,4.394242357118279679e-02,-1.271626002325762506e-01
-1.365471450954125476e-01,1.475430054635534505e-01,2.221266707282730513e-02,-2.346371442916099503e-01,5.766876367205453491e-02,-1.147412193021154214e-01,-1.033028141859403670e-01,6.912705858409659565e-02,1.147347507032765584e-01,1.147553569581722110e-01,1.474290288172202534e-01,-1.580112092109333538e-02,1.519660025312993545e-01,-8.068658207879482458e-02,-2.507857471376555014e-01,5.940459718505274045e-02,-7.196201840842945952e-02,-5.404669013931440169e-02,-1.027503168023131269e-01,-6.013092742172141542e-02,-6.314915532542866861e-02,-1.003057453522723796e-01,3.235344079617584467e-02,1.160344146763245959e-01,-7.331947820199925803e-02,-1.665401718341392168e-01,-1.150558178071922205e-01,-2.791338795081218516e-01,1.847743259986990016e-01,-1.699695778631921811e-02,-2.195472561336910822e-01,1.110820704695591882e-01,3.432124420978406587e-03,2.172895048193301537e-01,1.080047876660526068e-01,-6.715444158912092787e-03,-6.337724912533303223e-02,5.525199510088733140e-02,-2.641872219012631473e-01,1.031940733735675769e-01,-1.297590638905250435e-02,-9.967622183358995636e-02,1.703883539215767795e-01,7.643139225280029536e-02,9.288983698361276409e-02,1.844502122738699706e-02,8.975642309571088551e-02,-2.698166093024194634e-01,-3.521584170802405933e-01,-4.075004014454867984e-02,1.639963015466283647e-01,4.604538848692461134e-02,5.266975147456519346e-02,-1.258304373649529739e-01
-1.680739105493241625e-01,2.151208849005669527e-02,1.922783931589115980e-01,-1.315013617021780767e-01,-1.387343429390114347e-02,5.709506513523527477e-02,-2.318151259118432506e-02,3.943912047821471895e-02,4.637372872871752677e-02,2.587827597042639538e-01,1.742175392290539471e-01,7.584862799785242748e-02,1.884004272026887361e-01,-6.117478306610801830e-02,-1.902591837028706212e-01,-1.871902845536248250e-02,-1.129345157432385671e-01,4.954377549951655135e-02,-8.876787898422203171e-02,-6.789748314164803511e-02,1.200789344852585261e-01,2.966525840820105619e-02,1.656386833416937654e-01,4.035781010435246507e-02,-1.550217029748278963e-01,6.777246036370078441e-02,4.629314547042335387e-02,7.899815614983497769e-02,-3.303170637250155139e-01,-2.811624366119686025e-01,1.192357718883611112e-01,-7.314198202704493001e-02,-2.340264516489683200e-02,-1.874381006955198326e-01,1.175424794419828861e-01,-7.117815612197540831e-02,-1.304134140370120098e-01,-2.087296848022660578e-01,-4.584455201107229955e-02,-8.564147028145742413e-02,-6.644834531184502791e-02,2.620546342782012483e-01,-2.346957839153663000e-03,4.803292008967013915e-02,2.454299351326757247e-03,-2.642210630804862626e-01,-1.322127988972894297e-01,1.356313946177050700e-01,7.163001922298881108e-02,2.437732983873671933e-01,6.583389424133601064e-02,1.276803281732870610e-01,6.139707937794596643e-02,-1.244982744973265471e-01
-1.818213521312582182e-01,4.527917306124226021e-02,1.740017035658883993e-01,-7.678148427650410834e-02,1.470296093742425036e-02,3.012820538859836347e-02,3.301999082297017718e-02,1.154501242368088654e-01,-1.095740264738460576e-02,2.079230967014229214e-01,5.083112441956040561e-02,-5.366969340835375628e-03,1.795852629820572643e-01,-3.897769479740427478e-02,-4.959197400975905862e-02,1.296174193549775311e-01,-2.515953105521976860e-02,-9.567735365487682608e-02,-5.992758410698523219e-02,9.457911017186555747e-02,-6.264427255960421104e-02,2.419990943302080255e-01,-2.746619979999365690e-01,-1.404577820091168217e-01,1.592894463844853059e-01,2.488565799338837148e-01,-4.524412475056312916e-02,9.864889332795674648e-02,-2.362958531489059433e-01,1.256331705789692776e-01,-3.971950698208513014e-02,9.699654178640346180e-02,9.527589410567803563e-02,-1.904970173390577448e-01,-2.700546187074243099e-01,-1.039935972518934576e-01,5.047267344805345807e-02,2.085233236018271263e-01,9.941396413557750111e-02,1.574519424700573378e-01,-1.177073192435466355e-02,2.649768074152725195e-02,4.800649094647221893e-02,-1.037598921181013233e-02,-2.110899316219503052e-01,1.550120570183035340e-01,9.853406926375427033e-02,-3.530965766723610788e-02,-3.204196247027114169e-02,-3.460433214887449482e-01,1.065522549115100193e-01,6.125150621864831890e-02,7.012440728132618428e-02,-1.231661116297016328e-01
-1.408075066526425501e-01,1.158127032549026020e-01,1.193371650093545955e-01,-1.522024911538202852e-01,8.681926392847903740e-02,-6.852177332941344901e-02,5.260633444540497444e-02,9.027427896409252750e-02,2.035419727530372869e-02,9.972140417370575771e-02,-1.282984547288715527e-01,-1.106428276607633321e-01,4.061146150310566139e-01,-1.006280163135613720e-01,2.355973753084323330e-01,-2.308440505957961297e-01,-1.183099901167606466e-02,-1.722600981044028132e-02,-2.395999818864248329e-02,-4.599600464105432773e-02,5.560992282156469735e-02,7.054773076512452223e-02,3.174657092222861465e-02,-1.257639494551381076e-02,1.032019346111023028e-01,-1.203088047548123013e-01,1.061253713530067345e-02,-1.190388440009882004e-01,-3.613361290199506182e-04,-2.276821886763513159e-01,4.309089810734072212e-02,-2.024492441078071248e-02,-6.695813078205703484e-02,4.585042740363350078e-02,-1.200285447724018864e-02,7.779404186937621812e-02,8.998916154708465343e-02,1.999075310780699683e-03,1.710273838974286087e-01,-8.039358736527732474e-02,1.291353378030882515e-01,-3.751390332796748495e-01,4.357548001087478131e-04,4.089201764521695204e-02,2.180253661585968283e-01,1.660721818456889487e-01,5.087388021033847907e-02,6.853534429615865120e-02,2.557398444338666033e-01,3.971019332225188964e-02,-2.039699977815593035e-01,-2.129790458173040912e-01,7.885173518470696419e-02,-1.218339487620754141e-01
-4.732890466226892523e-02,-7.127390813181645746e-02,1.444267329390278853e-01,-3.003571978842290435e-01,6.519754950358414014e-02,5.958021075724501125e-02,-1.575904924410182761e-01,9.777806210849455948e-02,-1.638195891642175717e-01,5.935232958974448469e-02,-1.075329288749313633e-01,-3.402926199323023232e-02,-1.283611630011053384e-01,-1.662510952017963450e-01,2.835443487771056592e-01,-1.666924125440515103e-01,-6.144128755930297614e-02,1.046887531279131964e-02,1.543957943283906231e-01,-7.879695912013584547e-02,-3.543119822466805902e-02,-1.378030772851639163e-01,-4.212168265899232100e-01,1.792239409223857494e-01,-2.068271050287954771e-01,5.707454671650956379e-02,1.156844513252401063e-01,1.789067795071966060e-01,9.585806730095874917e-02,1.163919793050755130e-01,3.191489987822833385e-02,-1.138059811678462652e-01,9.973270521494770335e-03,8.949460983924301116e-02,1.169961396254668440e-01,8.148431649226328677e-02,-5.025924907732911597e-03,-6.198486983421327284e-02,-2.811224631925925838e-02,-1.194697102057647037e-01,-1.504772547650545522e-01,-4.947850621368094642e-02,-2.639942665505689012e-01,1.484052934486419263e-02,-6.085379124777522131e-02,3.248707884168836740e-02,5.358709663859486522e-02,-3.429152073274072121e-03,-5.225275160384798556e-02,4.358375474909453179e-02,2.178455982112930123e-01,1.521608102788209460e-01,8.757906308808821594e-02,-1.205017858944512910e-01
-3.758273809749992228e-02,-1.503224606430054837e-02,1.239912609800036640e-02,-1.313521127666239241e-01,1.502316236559928242e-01,1.934218073492392428e-02,1.087488349942379862e-01,-1.642676548879795379e-03,-2.097894384474577600e-01,1.080716724744373441e-01,3.307614544738489148e-01,-6.600254208339677298e-02,-1.666938884927397502e-01,-1.162826679737374858e-01,2.564132658687770516e-01,1.786178195639206157e-01,1.105120409263309067e-02,-6.521241355684655183e-02,3.568438570363319795e-01,1.381035755684859312e-01,-1.471558044613277723e-02,2.703881774493584536e-02,-3.119174232545789821e-02,-5.870577500462937238e-04,-3.907376230723612343e-02,2.793939039121927717e-02,-2.148952423249118615e-01,-1.805299260271120074e-02,1.048468247960478855e-01,-2.810225540537667974e-02,-1.433691166340368972e-01,-1.053268645383461082e-03,-1.909561256707209553e-02,8.442902653891257159e-02,-1.234359370118439797e-01,1.370817289966840165e-02,1.485384492507263454e-01,-1.001476704292114106e-01,1.145544398776384420e-01,6.505153850978782903e-02,6.404951470208261610e-02,2.183860669418091205e-01,2.804719011419487540e-01,-3.024009417974913173e-03,6.365964126428934160e-03,-2.182005209145765623e-01,-3.406011032037372516e-02,-9.681651924102482876e-02,2.714569404923449641e-02,1.262435739796655687e-01,-2.778813337750553614e-01,-1.428335590691210133e-01,9.630639099146880155e-02,-1.191696230268252110e-01
-2.152772636907462900e-01,3.383666961622011082e-01,-1.040239251650755120e-01,1.020066485720017568e-01,4.028242872280141801e-02,2.560745553891634052e-01,5.697929539195733389e-02,9.410437216527235693e-02,-1.455805715103843656e-01,2.187219381878617031e-01,-7.836900025688901816e-02,-9.750686225734157830e-02,-1.906204087403735592e-01,1.872457265520420175e-02,2.457956608571149337e-01,2.724109532250449384e-01,5.019315266315873408e-02,2.180541841814367665e-01,-5.441748653215024850e-02,6.568169458778866376e-02,-5.025777653766590192e-02,4.400974988060032261e-02,2.660255887380627571e-01,-7.354144874480508798e-02,1.269865709471908188e-01,-1.628051964304747246e-01,8.253639363367677728e-02,-2.098487406328606100e-02,-2.775455794900400300e-02,2.172889588392926397e-01,2.183270285541269173e-01,6.077432383031379504e-02,-1.116119315196791167e-01,3.792207146146819863e-02,-5.197436621244373028e-02,8.105429989964020587e-02,-2.551148358217118495e-01,-1.112305383333236086e-01,-8.527801323149240831e-02,2.291320088625592791e-02,3.906417460268020447e-02,-1.433928461810269062e-01,-8.743472062837910619e-02,5.036821171264621588e-02,-1.320617548935911802e-02,-1.225128466807414405e-02,-4.032911515576129147e-02,2.418045505769203518e-02,-8.120694851768714417e-02,7.690186512102887770e-03,1.168427454797609372e-01,3.838811914312915963e-02,1.050337188948513717e-01,-1.178374601592018095e-01
-6.005795081039807387e-02,-1.640948503782261036e-01,1.830997225821917040e-01,4.878184211039231916e-02,-7.380714022338412394e-02,5.633969218523380285e-01,1.048238321653357785e-01,-1.239691035763615112e-01,-3.518113807199218374e-02,9.483907624275958459e-02,-6.346235291627830288e-02,-1.438134710205470901e-01,-7.760465242560657395e-02,1.487117823031385844e-01,-5.142741059862234593e-02,-6.947005858758429839e-03,-1.163922002633898667e-01,-9.049511979411309359e-02,-4.538896938260233299e-02,9.119035612536359470e-02,-5.360125244808006117e-02,5.779043387729344491e-03,1.326648405150556986e-01,-1.418297041822533244e-01,-8.773740890327998143e-02,-3.797067543405450996e-02,2.879680386648521620e-02,-9.043435141987116177e-02,2.879924622609473239e-01,-2.133601672112366843e-01,-8.521408885496066510e-02,-1.753137481455679242e-02,1.568844022937074534e-01,6.271514960067144095e-02,2.867522500847207167e-01,-7.437731391824575766e-02,1.329738392392291191e-01,2.758940633816873711e-01,9.533392850865012036e-02,-3.649711348655852033e-02,-9.687136052846408510e-03,5.772894133145256568e-02,7.292973166180752656e-03,-1.518870918529701373e-02,-5.673331964778021569e-02,1.048088246962258357e-01,-1.382212173610780767e-03,1.081210056616751652e-01,1.858175158284904385e-02,-5.517401863863691247e-02,1.340259636145066380e-02,7.445296530677807112e-02,1.137610467982318740e-01,-1.165052972915761598e-01
8.731717302196745356e-02,-1.100642508111993600e-01,-3.615935114073093315e-02,8.925262185300313067e-02,2.699894577819729746e-01,1.648308055596976185e-01,1.315203914228917914e-01,-1.909945410426674983e-01,-1.063428020705574212e-01,-4.087196672652474577e-02,-2.325504978064774630e-01,-1.295948125778442206e-01,2.263031135301822594e-01,-1.422957972658873416e-01,6.195855138010571139e-02,-1.991830500911105362e-01,2.286272508572259055e-01,-1.351889500777117559e-01,-2.828291920538082427e-01,3.959144085821064696e-02,-1.333590332854515115e-01,-8.705295230031896703e-02,-6.022199813532590207e-02,2.870394889435918737e-02,-3.251299320578793922e-02,3.188763414247024891e-02,-9.035138863427616407e-02,5.826972853295379201e-02,2.638747676485769106e-02,1.332934190434831023e-01,-7.690533995038648096e-02,2.025734544485032623e-02,1.068263910619113438e-01,-1.368848928951660882e-01,-2.483106157097770411e-02,-1.409997211789770499e-01,-2.038136907265951092e-01,-1.806249916325893823e-01,-2.942756001751128947e-01,1.440672782464184065e-01,9.417978628511436412e-02,1.391961949346592897e-01,-1.318297912711901589e-02,-1.177015454661005794e-01,-2.612206118292135712e-02,-3.981533089393279184e-02,-1.635749968893359663e-01,-1.907464628349766211e-01,3.148138726869771642e-02,5.119067242371747734e-02,-1.146086037200668567e-01,-8.269770178434142360e-02,1.224883747016104751e-01,-1.151731344239484561e-01
7.301093258254617857e-02,-4.476030764153701713e-02,-9.292497459357705603e-02,7.576958876566436407e-02,2.818488746491042418e-01,8.074349346187106868e-02,1.239134444658853140e-01,-2.383561028136622628e-01,1.260773574280662709e-02,-1.485759019260983818e-02,-1.289716251129853219e-01,-3.429755835630116101e-02,1.522464819162725348e-03,-3.227845946737883248e-02,-1.195345966889966166e-01,-3.161964885752199111e-02,-1.340081373281939714e-01,-8.441546933365119687e-02,1.143479527200162438e-01,-1.041754380055045365e-01,-6.348423724170949856e-02,-1.316993799961037603e-01,1.218637482824608681e-01,1.066103370554049093e-02,9.788192688176168554e-02,1.060471967502645135e-01,1.852493671109345375e-01,1.484187840464009089e-01,-3.147332607334824561e-01,-1.443166668084517809e-02,-5.180311791304614659e-03,3.351657406134227191e-02,-3.537668215564568897e-01,2.422971614659807649e-01,-6.259354602583198923e-02,4.795999718299855802e-02,3.829798459539715538e-01,-1.228513921987392926e-01,-1.897277921996828182e-02,-8.801603690199524821e-02,9.315836070114554002e-02,-1.043444278098432619e-02,1.637214671972010149e-01,-5.099897004816680152e-02,5.911704676411212028e-02,8.982379101431202384e-02,7.701365100818687026e-02,2.399357276784792881e-02,-1.640956284720340719e-01,-6.365013628679858093e-02,1.355539368488962171e-01,1.424840479160677520e-01,1.312157026049934339e-01,-1.138409715563263869e-01
5.016370598159544669e-02,4.027767160677415970e-02,-4.763149501726376273e-02,8.370298254281628714e-02,1.509505472816131122e-01,1.993042334336500923e-02,1.160071210935929298e-01,-2.373501384702119965e-01,8.022687036822775952e-02,-1.787442619353832585e-01,-2.013964467353733870e-02,1.391102550113942349e-01,8.844877955597851837e-02,-3.544501593907415510e-02,-3.883628102311102032e-02,1.335624817357209115e-01,-2.074346770572565446e-01,-1.758805225276618978e-01,3.609663075633168933e-02,1.396516987269950417e-02,-3.073803616064119115e-02,-2.092695276490788847e-01,9.404923827785588702e-04,-7.555660221589428904e-02,-1.177838142504356901e-03,-1.576806137410231845e-02,-1.345615180157795909e-01,-6.989350288294474134e-02,-5.411066247328865514e-02,-3.598257123018773485e-02,4.702991999834966325e-02,7.615562823641683354e-02,1.760109219330813490e-01,1.408295563890718874e-02,-7.323621298092049259e-02,1.254124289832312111e-01,-2.371580816521851320e-01,-4.209375559818413076e-02,3.030856119723067676e-01,8.960698284273951875e-02,-3.721281938041417492e-01,-1.825929727428255434e-01,-1.315334806952754010e-01,4.423252649089193245e-02,-1.471574602195583059e-01,-2.046721277443230014e-01,3.156716996472437864e-01,9.593200997503451011e-03,4.415724936755877766e-02,1.260857565622542642e-01,9.750669540000243829e-02,-1.203610872769140805e-01,1.399430305083743942e-01,-1.125088086887008065e-01
-1.872329212108876650e-02,2.295995670948002554e-01,-5.545560894471533719e-02,-5.188692941650887430e-02,6.713095789008385883e-02,3.888438655438433700e-02,5.498162998648144922e-02,-1.480145092241041682e-01,1.933964015038466266e-01,-1.142318514329790924e-01,-8.914868182033200417e-02,6.864097244167617629e-02,-1.141570902559832096e-01,-4.735627163630069802e-02,-1.839925932356221150e-01,1.059731825508692660e-01,-9.548397714330492114e-02,1.394254294493149360e-01,1.152215285866224487e-01,-1.136722413488986533e-01,1.262136466412813463e-01,-1.029804266310245936e-01,-2.666882243924166840e-01,-1.735092506995758177e-01,-1.241639182946853298e-01,-1.736689560646024477e-01,-6.848430323494060501e-02,1.646535206000158957e-01,-5.207336125017460876e-02,-5.942150006744695984e-02,3.949926462793715981e-02,4.725086500579385104e-03,-3.235607936856391663e-03,-9.594562192578294513e-02,-5.942093788408189109e-02,3.043308560577905331e-01,-4.319123725389964474e-02,3.279695314345737467e-01,-1.985442317196337014e-01,-2.640238796270295493e-02,1.307958357062704857e-01,1.333015588053771960e-01,-1.828745580066187468e-02,2.099867013921938863e-01,3.512224219058390079e-02,1.385516917255335545e-01,-2.434313169656351916e-01,-8.422551494430559338e-02,1.724598852065984678e-01,1.763753376153434638e-02,-1.507605254923289062e-01,-5.814490162480311086e-02,1.486703584117549382e-01,-1.111766458210742825e-01
4.117764243020996529e-02,7.783577067078217837e-02,5.121948234223645813e-02,-1.516051373662133661e-01,-5.930937413960976623e-02,1.401568953214611113e-01,2.167335971477485704e-02,-8.914882908745772050e-02,2.142196549676061712e-01,-2.489543936705224392e-01,1.312182857710759249e-03,-4.150029771253152880e-03,-1.265562737570624097e-01,1.020450550629580927e-01,1.273131326869301194e-01,-7.423777467198423852e-02,-8.487035345951502233e-03,2.523030803699939650e-02,-6.817218345519132638e-02,-5.512676176673319411e-02,3.251138873883377967e-01,6.490023516111288748e-02,-8.312828025177967928e-02,1.014015497112138661e-02,-1.572258646670505675e-02,8.293258928628974291e-02,-1.419738262556054509e-01,-1.732093725229992554e-01,8.006765683977176695e-02,9.665947025199995990e-02,-7.560585391339198769e-02,4.198712095475994749e-02,-2.946822727249815421e-01,-2.745796790066512005e-01,-5.670260231394266132e-02,-1.110425139849988974e-01,-8.978507287514685131e-02,-4.332461874415628744e-02,1.179693794482571806e-01,-5.442811837560301153e-02,-4.029326141783341753e-02,-6.541329255942036902e-02,6.473405159933517949e-02,-2.423959547650396673e-01,3.232441328048082929e-01,-2.301476200950789974e-01,-5.791177102353574357e-02,3.881406079626167904e-02,-6.791115845274586782e-02,-2.433483893525145159e-01,3.739106337945861946e-02,1.661047339648514809e-01,1.573976863151360650e-01,-1.098444829534495348e-01
2.148667127539037602e-02,1.676829076875694380e-01,1.237693876875733089e-02,-1.023799123119339682e-01,-4.394519149766182298e-02,-4.496388251046947587e-02,1.727124391348101307e-01,-8.590137692447476214e-02,1.293064900618247637e-01,-1.937992446003478086e-01,2.412783693668141827e-01,-1.963000555506163591e-01,-3.492236192421751401e-02,1.936442102685447808e-01,8.398566731309479658e-03,-2.805042859405763888e-04,3.375122592208386063e-01,3.205389078679450610e-02,-9.142324565575667139e-02,-1.368907322871501520e-01,2.511220279820881029e-01,-3.229940054628879093e-02,-5.840308895635915043e-03,1.791342293662580021e-01,2.696599639725898861e-02,7.396263484671856958e-02,1.317489174741606241e-02,1.571726352925517378e-01,1.701793135678152796e-02,5.102450941687747960e-02,9.516996951492695533e-02,-5.413743535380869526e-02,1.683521759402824280e-01,1.002264289044563356e-01,1.297803111155053091e-01,-1.785072818174628650e-01,-2.560462023522024500e-03,-1.827102573072561242e-01,1.318782185982659005e-01,-4.427544648986482339e-04,2.762211061805181639e-02,7.633385970216764738e-02,9.896020785506287609e-02,2.584841089315174090e-01,-1.676978489332093814e-01,3.159957800062839217e-01,9.406939632418993835e-02,1.060785240838379578e-01,-8.230923342618272354e-02,3.186270187809869814e-02,6.258737172144489269e-02,-1.312232789116855036e-01,1.661250142185174972e-01,-1.085123200858244402e-01
9.307475624452818397e-02,1.351730279355149722e-02,1.157760468186483510e-01,-9.001221682849794292e-03,-1.255098568527894531e-01,-5.759313767855742811e-02,2.063478787597910202e-01,6.759120132393221791e-02,1.489462769350888005e-01,-1.164199061891700443e-01,1.960534724823306818e-01,1.431538889551447480e-01,-6.792709349871867142e-02,5.908827563899127222e-02,3.604675428989737029e-02,1.819048558609712152e-01,1.181588534766051142e-02,1.470710318343108058e-01,-2.915450920392496093e-01,3.677509786742716794e-03,-3.482692548504275898e-01,7.830663137145531250e-02,-6.884670875912687893e-02,6.151129770414243136e-02,6.317442643187112794e-02,4.145481132568961530e-02,1.365037988784740530e-01,6.291628346696770402e-02,6.443318757884011760e-02,-8.202130337269715465e-02,1.164842240406308189e-02,1.137402144236634022e-01,2.494992491724586960e-03,1.389754263123233087e-02,3.776805092293847310e-02,-2.626141729148696521e-02,2.732603187375079457e-01,-7.939884012257358847e-02,-9.358106759383677531e-02,-2.995413168340171350e-01,1.660104242892063153e-02,-1.618888485439342051e-01,-1.787094669935002100e-01,-7.571311917672769731e-02,-1.052880225813223186e-01,-2.047484484030273333e-01,-3.344678906715825573e-02,-3.136649059425855590e-01,1.588508885427862838e-01,3.099417282846190190e-03,-6.607899038988362950e-02,-2.652443811367967072e-02,1.748523421218981799e-01,-1.071801572181980827e-01
7.646629586102039744e-02,1.656492438395235356e-01,-1.810699964049022719e-03,1.107011580530254113e-01,-8.947362031782436775e-02,-1.395468316183192670e-01,1.124386984281385976e-01,5.822870298206642842e-02,1.307665361166242546e-01,-1.121803938508235676e-01,-5.184741976114366768e-02,1.162079634736226524e-01,-9.303948307331373624e-02,-1.583717933397263689e-01,1.578432982149983455e-01,-1.611805224680596949e-01,6.328808845736536015e-02,-4.463943457221381667e-02,-1.490286165618600993e-02,1.430396150957276014e-01,-9.682429228035389912e-02,2.920368564024439229e-01,1.512574557117572814e-03,-1.117268586798713659e-01,1.123125340396880466e-02,1.935086272183040301e-01,1.604212855404222593e-01,-2.882283696075538248e-01,-1.093332787249714499e-01,9.684573027633919815e-04,-7.873995453272752965e-02,-7.922991016806472941e-02,6.668732601604276944e-02,7.485752454497604513e-02,1.618369960894981419e-01,1.635700321376515054e-01,1.231885909277195823e-01,5.837666160778063468e-02,-9.386889265977280128e-02,3.265617014465142520e-01,-4.784483469838154285e-02,2.159007584219137521e-01,-1.924727739601556631e-01,1.042660547453582581e-01,1.545365165601456370e-01,8.503790851229067055e-03,6.797040238468585183e-02,1.634582868935811062e-01,-1.723199437897984243e-01,1.787559582852290274e-01,-5.803720270465483749e-02,8.873694756703064124e-02,1.835796700252769476e-01,-1.058479943505743343e-01
2.079173945430491943e-01,-1.296696805799462185e-02,7.119617296087833724e-02,-2.611463900379931008e-02,-1.537688379468081512e-01,-5.634248608977848044e-02,4.765472542659441452e-02,1.713135636835895481e-01,7.730308483480004267e-02,-8.299551012318298615e-02,-8.612288117647905195e-02,7.898548139744665519e-02,4.955772838518021639e-02,1.138903626508283931e-02,3.529234409711932974e-02,-1.124174110420487899e-01,-4.082344192449957609e-02,3.015739180372719042e-01,1.241686846366449881e-01,1.924128530798296655e-01,-8.720320084700512731e-02,-5.491329619866423817e-02,9.742918077282186617e-02,3.012936363889228905e-02,-7.436232877192600066e-02,-1.080387893362199092e-01,-1.171598507047924009e-01,2.318130389914173917e-01,-6.271873612926795460e-02,-1.116318325983280679e-01,7.052469810911321524e-02,-1.558592399399587602e-01,5.017399841005490413e-02,2.935352515851819555e-01,-1.320253506434409807e-01,-1.999925438022703839e-01,-1.767978372147462340e-01,1.119863390441385026e-01,-2.379757408457170154e-01,1.285188735499136203e-01,-1.265157995765846810e-01,-6.664743349116536431e-02,2.591897841258280488e-01,-2.306185667160374764e-01,-7.132641935955465196e-02,-2.133525372531865777e-02,1.194375329315467277e-01,1.892103961856354544e-01,7.402939087679763497e-02,-1.323322981539513110e-01,-7.940468028216896013e-02,8.447838324886527972e-02,1.923069979286589348e-01,-1.045158314829474355e-01
2.205508312504727564e-01,7.772353393138728243e-03,-6.970598698757742018e-02,1.763191394199549178e-01,-4.838375410961797546e-02,-6.279007030937155953e-02,-1.212489146812299468e-01,1.527392507268894029e-01,-7.746681614590192333e-02,5.135963361352730017e-02,-1.814644866574107937e-02,1.385231952350877149e-01,2.664679267589735098e-02,-1.105448242099902056e-01,8.439287201481253733e-03,8.081921877309567598e-04,-6.765978180019262267e-02,-6.379815448021226854e-02,-1.703042970402299933e-02,2.876547219331160865e-01,1.299599913170016406e-02,-1.847830374393399366e-01,7.146619491733741114e-02,2.704242333817056809e-01,-7.467384848360508753e-02,7.728670968863230947e-03,-1.271215756734882241e-01,-1.934404096249327243e-02,2.904261698576083694e-03,-4.537652894242548418e-02,6.867511587349470203e-02,5.725494141840876267e-02,-2.902880905574850567e-01,-1.083030510282328857e-01,2.573498064049953987e-02,-2.810014459924465302e-01,4.795443438107739598e-02,2.331880228866029803e-01,2.184405436192826677e-01,2.807513991418793611e-02,1.066261743224164865e-01,1.556670877961294393e-02,-1.594418449418880390e-01,2.168128663240042053e-01,-3.978532239645587304e-02,6.402035945341155720e-02,-2.641120265029269776e-01,-2.331165777304083919e-02,-8.885008963796871273e-02,8.546835839400801493e-03,1.724573744176340351e-01,-2.329389009512362330e-01,2.010343258320440030e-01,-1.031836686153237842e-01
1.664201566617994066e-01,1.127896489441602285e-01,-6.301843020988219524e-02,1.265959863690443721e-01,-6.537439171675864247e-02,-1.081580965972898517e-01,-1.011843788210365219e-01,-1.610900406078904622e-03,-3.069199779133192918e-02,1.433059233274005251e-01,5.469285597799647403e-02,1.846496396122523365e-01,1.914888468512317976e-01,8.164541774227612736e-02,-7.857342200366410068e-02,-9.633511351031166792e-02,-1.652632105160745102e-01,7.576566555932331970e-02,1.819648876318677999e-01,1.295467483926149854e-01,5.007462912326285376e-02,-5.332363405099758979e-02,1.642427467614172507e-02,-4.704167516732212645e-02,2.521351425435370067e-02,-9.949318222210264129e-02,1.592375142777051056e-01,-8.512421884959907314e-02,2.079501975065390640e-01,1.778172095001766817e-01,-5.160747044844932185e-02,-3.014753511729621055e-02,6.471885785713438199e-02,-2.674922454668626770e-01,1.631629009315237189e-01,1.989021548656733085e-01,-4.529096674371173997e-02,-2.863448714115009452e-01,1.298767324386788657e-01,-1.154521941840614546e-01,1.679550612672078280e-01,1.292230729469325268e-01,9.832423709198562234e-02,-2.432967784329589378e-01,-1.966041127924893217e-01,2.475450870600805486e-01,9.680964184309659437e-02,-9.494809500426325266e-02,2.763387368908628433e-02,-4.818037980407906956e-02,-6.896072661438928941e-02,1.526254978396990869e-01,2.097616537354214661e-01,-1.018515057476989394e-01
2.779623102327682949e-01,-1.495417962052617289e-01,4.877361144328429959e-02,2.165569474677311174e-02,-2.740720587370587547e-01,5.859896768051266885e-02,-1.930504954391752404e-01,-7.551192392440829459e-02,-2.117469885300490851e-01,1.221329842952403738e-01,3.357214098019678516e-02,-8.460806084034350194e-02,4.399635817283217842e-02,8.793108342227400065e-02,-1.654421190261885499e-01,2.634725815532549253e-01,-2.928495090799134934e-02,-1.973639535637276843e-01,7.545923289909563236e-02,-1.938981532386195028e-01,2.227326229713456063e-01,9.062893311914958783e-02,-1.053770579956878339e-01,-3.310701250173606058e-02,8.698359234575488153e-02,-6.537256748214780033e-02,3.586218978427964388e-02,-1.519089700407569299e-01,-4.782775235617780368e-02,7.298032773105823934e-02,1.754113779995740141e-01,-1.837014818718097908e-01,1.142182717876438491e-01,6.870035327781104373e-02,-1.907337497063132381e-01,-5.484209716676218677e-02,1.272311006334427286e-01,-9.415601037366827519e-02,-2.554152901555288846e-01,8.651664021373885183e-02,3.117598405541490911e-02,-1.349399126109503688e-01,-1.744199647832261890e-01,-7.911295704552405439e-02,1.625523131058426163e-01,-2.160246576659480972e-02,1.033599833298111219e-02,2.703207368546940020e-02,6.789516563734081765e-03,8.032236677534784763e-02,-1.705184250508406246e-02,-1.632790549761209964e-01,2.184889816388005113e-01,-1.005193428800718186e-01
2.758576913185669111e-01,3.492465145414480604e-05,-1.479256843501741969e-01,9.119270630384034015e-02,-5.917869618100410345e-02,-1.315263411457025522e-01,-1.894289304674793284e-01,8.949628594095367096e-02,-1.634775310285054017e-01,1.943222689147009463e-01,-1.004754845415167103e-01,-2.040501815775190297e-01,-1.097648357842633260e-01,5.023890145018965192e-02,-4.512427497146564992e-02,-1.399666362205328751e-01,2.090168848989647776e-01,5.045791276544943187e-03,-3.155574444582796845e-02,-3.659094475638932642e-01,-1.596772459526245302e-01,1.365625262856129396e-01,7.272069094685532087e-02,-2.907152918677598577e-02,4.143277274450647696e-02,7.604692159826788311e-02,-1.879717167010086856e-02,1.026380467663285112e-01,-1.221878336330584069e-02,-1.138512717519579442e-01,-2.213729814329562506e-01,2.147059489808754162e-01,7.065711136240251933e-02,-3.266099857414507535e-02,-4.092337406576431087e-03,1.643513539149644154e-01,-1.667449544506348635e-01,1.523184247761562582e-01,1.810498980230300925e-01,-1.526821138046661752e-01,-9.638120771565815426e-02,-1.612738287313828650e-02,1.702913603968119194e-01,1.552331539493925772e-01,3.340373979461856019e-02,-1.791480125862923434e-01,-1.121920221274357206e-02,2.085991150175366127e-02,2.294734281032083725e-02,-3.566290440286432745e-02,1.102080624318166335e-02,1.026519519034575778e-01,2.272163095421877999e-01,-9.918718001244913873e-02
